{"type":"FeatureCollection","features":[{"type":"Feature","properties":{"d":"Alta Verapaz"},"geometry":{"type":"Polygon","coordinates":[[[-90.44452293,16.0738235],[-90.21347108,16.04513467],[-90.12651242,16.01783817],[-90.12611646,16.02027985],[-90.04556089,15.9911131],[-90.03795426,16.00224368],[-90.03916381,16.01121545],[-90.03553242,16.01564125],[-90.02665339,16.00750368],[-90.01260368,16.00953723],[-90.0102762,16.00262847],[-90.01663464,15.99577987],[-90.01430281,15.99194349],[-90.00420175,15.99998111],[-89.99916507,15.99831798],[-89.99192101,16.00152524],[-89.98852253,15.99501758],[-89.98343033,15.99528185],[-89.98191765,15.99099406],[-89.97960729,15.99440642],[-89.98175937,16.0060342],[-89.98774249,16.00805288],[-89.9804236,16.01442432],[-89.97821074,16.00765476],[-89.96496687,16.0050265],[-89.96060536,16.00040373],[-89.96636805,15.98785282],[-89.95396679,15.99174515],[-89.96232757,15.9807267],[-89.94811785,15.97848925],[-89.94729116,15.96737803],[-89.93910674,15.97266921],[-89.93745695,15.96534882],[-89.93312122,15.96513919],[-89.92956588,15.97400271],[-89.92230713,15.96629287],[-89.91529698,15.96904457],[-89.9142652,15.96058516],[-89.90588249,15.96216904],[-89.90525935,15.95454848],[-89.90136605,15.95381415],[-89.89721536,15.9573344],[-89.89945526,15.9660087],[-89.89317856,15.96673301],[-89.88743024,15.95553852],[-89.89619544,15.94731994],[-89.88365538,15.94300239],[-89.88633409,15.93810337],[-89.87925324,15.93887785],[-89.87373245,15.93284659],[-89.87017308,15.93446189],[-89.86760591,15.92396797],[-89.87157184,15.91913637],[-89.8683768,15.91291759],[-89.86448912,15.9135033],[-89.86391988,15.90911262],[-89.85683421,15.90531785],[-89.84371957,15.91107076],[-89.84086205,15.9110786],[-89.84059863,15.90756257],[-89.83470709,15.90898854],[-89.82434665,15.90586928],[-89.82306026,15.9113973],[-89.79487461,15.90935079],[-89.79184364,15.91705773],[-89.78156972,15.92292879],[-89.77233962,15.92493952],[-89.76709399,15.92029266],[-89.76034812,15.92172282],[-89.75717035,15.93132157],[-89.75021369,15.93469821],[-89.74727422,15.94296076],[-89.74269965,15.94336107],[-89.74701408,15.95116554],[-89.74084845,15.95844248],[-89.73026908,15.96560132],[-89.72163553,15.96687711],[-89.71480031,15.96428002],[-89.71211212,15.96717634],[-89.7032293,15.96109112],[-89.69842309,15.97637228],[-89.68705116,15.98169168],[-89.67779851,15.97280799],[-89.66621412,15.97425811],[-89.66347625,15.98242374],[-89.65152383,15.97452402],[-89.64628926,15.98771129],[-89.64747894,15.9913588],[-89.64132048,15.99336026],[-89.64002597,16.00059107],[-89.63675644,16.00073733],[-89.63826491,16.01341249],[-89.63306936,16.01743042],[-89.61941328,16.01836313],[-89.6160674,16.01129754],[-89.60557397,16.01433742],[-89.60062193,16.01149227],[-89.59653425,16.01461052],[-89.59395588,16.00812109],[-89.58965961,16.01335379],[-89.59505281,16.02102536],[-89.58765431,16.01776982],[-89.58736392,16.01364901],[-89.58258313,16.01104316],[-89.57325378,16.02145998],[-89.56829586,16.02239278],[-89.57025406,16.02621415],[-89.56584945,16.03079906],[-89.56359337,16.02877254],[-89.55670792,16.03225004],[-89.54732814,16.02927609],[-89.54814264,16.04206494],[-89.53666163,16.04558486],[-89.52784455,16.05307823],[-89.52363347,16.05248071],[-89.51875227,16.04425977],[-89.51046432,16.04339374],[-89.51079317,16.03653928],[-89.50174554,16.04522479],[-89.49998667,15.84442061],[-89.48898616,15.85516397],[-89.48275262,15.85421881],[-89.47766177,15.86083436],[-89.46729602,15.8620993],[-89.46402085,15.86071786],[-89.46002194,15.84992082],[-89.45529504,15.84782395],[-89.4428418,15.84860346],[-89.43790256,15.85409891],[-89.4188123,15.85970788],[-89.41480539,15.85936397],[-89.40847661,15.84784307],[-89.41084748,15.845027],[-89.41630981,15.84635735],[-89.41925792,15.84028013],[-89.42110548,15.83305647],[-89.41570382,15.82899824],[-89.42602379,15.82721243],[-89.4255257,15.82207322],[-89.43345408,15.82164535],[-89.43777139,15.8171099],[-89.53215016,15.63769721],[-89.53629985,15.63629379],[-89.53416312,15.63415457],[-89.58303298,15.52179784],[-89.5815921,15.51544989],[-89.57276547,15.50996228],[-89.56692422,15.49894904],[-89.58621548,15.48626952],[-89.58912945,15.47791713],[-89.58272962,15.47439371],[-89.57094448,15.47374642],[-89.56000746,15.4654096],[-89.55537484,15.46637899],[-89.5454213,15.45499802],[-89.52964265,15.46563052],[-89.516401,15.45291857],[-89.53010475,15.43631726],[-89.53294194,15.42441836],[-89.51412298,15.41573107],[-89.52457652,15.38036997],[-89.51203981,15.36341723],[-89.51773393,15.35825521],[-89.54116493,15.34989386],[-89.54656424,15.34403803],[-89.54720684,15.3369586],[-89.53527199,15.31972999],[-89.53639632,15.31295036],[-89.53958646,15.31036967],[-89.55776988,15.31256441],[-89.56668637,15.30936513],[-89.56320721,15.30008273],[-89.56803496,15.29286091],[-89.56730657,15.26627665],[-89.57604103,15.2418738],[-89.62683199,15.16153075],[-89.65308954,15.16719003],[-89.67282061,15.14921451],[-89.67019499,15.1193827],[-89.68123209,15.11929462],[-89.69228968,15.13633586],[-89.71076976,15.1384218],[-89.72275317,15.14902045],[-89.72980414,15.15033262],[-89.74773183,15.1431288],[-89.75800976,15.14727979],[-89.77200338,15.14660928],[-89.78581398,15.1691572],[-89.80378967,15.16935322],[-89.80882141,15.16327814],[-89.82491827,15.1716554],[-89.85169539,15.16123127],[-89.86380654,15.16701302],[-89.86366386,15.19087103],[-89.86814555,15.19653054],[-89.86337079,15.21099215],[-89.86705238,15.21748482],[-89.86152903,15.22957579],[-89.86376603,15.23718941],[-89.85949406,15.2672817],[-89.8643717,15.27551366],[-89.89598607,15.27740586],[-89.89596434,15.28673868],[-89.89148969,15.29014272],[-89.8932998,15.29474244],[-89.88729877,15.30128657],[-89.89096889,15.30399571],[-89.89764888,15.30042145],[-89.91744156,15.30214008],[-89.92042734,15.29402744],[-89.93460713,15.27889199],[-89.94746079,15.27245669],[-89.96329143,15.27422855],[-90.0000878,15.26981791],[-90.02130569,15.27137561],[-90.06266681,15.26173769],[-90.1175353,15.26556728],[-90.188606,15.26392151],[-90.24575538,15.26964197],[-90.2703951,15.26263893],[-90.30145745,15.26418042],[-90.3055138,15.2625639],[-90.31007323,15.25317646],[-90.32500715,15.24945314],[-90.33028614,15.23266927],[-90.33361909,15.23109094],[-90.35102732,15.24205834],[-90.36993074,15.2593832],[-90.40520384,15.27519227],[-90.41146929,15.28670736],[-90.42625877,15.28481053],[-90.4363242,15.29018225],[-90.45023385,15.28723381],[-90.47384174,15.28945847],[-90.49106388,15.28116533],[-90.49031304,15.29019943],[-90.48195245,15.2975795],[-90.48097225,15.30779655],[-90.48532995,15.32355591],[-90.50081601,15.3337604],[-90.50890866,15.3337154],[-90.52775459,15.34070027],[-90.56205596,15.33955564],[-90.56791519,15.34255224],[-90.59625632,15.34422027],[-90.59957245,15.34049103],[-90.63888025,15.34812902],[-90.65314317,15.35210116],[-90.6629915,15.35991214],[-90.66793304,15.35819768],[-90.69534105,15.36603579],[-90.70069611,15.37564301],[-90.70827895,15.38046441],[-90.71386243,15.38911835],[-90.7168107,15.40434388],[-90.71475373,15.41206208],[-90.71777532,15.41979184],[-90.70208389,15.44313237],[-90.67777229,15.44113542],[-90.66701209,15.43465322],[-90.66279109,15.43527507],[-90.64946928,15.4489455],[-90.65077598,15.46910697],[-90.643541,15.4739176],[-90.64001526,15.48385382],[-90.62911408,15.48866876],[-90.62037689,15.49952537],[-90.61288554,15.49791443],[-90.61090096,15.50212996],[-90.60493352,15.50415334],[-90.60433159,15.5175623],[-90.60796531,15.53822071],[-90.61318849,15.54523013],[-90.61346041,15.55599938],[-90.62090436,15.57168512],[-90.63391005,15.57559031],[-90.64164624,15.582449],[-90.64126896,15.58743181],[-90.63197449,15.59351801],[-90.63001732,15.61069104],[-90.63726306,15.6114241],[-90.64403572,15.61950453],[-90.64532991,15.63361283],[-90.65980118,15.6410753],[-90.65526107,15.6482022],[-90.66783038,15.65063557],[-90.69146266,15.64895252],[-90.69582797,15.6532198],[-90.73335019,15.66116876],[-90.77425009,15.67627221],[-90.79297064,15.67850602],[-90.79404155,15.6844539],[-90.79035476,15.69117252],[-90.77829824,15.70262166],[-90.77097804,15.70303496],[-90.78332729,15.71893321],[-90.79672393,15.71862504],[-90.7920358,15.72379756],[-90.7866459,15.72165476],[-90.77886061,15.72472993],[-90.78349211,15.74181898],[-90.79522787,15.74784683],[-90.80742543,15.74095542],[-90.82010695,15.74765898],[-90.81102766,15.75476543],[-90.80821303,15.77014282],[-90.79570948,15.77339329],[-90.79430688,15.78214288],[-90.78341802,15.78875179],[-90.78320892,15.79323091],[-90.77731263,15.79742492],[-90.78171028,15.80547806],[-90.76818146,15.82981103],[-90.7596199,15.83632593],[-90.7512471,15.83396252],[-90.74718394,15.84137273],[-90.74173476,15.84230529],[-90.72981116,15.86098368],[-90.7316059,15.86570154],[-90.73874272,15.86880844],[-90.73667017,15.88074842],[-90.74116436,15.88539736],[-90.75818952,15.88373266],[-90.75841459,15.89033251],[-90.75187643,15.90240477],[-90.75258396,15.91617851],[-90.74809038,15.92286238],[-90.73716151,15.92912972],[-90.73403869,15.94047579],[-90.7376321,15.94555589],[-90.74713355,15.94381129],[-90.7517201,15.95308004],[-90.75853621,15.95561865],[-90.75855271,15.96221517],[-90.74911687,15.96824886],[-90.73954366,15.96702598],[-90.73557943,15.97241623],[-90.73680923,15.98150311],[-90.73335146,15.98366543],[-90.72596853,15.98268855],[-90.71131309,15.97300301],[-90.70338904,15.97320765],[-90.70169282,15.97796525],[-90.70679787,15.98436179],[-90.70774313,15.99509552],[-90.69469859,15.99516599],[-90.69516654,16.0069911],[-90.70163487,16.01952876],[-90.69423109,16.01844992],[-90.68307672,16.02210488],[-90.67328184,16.03123616],[-90.66944254,16.03952156],[-90.65854962,16.03636065],[-90.65350195,16.04192341],[-90.6474489,16.03726106],[-90.6342976,16.04069144],[-90.61474848,16.02406501],[-90.60240744,16.03658354],[-90.59873315,16.0366542],[-90.59522981,16.02003375],[-90.60822648,16.0184186],[-90.60962294,16.01297217],[-90.58567166,16.01348096],[-90.57673483,16.00643121],[-90.57846444,15.99606557],[-90.57345378,15.99491936],[-90.5661677,15.99929043],[-90.56452086,15.98928755],[-90.55264204,15.99742718],[-90.55077822,16.00581373],[-90.54485529,16.00208307],[-90.54270504,15.99462631],[-90.53692295,16.00311349],[-90.53198865,16.00299022],[-90.53005432,15.99263168],[-90.52609282,16.001223],[-90.52035762,16.00238988],[-90.52221689,15.98949613],[-90.51660063,15.9924958],[-90.50947094,15.99156981],[-90.5018469,15.99901037],[-90.49999025,15.99323583],[-90.50604836,15.98611024],[-90.51361667,15.98312213],[-90.51004639,15.98219217],[-90.49878197,15.98653391],[-90.48687678,16.01621632],[-90.47756481,16.01731634],[-90.47439122,16.00528895],[-90.46893974,16.0040708],[-90.45823905,16.01523428],[-90.44266437,16.01968979],[-90.43993558,16.03024808],[-90.42554645,16.02268259],[-90.42911252,16.03819938],[-90.44480616,16.0425839],[-90.43284544,16.04610365],[-90.42772952,16.0564772],[-90.41921725,16.0631469],[-90.41929661,16.06767655],[-90.42543458,16.06890554],[-90.43526881,16.0630068],[-90.44452293,16.0738235]]]}},{"type":"Feature","properties":{"d":"Baja Verapaz"},"geometry":{"type":"Polygon","coordinates":[[[-90.63420171,15.31108399],[-90.63041573,15.25023058],[-90.55601112,15.24749647],[-90.54437574,15.2071394],[-90.53336199,15.21716828],[-90.52724304,15.22792909],[-90.52764879,15.23625251],[-90.51418761,15.24871931],[-90.51147672,15.25841846],[-90.50328307,15.25962591],[-90.50205056,15.26612651],[-90.49585009,15.26612955],[-90.49857016,15.27437934],[-90.49280657,15.27582347],[-90.49106388,15.28116533],[-90.47760524,15.28910234],[-90.45023385,15.28723381],[-90.4363242,15.29018225],[-90.42625877,15.28481053],[-90.41146929,15.28670736],[-90.40520384,15.27519227],[-90.36993074,15.2593832],[-90.35102732,15.24205834],[-90.33361909,15.23109094],[-90.33028614,15.23266927],[-90.32500715,15.24945314],[-90.31007323,15.25317646],[-90.3055138,15.2625639],[-90.30145745,15.26418042],[-90.2703951,15.26263893],[-90.24575538,15.26964197],[-90.188606,15.26392151],[-90.1175353,15.26556728],[-90.06266681,15.26173769],[-90.02130569,15.27137561],[-90.0000878,15.26981791],[-89.96329143,15.27422855],[-89.94746079,15.27245669],[-89.93460713,15.27889199],[-89.92042734,15.29402744],[-89.91744156,15.30214008],[-89.89764888,15.30042145],[-89.89096889,15.30399571],[-89.88729877,15.30128657],[-89.8932998,15.29474244],[-89.89148969,15.29014272],[-89.89596434,15.28673868],[-89.89598607,15.27740586],[-89.86519946,15.27563699],[-89.86052689,15.27221713],[-89.86150571,15.2389027],[-89.86376603,15.23718941],[-89.86152903,15.22957579],[-89.86705238,15.21748482],[-89.86337079,15.21099215],[-89.86816989,15.19566971],[-89.86366386,15.19087103],[-89.86380654,15.16701302],[-89.85169539,15.16123127],[-89.86348731,15.16057179],[-89.87151987,15.14546215],[-89.89718311,15.15069716],[-89.89591231,15.14146385],[-89.90536175,15.13638355],[-89.94410174,15.14134405],[-89.95725391,15.14621179],[-89.96398837,15.15283468],[-90.02147397,15.12837815],[-90.31750367,14.9133495],[-90.32105142,14.90655785],[-90.31947611,14.89879729],[-90.30332078,14.88862661],[-90.30812431,14.87853384],[-90.31613632,14.87587732],[-90.33465525,14.87902108],[-90.33996561,14.87456296],[-90.36037008,14.87177947],[-90.39274652,14.87344718],[-90.40197167,14.88749913],[-90.40195106,14.89488241],[-90.40783846,14.90215537],[-90.40911727,14.91109581],[-90.42447242,14.91470295],[-90.43358158,14.90844582],[-90.43619503,14.88621454],[-90.44272103,14.8827102],[-90.46672974,14.88271369],[-90.47390895,14.87940869],[-90.48961767,14.88879452],[-90.49308957,14.89535941],[-90.49922687,14.8952176],[-90.50962777,14.8888367],[-90.5241189,14.88732359],[-90.52822665,14.88379725],[-90.53686257,14.88646152],[-90.54942136,14.87699178],[-90.5620692,14.87252255],[-90.56551647,14.87645968],[-90.57897929,14.8698999],[-90.58818309,14.87535872],[-90.59272209,14.87158261],[-90.60692068,14.88013207],[-90.61455557,14.87632116],[-90.61978064,14.87792487],[-90.6224179,14.88807089],[-90.61444429,14.90910609],[-90.61563712,14.91467924],[-90.63353668,14.92233891],[-90.64257617,14.94149416],[-90.64275355,14.94822677],[-90.65993435,14.96569023],[-90.65870094,14.98266049],[-90.65551958,14.98776736],[-90.65773151,15.00341215],[-90.75549243,15.07507938],[-90.80459034,15.15231357],[-90.81476802,15.23613749],[-90.79235283,15.24052496],[-90.77920909,15.22289756],[-90.76992478,15.22515696],[-90.75522618,15.22314931],[-90.73310883,15.2661874],[-90.75317448,15.2787844],[-90.7446929,15.30210975],[-90.71698289,15.28537278],[-90.67721872,15.35168028],[-90.63420171,15.31108399]]]}},{"type":"Feature","properties":{"d":"Chimaltenango"},"geometry":{"type":"Polygon","coordinates":[[[-90.99903297,14.93805762],[-90.98940418,14.93414392],[-90.97422015,14.93559799],[-90.96283905,14.92570373],[-90.95141015,14.92219384],[-90.94454726,14.9259128],[-90.93240835,14.92077136],[-90.91947757,14.91982844],[-90.91642161,14.92498846],[-90.91143447,14.92405292],[-90.90466618,14.92957413],[-90.87400809,14.93559924],[-90.86639454,14.93165983],[-90.85430214,14.93140433],[-90.84808482,14.92688337],[-90.7970335,14.92309475],[-90.78539034,14.91882828],[-90.77124846,14.92777821],[-90.75770166,14.92578562],[-90.74248483,14.91568253],[-90.71607167,14.91572306],[-90.70886794,14.9083598],[-90.69890185,14.90962523],[-90.69572178,14.90685678],[-90.69054254,14.90925531],[-90.6792522,14.89873298],[-90.65353081,14.88531187],[-90.64995927,14.88537918],[-90.64650171,14.89056348],[-90.62384238,14.88672597],[-90.61920035,14.87705153],[-90.63569265,14.8663332],[-90.6620145,14.86002107],[-90.6633496,14.84632552],[-90.67644116,14.84641538],[-90.68253152,14.83905586],[-90.69407823,14.83425584],[-90.69191377,14.82235655],[-90.69459887,14.81271605],[-90.6869567,14.80463106],[-90.68847814,14.79919374],[-90.69574092,14.78983395],[-90.70431966,14.78877547],[-90.70851708,14.77753919],[-90.71966547,14.77505768],[-90.73949787,14.75782719],[-90.74240271,14.74924046],[-90.75093305,14.74731326],[-90.76241666,14.7326315],[-90.75790978,14.7180556],[-90.76142186,14.71150954],[-90.77017487,14.70761044],[-90.7732475,14.69095936],[-90.76239634,14.65794337],[-90.79253344,14.62454673],[-90.79126919,14.61096097],[-90.802921,14.58156158],[-90.80663034,14.57852316],[-90.8067375,14.57179593],[-90.8144511,14.57109677],[-90.82623367,14.5595504],[-90.85390219,14.56314698],[-90.8583406,14.54225685],[-90.87176518,14.53248472],[-90.88083219,14.47067249],[-90.90836415,14.45915814],[-90.92190351,14.448405],[-90.95391268,14.40527682],[-90.96856051,14.39353245],[-90.97407146,14.37701995],[-90.98023146,14.3731597],[-90.98229649,14.37314794],[-90.98250534,14.40853429],[-90.99037835,14.42085756],[-91.00071696,14.41967232],[-91.0061226,14.42306395],[-91.00255275,14.4423624],[-91.00992426,14.43891282],[-91.01422245,14.42700118],[-91.03288709,14.41054422],[-91.03846985,14.41141868],[-91.03406623,14.42793782],[-91.03690942,14.43072004],[-91.04247052,14.42789928],[-91.04851381,14.43211318],[-91.06006873,14.42766625],[-91.08287925,14.40924174],[-91.0901723,14.40986227],[-91.10072889,14.40230976],[-91.10187846,14.4163675],[-91.09710392,14.42473825],[-91.09337057,14.44895281],[-91.09555287,14.45384719],[-91.12845026,14.4591335],[-91.11960905,14.48767869],[-91.12490025,14.5217003],[-91.11906698,14.52599601],[-91.11690261,14.53461038],[-91.11727969,14.58052846],[-91.11065765,14.62745613],[-91.08828024,14.67196872],[-91.07910225,14.68292269],[-91.07591942,14.69734537],[-91.07635463,14.71224872],[-91.08503052,14.72556774],[-91.08401915,14.73199034],[-91.07550991,14.74092394],[-91.07613633,14.74532902],[-91.08691093,14.75565848],[-91.08440558,14.76940784],[-91.07233696,14.8058832],[-91.04978081,14.80961645],[-91.01983804,14.82532646],[-91.02350825,14.8326427],[-91.03602186,14.83086122],[-91.03992569,14.83294021],[-91.04521664,14.84684763],[-91.04117392,14.86143462],[-91.02498011,14.88048293],[-91.02802376,14.90951559],[-91.01485762,14.93113471],[-91.00301669,14.93277337],[-90.99903297,14.93805762]]]}},{"type":"Feature","properties":{"d":"Chiquimula"},"geometry":{"type":"Polygon","coordinates":[[[-89.22512654,14.94866977],[-89.20051098,14.94763733],[-89.18421593,14.92990321],[-89.17932145,14.91767767],[-89.18759036,14.90252939],[-89.20614989,14.90006306],[-89.21397851,14.89070731],[-89.22218898,14.88831167],[-89.22685954,14.88324039],[-89.22464152,14.83476537],[-89.19812266,14.80204138],[-89.16913794,14.77491151],[-89.16653297,14.73152623],[-89.13189911,14.71217161],[-89.14750822,14.67748375],[-89.15710595,14.670309],[-89.1537625,14.65918388],[-89.15530371,14.6533305],[-89.14670633,14.62677719],[-89.15244535,14.61593553],[-89.14748811,14.61122332],[-89.15379964,14.58894222],[-89.15201279,14.58319853],[-89.15889882,14.57866254],[-89.16099672,14.57252596],[-89.17797443,14.57173858],[-89.18609943,14.57621761],[-89.19977018,14.5779792],[-89.20342536,14.58244584],[-89.2385441,14.58500341],[-89.25340651,14.56833165],[-89.25134549,14.5630914],[-89.26195917,14.54898333],[-89.2762828,14.54055146],[-89.28746391,14.51677932],[-89.30415655,14.50671518],[-89.30209712,14.49454966],[-89.35443507,14.46867347],[-89.3508756,14.45385251],[-89.35346662,14.44661811],[-89.34860735,14.44118276],[-89.35030073,14.42960109],[-89.35495192,14.42228794],[-89.37267091,14.42981005],[-89.37901615,14.4367379],[-89.384522,14.42768386],[-89.38790127,14.44753386],[-89.39292345,14.45048563],[-89.40070141,14.4472877],[-89.40689459,14.43131154],[-89.41080364,14.43173894],[-89.41562984,14.42347796],[-89.43408966,14.41165151],[-89.43907836,14.41183857],[-89.44573799,14.41925825],[-89.46291623,14.42325469],[-89.47046163,14.42832224],[-89.49035532,14.41916839],[-89.50127524,14.40465758],[-89.50604419,14.40863348],[-89.51184365,14.40822281],[-89.51273973,14.41685],[-89.51942158,14.41934764],[-89.52150457,14.42678841],[-89.51844261,14.43223271],[-89.50598592,14.43807486],[-89.50193479,14.4452452],[-89.50282244,14.45437435],[-89.49901371,14.46429342],[-89.50326234,14.47086837],[-89.49940672,14.47146203],[-89.49965016,14.47557848],[-89.51284069,14.48376456],[-89.50868929,14.4919128],[-89.52049474,14.49379872],[-89.52169659,14.49897206],[-89.5186478,14.50204],[-89.52687513,14.51134581],[-89.5452063,14.51327881],[-89.54265218,14.51623138],[-89.54848691,14.52000951],[-89.54792334,14.52471226],[-89.55332976,14.52576568],[-89.56545165,14.51029603],[-89.55411989,14.50672987],[-89.54968395,14.48657237],[-89.56087261,14.47986337],[-89.58552399,14.47535831],[-89.59318975,14.48296698],[-89.59207319,14.50458868],[-89.60590316,14.50534444],[-89.60988625,14.50144679],[-89.62358656,14.51335119],[-89.61981961,14.53936229],[-89.62144298,14.54759987],[-89.64402296,14.55855534],[-89.6816155,14.53076478],[-89.69070081,14.54221601],[-89.69385365,14.55964917],[-89.68791639,14.57726395],[-89.67271516,14.59523391],[-89.6747588,14.61233306],[-89.66495537,14.62419463],[-89.66876416,14.63925161],[-89.65496979,14.65382567],[-89.64519035,14.68388637],[-89.65291998,14.6853624],[-89.65386962,14.69121155],[-89.66507142,14.68717943],[-89.67198381,14.69196545],[-89.67383169,14.70119614],[-89.66896537,14.70350963],[-89.67543618,14.71310242],[-89.67276967,14.7513274],[-89.68060462,14.75322206],[-89.69351288,14.74752195],[-89.7204119,14.75086896],[-89.71993991,14.75430887],[-89.71257245,14.7579554],[-89.70349688,14.78140004],[-89.71256225,14.82016863],[-89.70629111,14.8445535],[-89.69625119,14.85482672],[-89.66440283,14.87905776],[-89.64412483,14.86602975],[-89.63134682,14.86575175],[-89.62023582,14.87122376],[-89.51503571,14.86819679],[-89.50145857,14.86254318],[-89.48865021,14.88959261],[-89.48205928,14.89486444],[-89.47001587,14.89968414],[-89.44594842,14.90004951],[-89.42784654,14.90603957],[-89.37830811,14.894395],[-89.32113812,14.91196096],[-89.28122059,14.89438492],[-89.27624543,14.89485228],[-89.25507532,14.90408633],[-89.22512654,14.94866977]]]}},{"type":"Feature","properties":{"d":"El Progreso"},"geometry":{"type":"Polygon","coordinates":[[[-89.93963051,15.14023259],[-89.90946112,15.13562932],[-89.8997033,15.13851363],[-89.83858838,15.07089825],[-89.80844766,15.0440546],[-89.78937441,15.01997534],[-89.78950637,15.01515015],[-89.79332022,15.01337],[-89.83796238,15.01535989],[-89.87134682,15.02406124],[-89.87300987,15.02107055],[-89.84690763,14.98281615],[-89.85101978,14.96490013],[-89.84990921,14.95131933],[-89.8405676,14.952215],[-89.83657839,14.94582458],[-89.83029266,14.95243592],[-89.82419209,14.95291203],[-89.81506447,14.94733574],[-89.8194369,14.93244336],[-89.8155061,14.92723411],[-89.8178513,14.90515897],[-89.83106548,14.90399023],[-89.8415031,14.89822823],[-89.85341065,14.87652524],[-89.85848421,14.87293564],[-89.88459888,14.87324343],[-89.93135845,14.8470233],[-89.94066494,14.83388678],[-89.92919443,14.82095974],[-89.94152156,14.81834722],[-89.95017929,14.81261512],[-89.95687315,14.79535327],[-89.96197153,14.79448141],[-89.9707506,14.79861776],[-89.98018125,14.79707887],[-89.99007949,14.80687779],[-89.99931889,14.81124952],[-90.00299125,14.80876204],[-90.00366932,14.80168187],[-90.00980604,14.79558243],[-90.00810816,14.78626789],[-90.01165332,14.78485317],[-90.01867961,14.78844353],[-90.02290187,14.78642443],[-90.0124908,14.77320659],[-90.01681954,14.77131198],[-90.02969893,14.77567632],[-90.03470841,14.77439631],[-90.03840957,14.76842593],[-90.04056909,14.73957632],[-90.05961201,14.72252718],[-90.06027075,14.70569947],[-90.06411129,14.70211091],[-90.08647519,14.70323081],[-90.09674495,14.71198346],[-90.10786722,14.71354506],[-90.1231111,14.70925195],[-90.12930725,14.70290403],[-90.1695563,14.69614888],[-90.18099364,14.67792191],[-90.18851589,14.67156661],[-90.19348483,14.66851521],[-90.20907892,14.66889394],[-90.2493392,14.6922092],[-90.29669334,14.7040738],[-90.30206097,14.71268239],[-90.31541752,14.71493319],[-90.32558776,14.72250633],[-90.33191266,14.73266337],[-90.33248808,14.74228661],[-90.33966566,14.76024427],[-90.34791045,14.76923202],[-90.34068755,14.77924993],[-90.34010914,14.78953058],[-90.34407079,14.79403173],[-90.33954483,14.80178279],[-90.3400937,14.80720997],[-90.32719099,14.8130301],[-90.32610955,14.82317262],[-90.33127388,14.82113811],[-90.33689334,14.83411904],[-90.34915318,14.8400034],[-90.37139928,14.84207683],[-90.38772872,14.83952487],[-90.40303593,14.84523008],[-90.40429466,14.86758914],[-90.39475937,14.87463194],[-90.36037008,14.87177947],[-90.33996561,14.87456296],[-90.33465525,14.87902108],[-90.31613632,14.87587732],[-90.30812431,14.87853384],[-90.30332078,14.88862661],[-90.31947611,14.89879729],[-90.32105142,14.90655785],[-90.31750367,14.9133495],[-90.03944505,15.1157447],[-90.02147397,15.12837815],[-89.96398837,15.15283468],[-89.95725391,15.14621179],[-89.93963051,15.14023259]]]}},{"type":"Feature","properties":{"d":"Escuintla"},"geometry":{"type":"Polygon","coordinates":[[[-90.87102755,14.46089042],[-90.85859688,14.45477994],[-90.83959421,14.43476893],[-90.83268943,14.42154239],[-90.81775115,14.40455951],[-90.81639269,14.38773339],[-90.80835459,14.37644436],[-90.80665414,14.39965642],[-90.78065248,14.43971847],[-90.76824249,14.45124818],[-90.74676912,14.46184111],[-90.72863975,14.45452999],[-90.70754569,14.43457214],[-90.69376193,14.43495157],[-90.6804131,14.42803293],[-90.66808703,14.43582609],[-90.67477553,14.4514348],[-90.65983547,14.46360377],[-90.64930099,14.45414759],[-90.64410871,14.44194823],[-90.64318099,14.42813697],[-90.60538154,14.42421116],[-90.59921337,14.417779],[-90.59792163,14.36473446],[-90.61444415,14.33345922],[-90.61259507,14.3238671],[-90.60481715,14.31368109],[-90.60293421,14.29935213],[-90.5892531,14.29443106],[-90.58467566,14.28961317],[-90.58932593,14.27432956],[-90.58245017,14.27006438],[-90.57945895,14.25625839],[-90.58892459,14.24254021],[-90.59105662,14.24418687],[-90.58937662,14.25535603],[-90.59622754,14.25784539],[-90.60318381,14.23870516],[-90.60383044,14.23316313],[-90.59171303,14.22847189],[-90.59988572,14.20893845],[-90.6035816,14.20656999],[-90.5997747,14.18926626],[-90.60681927,14.17104454],[-90.64446778,14.13510532],[-90.64209223,14.11691466],[-90.63793873,14.11059226],[-90.65044662,14.09649445],[-90.6474027,14.0840267],[-90.63545271,14.06545897],[-90.63679881,14.05070311],[-90.66363139,14.0502932],[-90.65957036,14.02850939],[-90.67525692,14.02181294],[-90.65924684,13.9249447],[-90.74178308,13.92435485],[-90.78534604,13.91804323],[-90.78985879,13.92739134],[-90.79812727,13.92131037],[-90.78965491,13.9205571],[-90.78313954,13.91412412],[-90.80391406,13.91845295],[-90.90660072,13.91058081],[-91.06768747,13.91476519],[-91.17311922,13.92443716],[-91.23109672,13.93374689],[-91.30986683,13.95161258],[-91.46795636,14.019001],[-91.53859513,14.04436134],[-91.5302784,14.05529031],[-91.53732599,14.06195666],[-91.52944682,14.07312433],[-91.53296977,14.08337375],[-91.50810092,14.10126798],[-91.5022679,14.12184675],[-91.48674107,14.13333207],[-91.48331247,14.15494438],[-91.46098764,14.17618062],[-91.45369814,14.19305235],[-91.44787969,14.19919394],[-91.44802905,14.20404315],[-91.45238696,14.20697739],[-91.44536888,14.21555839],[-91.44985278,14.22552125],[-91.44793606,14.24058342],[-91.45126595,14.24989138],[-91.44872263,14.25634104],[-91.45399745,14.26739822],[-91.46149164,14.26937088],[-91.45378691,14.28110319],[-91.45421851,14.29136286],[-91.46040993,14.29318027],[-91.46411179,14.29965458],[-91.4598466,14.30971666],[-91.44939524,14.31205981],[-91.44552999,14.31918539],[-91.43498642,14.32037707],[-91.42722067,14.2826217],[-91.3962842,14.29715737],[-91.38097675,14.30952804],[-91.36859837,14.31062405],[-91.36354605,14.31629826],[-91.36921249,14.33436229],[-91.36369109,14.33457171],[-91.35812211,14.32069647],[-91.35401218,14.31894507],[-91.3255199,14.33511209],[-91.3221444,14.32810162],[-91.31232503,14.32085787],[-91.29698678,14.33439271],[-91.28390874,14.33162997],[-91.27999199,14.33287938],[-91.28112567,14.34011925],[-91.26609783,14.33760574],[-91.27231316,14.31098862],[-91.26725438,14.30558315],[-91.19963487,14.29361503],[-91.21819566,14.20812478],[-91.17893817,14.20134113],[-91.18012408,14.2101654],[-91.17289314,14.20923925],[-91.16876824,14.21427111],[-91.1708585,14.22630168],[-91.16471453,14.22595744],[-91.15363086,14.23528253],[-91.15481916,14.2436188],[-91.15054688,14.24954831],[-91.15498276,14.26089103],[-91.15166231,14.27299043],[-91.15470115,14.28615247],[-91.14505393,14.2883301],[-91.14533613,14.30964406],[-91.14089623,14.31257821],[-91.13903862,14.32247446],[-91.13702444,14.32050317],[-91.13009965,14.32321987],[-91.12647402,14.33352227],[-91.12937097,14.33955957],[-91.12545311,14.35736069],[-91.13419437,14.36483591],[-91.13104437,14.37247938],[-91.13497005,14.3725431],[-91.13647829,14.37911733],[-91.12271268,14.38984099],[-91.1227805,14.39566163],[-91.11556348,14.40665353],[-91.10187846,14.4163675],[-91.10262671,14.4041641],[-91.09804046,14.40294334],[-91.0901723,14.40986227],[-91.08287925,14.40924174],[-91.06006873,14.42766625],[-91.04851381,14.43211318],[-91.04247052,14.42789928],[-91.03690942,14.43072004],[-91.03406623,14.42793782],[-91.03846985,14.41141868],[-91.03288709,14.41054422],[-91.01725269,14.42334979],[-91.00992426,14.43891282],[-91.00436366,14.44284427],[-91.00247757,14.43994103],[-91.0061226,14.42306395],[-91.00071696,14.41967232],[-90.99037835,14.42085756],[-90.98250534,14.40853429],[-90.98229649,14.37314794],[-90.98023146,14.3731597],[-90.97407146,14.37701995],[-90.96856051,14.39353245],[-90.95391268,14.40527682],[-90.94867839,14.41542016],[-90.91565048,14.45402008],[-90.88083219,14.47067249],[-90.87102755,14.46089042]]]}},{"type":"Feature","properties":{"d":"Guatemala"},"geometry":{"type":"Polygon","coordinates":[[[-90.40911727,14.91109581],[-90.39475937,14.87463194],[-90.4053887,14.86600038],[-90.40216303,14.85804175],[-90.40303593,14.84523008],[-90.38772872,14.83952487],[-90.37139928,14.84207683],[-90.34915318,14.8400034],[-90.33689334,14.83411904],[-90.33127388,14.82113811],[-90.32610955,14.82317262],[-90.32719099,14.8130301],[-90.3400937,14.80720997],[-90.33954483,14.80178279],[-90.34407079,14.79403173],[-90.34010914,14.78953058],[-90.34068755,14.77924993],[-90.34791045,14.76923202],[-90.33966566,14.76024427],[-90.33248808,14.74228661],[-90.33191266,14.73266337],[-90.32558776,14.72250633],[-90.31541752,14.71493319],[-90.30206097,14.71268239],[-90.29669334,14.7040738],[-90.2493392,14.6922092],[-90.21211754,14.66842803],[-90.22024469,14.66748676],[-90.22732371,14.66214867],[-90.23113081,14.65146603],[-90.22859498,14.64124634],[-90.23252452,14.62597554],[-90.23064153,14.62014429],[-90.2432685,14.59950726],[-90.24517009,14.59069382],[-90.26317527,14.59184166],[-90.2741106,14.58081896],[-90.27580495,14.57181519],[-90.27314623,14.55814048],[-90.26274212,14.53018637],[-90.28034403,14.52910762],[-90.29143949,14.50737586],[-90.30720254,14.50277558],[-90.32199135,14.48729526],[-90.32728173,14.49337712],[-90.33235107,14.4932112],[-90.34773308,14.47921139],[-90.36986662,14.48483153],[-90.38938512,14.47491717],[-90.40247493,14.48966813],[-90.4160604,14.44488739],[-90.41608838,14.43428681],[-90.42137613,14.43010231],[-90.41940805,14.42694273],[-90.42170516,14.41988777],[-90.43038517,14.41794313],[-90.4324024,14.40432648],[-90.45494516,14.40025912],[-90.45489128,14.38702511],[-90.44948502,14.37842763],[-90.45043386,14.36539303],[-90.48672217,14.36122001],[-90.4997229,14.33597849],[-90.49591183,14.32579861],[-90.5142053,14.30881908],[-90.50455494,14.29139485],[-90.52671591,14.2790539],[-90.528009,14.26895451],[-90.54252522,14.2660217],[-90.54950214,14.2600845],[-90.56817511,14.25747165],[-90.58075365,14.2429386],[-90.58892459,14.24254021],[-90.57945895,14.25625839],[-90.58245017,14.27006438],[-90.58932593,14.27432956],[-90.58467566,14.28961317],[-90.5892531,14.29443106],[-90.60293421,14.29935213],[-90.60481715,14.31368109],[-90.61259507,14.3238671],[-90.61444415,14.33345922],[-90.59792163,14.36473446],[-90.59921337,14.417779],[-90.60538154,14.42421116],[-90.64318099,14.42813697],[-90.64410871,14.44194823],[-90.64930099,14.45414759],[-90.67355401,14.48075513],[-90.67200014,14.49797298],[-90.66477609,14.51266896],[-90.66622531,14.52431821],[-90.65761277,14.54234624],[-90.65836497,14.55265247],[-90.64879174,14.55960255],[-90.66784423,14.5740573],[-90.6670473,14.58317015],[-90.65136345,14.58314168],[-90.64148227,14.57529473],[-90.63729324,14.56512439],[-90.63300367,14.56359251],[-90.63020301,14.56981734],[-90.63138069,14.58032655],[-90.6142576,14.58090554],[-90.61290269,14.58885914],[-90.63646609,14.60015522],[-90.63828404,14.61214473],[-90.63307555,14.62101599],[-90.64327739,14.62639461],[-90.6385327,14.65318659],[-90.64768839,14.65939597],[-90.67317011,14.66838024],[-90.67585875,14.70091605],[-90.69315076,14.7040308],[-90.69688699,14.69694494],[-90.71039547,14.69160003],[-90.72796598,14.69685738],[-90.73458861,14.69536923],[-90.7394103,14.69879774],[-90.7435269,14.71022008],[-90.76082606,14.72713502],[-90.76241666,14.7326315],[-90.75093305,14.74731326],[-90.74240271,14.74924046],[-90.73949787,14.75782719],[-90.71966547,14.77505768],[-90.70851708,14.77753919],[-90.70431966,14.78877547],[-90.69574092,14.78983395],[-90.68847814,14.79919374],[-90.6869567,14.80463106],[-90.69459887,14.81271605],[-90.69508442,14.81729713],[-90.69191377,14.82235655],[-90.6950214,14.830378],[-90.69228081,14.83662755],[-90.68253152,14.83905586],[-90.67644116,14.84641538],[-90.66379199,14.84599799],[-90.6620145,14.86002107],[-90.63569265,14.8663332],[-90.62203939,14.8772662],[-90.61455557,14.87632116],[-90.60692068,14.88013207],[-90.59426639,14.87189582],[-90.59031558,14.8715901],[-90.58818309,14.87535872],[-90.57897929,14.8698999],[-90.56551647,14.87645968],[-90.56270305,14.87242991],[-90.54942136,14.87699178],[-90.53686257,14.88646152],[-90.52822665,14.88379725],[-90.5241189,14.88732359],[-90.50962777,14.8888367],[-90.49922687,14.8952176],[-90.49308957,14.89535941],[-90.48961767,14.88879452],[-90.47390895,14.87940869],[-90.46672974,14.88271369],[-90.44272103,14.8827102],[-90.43619503,14.88621454],[-90.43358158,14.90844582],[-90.42447242,14.91470295],[-90.40911727,14.91109581]]]}},{"type":"Feature","properties":{"d":"Huehuetenango"},"geometry":{"type":"Polygon","coordinates":[[[-91.11944273,15.99574011],[-91.10809235,15.99441945],[-91.10034594,15.98028516],[-91.09424037,15.97861141],[-91.09779812,15.97373627],[-91.09462792,15.96961709],[-91.06123083,15.96988579],[-91.06744831,15.9460662],[-91.04712768,15.93765912],[-91.05178095,15.91677497],[-91.05935466,15.91890794],[-91.06162516,15.91311138],[-91.09266732,15.80086292],[-91.14349807,15.83216743],[-91.15248937,15.83206687],[-91.14747028,15.81957965],[-91.15519204,15.8092003],[-91.16949573,15.79863102],[-91.15272672,15.79004444],[-91.13968677,15.77571316],[-91.15781677,15.75131837],[-91.15815968,15.71640827],[-91.16830114,15.71186004],[-91.1654341,15.70014251],[-91.18440591,15.69333589],[-91.18895434,15.68452322],[-91.20112841,15.67496443],[-91.19875537,15.6666231],[-91.20868027,15.66594318],[-91.20980137,15.66225287],[-91.22125242,15.66006888],[-91.2164266,15.65465265],[-91.21559032,15.64394159],[-91.22524816,15.65017531],[-91.23362823,15.64765392],[-91.2314145,15.63942707],[-91.23658219,15.63339016],[-91.23301776,15.63191781],[-91.23383674,15.62959963],[-91.24447943,15.62272763],[-91.25125729,15.62396447],[-91.25903781,15.61795112],[-91.27105694,15.62254436],[-91.276515,15.61560944],[-91.27993063,15.61704716],[-91.28225257,15.60529885],[-91.29353243,15.6039261],[-91.29464625,15.59820171],[-91.27585442,15.59094168],[-91.273583,15.58576134],[-91.31953682,15.55550976],[-91.31953412,15.46339424],[-91.3052474,15.42865386],[-91.24046654,15.37932733],[-91.1712812,15.38646578],[-91.15905924,15.36620708],[-91.15797286,15.36251556],[-91.1741394,15.34322478],[-91.18163121,15.32185129],[-91.18823355,15.28541551],[-91.20484658,15.28032928],[-91.21066791,15.28475665],[-91.23111342,15.2849361],[-91.24948438,15.27175609],[-91.25774915,15.26921888],[-91.27359724,15.26836325],[-91.27473315,15.27205138],[-91.28461804,15.27404663],[-91.28851872,15.27945492],[-91.29980454,15.26761019],[-91.30634747,15.26777158],[-91.3120479,15.27484473],[-91.31809935,15.26851307],[-91.32597534,15.26810096],[-91.31909651,15.2522268],[-91.32717249,15.23851713],[-91.3362785,15.23521147],[-91.34570907,15.23686842],[-91.350878,15.23078109],[-91.3601158,15.23081033],[-91.36650387,15.22113779],[-91.3703168,15.2213485],[-91.37347742,15.21256397],[-91.3817458,15.21062739],[-91.38736465,15.14088891],[-91.46843812,15.13895435],[-91.49427266,15.14543578],[-91.51147039,15.14611588],[-91.51982102,15.20761996],[-91.56840969,15.22617669],[-91.58500654,15.23706044],[-91.62439592,15.23691546],[-91.66406103,15.29271366],[-91.68277701,15.30612313],[-91.71021201,15.33980981],[-91.72979298,15.34413545],[-91.73022857,15.34806313],[-91.74166882,15.34907933],[-91.7432102,15.34318664],[-91.76197901,15.34593891],[-91.79643312,15.33074721],[-91.82217223,15.33045398],[-91.88121088,15.36220929],[-91.93712887,15.32205899],[-91.95634809,15.32098122],[-92.00882652,15.26496878],[-92.07677808,15.27765053],[-92.07871043,15.39668072],[-92.10363531,15.40424617],[-92.11780515,15.42371732],[-92.08021761,15.48115439],[-91.73125366,16.07369419],[-91.10758703,16.07433775],[-91.11200343,16.06325889],[-91.1071925,16.05274914],[-91.11827868,16.04312159],[-91.11835269,16.03623212],[-91.12656246,16.03430023],[-91.13238193,16.02846837],[-91.12410389,16.02392996],[-91.12954449,16.00181822],[-91.11944273,15.99574011]]]}},{"type":"Feature","properties":{"d":"Izabal"},"geometry":{"type":"Polygon","coordinates":[[[-88.55346357,15.94429923],[-88.50398535,15.89788424],[-88.45486656,15.86264736],[-88.30729576,15.78022796],[-88.26141336,15.73675232],[-88.23026161,15.72626929],[-88.22382196,15.72728075],[-88.22150238,15.72352749],[-88.25098391,15.72051048],[-88.24236496,15.70887924],[-88.2491067,15.68814203],[-88.25469503,15.68850588],[-88.26248611,15.69491182],[-88.25780701,15.68613973],[-88.26437974,15.68188242],[-88.26653895,15.69137048],[-88.27503404,15.68516237],[-88.28426009,15.69222185],[-88.2859147,15.68792619],[-88.28001005,15.68027948],[-88.28213323,15.67507676],[-88.30431891,15.67146568],[-88.31243555,15.68015551],[-88.31802512,15.67111083],[-88.32491246,15.67222743],[-88.32376196,15.65185072],[-88.34619102,15.61650665],[-88.47193474,15.51308156],[-88.50274692,15.49362503],[-88.54594638,15.45138373],[-88.55903778,15.44614172],[-88.56110754,15.43839892],[-88.56852236,15.4298455],[-88.58348204,15.4198708],[-88.59284519,15.42118662],[-88.603749,15.41480427],[-88.67624473,15.34374992],[-88.84733525,15.24215815],[-88.97265042,15.13808204],[-89.15425227,15.06795056],[-89.16303494,15.07903943],[-89.16609771,15.07759455],[-89.16820821,15.08306135],[-89.17553904,15.08609099],[-89.17798915,15.0957223],[-89.18663081,15.105245],[-89.1866105,15.10897823],[-89.17881645,15.11506045],[-89.18233149,15.1333376],[-89.1804739,15.14195759],[-89.19028859,15.14773415],[-89.1925252,15.1629048],[-89.19796678,15.16751203],[-89.1955759,15.17247871],[-89.20153635,15.17510606],[-89.20086158,15.17808945],[-89.20556748,15.17622422],[-89.21999964,15.18141679],[-89.20958134,15.189883],[-89.17465463,15.20802896],[-89.17565283,15.26723159],[-89.1863319,15.26888129],[-89.18638365,15.27983013],[-89.18971954,15.28324831],[-89.20909918,15.27460574],[-89.21782886,15.27398421],[-89.22143822,15.2792588],[-89.22241228,15.29022811],[-89.22994916,15.29558029],[-89.23901245,15.29488137],[-89.24873621,15.28424623],[-89.25327701,15.28353387],[-89.25242948,15.29602727],[-89.25797981,15.29780445],[-89.26993563,15.29302969],[-89.29931241,15.2916026],[-89.30581442,15.28606632],[-89.30872023,15.27280845],[-89.32444655,15.27134133],[-89.33004287,15.27594001],[-89.33760861,15.27726996],[-89.34756297,15.274028],[-89.35949404,15.278048],[-89.37497084,15.27197823],[-89.38289931,15.26678943],[-89.39110069,15.25377395],[-89.39597484,15.2440507],[-89.39529567,15.23757637],[-89.40184869,15.2380968],[-89.41474846,15.22050701],[-89.45846849,15.19923386],[-89.53540409,15.17401739],[-89.5493407,15.17358604],[-89.56350075,15.18135709],[-89.61310015,15.16052129],[-89.62683199,15.16153075],[-89.57604103,15.2418738],[-89.56730657,15.26627665],[-89.56803496,15.29286091],[-89.56320721,15.30008273],[-89.56668637,15.30936513],[-89.55776988,15.31256441],[-89.53796129,15.31128213],[-89.53527199,15.31972999],[-89.54720684,15.3369586],[-89.54656424,15.34403803],[-89.54116493,15.34989386],[-89.51773393,15.35825521],[-89.51203981,15.36341723],[-89.52457652,15.38036997],[-89.51412298,15.41573107],[-89.53294194,15.42441836],[-89.53010475,15.43631726],[-89.516401,15.45291857],[-89.52964265,15.46563052],[-89.5454213,15.45499802],[-89.55537484,15.46637899],[-89.56000746,15.4654096],[-89.57094448,15.47374642],[-89.58272962,15.47439371],[-89.58912945,15.47791713],[-89.58621548,15.48626952],[-89.56692422,15.49894904],[-89.57276547,15.50996228],[-89.5815921,15.51544989],[-89.58216176,15.52494603],[-89.53928953,15.62164131],[-89.53416312,15.63415457],[-89.53629985,15.63629379],[-89.53215016,15.63769721],[-89.43777139,15.8171099],[-89.43345408,15.82164535],[-89.4255257,15.82207322],[-89.42602379,15.82721243],[-89.41570382,15.82899824],[-89.42110548,15.83305647],[-89.41925792,15.84028013],[-89.41630981,15.84635735],[-89.40872974,15.84723806],[-89.41389407,15.85494223],[-89.40687979,15.85909596],[-89.40254672,15.86701696],[-89.39258494,15.86156335],[-89.39270163,15.86797093],[-89.38812093,15.86901696],[-89.39173025,15.87388427],[-89.38578569,15.87172834],[-89.38233995,15.87454858],[-89.38961918,15.88216006],[-89.3844971,15.88246586],[-89.38041912,15.88702518],[-89.3775321,15.90567781],[-89.36622963,15.91690655],[-89.35505163,15.9204959],[-89.33880081,15.92035475],[-89.33143547,15.91440638],[-89.31736091,15.91911755],[-89.31455709,15.91640967],[-89.30597256,15.9177721],[-89.29130585,15.91445767],[-89.27327474,15.91510787],[-89.26346094,15.91987869],[-89.25893899,15.91642415],[-89.24906177,15.91653228],[-89.2336929,15.90818354],[-89.23031312,15.89806526],[-89.22461174,15.89538369],[-89.22406594,15.88809877],[-89.22113373,15.88618634],[-89.21635854,15.88772361],[-89.21259357,15.89207241],[-89.21429199,15.89510819],[-89.20912638,15.89837092],[-89.20323105,15.89803155],[-89.19675454,15.90281274],[-89.18689972,15.89871137],[-89.18698031,15.90913931],[-89.17583525,15.91399389],[-89.16926393,15.91093793],[-89.16152477,15.89945709],[-89.14978175,15.89695716],[-89.1393558,15.90106245],[-89.13277391,15.90766212],[-89.12818759,15.89991155],[-89.1196301,15.90353047],[-89.11380635,15.89713343],[-89.11650948,15.90668754],[-89.10861224,15.90719935],[-89.10261441,15.91280124],[-89.08655534,15.9095713],[-89.07948881,15.89760895],[-89.07398635,15.90981765],[-89.06345216,15.90044547],[-89.06370761,15.90689315],[-89.05500821,15.91716045],[-89.0516218,15.91433767],[-89.04984451,15.90188391],[-89.04537232,15.90441725],[-89.04096553,15.91478507],[-89.01899328,15.90993268],[-89.01997335,15.89458318],[-89.00291597,15.8981439],[-88.99369168,15.9036305],[-88.98284428,15.89581124],[-88.96777326,15.89439347],[-88.95409207,15.88794548],[-88.93060217,15.89027119],[-88.91713353,15.89459946],[-88.91273162,15.8993186],[-88.88376348,15.86265294],[-88.86110631,15.86087971],[-88.85213375,15.86613682],[-88.83696511,15.86396902],[-88.82936804,15.87302864],[-88.81532372,15.86448922],[-88.79837621,15.86134517],[-88.72667664,15.81550196],[-88.71729141,15.80421327],[-88.64935715,15.7601033],[-88.62810273,15.75338458],[-88.62460545,15.74288604],[-88.62721971,15.7414416],[-88.62775566,15.74551838],[-88.63060612,15.7459544],[-88.63332234,15.74192147],[-88.62606003,15.73097428],[-88.63436884,15.7317892],[-88.63620124,15.71944966],[-88.64540496,15.71612681],[-88.64730612,15.70914971],[-88.64530696,15.69798467],[-88.63434547,15.69291836],[-88.62941116,15.69722042],[-88.62029601,15.69426685],[-88.60254323,15.69949522],[-88.59941215,15.70354193],[-88.60319204,15.70685781],[-88.59590317,15.70905533],[-88.59596275,15.71271998],[-88.604489,15.72055497],[-88.60584203,15.7348338],[-88.60112693,15.74065875],[-88.5903205,15.74122122],[-88.58098651,15.74833723],[-88.57545049,15.75794106],[-88.57965995,15.76059556],[-88.58102634,15.75608863],[-88.58382217,15.76226612],[-88.56940884,15.78118331],[-88.55470946,15.81166106],[-88.56481342,15.82583144],[-88.56510051,15.8538599],[-88.56127335,15.85474172],[-88.55063612,15.8420816],[-88.55225785,15.83651975],[-88.54422713,15.84810391],[-88.52859986,15.8399637],[-88.49832328,15.83547798],[-88.49230785,15.84137926],[-88.49126181,15.84980262],[-88.4962033,15.85527837],[-88.51032109,15.85682871],[-88.51116242,15.86987882],[-88.54020053,15.87586346],[-88.54675053,15.88129282],[-88.54874781,15.87968048],[-88.55110195,15.89646042],[-88.5570284,15.89776608],[-88.56473489,15.91154988],[-88.57869141,15.92039196],[-88.58930929,15.92255403],[-88.59787927,15.93289226],[-88.61261471,15.93580712],[-88.61976213,15.94898692],[-88.6230725,15.96346382],[-88.60770513,15.96612054],[-88.58357527,15.95981868],[-88.55346357,15.94429923]]]}},{"type":"Feature","properties":{"d":"Jalapa"},"geometry":{"type":"Polygon","coordinates":[[[-89.88459888,14.87324343],[-89.86211448,14.87175734],[-89.86154831,14.86416595],[-89.84439746,14.8633686],[-89.84153646,14.85662608],[-89.83289579,14.85410634],[-89.82016287,14.84337858],[-89.82393346,14.83713288],[-89.81989526,14.82994284],[-89.82465913,14.82585299],[-89.82304189,14.82187247],[-89.82616453,14.81606464],[-89.81204154,14.79733933],[-89.81229361,14.7914039],[-89.77576597,14.76531574],[-89.76861465,14.75038926],[-89.74920753,14.74179703],[-89.72984722,14.74362191],[-89.7204119,14.75086896],[-89.69351288,14.74752195],[-89.68060462,14.75322206],[-89.67276967,14.7513274],[-89.67543618,14.71310242],[-89.66896537,14.70350963],[-89.67383169,14.70119614],[-89.67198381,14.69196545],[-89.66507142,14.68717943],[-89.65386962,14.69121155],[-89.65291998,14.6853624],[-89.64686835,14.68556161],[-89.64517323,14.68280503],[-89.65496979,14.65382567],[-89.66876416,14.63925161],[-89.66495537,14.62419463],[-89.6747588,14.61233306],[-89.67271516,14.59523391],[-89.68791639,14.57726395],[-89.69265841,14.56446919],[-89.69430442,14.55525423],[-89.69070081,14.54221601],[-89.6823702,14.53247617],[-89.68138163,14.52629361],[-89.68855195,14.51630707],[-89.69218377,14.49614951],[-89.71198463,14.48161875],[-89.74769578,14.48569472],[-89.75880882,14.48486647],[-89.76072885,14.4819913],[-89.77651475,14.48431223],[-89.79053573,14.48116685],[-89.79559977,14.48272016],[-89.79301142,14.48984496],[-89.79923817,14.48861392],[-89.80832829,14.49220829],[-89.80916811,14.49835849],[-89.8225104,14.50837366],[-89.82075383,14.5126072],[-89.82810209,14.50991664],[-89.84023831,14.51323405],[-89.84475255,14.51148894],[-89.84463227,14.50424111],[-89.83748447,14.49867072],[-89.83574814,14.49331089],[-89.83955264,14.48966907],[-89.85356896,14.48715633],[-89.86647388,14.46511575],[-89.87904614,14.4670178],[-89.88953029,14.45872391],[-89.8930221,14.43292634],[-89.93396235,14.46165843],[-89.94023623,14.46246255],[-89.98136249,14.45476031],[-89.98413809,14.44569755],[-89.99130662,14.44087656],[-90.01971264,14.43764115],[-90.03204181,14.43037672],[-90.03193066,14.423251],[-90.05794209,14.42024899],[-90.12154673,14.46460118],[-90.12837985,14.48879241],[-90.15971212,14.49041532],[-90.1686649,14.48565411],[-90.18000228,14.48531292],[-90.1884238,14.49071004],[-90.20209685,14.48461972],[-90.23627775,14.48443949],[-90.23846484,14.46960918],[-90.24239666,14.46709915],[-90.25451779,14.47634234],[-90.26667767,14.48080727],[-90.2680345,14.49467226],[-90.27292136,14.50187725],[-90.29827756,14.50119613],[-90.29995106,14.5043509],[-90.29143949,14.50737586],[-90.28034403,14.52910762],[-90.26274212,14.53018637],[-90.27052342,14.54787599],[-90.2758089,14.57616216],[-90.26725331,14.59011005],[-90.25536549,14.59293657],[-90.24767342,14.58959882],[-90.24324515,14.59384483],[-90.2432685,14.59950726],[-90.23064153,14.62014429],[-90.23252452,14.62597554],[-90.22859498,14.64124634],[-90.23113081,14.65146603],[-90.22544446,14.66462815],[-90.21188276,14.67039082],[-90.19348483,14.66851521],[-90.18099364,14.67792191],[-90.1695563,14.69614888],[-90.12930725,14.70290403],[-90.1231111,14.70925195],[-90.10786722,14.71354506],[-90.09674495,14.71198346],[-90.08647519,14.70323081],[-90.06196491,14.70307938],[-90.05961201,14.72252718],[-90.04056909,14.73957632],[-90.03840957,14.76842593],[-90.03470841,14.77439631],[-90.02969893,14.77567632],[-90.01681954,14.77131198],[-90.0124908,14.77320659],[-90.02290187,14.78642443],[-90.01867961,14.78844353],[-90.01165332,14.78485317],[-90.00810816,14.78626789],[-90.00980604,14.79558243],[-90.00366932,14.80168187],[-90.00299125,14.80876204],[-89.99931889,14.81124952],[-89.99007949,14.80687779],[-89.98018125,14.79707887],[-89.9707506,14.79861776],[-89.96197153,14.79448141],[-89.95687315,14.79535327],[-89.95017929,14.81261512],[-89.94152156,14.81834722],[-89.92919443,14.82095974],[-89.94066494,14.83388678],[-89.93135845,14.8470233],[-89.89082464,14.87068675],[-89.88459888,14.87324343]]]}},{"type":"Feature","properties":{"d":"Jutiapa"},"geometry":{"type":"Polygon","coordinates":[[[-89.62358656,14.51335119],[-89.60988625,14.50144679],[-89.60590316,14.50534444],[-89.59207319,14.50458868],[-89.59318975,14.48296698],[-89.58970971,14.47715803],[-89.58249957,14.47498033],[-89.56087261,14.47986337],[-89.54968395,14.48657237],[-89.55018033,14.49662581],[-89.55565261,14.50865263],[-89.56498439,14.50961327],[-89.5651644,14.51269648],[-89.55332976,14.52576568],[-89.54919139,14.52607599],[-89.54848691,14.52000951],[-89.54265218,14.51623138],[-89.5452063,14.51327881],[-89.52687513,14.51134581],[-89.5186478,14.50204],[-89.52169659,14.49897206],[-89.52049474,14.49379872],[-89.50868929,14.4919128],[-89.51284069,14.48376456],[-89.49965016,14.47557848],[-89.49940672,14.47146203],[-89.50326234,14.47086837],[-89.49901371,14.46429342],[-89.50282244,14.45437435],[-89.50193479,14.4452452],[-89.50598592,14.43807486],[-89.51844261,14.43223271],[-89.52150457,14.42678841],[-89.51942158,14.41934764],[-89.51273973,14.41685],[-89.51001557,14.40577431],[-89.51163035,14.39767396],[-89.51573089,14.39751222],[-89.52032644,14.3912972],[-89.51830266,14.38672568],[-89.52053321,14.38385749],[-89.53010748,14.3791778],[-89.53587685,14.38435034],[-89.53321711,14.39571595],[-89.54119914,14.40817427],[-89.54100389,14.41564816],[-89.57378971,14.41675075],[-89.57596706,14.41435738],[-89.58008005,14.3892326],[-89.57779138,14.37164213],[-89.5644981,14.35128449],[-89.57410381,14.35189308],[-89.5863566,14.34675278],[-89.59169749,14.32717656],[-89.58974207,14.32281858],[-89.59187756,14.31092715],[-89.58170805,14.31620313],[-89.56369051,14.31440942],[-89.54555616,14.29513481],[-89.5502834,14.27144249],[-89.52210926,14.24142706],[-89.52321217,14.23671633],[-89.51901419,14.23508891],[-89.5190427,14.23183395],[-89.52967864,14.22442636],[-89.52176807,14.22280823],[-89.53742752,14.21715687],[-89.54829133,14.22155356],[-89.55812349,14.20985154],[-89.57998849,14.20266015],[-89.62797607,14.20448383],[-89.66559066,14.18548097],[-89.67208761,14.17365622],[-89.71356716,14.13808698],[-89.72601847,14.11887561],[-89.74632642,14.06009489],[-89.74320834,14.05584532],[-89.74493889,14.04825608],[-89.74188818,14.04084842],[-89.73596614,14.03682397],[-89.73673241,14.031979],[-89.74681235,14.03540705],[-89.75406991,14.03150925],[-89.77832681,14.03332916],[-89.78723489,14.03891723],[-89.79048337,14.04622565],[-89.81814199,14.06183914],[-89.82401267,14.06230701],[-89.82608434,14.05801471],[-89.83148335,14.06036338],[-89.8360187,14.05565632],[-89.855719,14.057398],[-89.86109962,14.04853856],[-89.85908141,14.04392401],[-89.8656481,14.04030362],[-89.89146817,14.04183137],[-89.90460294,14.03329481],[-89.9071429,14.01421134],[-89.91434762,14.00984343],[-89.91884863,14.01158603],[-89.92113432,14.00572503],[-89.92819624,14.00549524],[-89.93081331,13.99389604],[-89.93552359,13.99541067],[-89.93672243,13.98759862],[-89.9575881,13.97857775],[-89.96101998,13.96973905],[-89.96864333,13.96482905],[-89.9744679,13.9648712],[-89.97696985,13.95964415],[-89.98101526,13.96080863],[-89.99228647,13.95482884],[-89.99958071,13.95566631],[-90.00920204,13.94376115],[-90.02510886,13.93652581],[-90.03106424,13.92666417],[-90.02937352,13.9182445],[-90.03769641,13.91556984],[-90.03690639,13.89642967],[-90.0420231,13.89227186],[-90.06708174,13.88663831],[-90.06712296,13.88005708],[-90.08125623,13.87533913],[-90.08619228,13.86237548],[-90.09498266,13.85680587],[-90.10090302,13.84183365],[-90.11289899,13.83261608],[-90.10741651,13.80972452],[-90.10921501,13.80632377],[-90.11460269,13.80588137],[-90.11276029,13.8002825],[-90.11760095,13.79818638],[-90.11509125,13.79386788],[-90.11795841,13.78412896],[-90.11422602,13.77685624],[-90.10654343,13.78085065],[-90.09748825,13.7654937],[-90.1015488,13.75784868],[-90.09278096,13.75526158],[-90.09480077,13.7506013],[-90.10257329,13.74677525],[-90.1032374,13.73977659],[-90.10926426,13.74184676],[-90.11577889,13.73950928],[-90.11760139,13.74752727],[-90.12239701,13.74221153],[-90.12884418,13.74137786],[-90.13064006,13.74545755],[-90.13669149,13.74554825],[-90.17923633,13.76389477],[-90.1949433,13.77202511],[-90.18796409,13.76911828],[-90.17868493,13.77110194],[-90.18853879,13.77862698],[-90.1886563,13.77426114],[-90.1983614,13.77643127],[-90.19942285,13.7723234],[-90.23844084,13.78838214],[-90.23612815,13.7942568],[-90.24173529,13.79996081],[-90.23623077,13.80770661],[-90.24120737,13.83110896],[-90.20991296,13.82907237],[-90.20527665,13.84078782],[-90.22332276,13.84296445],[-90.21341334,13.8574316],[-90.20714138,13.85666458],[-90.21115573,13.86963483],[-90.20185622,13.86868289],[-90.21086339,13.88359582],[-90.2208901,13.88531116],[-90.21914262,13.89833546],[-90.23060776,13.89928445],[-90.22876517,13.90634288],[-90.23670109,13.90931662],[-90.23604837,13.91347104],[-90.23042103,13.91463335],[-90.23171113,13.9203002],[-90.24980142,13.92877911],[-90.2696476,13.93262692],[-90.27678634,13.94234843],[-90.28396255,13.94625187],[-90.28542844,13.9528725],[-90.2903618,13.95339951],[-90.29696262,13.98580124],[-90.29102765,13.98849463],[-90.28198935,14.00168325],[-90.24509565,14.00997531],[-90.22611191,14.01092045],[-90.21559339,14.00946293],[-90.19550218,13.99155025],[-90.16568429,13.99047873],[-90.16287285,13.98846442],[-90.16715396,13.97568988],[-90.16484495,13.97202635],[-90.12852251,14.00450839],[-90.18174654,14.02982309],[-90.14517374,14.06485043],[-90.14297743,14.07755274],[-90.08237224,14.06651412],[-90.06361168,14.11301386],[-90.07292904,14.12216451],[-90.09044768,14.15392893],[-90.07892791,14.16075786],[-90.08427725,14.17234829],[-90.06894426,14.17774263],[-90.06753868,14.18109752],[-90.07823733,14.18640104],[-90.09091539,14.20193162],[-90.16522046,14.23812559],[-90.19369499,14.2614977],[-90.20610088,14.25089506],[-90.2115032,14.25663851],[-90.20725408,14.2673643],[-90.21295469,14.28816366],[-90.21090182,14.2954061],[-90.20838641,14.29902562],[-90.19603889,14.29222355],[-90.19138496,14.29411394],[-90.18810485,14.30185298],[-90.18578138,14.33419888],[-90.13384305,14.33173441],[-90.13339301,14.35086387],[-90.10178191,14.34822815],[-90.06602652,14.33722377],[-90.07142327,14.36105074],[-90.0784456,14.3645141],[-90.07739434,14.38311358],[-90.07023977,14.4044314],[-90.05794209,14.42024899],[-90.03193066,14.423251],[-90.03204181,14.43037672],[-90.01971264,14.43764115],[-89.99130662,14.44087656],[-89.98413809,14.44569755],[-89.98136249,14.45476031],[-89.94023623,14.46246255],[-89.93396235,14.46165843],[-89.8930221,14.43292634],[-89.88953029,14.45872391],[-89.87904614,14.4670178],[-89.86647388,14.46511575],[-89.85356896,14.48715633],[-89.83955264,14.48966907],[-89.83574814,14.49331089],[-89.83748447,14.49867072],[-89.84463227,14.50424111],[-89.84420785,14.51211368],[-89.83367182,14.51305065],[-89.82748354,14.50990828],[-89.82075383,14.5126072],[-89.8225104,14.50837366],[-89.80916811,14.49835849],[-89.80832829,14.49220829],[-89.79923817,14.48861392],[-89.79301142,14.48984496],[-89.79559977,14.48272016],[-89.79053573,14.48116685],[-89.77651475,14.48431223],[-89.76072885,14.4819913],[-89.75880882,14.48486647],[-89.7509603,14.48567332],[-89.71041679,14.48186201],[-89.69114536,14.49739433],[-89.68855195,14.51630707],[-89.68138163,14.52629361],[-89.6816155,14.53076478],[-89.64402296,14.55855534],[-89.61955665,14.54560005],[-89.62358656,14.51335119]]]}},{"type":"Feature","properties":{"d":"Petén"},"geometry":{"type":"Polygon","coordinates":[[[-89.1525319,17.24773941],[-89.15369574,17.01243919],[-89.22579861,15.89661363],[-89.23031312,15.89806526],[-89.23194019,15.90616319],[-89.2379791,15.91120913],[-89.26346094,15.91987869],[-89.27327474,15.91510787],[-89.31455709,15.91640967],[-89.31736091,15.91911755],[-89.3307537,15.91439478],[-89.33804014,15.92032152],[-89.35505163,15.9204959],[-89.36622963,15.91690655],[-89.3775321,15.90567781],[-89.38000355,15.88764433],[-89.38376177,15.88287886],[-89.38988716,15.88138273],[-89.38211091,15.87507046],[-89.38578569,15.87172834],[-89.39173025,15.87388427],[-89.38812093,15.86901696],[-89.39270163,15.86797093],[-89.39192064,15.86188733],[-89.40104624,15.8676294],[-89.41230073,15.85619741],[-89.41480539,15.85936397],[-89.42667669,15.85892636],[-89.4428418,15.84860346],[-89.45529504,15.84782395],[-89.46002194,15.84992082],[-89.46508675,15.86185674],[-89.47766177,15.86083436],[-89.48275262,15.85421881],[-89.48898616,15.85516397],[-89.49998667,15.84442061],[-89.50082126,16.04156656],[-89.50339998,16.04572455],[-89.50394549,16.04044195],[-89.51184341,16.03699528],[-89.51046432,16.04339374],[-89.51875227,16.04425977],[-89.5241045,16.05280314],[-89.54814264,16.04206494],[-89.54732814,16.02927609],[-89.55670792,16.03225004],[-89.56359337,16.02877254],[-89.56584945,16.03079906],[-89.57025406,16.02621415],[-89.56829586,16.02239278],[-89.57325378,16.02145998],[-89.58258313,16.01104316],[-89.59381939,16.02107347],[-89.59590034,16.01975702],[-89.58965961,16.01335379],[-89.59395588,16.00812109],[-89.59653425,16.01461052],[-89.60062193,16.01149227],[-89.60557397,16.01433742],[-89.6160674,16.01129754],[-89.61941328,16.01836313],[-89.63374824,16.01716011],[-89.63841881,16.01258327],[-89.63628512,16.00185269],[-89.64002597,16.00059107],[-89.64132048,15.99336026],[-89.64747894,15.9913588],[-89.64628926,15.98771129],[-89.65152383,15.97452402],[-89.66347625,15.98242374],[-89.66621412,15.97425811],[-89.67779851,15.97280799],[-89.68615463,15.98183584],[-89.69842309,15.97637228],[-89.7032293,15.96109112],[-89.71211212,15.96717634],[-89.71480031,15.96428002],[-89.72106136,15.96689318],[-89.73026908,15.96560132],[-89.74661185,15.95234552],[-89.74269965,15.94336107],[-89.74727422,15.94296076],[-89.75021369,15.93469821],[-89.75717035,15.93132157],[-89.76034812,15.92172282],[-89.76709399,15.92029266],[-89.77233962,15.92493952],[-89.78156972,15.92292879],[-89.79184364,15.91705773],[-89.79487461,15.90935079],[-89.82306026,15.9113973],[-89.82434665,15.90586928],[-89.83470709,15.90898854],[-89.84059863,15.90756257],[-89.84086205,15.9110786],[-89.84371957,15.91107076],[-89.85683421,15.90531785],[-89.86391988,15.90911262],[-89.86448912,15.9135033],[-89.8683768,15.91291759],[-89.87157184,15.91913637],[-89.86760591,15.92396797],[-89.87017308,15.93446189],[-89.87373245,15.93284659],[-89.87925324,15.93887785],[-89.88633409,15.93810337],[-89.88365538,15.94300239],[-89.89619544,15.94731994],[-89.88743024,15.95553852],[-89.89317856,15.96673301],[-89.89945526,15.9660087],[-89.89721536,15.9573344],[-89.90136605,15.95381415],[-89.90525935,15.95454848],[-89.90588249,15.96216904],[-89.9142652,15.96058516],[-89.91529698,15.96904457],[-89.92230713,15.96629287],[-89.92956588,15.97400271],[-89.93312122,15.96513919],[-89.93745695,15.96534882],[-89.93910674,15.97266921],[-89.94729116,15.96737803],[-89.94811785,15.97848925],[-89.96232757,15.9807267],[-89.95396679,15.99174515],[-89.96636805,15.98785282],[-89.96060536,16.00040373],[-89.96496687,16.0050265],[-89.97821074,16.00765476],[-89.9804236,16.01442432],[-89.98774249,16.00805288],[-89.98175937,16.0060342],[-89.97960729,15.99440642],[-89.98191765,15.99099406],[-89.98343033,15.99528185],[-89.98852253,15.99501758],[-89.99192101,16.00152524],[-89.99916507,15.99831798],[-90.00420175,15.99998111],[-90.01430281,15.99194349],[-90.01663464,15.99577987],[-90.0102762,16.00262847],[-90.01260368,16.00953723],[-90.02665339,16.00750368],[-90.03553242,16.01564125],[-90.03916381,16.01121545],[-90.03795426,16.00224368],[-90.04556089,15.9911131],[-90.12611646,16.02027985],[-90.12651242,16.01783817],[-90.21347108,16.04513467],[-90.44452293,16.0738235],[-90.4475351,16.08242473],[-90.43772938,16.09496215],[-90.42767443,16.09823869],[-90.42712178,16.10369335],[-90.43498529,16.10656323],[-90.44945314,16.09404788],[-90.45658022,16.09344523],[-90.45879697,16.11416452],[-90.45355423,16.12542453],[-90.43899612,16.11792362],[-90.43291649,16.11920545],[-90.43044494,16.13809102],[-90.44900683,16.14335424],[-90.45132944,16.15030898],[-90.4478288,16.15459596],[-90.42775345,16.16150363],[-90.42725117,16.16835776],[-90.43300228,16.17666379],[-90.45392684,16.18606317],[-90.45703899,16.20852406],[-90.45257783,16.22307974],[-90.44179795,16.23038833],[-90.43118945,16.22974861],[-90.42977921,16.23215223],[-90.43738289,16.23768299],[-90.43998044,16.24476428],[-90.45074197,16.24071984],[-90.45520401,16.24582384],[-90.44703424,16.26089013],[-90.42986384,16.25392155],[-90.42346985,16.25957155],[-90.42799625,16.27360884],[-90.44042133,16.27811661],[-90.44058451,16.2850454],[-90.43406814,16.29118301],[-90.43902766,16.29514973],[-90.43844882,16.30078238],[-90.41319418,16.30706822],[-90.4092801,16.3144798],[-90.41226947,16.32578204],[-90.40028171,16.33779204],[-90.38791676,16.33395293],[-90.38228908,16.33870065],[-90.38408373,16.34385206],[-90.39919897,16.34839043],[-90.4032132,16.35954059],[-90.40794459,16.35649066],[-90.40763714,16.34669588],[-90.41102009,16.34647102],[-90.41333439,16.3540482],[-90.41109111,16.3620131],[-90.39686376,16.37360548],[-90.38725622,16.37076658],[-90.37978392,16.35933951],[-90.37164697,16.36407814],[-90.37341221,16.3732474],[-90.38613503,16.37626903],[-90.40279234,16.39303256],[-90.40174204,16.39765875],[-90.3916759,16.40228494],[-90.38848177,16.41068239],[-90.39716371,16.41505225],[-90.40391032,16.40587778],[-90.40913229,16.4040771],[-90.41707993,16.42053812],[-90.42253316,16.42389067],[-90.45844662,16.41995477],[-90.47367274,16.42369069],[-90.48569317,16.42272518],[-90.48716257,16.42831596],[-90.4799474,16.44014009],[-90.47933864,16.45878291],[-90.48503587,16.45945095],[-90.49482696,16.45308506],[-90.50175444,16.46549073],[-90.51293656,16.46913086],[-90.52066844,16.46549314],[-90.52394778,16.45835081],[-90.52966722,16.4580288],[-90.54754147,16.46749658],[-90.54485666,16.48108913],[-90.58882824,16.46903986],[-90.59513977,16.4736404],[-90.59566795,16.48891611],[-90.61250284,16.48795386],[-90.62343954,16.47622206],[-90.63455007,16.47893266],[-90.63674806,16.48321116],[-90.63480389,16.48920436],[-90.6184468,16.48982856],[-90.6075335,16.5007628],[-90.61096312,16.5149302],[-90.61686355,16.52085464],[-90.63899911,16.51325832],[-90.6470788,16.51802775],[-90.64480709,16.53402309],[-90.6498778,16.54498715],[-90.64863324,16.56029398],[-90.62797853,16.57822259],[-90.63598192,16.59142455],[-90.64250874,16.59605602],[-90.6423757,16.58449168],[-90.64703857,16.57855752],[-90.6607756,16.57762192],[-90.66835078,16.58237584],[-90.66878175,16.58922137],[-90.65858025,16.59157633],[-90.65571218,16.595512],[-90.65710768,16.6108023],[-90.66385569,16.62851067],[-90.65947549,16.64152267],[-90.67809095,16.6627757],[-90.68392883,16.69036085],[-90.70959891,16.70630778],[-90.70842868,16.71890566],[-90.71211119,16.7259376],[-90.75179194,16.74847959],[-90.75787558,16.75356305],[-90.76083201,16.76249521],[-90.8025368,16.77735323],[-90.80456938,16.78464397],[-90.80137055,16.79495168],[-90.80395874,16.79949488],[-90.85169133,16.79748662],[-90.85657772,16.80021285],[-90.86068714,16.81259335],[-90.87579038,16.82398099],[-90.88576445,16.82607938],[-90.92229772,16.82301965],[-90.93339451,16.84287861],[-90.93391656,16.86009006],[-90.95398612,16.86564268],[-90.96874244,16.86105852],[-90.97414267,16.86382807],[-90.97269233,16.87131273],[-90.95874013,16.87867209],[-90.95545921,16.88455489],[-90.95676829,16.89365135],[-90.96432365,16.90105503],[-90.97244726,16.9028783],[-90.98407657,16.89941076],[-90.98612957,16.89054107],[-90.98050378,16.87343062],[-90.9845097,16.86449932],[-90.98841528,16.86363399],[-90.99426907,16.87674388],[-91.00693593,16.88524527],[-91.0664531,16.90277064],[-91.0741184,16.91353289],[-91.06423946,16.92130938],[-91.06447882,16.92486704],[-91.0795446,16.94263264],[-91.09529076,16.9531302],[-91.10284145,16.96787974],[-91.12121578,16.97751116],[-91.12161444,17.00159333],[-91.13206374,17.00653554],[-91.15217201,17.00381678],[-91.17776343,17.01696519],[-91.19436524,17.03839589],[-91.21457246,17.0536101],[-91.21894425,17.08093339],[-91.22659325,17.09467515],[-91.23378348,17.10119969],[-91.25539028,17.10152023],[-91.26858902,17.1094519],[-91.27349254,17.14041054],[-91.26482499,17.15566133],[-91.26620378,17.1693717],[-91.27941753,17.1797237],[-91.3100068,17.17943859],[-91.32440296,17.18287082],[-91.33198003,17.17772199],[-91.3397951,17.15885325],[-91.35072518,17.15954372],[-91.34874001,17.1770127],[-91.35640781,17.19039594],[-91.37926909,17.20501547],[-91.40717829,17.20443605],[-91.42462178,17.21089989],[-91.43143906,17.21870419],[-91.44376434,17.25090962],[-90.98726675,17.25132527],[-90.98771447,17.81705044],[-89.70170801,17.8192826],[-89.15692374,17.81683799],[-89.1525319,17.24773941]],[[-90.16392065,16.68215721],[-90.16487559,16.68072096],[-90.16406578,16.68193342],[-90.16392065,16.68215721]],[[-90.16628134,16.6762873],[-90.16626914,16.67587344],[-90.16630463,16.67799437],[-90.16628134,16.6762873]],[[-89.91997414,16.38990737],[-89.9203953,16.38937205],[-89.91997531,16.38986213],[-89.91997414,16.38990737]]]}},{"type":"Feature","properties":{"d":"Quetzaltenango"},"geometry":{"type":"Polygon","coordinates":[[[-91.51982102,15.20761996],[-91.51147039,15.14611588],[-91.54907646,15.11293712],[-91.53986352,15.00113212],[-91.54120045,14.98541339],[-91.52901096,14.95942235],[-91.5541996,14.93973869],[-91.52626602,14.94588168],[-91.4991749,14.88476149],[-91.48835809,14.88507344],[-91.47618077,14.89408333],[-91.46577197,14.89627689],[-91.43930159,14.89067735],[-91.44596203,14.86300177],[-91.41943195,14.84597433],[-91.40411147,14.81997149],[-91.40914744,14.79963169],[-91.44421492,14.76376571],[-91.44829805,14.74195046],[-91.46231421,14.73857324],[-91.47229849,14.72614349],[-91.48500459,14.71888757],[-91.49007763,14.7062134],[-91.51651337,14.68551346],[-91.53727162,14.68178785],[-91.56571884,14.65202814],[-91.5765148,14.64842234],[-91.58730372,14.64922027],[-91.59054995,14.64282784],[-91.58935928,14.63810787],[-91.5959058,14.63039864],[-91.60537222,14.62715735],[-91.60937433,14.62912357],[-91.61150454,14.63462193],[-91.60757269,14.653592],[-91.62577461,14.65365393],[-91.62571237,14.64455333],[-91.63569737,14.63434687],[-91.63797401,14.62045439],[-91.65337329,14.60738146],[-91.65367057,14.61906201],[-91.65909619,14.63585563],[-91.65565713,14.65384326],[-91.66748705,14.65239159],[-91.67429884,14.64084655],[-91.68174551,14.64227526],[-91.6724671,14.66867172],[-91.67177115,14.68023586],[-91.66767129,14.68649132],[-91.66549709,14.7134578],[-91.68215413,14.7089487],[-91.70305472,14.68997869],[-91.7140484,14.66369202],[-91.71258966,14.6593868],[-91.7277822,14.66686251],[-91.72795958,14.673929],[-91.73215405,14.67520391],[-91.74313876,14.65076181],[-91.75008824,14.64240258],[-91.753651,14.62362036],[-91.75194531,14.60508673],[-91.75446568,14.58899151],[-91.77783052,14.59369584],[-91.78345775,14.58709683],[-91.7860281,14.57549635],[-91.78070977,14.56544696],[-91.78210137,14.55223692],[-91.78944277,14.53504512],[-91.79539128,14.53280339],[-91.80073077,14.51128087],[-91.79875553,14.50449426],[-91.80371407,14.50154998],[-91.80682849,14.49381072],[-91.81766826,14.49628596],[-91.83165523,14.49394906],[-91.8673336,14.50833928],[-91.87227137,14.51393965],[-91.87955372,14.5139994],[-91.88899747,14.50769588],[-91.90006642,14.51205451],[-91.921732,14.52983542],[-91.94597853,14.52885409],[-91.99163598,14.53694039],[-92.00615319,14.54542128],[-92.01913968,14.54808645],[-92.04972123,14.56557994],[-92.05081311,14.5853366],[-92.05894771,14.59041304],[-92.0804781,14.6009461],[-92.08609279,14.5903068],[-92.137673,14.61717723],[-92.13771275,14.62587672],[-92.11531138,14.64197424],[-92.10293437,14.66083628],[-92.09180735,14.66164176],[-92.0822803,14.68684082],[-92.07810764,14.68831144],[-92.06881021,14.68426037],[-92.04907965,14.7092471],[-92.02462649,14.7186367],[-92.0104228,14.71887366],[-91.98531705,14.7131703],[-91.96352966,14.71644925],[-91.95641019,14.7135301],[-91.95328425,14.71485395],[-91.95273248,14.72075353],[-91.94580711,14.72275049],[-91.94351208,14.72821833],[-91.93765658,14.7254942],[-91.92838096,14.73069583],[-91.92205206,14.72663798],[-91.90478903,14.72344608],[-91.89997288,14.7180309],[-91.89563901,14.72087596],[-91.88020927,14.71774525],[-91.84890588,14.72171062],[-91.83668971,14.71743477],[-91.82343366,14.72423693],[-91.8194448,14.7317106],[-91.80019619,14.73288623],[-91.79152639,14.73755531],[-91.78810605,14.74150697],[-91.78107918,14.77317994],[-91.77595001,14.78124212],[-91.77892772,14.7872455],[-91.77533474,14.79362761],[-91.78109635,14.80141863],[-91.7796172,14.81616793],[-91.77066378,14.82482427],[-91.77324003,14.83246061],[-91.75692282,14.86141804],[-91.75683685,14.87268076],[-91.75283286,14.87801943],[-91.7406086,14.88166898],[-91.73702927,14.89279488],[-91.72309768,14.89329168],[-91.71282802,14.90020016],[-91.71302357,14.90767],[-91.72426779,14.91783325],[-91.72555625,14.92388549],[-91.70449663,14.9292981],[-91.67521391,14.954005],[-91.67719067,14.96843053],[-91.67514844,14.98603144],[-91.66014132,15.05804829],[-91.67305525,15.06145168],[-91.67625569,15.06983717],[-91.68370806,15.0726985],[-91.68626311,15.07890058],[-91.69299684,15.08240376],[-91.6938065,15.08901941],[-91.70320723,15.10250333],[-91.70298228,15.10986103],[-91.69813955,15.11764639],[-91.69342816,15.11817286],[-91.68713263,15.1289957],[-91.68532331,15.13937444],[-91.66847356,15.14723003],[-91.62717323,15.14928977],[-91.58678206,15.17109378],[-91.56840969,15.22617669],[-91.51982102,15.20761996]]]}},{"type":"Feature","properties":{"d":"Quiché"},"geometry":{"type":"Polygon","coordinates":[[[-90.43428454,16.06277257],[-90.42543458,16.06890554],[-90.41900862,16.0668737],[-90.43284544,16.04610365],[-90.44480616,16.0425839],[-90.42911252,16.03819938],[-90.42554645,16.02268259],[-90.43993558,16.03024808],[-90.44266437,16.01968979],[-90.45823905,16.01523428],[-90.46893974,16.0040708],[-90.47439122,16.00528895],[-90.47756481,16.01731634],[-90.48687678,16.01621632],[-90.49878197,15.98653391],[-90.51073691,15.98204435],[-90.51361667,15.98312213],[-90.50036587,15.99255256],[-90.50118544,15.998647],[-90.50947094,15.99156981],[-90.51660063,15.9924958],[-90.52221689,15.98949613],[-90.52035762,16.00238988],[-90.52609282,16.001223],[-90.53005432,15.99263168],[-90.53198865,16.00299022],[-90.53692295,16.00311349],[-90.54270504,15.99462631],[-90.54485529,16.00208307],[-90.55077822,16.00581373],[-90.55264204,15.99742718],[-90.56391337,15.9891813],[-90.5661677,15.99929043],[-90.57345378,15.99491936],[-90.57846444,15.99606557],[-90.57673483,16.00643121],[-90.58567166,16.01348096],[-90.60864439,16.012251],[-90.60822648,16.0184186],[-90.59522981,16.02003375],[-90.59623237,16.03350957],[-90.5993957,16.03690553],[-90.61474848,16.02406501],[-90.6342976,16.04069144],[-90.6474489,16.03726106],[-90.65350195,16.04192341],[-90.65854962,16.03636065],[-90.66876255,16.03980551],[-90.68307672,16.02210488],[-90.69423109,16.01844992],[-90.70163487,16.01952876],[-90.69516654,16.0069911],[-90.69469859,15.99516599],[-90.70774313,15.99509552],[-90.70679787,15.98436179],[-90.70169282,15.97796525],[-90.70338904,15.97320765],[-90.71131309,15.97300301],[-90.72596853,15.98268855],[-90.73335146,15.98366543],[-90.73680923,15.98150311],[-90.73557943,15.97241623],[-90.73954366,15.96702598],[-90.74911687,15.96824886],[-90.75855271,15.96221517],[-90.75853621,15.95561865],[-90.7517201,15.95308004],[-90.74713355,15.94381129],[-90.7376321,15.94555589],[-90.73403869,15.94047579],[-90.73716151,15.92912972],[-90.74809038,15.92286238],[-90.75258396,15.91617851],[-90.75187643,15.90240477],[-90.75841459,15.89033251],[-90.75818952,15.88373266],[-90.74049189,15.88485391],[-90.73660667,15.88027006],[-90.73874272,15.86880844],[-90.7316059,15.86570154],[-90.73007333,15.86007621],[-90.74037332,15.84812176],[-90.74173476,15.84230529],[-90.74718394,15.84137273],[-90.7512471,15.83396252],[-90.7596199,15.83632593],[-90.76818146,15.82981103],[-90.78171028,15.80547806],[-90.77731263,15.79742492],[-90.78320892,15.79323091],[-90.78341802,15.78875179],[-90.79430688,15.78214288],[-90.79570948,15.77339329],[-90.80821303,15.77014282],[-90.81102766,15.75476543],[-90.8202022,15.74840419],[-90.80742543,15.74095542],[-90.79522787,15.74784683],[-90.78349211,15.74181898],[-90.77886061,15.72472993],[-90.7866459,15.72165476],[-90.7920358,15.72379756],[-90.79672393,15.71862504],[-90.78332729,15.71893321],[-90.77097804,15.70303496],[-90.77829824,15.70262166],[-90.79035476,15.69117252],[-90.79404155,15.6844539],[-90.79297064,15.67850602],[-90.77425009,15.67627221],[-90.73335019,15.66116876],[-90.69582797,15.6532198],[-90.69146266,15.64895252],[-90.66783038,15.65063557],[-90.65526107,15.6482022],[-90.65980118,15.6410753],[-90.64532991,15.63361283],[-90.64403572,15.61950453],[-90.63726306,15.6114241],[-90.63001732,15.61069104],[-90.63197449,15.59351801],[-90.64126896,15.58743181],[-90.64164624,15.582449],[-90.63391005,15.57559031],[-90.62090436,15.57168512],[-90.61346041,15.55599938],[-90.61318849,15.54523013],[-90.60796531,15.53822071],[-90.604234,15.50517789],[-90.61090096,15.50212996],[-90.61239121,15.4980638],[-90.61959177,15.50004993],[-90.62911408,15.48866876],[-90.64001526,15.48385382],[-90.64207475,15.47599002],[-90.65109676,15.46807707],[-90.65045907,15.44697296],[-90.66486212,15.43440812],[-90.67777229,15.44113542],[-90.70165706,15.44340576],[-90.71759803,15.42030161],[-90.71386243,15.38911835],[-90.70827895,15.38046441],[-90.70069611,15.37564301],[-90.69534105,15.36603579],[-90.66793304,15.35819768],[-90.6629915,15.35991214],[-90.65314317,15.35210116],[-90.63888025,15.34812902],[-90.59957245,15.34049103],[-90.59625632,15.34422027],[-90.56791519,15.34255224],[-90.56205596,15.33955564],[-90.54075414,15.3417993],[-90.5031982,15.33466219],[-90.48532995,15.32355591],[-90.48121134,15.30886519],[-90.48195245,15.2975795],[-90.49066411,15.28953715],[-90.49280657,15.27582347],[-90.49890777,15.27357122],[-90.4953955,15.26684602],[-90.50268621,15.26558932],[-90.50372158,15.25933156],[-90.51147672,15.25841846],[-90.51418761,15.24871931],[-90.52764879,15.23625251],[-90.52724304,15.22792909],[-90.53336199,15.21716828],[-90.54437574,15.2071394],[-90.55601112,15.24749647],[-90.63041573,15.25023058],[-90.63420171,15.31108399],[-90.67721872,15.35168028],[-90.71698289,15.28537278],[-90.7446929,15.30210975],[-90.75317448,15.2787844],[-90.73310883,15.2661874],[-90.75522618,15.22314931],[-90.76992478,15.22515696],[-90.77920909,15.22289756],[-90.79235283,15.24052496],[-90.81476802,15.23613749],[-90.80677754,15.15615115],[-90.75549243,15.07507938],[-90.65773151,15.00341215],[-90.65551958,14.98776736],[-90.65870094,14.98266049],[-90.65993435,14.96569023],[-90.64275355,14.94822677],[-90.64257617,14.94149416],[-90.63353668,14.92233891],[-90.61563712,14.91467924],[-90.61444429,14.90910609],[-90.62206001,14.88560414],[-90.64076967,14.89083429],[-90.64713691,14.89035091],[-90.64995927,14.88537918],[-90.65353081,14.88531187],[-90.6792522,14.89873298],[-90.69054254,14.90925531],[-90.69572178,14.90685678],[-90.69890185,14.90962523],[-90.70886794,14.9083598],[-90.71607167,14.91572306],[-90.74196639,14.91555656],[-90.75316587,14.92444567],[-90.76975012,14.92765969],[-90.78539034,14.91882828],[-90.7970335,14.92309475],[-90.84808482,14.92688337],[-90.85430214,14.93140433],[-90.86639454,14.93165983],[-90.87400809,14.93559924],[-90.90466618,14.92957413],[-90.91143447,14.92405292],[-90.91642161,14.92498846],[-90.91947757,14.91982844],[-90.93240835,14.92077136],[-90.94454726,14.9259128],[-90.95141015,14.92219384],[-90.96283905,14.92570373],[-90.97422015,14.93559799],[-90.98940418,14.93414392],[-90.99903297,14.93805762],[-91.00301669,14.93277337],[-91.01485762,14.93113471],[-91.02802376,14.90951559],[-91.02498011,14.88048293],[-91.04117392,14.86143462],[-91.04521664,14.84684763],[-91.03992569,14.83294021],[-91.03602186,14.83086122],[-91.02350825,14.8326427],[-91.02109939,14.82331084],[-91.04978081,14.80961645],[-91.07233696,14.8058832],[-91.08458817,14.81507883],[-91.09544451,14.80064189],[-91.10298825,14.78358793],[-91.11673339,14.78586494],[-91.13142861,14.79641789],[-91.1358818,14.80567189],[-91.13084215,14.80760906],[-91.11913269,14.82301353],[-91.10209385,14.8293916],[-91.10519273,14.84091339],[-91.12647529,14.85790591],[-91.13481933,14.87008588],[-91.14607564,14.8665656],[-91.15725389,14.87391705],[-91.15681873,14.88651372],[-91.16021663,14.89270555],[-91.17650421,14.89643258],[-91.21934882,14.94694794],[-91.24104821,14.94671503],[-91.23887427,14.95575051],[-91.24203646,14.96204581],[-91.23259415,14.98106912],[-91.23691445,14.98531631],[-91.25474903,14.9817866],[-91.2666963,15.00150524],[-91.2641146,15.02255675],[-91.27289796,15.03607727],[-91.2652473,15.0500216],[-91.26097261,15.12650971],[-91.25565636,15.12976854],[-91.24956285,15.11371719],[-91.23035921,15.10485116],[-91.21340464,15.10199089],[-91.20583294,15.1126831],[-91.22786288,15.1238022],[-91.24061558,15.14468113],[-91.25092242,15.14608071],[-91.26417903,15.1654318],[-91.27098797,15.16079704],[-91.28778208,15.16690243],[-91.29154437,15.17587255],[-91.29593493,15.17594534],[-91.29904232,15.1886023],[-91.30939846,15.19642671],[-91.3079621,15.20272645],[-91.31971451,15.20236154],[-91.31653329,15.2106366],[-91.32338522,15.21865792],[-91.31779862,15.21978429],[-91.31845492,15.22805077],[-91.31088697,15.24494293],[-91.32374627,15.25900031],[-91.32242614,15.26382559],[-91.32627868,15.26741637],[-91.31809935,15.26851307],[-91.3120479,15.27484473],[-91.30634747,15.26777158],[-91.29980454,15.26761019],[-91.28984492,15.27930351],[-91.28461804,15.27404663],[-91.27473315,15.27205138],[-91.27359724,15.26836325],[-91.25774915,15.26921888],[-91.24948438,15.27175609],[-91.23111342,15.2849361],[-91.21066791,15.28475665],[-91.20484658,15.28032928],[-91.18823355,15.28541551],[-91.18163121,15.32185129],[-91.1741394,15.34322478],[-91.15797286,15.36251556],[-91.1712812,15.38646578],[-91.24046654,15.37932733],[-91.3052474,15.42865386],[-91.31953412,15.46339424],[-91.31953682,15.55550976],[-91.273583,15.58576134],[-91.27585442,15.59094168],[-91.29464625,15.59820171],[-91.29353243,15.6039261],[-91.28225257,15.60529885],[-91.27993063,15.61704716],[-91.276515,15.61560944],[-91.27105694,15.62254436],[-91.25903781,15.61795112],[-91.25125729,15.62396447],[-91.24447943,15.62272763],[-91.23383674,15.62959963],[-91.23301776,15.63191781],[-91.23658219,15.63339016],[-91.2314145,15.63942707],[-91.23362823,15.64765392],[-91.22524816,15.65017531],[-91.21559032,15.64394159],[-91.2164266,15.65465265],[-91.22125242,15.66006888],[-91.20980137,15.66225287],[-91.20868027,15.66594318],[-91.19875537,15.6666231],[-91.20112841,15.67496443],[-91.18895434,15.68452322],[-91.18440591,15.69333589],[-91.1654341,15.70014251],[-91.16830114,15.71186004],[-91.15815968,15.71640827],[-91.15781677,15.75131837],[-91.13968677,15.77571316],[-91.15272672,15.79004444],[-91.16949573,15.79863102],[-91.15519204,15.8092003],[-91.14747028,15.81957965],[-91.15248937,15.83206687],[-91.14425954,15.83253766],[-91.09266732,15.80086292],[-91.0915408,15.80368026],[-91.06162516,15.91311138],[-91.05935466,15.91890794],[-91.05178095,15.91677497],[-91.04712768,15.93765912],[-91.06744831,15.9460662],[-91.06123083,15.96988579],[-91.09462792,15.96961709],[-91.09779812,15.97373627],[-91.09424037,15.97861141],[-91.10034594,15.98028516],[-91.10950339,15.99574212],[-91.12042077,15.99598474],[-91.12901767,16.00076768],[-91.12410389,16.02392996],[-91.13031903,16.02618229],[-91.13198183,16.03086064],[-91.11835269,16.03623212],[-91.11827868,16.04312159],[-91.1071925,16.05274914],[-91.11200343,16.06325889],[-91.10758703,16.07433775],[-90.44452293,16.0738235],[-90.43428454,16.06277257]]]}},{"type":"Feature","properties":{"d":"Retalhuleu"},"geometry":{"type":"Polygon","coordinates":[[[-91.66755206,14.71429107],[-91.66767129,14.68649132],[-91.67177115,14.68023586],[-91.6724671,14.66867172],[-91.68174551,14.64227526],[-91.67429884,14.64084655],[-91.66748705,14.65239159],[-91.65565713,14.65384326],[-91.65909619,14.63585563],[-91.65367057,14.61906201],[-91.65337329,14.60738146],[-91.63797401,14.62045439],[-91.63569737,14.63434687],[-91.62571237,14.64455333],[-91.62577461,14.65365393],[-91.60757269,14.653592],[-91.61134873,14.63384137],[-91.60837739,14.62794591],[-91.60202921,14.6275904],[-91.59195836,14.63398368],[-91.58730372,14.64922027],[-91.5765148,14.64842234],[-91.56571884,14.65202814],[-91.53727162,14.68178785],[-91.51651337,14.68551346],[-91.52946208,14.67430631],[-91.5414557,14.67051666],[-91.54511898,14.66290738],[-91.5438441,14.65816299],[-91.55527682,14.64389849],[-91.55663513,14.63734009],[-91.54187904,14.62922833],[-91.56143352,14.5909024],[-91.57169519,14.5805309],[-91.588173,14.5381323],[-91.58123524,14.50157893],[-91.58378939,14.49403533],[-91.57950614,14.48736454],[-91.58254957,14.47652345],[-91.58073878,14.44429453],[-91.58481159,14.42554565],[-91.58361165,14.40682382],[-91.58849007,14.40181023],[-91.58914461,14.39292966],[-91.59595627,14.38881213],[-91.59173083,14.37713041],[-91.59605408,14.37266257],[-91.5939226,14.36982179],[-91.59786358,14.36464176],[-91.59696439,14.35807569],[-91.6006476,14.35725772],[-91.59558923,14.35164948],[-91.60081807,14.34431922],[-91.59376864,14.3391604],[-91.58890038,14.3416143],[-91.58857266,14.33912397],[-91.59210468,14.33898505],[-91.59555741,14.33308578],[-91.59310471,14.32890178],[-91.59742667,14.32878188],[-91.59439614,14.3247828],[-91.59632214,14.32013422],[-91.60344236,14.31838261],[-91.60407374,14.31414482],[-91.60697478,14.31366071],[-91.60552368,14.30063126],[-91.61010039,14.29960218],[-91.61023679,14.28951039],[-91.61569513,14.292615],[-91.61261722,14.28662316],[-91.61866639,14.28590792],[-91.61992821,14.28290307],[-91.61694638,14.28087853],[-91.62003874,14.27707232],[-91.61771898,14.27209124],[-91.62108184,14.27391025],[-91.62086416,14.26989152],[-91.62467514,14.26728692],[-91.62244082,14.26286993],[-91.6261257,14.26150463],[-91.62237219,14.24993374],[-91.62605373,14.24513079],[-91.62142996,14.24527061],[-91.62312176,14.23566144],[-91.62032369,14.23413321],[-91.62334881,14.20716007],[-91.62632553,14.20113818],[-91.63327557,14.1975784],[-91.63168861,14.19502395],[-91.64172287,14.19196341],[-91.64002902,14.184458],[-91.64346602,14.18339612],[-91.6448525,14.17886373],[-91.64166997,14.17649429],[-91.64474913,14.17581363],[-91.64035928,14.1724792],[-91.64773642,14.16890776],[-91.65061649,14.16460595],[-91.64856383,14.1620303],[-91.65354095,14.15944348],[-91.65055313,14.15448887],[-91.66140849,14.14486198],[-91.66413351,14.13557091],[-91.65875539,14.12878943],[-91.66570909,14.12380429],[-91.73505749,14.16613896],[-91.78662548,14.19086776],[-91.84220099,14.24110919],[-91.91787762,14.29382942],[-92.04020888,14.39421135],[-92.1632046,14.48664339],[-92.15955819,14.49193901],[-92.15515036,14.49016434],[-92.15541114,14.49440698],[-92.14982412,14.49002378],[-92.14151701,14.4937973],[-92.14293031,14.50385974],[-92.13470193,14.50913062],[-92.10804573,14.50076376],[-92.10838021,14.50929433],[-92.10455586,14.50935495],[-92.10561799,14.51546732],[-92.10134319,14.51991839],[-92.10523042,14.52233632],[-92.10372337,14.53220124],[-92.09954348,14.53115187],[-92.0959406,14.53324782],[-92.09686267,14.53660348],[-92.0871285,14.5382998],[-92.08717259,14.54386277],[-92.0848115,14.54136275],[-92.0844226,14.54383494],[-92.0812741,14.54293047],[-92.08361442,14.54548288],[-92.07930797,14.54691757],[-92.07664813,14.5542627],[-92.06732298,14.55847787],[-92.06733922,14.56444608],[-92.06078697,14.56726813],[-92.05630608,14.56134939],[-92.04972123,14.56557994],[-92.01913968,14.54808645],[-92.00615319,14.54542128],[-91.98794706,14.53562719],[-91.94597853,14.52885409],[-91.921732,14.52983542],[-91.90006642,14.51205451],[-91.88899747,14.50769588],[-91.87955372,14.5139994],[-91.87227137,14.51393965],[-91.8673336,14.50833928],[-91.83165523,14.49394906],[-91.81766826,14.49628596],[-91.80632639,14.49401044],[-91.80371407,14.50154998],[-91.79875553,14.50449426],[-91.80073077,14.51128087],[-91.79539128,14.53280339],[-91.78944277,14.53504512],[-91.78210137,14.55223692],[-91.78070977,14.56544696],[-91.7860281,14.57549635],[-91.78345775,14.58709683],[-91.77783052,14.59369584],[-91.75446568,14.58899151],[-91.75194531,14.60508673],[-91.753651,14.62362036],[-91.75008824,14.64240258],[-91.74313876,14.65076181],[-91.73308034,14.67439088],[-91.72795958,14.673929],[-91.7277822,14.66686251],[-91.71258966,14.6593868],[-91.7140484,14.66369202],[-91.70305472,14.68997869],[-91.6794403,14.71044057],[-91.67408093,14.70930604],[-91.66755206,14.71429107]]]}},{"type":"Feature","properties":{"d":"Sacatepéquez"},"geometry":{"type":"Polygon","coordinates":[[[-90.73572971,14.69593605],[-90.72744007,14.69677429],[-90.71039547,14.69160003],[-90.69688699,14.69694494],[-90.69315076,14.7040308],[-90.67585875,14.70091605],[-90.67317011,14.66838024],[-90.64768839,14.65939597],[-90.6385327,14.65318659],[-90.64327739,14.62639461],[-90.63307555,14.62101599],[-90.63828404,14.61214473],[-90.63715599,14.60184946],[-90.62921855,14.59446546],[-90.61366865,14.58998726],[-90.61285954,14.58269593],[-90.63138069,14.58032655],[-90.63020301,14.56981734],[-90.63464162,14.56347244],[-90.64148227,14.57529473],[-90.65136345,14.58314168],[-90.66431132,14.58485492],[-90.66802568,14.58089181],[-90.66784423,14.5740573],[-90.64879174,14.55960255],[-90.65836497,14.55265247],[-90.65761277,14.54234624],[-90.66622531,14.52431821],[-90.66477609,14.51266896],[-90.67200014,14.49797298],[-90.67355401,14.48075513],[-90.65983547,14.46360377],[-90.67477553,14.4514348],[-90.66808703,14.43582609],[-90.6804131,14.42803293],[-90.69376193,14.43495157],[-90.70754569,14.43457214],[-90.72863975,14.45452999],[-90.74676912,14.46184111],[-90.76824249,14.45124818],[-90.78065248,14.43971847],[-90.80665414,14.39965642],[-90.80835459,14.37644436],[-90.81639269,14.38773339],[-90.81775115,14.40455951],[-90.83268943,14.42154239],[-90.83959421,14.43476893],[-90.85859688,14.45477994],[-90.87102755,14.46089042],[-90.88083219,14.47067249],[-90.87176518,14.53248472],[-90.8583406,14.54225685],[-90.85390219,14.56314698],[-90.82623367,14.5595504],[-90.8144511,14.57109677],[-90.8067375,14.57179593],[-90.80663034,14.57852316],[-90.802921,14.58156158],[-90.79126919,14.61096097],[-90.79253344,14.62454673],[-90.76239634,14.65794337],[-90.7732475,14.69095936],[-90.77017487,14.70761044],[-90.76142186,14.71150954],[-90.75790978,14.7180556],[-90.75897894,14.72499948],[-90.7435269,14.71022008],[-90.73572971,14.69593605]]]}},{"type":"Feature","properties":{"d":"San Marcos"},"geometry":{"type":"Polygon","coordinates":[[[-92.07677808,15.27765053],[-92.00882652,15.26496878],[-91.95634809,15.32098122],[-91.93712887,15.32205899],[-91.88121088,15.36220929],[-91.82217223,15.33045398],[-91.79643312,15.33074721],[-91.76197901,15.34593891],[-91.7432102,15.34318664],[-91.73979012,15.34926984],[-91.71021201,15.33980981],[-91.68277701,15.30612313],[-91.66406103,15.29271366],[-91.62439592,15.23691546],[-91.58500654,15.23706044],[-91.56837673,15.22476985],[-91.58678206,15.17109378],[-91.62717323,15.14928977],[-91.66209503,15.14795836],[-91.67696415,15.14430951],[-91.68082481,15.13943973],[-91.68532331,15.13937444],[-91.68713263,15.1289957],[-91.69342816,15.11817286],[-91.69813955,15.11764639],[-91.70298228,15.10986103],[-91.70320723,15.10250333],[-91.6938065,15.08901941],[-91.69299684,15.08240376],[-91.68626311,15.07890058],[-91.68370806,15.0726985],[-91.67625569,15.06983717],[-91.67179743,15.06037206],[-91.66014132,15.05804829],[-91.67514844,14.98603144],[-91.67719067,14.96843053],[-91.67458717,14.95661142],[-91.67744829,14.95048477],[-91.70449663,14.9292981],[-91.72555625,14.92388549],[-91.72426779,14.91783325],[-91.71302357,14.90767],[-91.71282802,14.90020016],[-91.72309768,14.89329168],[-91.73702927,14.89279488],[-91.7406086,14.88166898],[-91.75283286,14.87801943],[-91.75683685,14.87268076],[-91.75692282,14.86141804],[-91.77324003,14.83246061],[-91.77066378,14.82482427],[-91.7796172,14.81616793],[-91.78109635,14.80141863],[-91.77533474,14.79362761],[-91.77892772,14.7872455],[-91.77595001,14.78124212],[-91.78132288,14.77248066],[-91.78843653,14.74095615],[-91.79967187,14.73301119],[-91.8194448,14.7317106],[-91.82343366,14.72423693],[-91.83668971,14.71743477],[-91.84890588,14.72171062],[-91.88020927,14.71774525],[-91.89563901,14.72087596],[-91.89997288,14.7180309],[-91.90478903,14.72344608],[-91.92205206,14.72663798],[-91.92838096,14.73069583],[-91.93765658,14.7254942],[-91.94351208,14.72821833],[-91.94580711,14.72275049],[-91.95273248,14.72075353],[-91.95328425,14.71485395],[-91.95641019,14.7135301],[-91.96352966,14.71644925],[-91.98531705,14.7131703],[-92.0104228,14.71887366],[-92.02462649,14.7186367],[-92.04907965,14.7092471],[-92.06881021,14.68426037],[-92.08122989,14.68762318],[-92.08702326,14.67926891],[-92.09180735,14.66164176],[-92.10293437,14.66083628],[-92.11531138,14.64197424],[-92.13067359,14.62885657],[-92.13593681,14.6277133],[-92.13927902,14.61961171],[-92.08609279,14.5903068],[-92.0804781,14.6009461],[-92.05894771,14.59041304],[-92.05081311,14.5853366],[-92.04861705,14.56605718],[-92.05630608,14.56134939],[-92.06078697,14.56726813],[-92.06733922,14.56444608],[-92.06717259,14.55864052],[-92.07664813,14.5542627],[-92.07930797,14.54691757],[-92.08358161,14.54555923],[-92.0812741,14.54293047],[-92.0844226,14.54383494],[-92.0848115,14.54136275],[-92.08717259,14.54386277],[-92.0871285,14.5382998],[-92.09686267,14.53660348],[-92.0959406,14.53324782],[-92.09954348,14.53115187],[-92.10372337,14.53220124],[-92.10523042,14.52233632],[-92.10134319,14.51991839],[-92.10561799,14.51546732],[-92.10455586,14.50935495],[-92.10838021,14.50929433],[-92.10804573,14.50076376],[-92.13470193,14.50913062],[-92.14293031,14.50385974],[-92.14151701,14.4937973],[-92.14982412,14.49002378],[-92.15541114,14.49440698],[-92.15515036,14.49016434],[-92.15955819,14.49193901],[-92.16372778,14.48591313],[-92.18756777,14.50048656],[-92.24024842,14.5434623],[-92.23147735,14.54446999],[-92.2251826,14.5366775],[-92.22086822,14.53611057],[-92.21736397,14.54072781],[-92.21508635,14.55605232],[-92.20271853,14.56399467],[-92.19333885,14.56523614],[-92.18785872,14.57934902],[-92.18115321,14.58257464],[-92.18199685,14.59026449],[-92.17463438,14.61162102],[-92.18041069,14.61826711],[-92.17442638,14.62645269],[-92.1755319,14.6340587],[-92.16574218,14.63933184],[-92.15783333,14.64860394],[-92.1577666,14.65467675],[-92.14740206,14.65576455],[-92.14494887,14.6641215],[-92.1470614,14.67629679],[-92.14266529,14.69042236],[-92.14682169,14.69859116],[-92.14757876,14.71725936],[-92.15692556,14.73748684],[-92.16922458,14.74509039],[-92.17106639,14.75427095],[-92.17000693,14.75743022],[-92.16137475,14.76081866],[-92.16034315,14.77376665],[-92.16991682,14.78117046],[-92.1686672,14.78832157],[-92.17823018,14.80559057],[-92.17584968,14.81662059],[-92.18274401,14.83006249],[-92.18074548,14.84853314],[-92.17522985,14.85175444],[-92.17049089,14.8613305],[-92.14874702,14.86912066],[-92.14166396,14.88531848],[-92.13685895,14.88931892],[-92.13702698,14.89731354],[-92.14439377,14.91084191],[-92.1416732,14.91906189],[-92.14698501,14.92816059],[-92.14274309,14.93764732],[-92.14886722,14.95117092],[-92.14432471,14.97552117],[-92.15053938,14.98772179],[-92.13968295,14.99502861],[-92.13891359,15.00208282],[-92.13111556,15.01283604],[-92.12532243,15.01501967],[-92.1199296,15.01198055],[-92.11751436,15.0147703],[-92.09974199,15.01028903],[-92.09729419,15.01496444],[-92.08491431,15.02216071],[-92.07912325,15.03224767],[-92.07769763,15.04592872],[-92.07026196,15.04672783],[-92.0686645,15.05496364],[-92.07300566,15.06137958],[-92.0648216,15.06859279],[-92.0593954,15.0694947],[-92.21076201,15.26027428],[-92.11780515,15.42371732],[-92.10363531,15.40424617],[-92.07871043,15.39668072],[-92.07677808,15.27765053]]]}},{"type":"Feature","properties":{"d":"Santa Rosa"},"geometry":{"type":"Polygon","coordinates":[[[-90.29827756,14.50119613],[-90.27292136,14.50187725],[-90.2680345,14.49467226],[-90.26667767,14.48080727],[-90.25451779,14.47634234],[-90.24239666,14.46709915],[-90.23846484,14.46960918],[-90.23627775,14.48443949],[-90.20209685,14.48461972],[-90.1884238,14.49071004],[-90.18000228,14.48531292],[-90.1686649,14.48565411],[-90.15971212,14.49041532],[-90.12837985,14.48879241],[-90.12154673,14.46460118],[-90.05794209,14.42024899],[-90.07023977,14.4044314],[-90.07739434,14.38311358],[-90.0784456,14.3645141],[-90.07142327,14.36105074],[-90.06602652,14.33722377],[-90.10178191,14.34822815],[-90.13472017,14.35049269],[-90.13179498,14.34099542],[-90.13384305,14.33173441],[-90.18578138,14.33419888],[-90.18810485,14.30185298],[-90.19138496,14.29411394],[-90.19603889,14.29222355],[-90.20838641,14.29902562],[-90.21090182,14.2954061],[-90.21295469,14.28816366],[-90.20725408,14.2673643],[-90.21179582,14.26075277],[-90.20955052,14.25314386],[-90.20610088,14.25089506],[-90.19369499,14.2614977],[-90.16522046,14.23812559],[-90.09091539,14.20193162],[-90.07823733,14.18640104],[-90.06753868,14.18109752],[-90.06894426,14.17774263],[-90.08427725,14.17234829],[-90.07892791,14.16075786],[-90.09044768,14.15392893],[-90.07292904,14.12216451],[-90.06361168,14.11301386],[-90.08237224,14.06651412],[-90.14297743,14.07755274],[-90.14517374,14.06485043],[-90.18174654,14.02982309],[-90.12852251,14.00450839],[-90.16484495,13.97202635],[-90.16715396,13.97568988],[-90.16287285,13.98846442],[-90.16568429,13.99047873],[-90.19550218,13.99155025],[-90.21559339,14.00946293],[-90.22611191,14.01092045],[-90.24509565,14.00997531],[-90.28198935,14.00168325],[-90.29102765,13.98849463],[-90.29696262,13.98580124],[-90.2903618,13.95339951],[-90.28542844,13.9528725],[-90.28396255,13.94625187],[-90.27678634,13.94234843],[-90.2696476,13.93262692],[-90.24980142,13.92877911],[-90.23171113,13.9203002],[-90.23042103,13.91463335],[-90.23604837,13.91347104],[-90.23670109,13.90931662],[-90.22876517,13.90634288],[-90.23060776,13.89928445],[-90.21914262,13.89833546],[-90.2208901,13.88531116],[-90.21086339,13.88359582],[-90.20185622,13.86868289],[-90.21115573,13.86963483],[-90.20714138,13.85666458],[-90.21341334,13.8574316],[-90.22332276,13.84296445],[-90.20527665,13.84078782],[-90.20991296,13.82907237],[-90.24120737,13.83110896],[-90.23623077,13.80770661],[-90.24173529,13.79996081],[-90.23612815,13.7942568],[-90.23844084,13.78838214],[-90.23951096,13.79400014],[-90.24329904,13.79518984],[-90.24244701,13.79258448],[-90.24651262,13.79217617],[-90.34705689,13.83609092],[-90.34912197,13.83991072],[-90.34377362,13.83570643],[-90.33892241,13.83718721],[-90.3427739,13.84243228],[-90.342643,13.8384426],[-90.34995359,13.84219165],[-90.35181804,13.83817271],[-90.48243147,13.8883668],[-90.54802214,13.90700541],[-90.65924684,13.9249447],[-90.67525692,14.02181294],[-90.65957036,14.02850939],[-90.66363139,14.0502932],[-90.63679881,14.05070311],[-90.63545271,14.06545897],[-90.6474027,14.0840267],[-90.65044662,14.09649445],[-90.63793873,14.11059226],[-90.64209223,14.11691466],[-90.64446778,14.13510532],[-90.61410767,14.16204047],[-90.6115388,14.1686183],[-90.60681927,14.17104454],[-90.60034402,14.18697599],[-90.6035816,14.20656999],[-90.59988572,14.20893845],[-90.59171303,14.22847189],[-90.60411474,14.23491423],[-90.59622754,14.25784539],[-90.58937662,14.25535603],[-90.59105662,14.24418687],[-90.58164446,14.24246202],[-90.56817511,14.25747165],[-90.54950214,14.2600845],[-90.54252522,14.2660217],[-90.528009,14.26895451],[-90.52671591,14.2790539],[-90.50455494,14.29139485],[-90.5142053,14.30881908],[-90.49591183,14.32579861],[-90.4997229,14.33597849],[-90.48672217,14.36122001],[-90.45043386,14.36539303],[-90.44948502,14.37842763],[-90.45489128,14.38702511],[-90.45494516,14.40025912],[-90.4324024,14.40432648],[-90.43038517,14.41794313],[-90.42170516,14.41988777],[-90.41940805,14.42694273],[-90.42137613,14.43010231],[-90.41608838,14.43428681],[-90.4160604,14.44488739],[-90.40247493,14.48966813],[-90.38938512,14.47491717],[-90.36986662,14.48483153],[-90.34773308,14.47921139],[-90.33235107,14.4932112],[-90.32728173,14.49337712],[-90.32199135,14.48729526],[-90.30720254,14.50277558],[-90.29995106,14.5043509],[-90.29827756,14.50119613]]]}},{"type":"Feature","properties":{"d":"Sololá"},"geometry":{"type":"Polygon","coordinates":[[[-91.14753243,14.86734553],[-91.13481933,14.87008588],[-91.12647529,14.85790591],[-91.10254659,14.83633351],[-91.10143593,14.8310648],[-91.10423344,14.82725617],[-91.11913269,14.82301353],[-91.13084215,14.80760906],[-91.1358818,14.80567189],[-91.13142861,14.79641789],[-91.11673339,14.78586494],[-91.10450988,14.78296897],[-91.08458817,14.81507883],[-91.07233696,14.8058832],[-91.08691093,14.75565848],[-91.07562258,14.74388787],[-91.08401915,14.73199034],[-91.08503052,14.72556774],[-91.07635463,14.71224872],[-91.07591942,14.69734537],[-91.07910225,14.68292269],[-91.08828024,14.67196872],[-91.11065765,14.62745613],[-91.11727969,14.58052846],[-91.1161069,14.54188126],[-91.12150335,14.52352802],[-91.12490025,14.5217003],[-91.12927126,14.5253784],[-91.13007366,14.54007277],[-91.13422043,14.54716403],[-91.16396367,14.55421008],[-91.19835376,14.57954892],[-91.20598502,14.58064811],[-91.22398486,14.56025527],[-91.24040876,14.55324516],[-91.26090039,14.53697417],[-91.26454219,14.52358773],[-91.27418965,14.52615682],[-91.27606554,14.53101612],[-91.26935764,14.5342034],[-91.26855242,14.54094655],[-91.28027973,14.56207681],[-91.29662824,14.57266025],[-91.29297878,14.5970668],[-91.33154364,14.62043482],[-91.33093489,14.62291821],[-91.32223782,14.62387255],[-91.3154803,14.63088706],[-91.32162852,14.64777509],[-91.3422038,14.63168211],[-91.35211348,14.63728497],[-91.35258376,14.64322416],[-91.35690873,14.64568828],[-91.36487474,14.63819518],[-91.37253386,14.63936056],[-91.38541267,14.63392103],[-91.39601012,14.63648887],[-91.40130823,14.64259687],[-91.40857943,14.64266704],[-91.4326426,14.63455668],[-91.43308062,14.62744742],[-91.44559363,14.61452357],[-91.45060968,14.60001041],[-91.48551944,14.60187334],[-91.4918661,14.59444276],[-91.49625383,14.59360898],[-91.5000904,14.59860502],[-91.50649446,14.60012281],[-91.4816521,14.6448839],[-91.49007763,14.7062134],[-91.48500459,14.71888757],[-91.47229849,14.72614349],[-91.46231421,14.73857324],[-91.44611667,14.74464285],[-91.44421492,14.76376571],[-91.40810772,14.80111922],[-91.40423454,14.82274936],[-91.36320784,14.84909211],[-91.36353662,14.85563805],[-91.33727291,14.87560532],[-91.30732028,14.87583591],[-91.30195589,14.85587342],[-91.28926526,14.86195095],[-91.27578349,14.86232911],[-91.26850533,14.85659186],[-91.26278746,14.84495781],[-91.24501639,14.8532086],[-91.21219467,14.85978785],[-91.21265376,14.8716023],[-91.20683648,14.88352251],[-91.17650421,14.89643258],[-91.16193401,14.89449402],[-91.15681873,14.88651372],[-91.15725389,14.87391705],[-91.14753243,14.86734553]]]}},{"type":"Feature","properties":{"d":"Suchitepéquez"},"geometry":{"type":"Polygon","coordinates":[[[-91.49007763,14.7062134],[-91.4816521,14.6448839],[-91.50649446,14.60012281],[-91.5000904,14.59860502],[-91.49823704,14.5946567],[-91.4918661,14.59444276],[-91.48551944,14.60187334],[-91.45060968,14.60001041],[-91.44559363,14.61452357],[-91.43308062,14.62744742],[-91.4326426,14.63455668],[-91.42076367,14.63952216],[-91.40130823,14.64259687],[-91.39601012,14.63648887],[-91.38318159,14.63412134],[-91.37253386,14.63936056],[-91.36487474,14.63819518],[-91.35690873,14.64568828],[-91.35258376,14.64322416],[-91.35211348,14.63728497],[-91.3422038,14.63168211],[-91.32162852,14.64777509],[-91.3154803,14.63088706],[-91.32223782,14.62387255],[-91.33093489,14.62291821],[-91.33154364,14.62043482],[-91.29297878,14.5970668],[-91.29662824,14.57266025],[-91.28027973,14.56207681],[-91.26855242,14.54094655],[-91.26935764,14.5342034],[-91.27606554,14.53101612],[-91.27418965,14.52615682],[-91.26454219,14.52358773],[-91.26308217,14.53367908],[-91.25260789,14.54494828],[-91.22398486,14.56025527],[-91.20784142,14.57973374],[-91.19835376,14.57954892],[-91.16396367,14.55421008],[-91.13377358,14.54679106],[-91.11904968,14.49626307],[-91.12845026,14.4591335],[-91.09555287,14.45384719],[-91.09337057,14.44895281],[-91.10029841,14.41797021],[-91.11556348,14.40665353],[-91.12892279,14.38282067],[-91.13616992,14.3801079],[-91.13554199,14.37330675],[-91.13104437,14.37247938],[-91.13419437,14.36483591],[-91.12545311,14.35736069],[-91.12937097,14.33955957],[-91.12647402,14.33352227],[-91.13009965,14.32321987],[-91.13702444,14.32050317],[-91.13903862,14.32247446],[-91.14089623,14.31257821],[-91.14533613,14.30964406],[-91.14505393,14.2883301],[-91.15470115,14.28615247],[-91.15166231,14.27299043],[-91.15498276,14.26089103],[-91.15054688,14.24954831],[-91.15481916,14.2436188],[-91.15363086,14.23528253],[-91.16471453,14.22595744],[-91.1708585,14.22630168],[-91.16876824,14.21427111],[-91.17289314,14.20923925],[-91.18012408,14.2101654],[-91.17893817,14.20134113],[-91.21819566,14.20812478],[-91.19963487,14.29361503],[-91.26725438,14.30558315],[-91.27231316,14.31098862],[-91.26609783,14.33760574],[-91.28112567,14.34011925],[-91.27999199,14.33287938],[-91.28390874,14.33162997],[-91.29698678,14.33439271],[-91.31232503,14.32085787],[-91.3221444,14.32810162],[-91.3255199,14.33511209],[-91.35401218,14.31894507],[-91.35812211,14.32069647],[-91.36369109,14.33457171],[-91.36921249,14.33436229],[-91.36354605,14.31629826],[-91.36859837,14.31062405],[-91.38097675,14.30952804],[-91.3962842,14.29715737],[-91.42722067,14.2826217],[-91.43558798,14.32093805],[-91.44471426,14.3196851],[-91.44939524,14.31205981],[-91.4598466,14.30971666],[-91.46390956,14.29744327],[-91.45436601,14.29182028],[-91.45373318,14.28159207],[-91.46149164,14.26937088],[-91.45399745,14.26739822],[-91.44872263,14.25634104],[-91.45126595,14.24989138],[-91.44793606,14.24058342],[-91.44985278,14.22552125],[-91.44536888,14.21555839],[-91.45238696,14.20697739],[-91.44802905,14.20404315],[-91.44765924,14.1998467],[-91.46098764,14.17618062],[-91.48331247,14.15494438],[-91.48674107,14.13333207],[-91.5022679,14.12184675],[-91.50810092,14.10126798],[-91.53296977,14.08337375],[-91.52944682,14.07312433],[-91.53732599,14.06195666],[-91.5302784,14.05529031],[-91.53859513,14.04436134],[-91.59571512,14.07762524],[-91.66570909,14.12380429],[-91.65875539,14.12878943],[-91.66413351,14.13557091],[-91.66140849,14.14486198],[-91.65055313,14.15448887],[-91.65354095,14.15944348],[-91.64856383,14.1620303],[-91.65061649,14.16460595],[-91.64773642,14.16890776],[-91.64035928,14.1724792],[-91.64474913,14.17581363],[-91.64166997,14.17649429],[-91.6448525,14.17886373],[-91.64346602,14.18339612],[-91.64002902,14.184458],[-91.64172287,14.19196341],[-91.63168861,14.19502395],[-91.63285527,14.19614967],[-91.63327557,14.1975784],[-91.62632553,14.20113818],[-91.62334881,14.20716007],[-91.62032369,14.23413321],[-91.62312176,14.23566144],[-91.62142996,14.24527061],[-91.62605373,14.24513079],[-91.62237219,14.24993374],[-91.6261257,14.26150463],[-91.62244082,14.26286993],[-91.62467514,14.26728692],[-91.62086416,14.26989152],[-91.62108184,14.27391025],[-91.61771898,14.27209124],[-91.62003874,14.27707232],[-91.61694638,14.28087853],[-91.61992821,14.28290307],[-91.61866639,14.28590792],[-91.61261722,14.28662316],[-91.61569513,14.292615],[-91.61023679,14.28951039],[-91.61010039,14.29960218],[-91.60552368,14.30063126],[-91.60697478,14.31366071],[-91.60407374,14.31414482],[-91.60344236,14.31838261],[-91.59632214,14.32013422],[-91.59439614,14.3247828],[-91.59742667,14.32878188],[-91.59310471,14.32890178],[-91.59555741,14.33308578],[-91.59210468,14.33898505],[-91.58857266,14.33912397],[-91.58890038,14.3416143],[-91.59376864,14.3391604],[-91.60081807,14.34431922],[-91.59558923,14.35164948],[-91.6006476,14.35725772],[-91.59696439,14.35807569],[-91.59786358,14.36464176],[-91.5939226,14.36982179],[-91.59605408,14.37266257],[-91.59173083,14.37713041],[-91.59595627,14.38881213],[-91.58914461,14.39292966],[-91.58849007,14.40181023],[-91.58361165,14.40682382],[-91.58481159,14.42554565],[-91.58073878,14.44429453],[-91.58254957,14.47652345],[-91.57950614,14.48736454],[-91.58378939,14.49403533],[-91.58123524,14.50157893],[-91.5883663,14.5368273],[-91.57169519,14.5805309],[-91.56143352,14.5909024],[-91.54187904,14.62922833],[-91.55663513,14.63734009],[-91.55585514,14.6426852],[-91.5438441,14.65816299],[-91.54511898,14.66290738],[-91.53893724,14.67295151],[-91.52692268,14.6760302],[-91.50746963,14.69461178],[-91.49007763,14.7062134]]]}},{"type":"Feature","properties":{"d":"Totonicapán"},"geometry":{"type":"Polygon","coordinates":[[[-91.31097208,15.24368282],[-91.31845492,15.22805077],[-91.31779862,15.21978429],[-91.32338522,15.21865792],[-91.31653329,15.2106366],[-91.31971451,15.20236154],[-91.3079621,15.20272645],[-91.30939846,15.19642671],[-91.29904232,15.1886023],[-91.29593493,15.17594534],[-91.29154437,15.17587255],[-91.28778208,15.16690243],[-91.27098797,15.16079704],[-91.26417903,15.1654318],[-91.25092242,15.14608071],[-91.24061558,15.14468113],[-91.22786288,15.1238022],[-91.20583294,15.1126831],[-91.21340464,15.10199089],[-91.23035921,15.10485116],[-91.24956285,15.11371719],[-91.25565636,15.12976854],[-91.26097261,15.12650971],[-91.2652473,15.0500216],[-91.27289796,15.03607727],[-91.2641146,15.02255675],[-91.2666963,15.00150524],[-91.25474903,14.9817866],[-91.23691445,14.98531631],[-91.23259415,14.98106912],[-91.24203646,14.96204581],[-91.23887427,14.95575051],[-91.24104821,14.94671503],[-91.21934882,14.94694794],[-91.17650421,14.89643258],[-91.20683648,14.88352251],[-91.21265376,14.8716023],[-91.21219467,14.85978785],[-91.24501639,14.8532086],[-91.26278746,14.84495781],[-91.26850533,14.85659186],[-91.27578349,14.86232911],[-91.28926526,14.86195095],[-91.30195589,14.85587342],[-91.30732028,14.87583591],[-91.33727291,14.87560532],[-91.36353662,14.85563805],[-91.36320784,14.84909211],[-91.40423454,14.82274936],[-91.42249916,14.84905715],[-91.44596203,14.86300177],[-91.4396443,14.88284905],[-91.44046463,14.89179021],[-91.46577197,14.89627689],[-91.47618077,14.89408333],[-91.48835809,14.88507344],[-91.4991749,14.88476149],[-91.52626602,14.94588168],[-91.5541996,14.93973869],[-91.52901096,14.95942235],[-91.54120045,14.98541339],[-91.53986352,15.00113212],[-91.54907646,15.11293712],[-91.51147039,15.14611588],[-91.49427266,15.14543578],[-91.46843812,15.13895435],[-91.38736465,15.14088891],[-91.3817458,15.21062739],[-91.37347742,15.21256397],[-91.3703168,15.2213485],[-91.36650387,15.22113779],[-91.3601158,15.23081033],[-91.350878,15.23078109],[-91.34570907,15.23686842],[-91.3362785,15.23521147],[-91.32717249,15.23851713],[-91.31909651,15.2522268],[-91.31097208,15.24368282]]]}},{"type":"Feature","properties":{"d":"Zacapa"},"geometry":{"type":"Polygon","coordinates":[[[-89.25222103,15.29419073],[-89.25395618,15.28461688],[-89.25169271,15.28299858],[-89.23627748,15.29607614],[-89.22566666,15.29318318],[-89.21782886,15.27398421],[-89.20909918,15.27460574],[-89.18971954,15.28324831],[-89.18638365,15.27983013],[-89.1863319,15.26888129],[-89.17565283,15.26723159],[-89.17465463,15.20802896],[-89.20958134,15.189883],[-89.21999964,15.18141679],[-89.20556748,15.17622422],[-89.20086158,15.17808945],[-89.20153635,15.17510606],[-89.1955759,15.17247871],[-89.19796678,15.16751203],[-89.1925252,15.1629048],[-89.19028859,15.14773415],[-89.1804739,15.14195759],[-89.18233149,15.1333376],[-89.17881645,15.11506045],[-89.1866105,15.10897823],[-89.18663081,15.105245],[-89.17798915,15.0957223],[-89.17553904,15.08609099],[-89.16820821,15.08306135],[-89.16609771,15.07759455],[-89.16303494,15.07903943],[-89.15289317,15.06574606],[-89.15394073,15.05667723],[-89.16184956,15.04417498],[-89.17387745,15.0394795],[-89.17502799,15.03344628],[-89.17159852,15.02625302],[-89.18394781,15.00530474],[-89.17818656,14.99238753],[-89.17005207,14.99010875],[-89.15587331,14.97969001],[-89.16280373,14.97072018],[-89.16178056,14.96312541],[-89.16620249,14.94589141],[-89.17397698,14.94142661],[-89.17184517,14.93034475],[-89.17939755,14.922263],[-89.20051098,14.94763733],[-89.22354088,14.94970837],[-89.25507532,14.90408633],[-89.27624543,14.89485228],[-89.28122059,14.89438492],[-89.32113812,14.91196096],[-89.37830811,14.894395],[-89.42784654,14.90603957],[-89.44594842,14.90004951],[-89.47001587,14.89968414],[-89.48205928,14.89486444],[-89.48865021,14.88959261],[-89.50145857,14.86254318],[-89.51503571,14.86819679],[-89.62023582,14.87122376],[-89.63134682,14.86575175],[-89.64412483,14.86602975],[-89.66440283,14.87905776],[-89.70629111,14.8445535],[-89.71275371,14.81747641],[-89.70349688,14.78140004],[-89.71257245,14.7579554],[-89.72984722,14.74362191],[-89.74920753,14.74179703],[-89.76861465,14.75038926],[-89.77576597,14.76531574],[-89.81229361,14.7914039],[-89.81204154,14.79733933],[-89.82616453,14.81606464],[-89.82304189,14.82187247],[-89.82465913,14.82585299],[-89.81989526,14.82994284],[-89.82393346,14.83713288],[-89.82016287,14.84337858],[-89.83289579,14.85410634],[-89.84153646,14.85662608],[-89.84439746,14.8633686],[-89.86267547,14.86562609],[-89.86211448,14.87175734],[-89.85341065,14.87652524],[-89.8415031,14.89822823],[-89.83106548,14.90399023],[-89.8178513,14.90515897],[-89.8155061,14.92723411],[-89.8194369,14.93244336],[-89.81402625,14.94437665],[-89.82088682,14.95245291],[-89.83029266,14.95243592],[-89.83657839,14.94582458],[-89.8405676,14.952215],[-89.84990921,14.95131933],[-89.85101978,14.96490013],[-89.84690763,14.98281615],[-89.87300987,15.02107055],[-89.87134682,15.02406124],[-89.83796238,15.01535989],[-89.79332022,15.01337],[-89.78950637,15.01515015],[-89.78937441,15.01997534],[-89.80844766,15.0440546],[-89.83858838,15.07089825],[-89.8997033,15.13851363],[-89.89591231,15.14146385],[-89.89718311,15.15069716],[-89.87151987,15.14546215],[-89.86348731,15.16057179],[-89.85169539,15.16123127],[-89.82491827,15.1716554],[-89.80882141,15.16327814],[-89.80378967,15.16935322],[-89.78581398,15.1691572],[-89.77200338,15.14660928],[-89.75800976,15.14727979],[-89.74773183,15.1431288],[-89.72980414,15.15033262],[-89.72275317,15.14902045],[-89.71076976,15.1384218],[-89.69228968,15.13633586],[-89.68123209,15.11929462],[-89.67170399,15.11867481],[-89.66871566,15.12213018],[-89.67282061,15.14921451],[-89.65308954,15.16719003],[-89.61697251,15.16015518],[-89.56350075,15.18135709],[-89.54471089,15.17265522],[-89.51917563,15.17840107],[-89.49418887,15.18911679],[-89.45846849,15.19923386],[-89.42126614,15.21550244],[-89.40845455,15.22641183],[-89.40184869,15.2380968],[-89.39529567,15.23757637],[-89.39597484,15.2440507],[-89.39110069,15.25377395],[-89.38289931,15.26678943],[-89.37497084,15.27197823],[-89.35949404,15.278048],[-89.34756297,15.274028],[-89.33760861,15.27726996],[-89.33004287,15.27594001],[-89.32444655,15.27134133],[-89.30872023,15.27280845],[-89.30581442,15.28606632],[-89.29708736,15.29249641],[-89.26993563,15.29302969],[-89.25797981,15.29780445],[-89.25222103,15.29419073]]]}}]}