{"type":"FeatureCollection","features":[{"type":"Feature","properties":{"m":"Nueva Concepción","d":"Escuintla","cod":513,"pop":72909,"iv":0.539,"exp":0.404,"sen":0.245,"cap":0.11,"inat":9,"isoc":2.1,"ides":2.8,"nfp":110,"nfph":53,"pfph":16456,"ncr":0},"geometry":{"type":"Polygon","coordinates":[[[-91.19963487,14.29361503],[-91.21819566,14.20812478],[-91.17672505,14.20150842],[-91.17443493,14.19719462],[-91.17490808,14.17888201],[-91.17118827,14.17578871],[-91.17208553,14.17045083],[-91.19239538,14.15076775],[-91.20022074,14.13339349],[-91.21299005,14.12951656],[-91.21772077,14.12535916],[-91.22235011,14.11156407],[-91.2288933,14.11014136],[-91.22996046,14.10213129],[-91.24402745,14.07994728],[-91.24980446,14.07945375],[-91.25239314,14.07472181],[-91.25825042,14.07308757],[-91.25622436,14.06339751],[-91.26235295,14.06050652],[-91.26245879,14.05599041],[-91.26819174,14.0485795],[-91.26825439,14.04024325],[-91.27543119,14.0342637],[-91.27239951,14.02821012],[-91.2808931,14.02147149],[-91.28400572,14.01080704],[-91.28901988,14.01050685],[-91.28862141,14.0058701],[-91.29296837,14.00308081],[-91.29195408,13.99869763],[-91.29682629,13.99775579],[-91.30149927,13.99112668],[-91.30104646,13.97674551],[-91.30568321,13.97736133],[-91.31363451,13.96642149],[-91.31406921,13.95953882],[-91.31017577,13.95243922],[-91.43621532,14.0051628],[-91.42508755,14.01552849],[-91.42849347,14.03570749],[-91.42491344,14.04170979],[-91.4235169,14.05079272],[-91.42295095,14.0765454],[-91.38996191,14.12108519],[-91.37747682,14.12416259],[-91.36753571,14.13428414],[-91.36762121,14.13706976],[-91.35607632,14.14627031],[-91.34623868,14.14670441],[-91.33787812,14.150444],[-91.33818291,14.16178945],[-91.33461532,14.16823966],[-91.33355462,14.1779995],[-91.32538975,14.18376335],[-91.32085586,14.18396662],[-91.31771888,14.18804466],[-91.31883306,14.19218304],[-91.31536794,14.19746987],[-91.32137901,14.20821132],[-91.32020202,14.21775099],[-91.3177684,14.21920375],[-91.31784631,14.22268408],[-91.30790504,14.22587222],[-91.30943849,14.2312462],[-91.30611861,14.23440756],[-91.30702852,14.23789038],[-91.29660185,14.24353068],[-91.29827747,14.2535514],[-91.28824787,14.2681532],[-91.28178148,14.27299068],[-91.28338931,14.27598037],[-91.28174055,14.28502701],[-91.27636594,14.28751319],[-91.27657801,14.29229591],[-91.26743908,14.30181673],[-91.26725438,14.30558315],[-91.19963487,14.29361503]]]}},{"type":"Feature","properties":{"m":"La Democracia","d":"Escuintla","cod":503,"pop":23017,"iv":0.294,"exp":0.12,"sen":0.175,"cap":0.001,"inat":8.3,"isoc":2.5,"ides":2.6,"nfp":15,"nfph":7,"pfph":1176,"ncr":0},"geometry":{"type":"Polygon","coordinates":[[[-90.9279928,14.02368015],[-90.94098197,14.00687749],[-90.94020474,13.99296437],[-90.94732188,13.9920668],[-90.95370574,13.98781466],[-90.97853925,13.98867914],[-90.98445476,13.96477946],[-91.00375101,13.96674751],[-91.00314456,13.97225147],[-91.01314864,13.97344102],[-90.97289017,14.07028086],[-90.9889798,14.09108421],[-90.99611004,14.07457534],[-91.01324442,14.07825507],[-91.01476295,14.10239667],[-91.02479283,14.10336253],[-91.01499507,14.11175086],[-91.01505159,14.11645062],[-91.01136426,14.12207513],[-91.01365329,14.124002],[-91.00958766,14.12778316],[-91.00886467,14.1326538],[-91.00484414,14.12884184],[-90.99856879,14.13378489],[-90.99877604,14.13913991],[-90.99126629,14.14150819],[-90.9757621,14.15309211],[-90.96805893,14.16574751],[-90.96967084,14.17149616],[-90.987008,14.18158636],[-90.98530668,14.18597078],[-90.98726132,14.19400634],[-90.98318861,14.20309142],[-90.98096773,14.23303555],[-90.99273294,14.27368331],[-90.98505461,14.27273174],[-90.98327089,14.27761122],[-90.9590831,14.27371702],[-90.95736512,14.26867675],[-90.95397342,14.26654549],[-90.95452277,14.26053628],[-90.95144375,14.25771863],[-90.94631096,14.25840644],[-90.9437635,14.26537772],[-90.93411455,14.27059876],[-90.93158751,14.27590728],[-90.92973533,14.27541903],[-90.92722099,14.25823898],[-90.92533304,14.2569292],[-90.91580567,14.25800165],[-90.91366361,14.25549336],[-90.90338597,14.27057879],[-90.89901983,14.26543136],[-90.89999106,14.25910538],[-90.88622676,14.22975333],[-90.89170873,14.22149732],[-90.88978521,14.21640188],[-90.89086364,14.21104829],[-90.88650651,14.20737492],[-90.88603421,14.19532636],[-90.88812024,14.19042558],[-90.89418735,14.18718861],[-90.8918296,14.17647776],[-90.89741084,14.17321605],[-90.89754979,14.16598582],[-90.89459159,14.15880864],[-90.8970277,14.15120886],[-90.90185544,14.14659842],[-90.90633877,14.12995158],[-90.9047346,14.12273095],[-90.90823293,14.09971137],[-90.90313961,14.08729039],[-90.90242,14.06926409],[-90.90434216,14.06709394],[-90.91614303,14.06662906],[-90.91449237,14.06075454],[-90.91806206,14.05615632],[-90.91735561,14.04374855],[-90.9279928,14.02368015]]]}},{"type":"Feature","properties":{"m":"Sipacate","d":"Escuintla","cod":514,"pop":16234,"iv":0.0,"exp":0.0,"sen":0.0,"cap":0.0,"inat":7.7,"isoc":3,"ides":3.5,"nfp":0,"nfph":0,"pfph":0,"ncr":0},"geometry":{"type":"Polygon","coordinates":[[[-91.28400572,14.01080704],[-91.27172797,13.99866818],[-91.25322793,13.99858482],[-91.23372792,14.00811266],[-91.08616202,13.99065576],[-91.08528347,13.99255704],[-91.06352163,13.9893879],[-91.06270013,13.99366815],[-91.04286679,13.99183481],[-91.02957917,13.98808381],[-91.02106123,13.97489043],[-91.00314456,13.97225147],[-91.00375101,13.96674751],[-90.98075563,13.96436265],[-90.98261674,13.94819598],[-90.97972789,13.94777931],[-90.97853868,13.93997752],[-90.98297785,13.94055702],[-90.98597789,13.91397368],[-91.05307083,13.91414937],[-91.14883061,13.92153919],[-91.19316954,13.92733513],[-91.25230623,13.93802139],[-91.30986683,13.95161258],[-91.31406921,13.95953882],[-91.31363451,13.96642149],[-91.30568321,13.97736133],[-91.30104646,13.97674551],[-91.30149927,13.99112668],[-91.29682629,13.99775579],[-91.29195408,13.99869763],[-91.29296837,14.00308081],[-91.28862141,14.0058701],[-91.28901988,14.01050685],[-91.28400572,14.01080704]]]}},{"type":"Feature","properties":{"m":"San José","d":"Escuintla","cod":509,"pop":62801,"iv":0.364,"exp":0.363,"sen":0.191,"cap":0.19,"inat":7.8,"isoc":2.4,"ides":2.4,"nfp":95,"nfph":35,"pfph":12346,"ncr":0},"geometry":{"type":"Polygon","coordinates":[[[-90.98597789,13.91397368],[-90.98297785,13.94055702],[-90.97853868,13.93997752],[-90.97972789,13.94777931],[-90.98261674,13.94819598],[-90.98075563,13.96436265],[-90.98445476,13.96477946],[-90.97951291,13.98779485],[-90.95370574,13.98781466],[-90.94732188,13.9920668],[-90.94020474,13.99296437],[-90.94098197,14.00687749],[-90.9279928,14.02368015],[-90.89726655,14.02198403],[-90.89511689,14.03201174],[-90.87485255,14.02963421],[-90.87337557,14.02130205],[-90.86216812,14.01436618],[-90.8657448,14.00858279],[-90.86569623,14.00238112],[-90.83094673,14.00213591],[-90.82769866,13.97569618],[-90.79689174,13.97866934],[-90.79459062,13.97065153],[-90.78764331,13.96904093],[-90.78507976,13.95130472],[-90.77730003,13.95275404],[-90.77681209,13.95708685],[-90.76707652,13.95877206],[-90.76486744,13.95338668],[-90.75468907,13.95357867],[-90.74773729,13.9239706],[-90.78137354,13.92040052],[-90.78534604,13.91804323],[-90.78985879,13.92739134],[-90.7913701,13.92399167],[-90.798225,13.92301795],[-90.79744785,13.92095069],[-90.78965491,13.9205571],[-90.78734186,13.91694992],[-90.7832968,13.91606491],[-90.78429025,13.91386237],[-90.78872297,13.91416466],[-90.79133607,13.91777454],[-90.80391406,13.91845295],[-90.85616769,13.91607057],[-90.90660072,13.91058081],[-90.98597789,13.91397368]]]}},{"type":"Feature","properties":{"m":"La Gomera","d":"Escuintla","cod":507,"pop":46666,"iv":0.51,"exp":0.292,"sen":0.224,"cap":0.006,"inat":7.7,"isoc":3,"ides":3.5,"nfp":181,"nfph":99,"pfph":16633,"ncr":0},"geometry":{"type":"Polygon","coordinates":[[[-90.96805893,14.16574751],[-90.9757621,14.15309211],[-90.99126629,14.14150819],[-90.99877604,14.13913991],[-90.99856879,14.13378489],[-91.00484414,14.12884184],[-91.00886467,14.1326538],[-91.00958766,14.12778316],[-91.01365329,14.124002],[-91.01136426,14.12207513],[-91.01505159,14.11645062],[-91.01499507,14.11175086],[-91.02441529,14.10520301],[-91.02479283,14.10336253],[-91.01476295,14.10239667],[-91.01324442,14.07825507],[-90.99611004,14.07457534],[-90.9889798,14.09108421],[-90.97288342,14.07104668],[-91.01314864,13.97344102],[-91.02106123,13.97489043],[-91.02957917,13.98808381],[-91.04286679,13.99183481],[-91.06270013,13.99366815],[-91.06352163,13.9893879],[-91.08528347,13.99255704],[-91.08616202,13.99065576],[-91.23372792,14.00811266],[-91.25322793,13.99858482],[-91.27172797,13.99866818],[-91.28400572,14.01080704],[-91.2808931,14.02147149],[-91.27239951,14.02821012],[-91.27543119,14.0342637],[-91.26825439,14.04024325],[-91.26819174,14.0485795],[-91.26245879,14.05599041],[-91.26235295,14.06050652],[-91.25622436,14.06339751],[-91.25825042,14.07308757],[-91.25239314,14.07472181],[-91.24980446,14.07945375],[-91.24347353,14.08064144],[-91.22996046,14.10213129],[-91.2288933,14.11014136],[-91.22235011,14.11156407],[-91.21772077,14.12535916],[-91.21299005,14.12951656],[-91.20022074,14.13339349],[-91.19239538,14.15076775],[-91.17393453,14.16865058],[-91.16116121,14.17391236],[-91.1549991,14.17133672],[-91.15264878,14.17933506],[-91.10397943,14.14576024],[-91.077424,14.16656327],[-91.06148546,14.16535841],[-91.05992968,14.17650122],[-91.05257347,14.18810525],[-91.0509991,14.19504094],[-90.98963113,14.18399865],[-90.96967084,14.17149616],[-90.96805893,14.16574751]]]}},{"type":"Feature","properties":{"m":"Ixcán","d":"Quiché","cod":1420,"pop":99470,"iv":0.356,"exp":0.122,"sen":0.26,"cap":0.026,"inat":6.8,"isoc":6.4,"ides":4.9,"nfp":31,"nfph":9,"pfph":1115,"ncr":0},"geometry":{"type":"Polygon","coordinates":[[[-90.44452293,16.0738235],[-90.43526881,16.0630068],[-90.43161462,16.06327347],[-90.42543458,16.06890554],[-90.41929661,16.06767655],[-90.41921725,16.0631469],[-90.42772952,16.0564772],[-90.43284544,16.04610365],[-90.44480616,16.0425839],[-90.44279579,16.03996188],[-90.43560151,16.04063126],[-90.42911252,16.03819938],[-90.42585478,16.03263232],[-90.42554645,16.02268259],[-90.43500386,16.02990008],[-90.43993558,16.03024808],[-90.44266437,16.01968979],[-90.45823905,16.01523428],[-90.46392401,16.00680954],[-90.46893974,16.0040708],[-90.47439122,16.00528895],[-90.47756481,16.01731634],[-90.48687678,16.01621632],[-90.49013057,16.01303414],[-90.49878197,15.98653391],[-90.51004639,15.98219217],[-90.51361667,15.98312213],[-90.50604836,15.98611024],[-90.49999025,15.99323583],[-90.5018469,15.99901037],[-90.50947094,15.99156981],[-90.51660063,15.9924958],[-90.52221689,15.98949613],[-90.52340466,15.9918641],[-90.51962567,15.99775531],[-90.52035762,16.00238988],[-90.52609282,16.001223],[-90.53005432,15.99263168],[-90.52979228,16.00041759],[-90.53198865,16.00299022],[-90.53692295,16.00311349],[-90.54270504,15.99462631],[-90.54485529,16.00208307],[-90.55077822,16.00581373],[-90.55264204,15.99742718],[-90.55734325,15.99602518],[-90.5600307,15.9902924],[-90.56452086,15.98928755],[-90.56612799,15.99119375],[-90.56390053,15.99688781],[-90.5661677,15.99929043],[-90.57345378,15.99491936],[-90.57846444,15.99606557],[-90.57673483,16.00643121],[-90.58567166,16.01348096],[-90.59295442,16.01500588],[-90.60564362,16.01168456],[-90.60962294,16.01297217],[-90.60822648,16.0184186],[-90.59522981,16.02003375],[-90.59582953,16.03175819],[-90.59873315,16.0366542],[-90.60240744,16.03658354],[-90.61474848,16.02406501],[-90.6342976,16.04069144],[-90.6474489,16.03726106],[-90.65350195,16.04192341],[-90.65854962,16.03636065],[-90.66944254,16.03952156],[-90.67328184,16.03123616],[-90.68307672,16.02210488],[-90.69423109,16.01844992],[-90.70163487,16.01952876],[-90.70032841,16.01335231],[-90.69516654,16.0069911],[-90.69469859,15.99516599],[-90.70190012,15.99685914],[-90.70774313,15.99509552],[-90.70679787,15.98436179],[-90.70169282,15.97796525],[-90.70338904,15.97320765],[-90.71131309,15.97300301],[-90.72596853,15.98268855],[-90.73335146,15.98366543],[-90.73680923,15.98150311],[-90.73557943,15.97241623],[-90.73954366,15.96702598],[-90.74911687,15.96824886],[-90.75820233,15.96275585],[-90.75853621,15.95561865],[-90.7517201,15.95308004],[-90.74713355,15.94381129],[-90.7376321,15.94555589],[-90.73403869,15.94047579],[-90.73716151,15.92912972],[-90.74809038,15.92286238],[-90.75258396,15.91617851],[-90.75187643,15.90240477],[-90.75841459,15.89033251],[-90.75818952,15.88373266],[-90.75416233,15.8826022],[-90.74116436,15.88539736],[-90.73667017,15.88074842],[-90.73874272,15.86880844],[-90.7316059,15.86570154],[-90.72981116,15.86098368],[-90.73660469,15.84961489],[-90.74037332,15.84812176],[-90.74173476,15.84230529],[-90.74718394,15.84137273],[-90.7512471,15.83396252],[-90.7596199,15.83632593],[-90.76818146,15.82981103],[-90.77360306,15.81671334],[-90.77881183,15.81460064],[-90.78171028,15.80547806],[-90.77731263,15.79742492],[-90.78320892,15.79323091],[-90.78341802,15.78875179],[-90.79430688,15.78214288],[-90.79570948,15.77339329],[-90.80821303,15.77014282],[-90.81102766,15.75476543],[-90.82005656,15.74915716],[-90.81529695,15.74375625],[-90.80742543,15.74095542],[-90.80381298,15.74089195],[-90.79522787,15.74784683],[-90.78387309,15.74265632],[-90.77843954,15.72549586],[-90.7866459,15.72165476],[-90.7920358,15.72379756],[-90.79672393,15.71862504],[-90.79334911,15.71683591],[-90.78332729,15.71893321],[-90.77087831,15.70378947],[-90.77829824,15.70262166],[-90.79035476,15.69117252],[-90.79778968,15.69844275],[-90.80640761,15.69457438],[-90.80624798,15.69881583],[-90.80285598,15.70289152],[-90.80704607,15.70779895],[-90.81057084,15.70199207],[-90.81322254,15.7049505],[-90.81475512,15.70101189],[-90.82037289,15.70331209],[-90.82278898,15.69822686],[-90.82674774,15.69684438],[-90.82775452,15.69276601],[-90.83405866,15.69294039],[-90.83452222,15.68812361],[-90.84815869,15.68668162],[-90.8525271,15.69001226],[-90.85594835,15.68737932],[-90.86018318,15.69028724],[-90.87305262,15.69205727],[-90.87715791,15.69867265],[-90.88315098,15.70021937],[-90.87968578,15.70705037],[-90.90519453,15.71098415],[-90.93378164,15.74195159],[-90.98667553,15.737757],[-91.00065264,15.75102158],[-91.00995749,15.75248814],[-91.03560752,15.76767338],[-91.10005251,15.78729747],[-91.09928425,15.79643665],[-91.0915408,15.80368026],[-91.06162516,15.91311138],[-91.05935466,15.91890794],[-91.05178095,15.91677497],[-91.04708996,15.93679246],[-91.06744831,15.9460662],[-91.06123083,15.96988579],[-91.09462792,15.96961709],[-91.09779812,15.97373627],[-91.09424037,15.97861141],[-91.10034594,15.98028516],[-91.10886602,15.99515932],[-91.12042077,15.99598474],[-91.12954449,16.00181822],[-91.12410389,16.02392996],[-91.13031903,16.02618229],[-91.13198183,16.03086064],[-91.11835269,16.03623212],[-91.11827868,16.04312159],[-91.1071925,16.05274914],[-91.11200343,16.06325889],[-91.10758703,16.07433775],[-90.44452293,16.0738235]]]}},{"type":"Feature","properties":{"m":"Barillas","d":"Huehuetenango","cod":1326,"pop":100849,"iv":0.309,"exp":0.145,"sen":0.285,"cap":0.121,"inat":6.3,"isoc":5.5,"ides":6.2,"nfp":12,"nfph":2,"pfph":28,"ncr":0},"geometry":{"type":"Polygon","coordinates":[[[-91.10758703,16.07433775],[-91.11200343,16.06325889],[-91.1071925,16.05274914],[-91.11827868,16.04312159],[-91.11835269,16.03623212],[-91.13198183,16.03086064],[-91.13031903,16.02618229],[-91.12410389,16.02392996],[-91.12954449,16.00181822],[-91.12042077,15.99598474],[-91.10886602,15.99515932],[-91.10034594,15.98028516],[-91.09424037,15.97861141],[-91.09779812,15.97373627],[-91.09462792,15.96961709],[-91.06123083,15.96988579],[-91.06744831,15.9460662],[-91.04712768,15.93765912],[-91.05178095,15.91677497],[-91.05935466,15.91890794],[-91.06162516,15.91311138],[-91.09266732,15.80086292],[-91.14349807,15.83216743],[-91.15248937,15.83206687],[-91.14747028,15.81957965],[-91.15519204,15.8092003],[-91.1693559,15.79990966],[-91.15946093,15.79403926],[-91.16313697,15.76534635],[-91.16700112,15.75615364],[-91.19177999,15.7563811],[-91.1995471,15.76121687],[-91.20583786,15.77182265],[-91.22310493,15.77232242],[-91.23161004,15.77831427],[-91.24158452,15.78077636],[-91.2593389,15.78131115],[-91.29515739,15.77751006],[-91.30133099,15.77975213],[-91.320889,15.79805081],[-91.33755716,15.81815821],[-91.3501561,15.82198451],[-91.34785548,15.83808058],[-91.34493183,15.84242669],[-91.33841957,15.84747616],[-91.32242898,15.85258663],[-91.31707767,15.86038037],[-91.31168386,15.8846427],[-91.32352663,15.91280096],[-91.32993487,15.92115016],[-91.34240208,15.9245494],[-91.34524952,15.93274206],[-91.35784494,15.94447386],[-91.37758908,15.98642565],[-91.3838705,16.00478149],[-91.39673472,16.0173879],[-91.40963212,16.02158797],[-91.41274411,16.02472892],[-91.41189302,16.02939498],[-91.39490665,16.0432403],[-91.35452659,16.04544869],[-91.34861412,16.05392639],[-91.33251709,16.0673483],[-91.32923301,16.07413665],[-91.10758703,16.07433775]]]}},{"type":"Feature","properties":{"m":"Fray Bartolomé De Las Casas","d":"Alta Verapaz","cod":1615,"pop":66141,"iv":0.467,"exp":0.193,"sen":0.296,"cap":0.022,"inat":2.5,"isoc":6.8,"ides":7.8,"nfp":63,"nfph":19,"pfph":3107,"ncr":0},"geometry":{"type":"Polygon","coordinates":[[[-89.49998667,15.84442061],[-89.51159516,15.84180419],[-89.52603995,15.83175655],[-89.53820128,15.82944523],[-89.54110349,15.83094483],[-89.5546512,15.81484854],[-89.57935704,15.80501002],[-89.58605856,15.80474319],[-89.59779481,15.79976636],[-89.60425604,15.80317366],[-89.61010481,15.80218975],[-89.61855122,15.79408992],[-89.64022142,15.79598349],[-89.64328196,15.78996674],[-89.6425283,15.78361794],[-89.64503116,15.78204523],[-89.64281431,15.76674809],[-89.64625766,15.76256514],[-89.64317816,15.75695683],[-89.64897101,15.75195017],[-89.6495375,15.74721501],[-89.65860182,15.73496076],[-89.66535546,15.73755581],[-89.67841206,15.7339524],[-89.68733971,15.73718592],[-89.69526942,15.73071159],[-89.7068474,15.72852155],[-89.71089555,15.72555157],[-89.9341811,15.7190484],[-89.95266941,15.73683857],[-89.9551858,15.74256583],[-89.95408795,15.74565555],[-89.94959467,15.74522245],[-89.94602843,15.7599133],[-89.95627128,15.76962035],[-89.95557892,15.77413929],[-89.94008863,15.77644637],[-89.94669873,15.78970477],[-89.94239397,15.79612354],[-89.94466734,15.80568378],[-89.93894774,15.82007709],[-89.94193854,15.83114628],[-89.93717014,15.83460568],[-89.92904688,15.83482474],[-89.92769363,15.84122604],[-89.93390943,15.84473718],[-89.93571328,15.8538186],[-89.94546853,15.85394554],[-89.94836223,15.85680212],[-89.95026412,15.86877358],[-89.94441588,15.86981692],[-89.95660589,15.87969793],[-89.95649453,15.88201771],[-89.95028525,15.88424067],[-89.95378629,15.8881977],[-89.96120347,15.88251792],[-89.96966884,15.88994675],[-89.97739289,15.88744199],[-89.98163001,15.89160388],[-89.9751928,15.89250416],[-89.97196485,15.89652588],[-89.98308801,15.90096266],[-89.98580605,15.89737457],[-89.98540763,15.89123767],[-89.99369311,15.88911651],[-89.9896068,15.90064617],[-89.99377836,15.90299441],[-89.99869046,15.90117114],[-89.99791227,15.90491272],[-89.99238384,15.90650248],[-89.98635746,15.90383238],[-89.98156728,15.9076788],[-89.98428465,15.91368388],[-89.992294,15.91354259],[-89.99683103,15.92060498],[-89.99076099,15.92568495],[-89.99498977,15.92835074],[-89.99511324,15.93101834],[-89.98922872,15.9304321],[-89.98689181,15.93286491],[-89.99218533,15.94030696],[-89.98894335,15.94501572],[-89.98871229,15.95681768],[-89.99110995,15.95855195],[-89.99505537,15.95651211],[-89.99425577,15.94790161],[-89.99982175,15.93543666],[-90.00429548,15.94128017],[-90.00020063,15.94842296],[-90.01127723,15.94557272],[-90.0133935,15.95287722],[-90.02191917,15.96520997],[-90.01624182,15.96484705],[-90.00995416,15.95688795],[-90.00535928,15.95809407],[-90.00418028,15.96489335],[-90.01254507,15.98067317],[-90.00872514,15.98425902],[-90.00392228,15.98454294],[-89.99792343,15.99063051],[-89.99074905,15.98666887],[-89.9867622,15.98826311],[-89.98852253,15.99501758],[-89.98410759,15.99567964],[-89.98265652,15.99113424],[-89.98064197,15.99182831],[-89.98175937,16.0060342],[-89.98774249,16.00805288],[-89.98100262,16.01456791],[-89.97821074,16.00765476],[-89.96496687,16.0050265],[-89.96060536,16.00040373],[-89.9647583,15.99554587],[-89.96636805,15.98785282],[-89.95396679,15.99174515],[-89.96232757,15.9807267],[-89.94811785,15.97848925],[-89.94729116,15.96737803],[-89.93910674,15.97266921],[-89.93683775,15.97080957],[-89.93745695,15.96534882],[-89.93312122,15.96513919],[-89.92956588,15.97400271],[-89.92230713,15.96629287],[-89.91529698,15.96904457],[-89.9142652,15.96058516],[-89.90588249,15.96216904],[-89.90525935,15.95454848],[-89.90136605,15.95381415],[-89.89721536,15.9573344],[-89.89945526,15.9660087],[-89.89317856,15.96673301],[-89.88743024,15.95553852],[-89.89619544,15.94731994],[-89.88365538,15.94300239],[-89.88633409,15.93810337],[-89.87925324,15.93887785],[-89.87373245,15.93284659],[-89.87017308,15.93446189],[-89.86760591,15.92396797],[-89.87157184,15.91913637],[-89.8683768,15.91291759],[-89.86448912,15.9135033],[-89.86391988,15.90911262],[-89.85763529,15.9055146],[-89.85118652,15.90592059],[-89.84939417,15.90961091],[-89.84371957,15.91107076],[-89.84086205,15.9110786],[-89.84059863,15.90756257],[-89.83470709,15.90898854],[-89.82434665,15.90586928],[-89.82306026,15.9113973],[-89.79487461,15.90935079],[-89.79184364,15.91705773],[-89.78629041,15.91808667],[-89.7823269,15.92265683],[-89.77233962,15.92493952],[-89.76709399,15.92029266],[-89.75962425,15.92231682],[-89.75717035,15.93132157],[-89.75021369,15.93469821],[-89.74727422,15.94296076],[-89.74232847,15.94420747],[-89.74661185,15.95234552],[-89.73026908,15.96560132],[-89.72106136,15.96689318],[-89.71480031,15.96428002],[-89.71211212,15.96717634],[-89.7032293,15.96109112],[-89.69842309,15.97637228],[-89.68615463,15.98183584],[-89.67779851,15.97280799],[-89.67184953,15.97530798],[-89.66621412,15.97425811],[-89.66347625,15.98242374],[-89.65086612,15.97493355],[-89.64628926,15.98771129],[-89.64747894,15.9913588],[-89.64132048,15.99336026],[-89.64002597,16.00059107],[-89.63628512,16.00185269],[-89.63841881,16.01258327],[-89.63374824,16.01716011],[-89.61941328,16.01836313],[-89.6160674,16.01129754],[-89.6119854,16.01405628],[-89.60557397,16.01433742],[-89.60062193,16.01149227],[-89.59653425,16.01461052],[-89.5939124,16.01288202],[-89.59395588,16.00812109],[-89.59063672,16.00923056],[-89.58965961,16.01335379],[-89.59590034,16.01975702],[-89.59381939,16.02107347],[-89.58765431,16.01776982],[-89.58736392,16.01364901],[-89.58258313,16.01104316],[-89.58161773,16.0144692],[-89.57678824,16.01605646],[-89.57325378,16.02145998],[-89.56829586,16.02239278],[-89.57025406,16.02621415],[-89.56584945,16.03079906],[-89.56359337,16.02877254],[-89.56176239,16.03179075],[-89.55787018,16.03023325],[-89.55670792,16.03225004],[-89.54732814,16.02927609],[-89.54908766,16.03309439],[-89.54672599,16.03385405],[-89.54814264,16.04206494],[-89.54132171,16.0430843],[-89.52784455,16.05307823],[-89.5241045,16.05280314],[-89.51875227,16.04425977],[-89.51046432,16.04339374],[-89.51184341,16.03699528],[-89.50837474,16.03653372],[-89.50744968,16.04024076],[-89.50394549,16.04044195],[-89.50339998,16.04572455],[-89.50082126,16.04156656],[-89.49998667,15.84442061]]]}},{"type":"Feature","properties":{"m":"San Mateo Ixtatán","d":"Huehuetenango","cod":1318,"pop":43810,"iv":0.387,"exp":0.143,"sen":0.311,"cap":0.067,"inat":4,"isoc":5.7,"ides":5.8,"nfp":0,"nfph":0,"pfph":0,"ncr":0},"geometry":{"type":"Polygon","coordinates":[[[-91.32923301,16.07413665],[-91.33251709,16.0673483],[-91.34861412,16.05392639],[-91.35452659,16.04544869],[-91.39490665,16.0432403],[-91.41189302,16.02939498],[-91.41274411,16.02472892],[-91.40758586,16.02031434],[-91.39673472,16.0173879],[-91.3838705,16.00478149],[-91.37758908,15.98642565],[-91.35784494,15.94447386],[-91.34524952,15.93274206],[-91.34240208,15.9245494],[-91.32993487,15.92115016],[-91.32581048,15.91690462],[-91.31168386,15.8846427],[-91.31707767,15.86038037],[-91.32242898,15.85258663],[-91.33841957,15.84747616],[-91.34785548,15.83808058],[-91.42177219,15.79167173],[-91.43375052,15.78954413],[-91.44274936,15.79154962],[-91.46592182,15.80794289],[-91.52511326,15.85691968],[-91.54813576,15.88126103],[-91.55167332,15.89194963],[-91.55170433,15.91313949],[-91.54552217,15.94446877],[-91.54557414,15.96429728],[-91.55345079,15.97609859],[-91.55395416,15.98333009],[-91.55032506,15.98890016],[-91.53479206,15.99508975],[-91.51998606,16.00632401],[-91.51263729,16.01794105],[-91.50472407,16.04662276],[-91.48340975,16.07380852],[-91.32923301,16.07413665]]]}},{"type":"Feature","properties":{"m":"Nentón","d":"Huehuetenango","cod":1305,"pop":45679,"iv":0.354,"exp":0.112,"sen":0.273,"cap":0.031,"inat":3.7,"isoc":5.7,"ides":6.8,"nfp":13,"nfph":7,"pfph":1482,"ncr":0},"geometry":{"type":"Polygon","coordinates":[[[-91.48340975,16.07380852],[-91.50472407,16.04662276],[-91.51263729,16.01794105],[-91.51998606,16.00632401],[-91.53479206,15.99508975],[-91.55032506,15.98890016],[-91.55395416,15.98333009],[-91.55345079,15.97609859],[-91.54618789,15.9667959],[-91.54523525,15.95713015],[-91.54759983,15.9300559],[-91.55170433,15.91313949],[-91.55091041,15.88657141],[-91.54478801,15.87702229],[-91.53646195,15.86972669],[-91.55428106,15.86219348],[-91.58837484,15.856042],[-91.66612103,15.85172741],[-91.68063278,15.84345566],[-91.69061848,15.82821511],[-91.70944046,15.82470455],[-91.72879867,15.80915482],[-91.7336202,15.80781136],[-91.74867103,15.79234633],[-91.7551706,15.79062108],[-91.76945845,15.79621835],[-91.7851008,15.81472184],[-91.804919,15.82439835],[-91.83557116,15.82485989],[-91.84583212,15.83239673],[-91.85546605,15.83586792],[-91.87322558,15.83358025],[-91.73125366,16.07369419],[-91.48340975,16.07380852]]]}},{"type":"Feature","properties":{"m":"Cobán","d":"Alta Verapaz","cod":1601,"pop":212421,"iv":0.362,"exp":0.121,"sen":0.29,"cap":0.05,"inat":8.1,"isoc":6.3,"ides":7,"nfp":51,"nfph":15,"pfph":3931,"ncr":0},"geometry":{"type":"Polygon","coordinates":[[[-90.50843788,15.98285328],[-90.40778764,15.79063288],[-90.30618872,15.72182051],[-90.32870164,15.66795707],[-90.36627255,15.63562119],[-90.3204133,15.54430384],[-90.32052443,15.50424589],[-90.34410323,15.46611222],[-90.33289518,15.43553148],[-90.35211732,15.39226103],[-90.3285722,15.3684183],[-90.27077652,15.39045893],[-90.26198089,15.32845442],[-90.37934928,15.35636912],[-90.37336449,15.3794766],[-90.37507017,15.38071163],[-90.46584617,15.41604194],[-90.45527707,15.44773592],[-90.63629505,15.48519971],[-90.62911408,15.48866876],[-90.61959177,15.50004993],[-90.61288554,15.49791443],[-90.61090096,15.50212996],[-90.60493352,15.50415334],[-90.60433159,15.5175623],[-90.60796531,15.53822071],[-90.61318849,15.54523013],[-90.61346041,15.55599938],[-90.62090436,15.57168512],[-90.62529076,15.57486507],[-90.63391005,15.57559031],[-90.64164624,15.582449],[-90.64126896,15.58743181],[-90.63197449,15.59351801],[-90.63001732,15.61069104],[-90.63726306,15.6114241],[-90.6387658,15.61629385],[-90.64403572,15.61950453],[-90.64532991,15.63361283],[-90.65980118,15.6410753],[-90.65529397,15.645315],[-90.65526107,15.6482022],[-90.66783038,15.65063557],[-90.69146266,15.64895252],[-90.69582797,15.6532198],[-90.73335019,15.66116876],[-90.77425009,15.67627221],[-90.79297064,15.67850602],[-90.79404155,15.6844539],[-90.79035476,15.69117252],[-90.77829824,15.70262166],[-90.77097804,15.70303496],[-90.78332729,15.71893321],[-90.79334911,15.71683591],[-90.79672393,15.71862504],[-90.7920358,15.72379756],[-90.7866459,15.72165476],[-90.77886061,15.72472993],[-90.78349211,15.74181898],[-90.79522787,15.74784683],[-90.80381298,15.74089195],[-90.80742543,15.74095542],[-90.82010695,15.74765898],[-90.81886021,15.75056707],[-90.81102766,15.75476543],[-90.80821303,15.77014282],[-90.79570948,15.77339329],[-90.79430688,15.78214288],[-90.78341802,15.78875179],[-90.78320892,15.79323091],[-90.77731263,15.79742492],[-90.78171028,15.80547806],[-90.77881183,15.81460064],[-90.77360306,15.81671334],[-90.76818146,15.82981103],[-90.7596199,15.83632593],[-90.7512471,15.83396252],[-90.74718394,15.84137273],[-90.74173476,15.84230529],[-90.74037332,15.84812176],[-90.73660469,15.84961489],[-90.73007333,15.86007621],[-90.7316059,15.86570154],[-90.73874272,15.86880844],[-90.73660667,15.88027006],[-90.74049189,15.88485391],[-90.75818952,15.88373266],[-90.75841459,15.89033251],[-90.75187643,15.90240477],[-90.75258396,15.91617851],[-90.74809038,15.92286238],[-90.73716151,15.92912972],[-90.73403869,15.94047579],[-90.7376321,15.94555589],[-90.74713355,15.94381129],[-90.7517201,15.95308004],[-90.75853621,15.95561865],[-90.75855271,15.96221517],[-90.74911687,15.96824886],[-90.73954366,15.96702598],[-90.73557943,15.97241623],[-90.73680923,15.98150311],[-90.73335146,15.98366543],[-90.72596853,15.98268855],[-90.71131309,15.97300301],[-90.70338904,15.97320765],[-90.70169282,15.97796525],[-90.70679787,15.98436179],[-90.70774313,15.99509552],[-90.70190012,15.99685914],[-90.69469859,15.99516599],[-90.69516654,16.0069911],[-90.70174303,16.01609918],[-90.7008703,16.02012021],[-90.69423109,16.01844992],[-90.68307672,16.02210488],[-90.67328184,16.03123616],[-90.66876255,16.03980551],[-90.65854962,16.03636065],[-90.65350195,16.04192341],[-90.6474489,16.03726106],[-90.6342976,16.04069144],[-90.61474848,16.02406501],[-90.60240744,16.03658354],[-90.5993957,16.03690553],[-90.59623237,16.03350957],[-90.59522981,16.02003375],[-90.60822648,16.0184186],[-90.61021084,16.01566511],[-90.60864439,16.012251],[-90.59295442,16.01500588],[-90.58567166,16.01348096],[-90.57673483,16.00643121],[-90.57846444,15.99606557],[-90.57345378,15.99491936],[-90.5661677,15.99929043],[-90.56390053,15.99688781],[-90.56615827,15.99057304],[-90.56391337,15.9891813],[-90.5600307,15.9902924],[-90.55685578,15.99646453],[-90.55264204,15.99742718],[-90.55077822,16.00581373],[-90.54485529,16.00208307],[-90.54270504,15.99462631],[-90.53692295,16.00311349],[-90.53198865,16.00299022],[-90.52979228,16.00041759],[-90.53005432,15.99263168],[-90.52609282,16.001223],[-90.52035762,16.00238988],[-90.51962567,15.99775531],[-90.52340466,15.9918641],[-90.52221689,15.98949613],[-90.51660063,15.9924958],[-90.50947094,15.99156981],[-90.5018469,15.99901037],[-90.49962973,15.99636386],[-90.50144202,15.9909651],[-90.51368687,15.98254257],[-90.50843788,15.98285328]]]}},{"type":"Feature","properties":{"m":"Puerto Barrios","d":"Izabal","cod":1801,"pop":100593,"iv":0.295,"exp":0.214,"sen":0.113,"cap":0.032,"inat":7.3,"isoc":3.2,"ides":3.3,"nfp":146,"nfph":84,"pfph":37880,"ncr":0},"geometry":{"type":"Polygon","coordinates":[[[-88.48936644,15.50193136],[-88.50983744,15.50698476],[-88.5228184,15.52425024],[-88.54484834,15.53161414],[-88.54680107,15.54441194],[-88.55626099,15.55005189],[-88.5646521,15.55884527],[-88.55555443,15.58048696],[-88.55462321,15.59372134],[-88.57210777,15.59906713],[-88.58005491,15.61003722],[-88.59321916,15.61880253],[-88.60777558,15.6209885],[-88.62295577,15.6158307],[-88.62723257,15.61129655],[-88.63040854,15.59739756],[-88.63713139,15.59021757],[-88.64791806,15.59044747],[-88.66043706,15.58599106],[-88.66701127,15.58831914],[-88.68094696,15.58362333],[-88.69164972,15.58573876],[-88.70495939,15.5844753],[-88.7253081,15.58827704],[-88.71365314,15.61420485],[-88.70634907,15.65839765],[-88.69940301,15.66615938],[-88.68088095,15.67474628],[-88.67884126,15.68332547],[-88.67270612,15.68739534],[-88.67039401,15.69284176],[-88.67397767,15.70195391],[-88.68332688,15.70633166],[-88.69083238,15.70676306],[-88.69579079,15.71008068],[-88.71557836,15.71032949],[-88.72053913,15.71367489],[-88.73468144,15.74752017],[-88.72981019,15.76042789],[-88.72063777,15.75848996],[-88.70850818,15.76050788],[-88.69490287,15.767216],[-88.68059798,15.7817339],[-88.64935715,15.7601033],[-88.62889204,15.75384007],[-88.62585434,15.75027099],[-88.62541449,15.74174011],[-88.62721971,15.7414416],[-88.62873593,15.74605097],[-88.63246938,15.74512156],[-88.63332234,15.74192147],[-88.62606003,15.73097428],[-88.63436884,15.7317892],[-88.63330578,15.72759024],[-88.63729279,15.72449801],[-88.63620124,15.71944966],[-88.64633415,15.7147374],[-88.64742593,15.70135582],[-88.64481122,15.69743818],[-88.63753206,15.69595244],[-88.63434547,15.69291836],[-88.62941116,15.69722042],[-88.62029601,15.69426685],[-88.60741855,15.70010746],[-88.60254323,15.69949522],[-88.59948963,15.70421419],[-88.60350211,15.70637259],[-88.59673637,15.70786603],[-88.59596275,15.71271998],[-88.604489,15.72055497],[-88.60584203,15.7348338],[-88.60112693,15.74065875],[-88.5903205,15.74122122],[-88.58098651,15.74833723],[-88.57545049,15.75794106],[-88.57965995,15.76059556],[-88.58102634,15.75608863],[-88.58376885,15.75833337],[-88.58382217,15.76226612],[-88.56940884,15.78118331],[-88.55470946,15.81166106],[-88.56481342,15.82583144],[-88.56510051,15.8538599],[-88.56127335,15.85474172],[-88.55727916,15.84746728],[-88.55063612,15.8420816],[-88.55225785,15.83651975],[-88.54718097,15.84074811],[-88.54422713,15.84810391],[-88.52859986,15.8399637],[-88.50679268,15.83588164],[-88.50231633,15.8374669],[-88.49761573,15.83569882],[-88.49200004,15.8420536],[-88.49126181,15.84980262],[-88.49431119,15.85399465],[-88.51032109,15.85682871],[-88.51116242,15.86987882],[-88.5344863,15.87648252],[-88.54020053,15.87586346],[-88.54675053,15.88129282],[-88.54874781,15.87968048],[-88.55110195,15.89646042],[-88.55344728,15.89896484],[-88.55323859,15.89587891],[-88.5570284,15.89776608],[-88.56534699,15.91205392],[-88.57869141,15.92039196],[-88.58930929,15.92255403],[-88.59787927,15.93289226],[-88.61261471,15.93580712],[-88.61976213,15.94898692],[-88.62325533,15.96143401],[-88.61880019,15.96560983],[-88.60770513,15.96612054],[-88.59104241,15.9625634],[-88.5549195,15.94528965],[-88.50398535,15.89788424],[-88.45486656,15.86264736],[-88.42623168,15.84546638],[-88.36633558,15.81531354],[-88.31190432,15.78339703],[-88.29367486,15.76864699],[-88.27083745,15.74327517],[-88.26141336,15.73675232],[-88.25272808,15.7320301],[-88.23026161,15.72626929],[-88.22382196,15.72728075],[-88.22150238,15.72352749],[-88.25098391,15.72051048],[-88.24643878,15.71134218],[-88.24236496,15.70887924],[-88.24404595,15.69811387],[-88.24848113,15.69580269],[-88.2491067,15.68814203],[-88.25469503,15.68850588],[-88.26248611,15.69491182],[-88.25780701,15.68613973],[-88.26437974,15.68188242],[-88.26653895,15.69137048],[-88.27503404,15.68516237],[-88.28103381,15.69175433],[-88.28426009,15.69222185],[-88.2859147,15.68792619],[-88.28001005,15.68027948],[-88.28213323,15.67507676],[-88.29425044,15.67462718],[-88.30431891,15.67146568],[-88.31243555,15.68015551],[-88.31802512,15.67111083],[-88.32491246,15.67222743],[-88.32376196,15.65185072],[-88.34619102,15.61650665],[-88.47193474,15.51308156],[-88.48936644,15.50193136]]]}},{"type":"Feature","properties":{"m":"Livingston","d":"Izabal","cod":1802,"pop":73492,"iv":0.293,"exp":0.149,"sen":0.206,"cap":0.062,"inat":7.2,"isoc":5.3,"ides":7.2,"nfp":151,"nfph":71,"pfph":5261,"ncr":0},"geometry":{"type":"MultiPolygon","coordinates":[[[[-89.22579861,15.89661363],[-89.22406594,15.88809877],[-89.22113373,15.88618634],[-89.21683635,15.88750752],[-89.21277832,15.89144964],[-89.21429199,15.89510819],[-89.20912638,15.89837092],[-89.20323105,15.89803155],[-89.19675454,15.90281274],[-89.18689972,15.89871137],[-89.18698031,15.90913931],[-89.17583525,15.91399389],[-89.16926393,15.91093793],[-89.16152477,15.89945709],[-89.14978175,15.89695716],[-89.1393558,15.90106245],[-89.13277391,15.90766212],[-89.12818759,15.89991155],[-89.1196301,15.90353047],[-89.11380635,15.89713343],[-89.11281593,15.89997128],[-89.11650948,15.90668754],[-89.10915932,15.90696336],[-89.102106,15.91281461],[-89.08655534,15.9095713],[-89.07875391,15.897405],[-89.07398635,15.90981765],[-89.06286642,15.90087123],[-89.06370761,15.90689315],[-89.05938178,15.90963021],[-89.05866499,15.9155729],[-89.05500821,15.91716045],[-89.0516218,15.91433767],[-89.05164802,15.90354881],[-89.04984451,15.90188391],[-89.04537232,15.90441725],[-89.04096553,15.91478507],[-89.01899328,15.90993268],[-89.01766783,15.90688026],[-89.02100557,15.89805759],[-89.01997335,15.89458318],[-89.00291597,15.8981439],[-88.99369168,15.9036305],[-88.98284428,15.89581124],[-88.96777326,15.89439347],[-88.95409207,15.88794548],[-88.93060217,15.89027119],[-88.91713353,15.89459946],[-88.91273162,15.8993186],[-88.88213911,15.86192968],[-88.87336359,15.8631921],[-88.86110631,15.86087971],[-88.85294279,15.86610838],[-88.83696511,15.86396902],[-88.82867577,15.87301528],[-88.81532372,15.86448922],[-88.79437484,15.85950289],[-88.74928379,15.830224],[-88.74753706,15.8263363],[-88.76379418,15.80571901],[-88.78126516,15.80241862],[-88.78070298,15.79764734],[-88.77254743,15.79099421],[-88.77561879,15.7881539],[-88.77759763,15.77667226],[-88.7828,15.783844],[-88.78937081,15.78474383],[-88.79972682,15.78296434],[-88.80809406,15.7746434],[-88.81280727,15.77461328],[-88.81921334,15.77815322],[-88.82730809,15.78923981],[-88.83252252,15.79222533],[-88.84142331,15.7869754],[-88.84903165,15.78854098],[-88.85030184,15.7869418],[-88.84716508,15.78585816],[-88.84792467,15.7842115],[-88.84827575,15.78510742],[-88.85221742,15.78792648],[-88.85956653,15.79100229],[-88.86620368,15.78720616],[-88.86021899,15.78584555],[-88.85724717,15.78788232],[-88.85536555,15.7878681],[-88.86002762,15.78551386],[-88.8665495,15.78372527],[-88.86819706,15.78579014],[-88.87141586,15.78500238],[-88.87359841,15.78271902],[-88.87001378,15.78126821],[-88.86991475,15.77883463],[-88.87444139,15.77918164],[-88.87320844,15.77369809],[-88.86645073,15.78272703],[-88.86559771,15.78087362],[-88.862629,15.78456855],[-88.86099976,15.78485433],[-88.86050159,15.78304142],[-88.86192087,15.78140025],[-88.86238849,15.78391258],[-88.86399361,15.7806021],[-88.86381873,15.77898636],[-88.86130406,15.78004974],[-88.86239031,15.77244958],[-88.87239574,15.76131886],[-88.86908248,15.75735301],[-88.8734424,15.74918908],[-88.88837458,15.74419264],[-88.88254776,15.74862362],[-88.87707953,15.74843692],[-88.87501126,15.75461924],[-88.87789165,15.75506939],[-88.88208761,15.74927016],[-88.89041761,15.74446412],[-88.90359937,15.74071118],[-88.90482502,15.73331487],[-88.91124288,15.73044448],[-88.91488447,15.73392934],[-88.91761446,15.73396505],[-88.91831673,15.73115106],[-88.92334721,15.73481656],[-88.92247906,15.73637297],[-88.92608242,15.73687881],[-88.92997236,15.73395245],[-88.92502852,15.72291818],[-88.93123798,15.72134372],[-88.93658934,15.71653877],[-88.94168326,15.71810886],[-88.94025858,15.71888107],[-88.94220588,15.72142582],[-88.94207679,15.71957307],[-88.94533032,15.7188084],[-88.94252705,15.71798562],[-88.94317317,15.71589937],[-88.95181,15.71181955],[-88.9465116,15.6976077],[-88.94267889,15.69648895],[-88.95077157,15.68676289],[-88.96405508,15.68252195],[-88.96491582,15.67763419],[-88.96713363,15.68126954],[-88.97068169,15.68042739],[-88.97104422,15.67768049],[-88.97855822,15.67982368],[-88.98101274,15.67536522],[-88.98528111,15.67669503],[-88.9842354,15.67403906],[-88.98696542,15.67280513],[-88.98912025,15.6778044],[-88.99263715,15.67379107],[-88.99157251,15.67183639],[-88.99411006,15.6727836],[-89.00132336,15.66800491],[-89.00020622,15.66421408],[-89.00389091,15.66132639],[-88.99928552,15.65735357],[-89.00192955,15.65486707],[-89.00139236,15.64770673],[-89.00448668,15.63959379],[-88.99389735,15.63677647],[-89.01114112,15.62779678],[-89.02801389,15.62860451],[-89.02955061,15.62623573],[-89.02683588,15.62372042],[-89.03381236,15.61877292],[-89.05055414,15.61804857],[-89.05669915,15.61342613],[-89.05486757,15.60940942],[-89.05215543,15.60920827],[-89.05723822,15.60774091],[-89.05666659,15.60426143],[-89.06078028,15.60440798],[-89.06282831,15.60106748],[-89.06155391,15.59949267],[-89.06649656,15.59729521],[-89.06627972,15.58992045],[-89.07043969,15.59040214],[-89.0718154,15.58719416],[-89.07554256,15.58950397],[-89.08138649,15.5888717],[-89.08529344,15.58492819],[-89.09452804,15.58210205],[-89.09702412,15.57807294],[-89.15602802,15.6555254],[-89.16453252,15.66090364],[-89.30332339,15.66460415],[-89.31922137,15.65954548],[-89.36252369,15.65854821],[-89.36774801,15.66342393],[-89.38007166,15.66438747],[-89.39052609,15.66207378],[-89.41696067,15.66288856],[-89.45226019,15.65927593],[-89.45919253,15.66181844],[-89.49356225,15.71091229],[-89.43777139,15.8171099],[-89.43345408,15.82164535],[-89.4255257,15.82207322],[-89.42757517,15.82567321],[-89.42602379,15.82721243],[-89.41570382,15.82899824],[-89.42110548,15.83305647],[-89.41925792,15.84028013],[-89.41630981,15.84635735],[-89.41129638,15.8470911],[-89.41084748,15.845027],[-89.40847661,15.84784307],[-89.41389407,15.85494223],[-89.40687979,15.85909596],[-89.40104624,15.8676294],[-89.3953036,15.86192118],[-89.39192064,15.86188733],[-89.39270163,15.86797093],[-89.38812093,15.86901696],[-89.39173025,15.87388427],[-89.38578569,15.87172834],[-89.38233995,15.87454858],[-89.38988716,15.88138273],[-89.38376177,15.88287886],[-89.38000355,15.88764433],[-89.38102697,15.89243462],[-89.3775321,15.90567781],[-89.36985078,15.91401638],[-89.36381227,15.91836393],[-89.35505163,15.9204959],[-89.33804014,15.92032152],[-89.3307537,15.91439478],[-89.31736091,15.91911755],[-89.31455709,15.91640967],[-89.30710315,15.91784674],[-89.29253006,15.91447873],[-89.27327474,15.91510787],[-89.26430201,15.92000494],[-89.25893899,15.91642415],[-89.24906177,15.91653228],[-89.2379791,15.91120913],[-89.23194019,15.90616319],[-89.23031312,15.89806526],[-89.22579861,15.89661363]]],[[[-88.68059798,15.7817339],[-88.69490287,15.767216],[-88.70130381,15.76369123],[-88.71647713,15.75851965],[-88.72913157,15.76100756],[-88.73418161,15.75230179],[-88.73308025,15.74170076],[-88.71801319,15.71085533],[-88.69579079,15.71008068],[-88.69083238,15.70676306],[-88.68332688,15.70633166],[-88.67397767,15.70195391],[-88.67039401,15.69284176],[-88.67270612,15.68739534],[-88.67884126,15.68332547],[-88.68088095,15.67474628],[-88.69940301,15.66615938],[-88.70634907,15.65839765],[-88.71365314,15.61420485],[-88.7253081,15.58827704],[-88.7433007,15.57911577],[-88.76306312,15.57353705],[-88.79121338,15.57352214],[-88.80024233,15.56906994],[-88.81511063,15.57244849],[-88.82401238,15.56843135],[-88.83669622,15.57190117],[-88.8654241,15.56995154],[-88.88956237,15.55365834],[-88.90370255,15.55022911],[-88.90877608,15.55468172],[-88.94391082,15.56108892],[-88.96281574,15.55184918],[-88.98030202,15.55107201],[-88.98656358,15.55294618],[-88.99279706,15.57129327],[-89.00158081,15.57301615],[-89.0001127,15.57756578],[-89.00574998,15.59027838],[-89.00190738,15.59501939],[-89.00057615,15.60175706],[-89.00455037,15.60815711],[-88.99322095,15.61051753],[-88.99180793,15.60790253],[-88.98827603,15.61440909],[-88.98542385,15.61397949],[-88.98223642,15.61804963],[-88.98163066,15.62439961],[-88.98542848,15.63270567],[-88.98359584,15.63381085],[-88.98037731,15.63066927],[-88.97632838,15.6301234],[-88.98019675,15.63519473],[-88.98341838,15.63530924],[-88.98586012,15.63313648],[-88.99509072,15.64265642],[-88.99708473,15.64754681],[-88.99514323,15.65149614],[-88.99752079,15.64999873],[-88.99843892,15.65637901],[-88.99665278,15.65830915],[-88.99512888,15.65482294],[-88.99353714,15.65655554],[-88.99278858,15.66562329],[-88.98699833,15.66481205],[-88.98764865,15.66817529],[-88.98364132,15.67049296],[-88.98090899,15.66866214],[-88.98204154,15.67028618],[-88.97870771,15.67133573],[-88.97522448,15.66727449],[-88.97662425,15.67188811],[-88.97116146,15.66857489],[-88.96644892,15.6727267],[-88.96236233,15.66981976],[-88.9614067,15.67222448],[-88.96373384,15.67332069],[-88.9581323,15.67488586],[-88.95808154,15.67191998],[-88.95351598,15.67322606],[-88.95322996,15.66879305],[-88.95071065,15.66882197],[-88.94732127,15.68483443],[-88.93829606,15.69455939],[-88.9300754,15.69241677],[-88.92335311,15.6959686],[-88.91583071,15.69481824],[-88.90644543,15.6896008],[-88.90456842,15.68591972],[-88.90097252,15.68886037],[-88.89790071,15.68345211],[-88.88966672,15.68489986],[-88.88161943,15.69898041],[-88.88296021,15.70552102],[-88.88092896,15.70881113],[-88.87681807,15.70793134],[-88.87149549,15.71390492],[-88.86772018,15.71250207],[-88.8622455,15.71903326],[-88.8649699,15.71925264],[-88.85898252,15.72169377],[-88.85895616,15.72756332],[-88.85342563,15.73236964],[-88.85291135,15.73866645],[-88.84864928,15.73889257],[-88.84337035,15.74478737],[-88.84240568,15.74838732],[-88.84809165,15.75602614],[-88.84295161,15.75171174],[-88.83858338,15.7530842],[-88.83900432,15.75569722],[-88.84133234,15.75566648],[-88.84152761,15.75991438],[-88.83926798,15.75712748],[-88.83921249,15.76038063],[-88.83418585,15.75809081],[-88.83183018,15.76083341],[-88.83725794,15.76384161],[-88.83108883,15.76465266],[-88.83162542,15.76805185],[-88.82414701,15.7660293],[-88.82622472,15.77095806],[-88.82782236,15.76759953],[-88.83077946,15.77097152],[-88.82569885,15.77186485],[-88.82239973,15.77659226],[-88.82157911,15.77369756],[-88.81852565,15.77542096],[-88.81203179,15.77159205],[-88.80280369,15.77204341],[-88.79709778,15.78054923],[-88.78720999,15.78321122],[-88.7830473,15.78191616],[-88.78047901,15.77453518],[-88.77738491,15.77394315],[-88.77505116,15.77662397],[-88.77438469,15.78662943],[-88.77114534,15.79071427],[-88.77965711,15.79817323],[-88.77924316,15.80173098],[-88.76943809,15.80200168],[-88.7607032,15.80515179],[-88.75208362,15.81320211],[-88.74441419,15.80946426],[-88.73949978,15.80978276],[-88.73090904,15.81677488],[-88.72667664,15.81550196],[-88.72282599,15.80876886],[-88.70919884,15.79842329],[-88.68059798,15.7817339]]],[[[-88.83207826,15.78791295],[-88.82530605,15.78202737],[-88.82610937,15.77977506],[-88.82953017,15.77914843],[-88.83207826,15.78791295]]],[[[-88.85339903,15.78794381],[-88.84942749,15.78553373],[-88.84845565,15.78398469],[-88.85102783,15.78643164],[-88.86074265,15.7842373],[-88.85339903,15.78794381]]],[[[-88.92661357,15.70674901],[-88.93642457,15.70184666],[-88.9390849,15.70052956],[-88.9325403,15.70631347],[-88.92661357,15.70674901]]],[[[-88.97835843,15.63056055],[-88.98055161,15.63117927],[-88.9831725,15.63479326],[-88.98108823,15.63470079],[-88.97835843,15.63056055]]]]}},{"type":"Feature","properties":{"m":"Chahal","d":"Alta Verapaz","cod":1614,"pop":26644,"iv":0.365,"exp":0.123,"sen":0.281,"cap":0.039,"inat":4.5,"isoc":5.7,"ides":5.4,"nfp":31,"nfph":10,"pfph":865,"ncr":0},"geometry":{"type":"Polygon","coordinates":[[[-89.41230073,15.85619741],[-89.41392607,15.85445087],[-89.40847661,15.84784307],[-89.41084748,15.845027],[-89.41129638,15.8470911],[-89.41696653,15.84576465],[-89.42107373,15.83422925],[-89.41570382,15.82899824],[-89.42602379,15.82721243],[-89.42757517,15.82567321],[-89.4255257,15.82207322],[-89.43345408,15.82164535],[-89.43777139,15.8171099],[-89.53333462,15.63643758],[-89.56991839,15.63586696],[-89.58240684,15.64302409],[-89.59641579,15.64642876],[-89.61520555,15.64200105],[-89.62517881,15.64457085],[-89.63000185,15.64179363],[-89.63297803,15.6432375],[-89.63769019,15.63875898],[-89.64700858,15.63905188],[-89.65154945,15.63584549],[-89.65606222,15.63647411],[-89.66753862,15.6325211],[-89.67408286,15.63383923],[-89.6768119,15.63845539],[-89.68579548,15.63952921],[-89.68715651,15.63814147],[-89.68499045,15.63506751],[-89.69493244,15.63320448],[-89.6996798,15.62644422],[-89.71146496,15.61968222],[-89.72458508,15.61405433],[-89.72873283,15.6167366],[-89.72915786,15.6222004],[-89.72344567,15.63158326],[-89.72132209,15.68544624],[-89.71556545,15.71799002],[-89.7068474,15.72852155],[-89.69526942,15.73071159],[-89.68733971,15.73718592],[-89.67841206,15.7339524],[-89.66535546,15.73755581],[-89.65860182,15.73496076],[-89.6495375,15.74721501],[-89.64897101,15.75195017],[-89.64317816,15.75695683],[-89.64625766,15.76256514],[-89.64281431,15.76674809],[-89.64503116,15.78204523],[-89.6425283,15.78361794],[-89.64328196,15.78996674],[-89.64022142,15.79598349],[-89.61855122,15.79408992],[-89.61010481,15.80218975],[-89.60425604,15.80317366],[-89.59779481,15.79976636],[-89.5546512,15.81484854],[-89.54110349,15.83094483],[-89.53820128,15.82944523],[-89.52603995,15.83175655],[-89.51159516,15.84180419],[-89.49998667,15.84442061],[-89.48898616,15.85516397],[-89.48275262,15.85421881],[-89.47766177,15.86083436],[-89.46508675,15.86185674],[-89.46002194,15.84992082],[-89.45529504,15.84782395],[-89.44785987,15.85000474],[-89.4428418,15.84860346],[-89.43790256,15.85409891],[-89.42667669,15.85892636],[-89.41480539,15.85936397],[-89.41230073,15.85619741]]]}},{"type":"Feature","properties":{"m":"San Sebastián Coatán","d":"Huehuetenango","cod":1325,"pop":20905,"iv":0.477,"exp":0.225,"sen":0.351,"cap":0.099,"inat":6.9,"isoc":5.8,"ides":6.2,"nfp":1,"nfph":0,"pfph":0,"ncr":0},"geometry":{"type":"Polygon","coordinates":[[[-91.48469033,15.82381408],[-91.49431168,15.81311467],[-91.52562335,15.79390008],[-91.53408227,15.78535307],[-91.54310674,15.75213995],[-91.54775927,15.74512579],[-91.56496945,15.7319412],[-91.57664362,15.74975861],[-91.59104704,15.75909498],[-91.60410018,15.77534292],[-91.62368124,15.78841849],[-91.64415306,15.78550794],[-91.65272075,15.78711693],[-91.66186935,15.7925965],[-91.68337381,15.82273799],[-91.69061848,15.82821511],[-91.68063278,15.84345566],[-91.66612103,15.85172741],[-91.58837484,15.856042],[-91.55428106,15.86219348],[-91.53646195,15.86972669],[-91.52511326,15.85691968],[-91.48469033,15.82381408]]]}},{"type":"Feature","properties":{"m":"Santa Eulalia","d":"Huehuetenango","cod":1317,"pop":39025,"iv":0.242,"exp":0.155,"sen":0.296,"cap":0.209,"inat":7,"isoc":5.6,"ides":6.1,"nfp":1,"nfph":0,"pfph":0,"ncr":0},"geometry":{"type":"Polygon","coordinates":[[[-91.15946093,15.79403926],[-91.14894585,15.78683028],[-91.13968677,15.77571316],[-91.15781677,15.75131837],[-91.15815968,15.71640827],[-91.1609802,15.71327487],[-91.16830114,15.71186004],[-91.16588333,15.69945837],[-91.18440591,15.69333589],[-91.18895434,15.68452322],[-91.20112841,15.67496443],[-91.19875537,15.6666231],[-91.20868027,15.66594318],[-91.20980137,15.66225287],[-91.21387459,15.6625674],[-91.22089304,15.67074198],[-91.23237286,15.67596687],[-91.28845699,15.68794198],[-91.33174895,15.68940059],[-91.34160183,15.71443348],[-91.36701721,15.72456968],[-91.38214772,15.7347841],[-91.39865062,15.74027537],[-91.40852498,15.74230884],[-91.42880205,15.74108559],[-91.44955666,15.73255903],[-91.45671089,15.73247646],[-91.4810471,15.75194209],[-91.53368791,15.76522265],[-91.53863542,15.76842715],[-91.5388501,15.77119651],[-91.53587595,15.78237469],[-91.52718041,15.792451],[-91.49999491,15.8087774],[-91.48469033,15.82381408],[-91.44414426,15.79230748],[-91.42830744,15.78988556],[-91.39637741,15.80623854],[-91.34785548,15.83808058],[-91.3501561,15.82198451],[-91.33755716,15.81815821],[-91.30755666,15.78473498],[-91.29515739,15.77751006],[-91.2593389,15.78131115],[-91.24158452,15.78077636],[-91.23161004,15.77831427],[-91.22310493,15.77232242],[-91.20583786,15.77182265],[-91.1995471,15.76121687],[-91.19177999,15.7563811],[-91.16700112,15.75615364],[-91.16313697,15.76534635],[-91.15946093,15.79403926]]]}},{"type":"Feature","properties":{"m":"Nebaj","d":"Quiché","cod":1413,"pop":72686,"iv":0.35,"exp":0.189,"sen":0.256,"cap":0.095,"inat":4.9,"isoc":7,"ides":4.6,"nfp":1,"nfph":1,"pfph":0,"ncr":0},"geometry":{"type":"Polygon","coordinates":[[[-91.09266732,15.80086292],[-91.09928425,15.79643665],[-91.10005251,15.78729747],[-91.09515703,15.78543608],[-91.09131316,15.78028218],[-91.08526108,15.76726532],[-91.0780886,15.74447819],[-91.07419411,15.7160711],[-91.08210597,15.67707338],[-91.08052966,15.65473304],[-91.07459493,15.62816726],[-91.08332109,15.61045669],[-91.08302708,15.59700121],[-91.07926057,15.59209207],[-91.07248964,15.58889381],[-91.04765459,15.58384596],[-91.03311127,15.57218962],[-91.03197214,15.56754275],[-91.03755817,15.54469937],[-91.02335362,15.53364323],[-91.01949311,15.52334467],[-91.01941973,15.51492005],[-91.02756334,15.50731217],[-91.04800983,15.49553988],[-91.05446164,15.47851468],[-91.06107051,15.47332594],[-91.07803514,15.46971132],[-91.09970477,15.47343844],[-91.10988157,15.46975278],[-91.12969997,15.44838662],[-91.13147874,15.43794387],[-91.1287495,15.43015381],[-91.14509297,15.41096695],[-91.14778094,15.39348956],[-91.16428686,15.39035279],[-91.1712812,15.38646578],[-91.24046654,15.37932733],[-91.3052474,15.42865386],[-91.31953412,15.46339424],[-91.31953682,15.55550976],[-91.273583,15.58576134],[-91.27585442,15.59094168],[-91.29464625,15.59820171],[-91.29353243,15.6039261],[-91.28225257,15.60529885],[-91.27993063,15.61704716],[-91.276515,15.61560944],[-91.27105694,15.62254436],[-91.25903781,15.61795112],[-91.25236118,15.62087354],[-91.25125729,15.62396447],[-91.24447943,15.62272763],[-91.23383674,15.62959963],[-91.23301776,15.63191781],[-91.23658219,15.63339016],[-91.2314145,15.63942707],[-91.23362823,15.64765392],[-91.23058725,15.65062967],[-91.22524816,15.65017531],[-91.21559032,15.64394159],[-91.2164266,15.65465265],[-91.22101461,15.65710056],[-91.22125242,15.66006888],[-91.21695737,15.6621452],[-91.21445069,15.66033546],[-91.21288838,15.66328909],[-91.20980137,15.66225287],[-91.20868027,15.66594318],[-91.19875537,15.6666231],[-91.20112841,15.67496443],[-91.18895434,15.68452322],[-91.18440591,15.69333589],[-91.1654341,15.70014251],[-91.16830114,15.71186004],[-91.1609802,15.71327487],[-91.15815968,15.71640827],[-91.15781677,15.75131837],[-91.13968677,15.77571316],[-91.15272672,15.79004444],[-91.16949573,15.79863102],[-91.15519204,15.8092003],[-91.14747028,15.81957965],[-91.15248937,15.83206687],[-91.14349807,15.83216743],[-91.09266732,15.80086292]]]}},{"type":"Feature","properties":{"m":"Jacaltenango","d":"Huehuetenango","cod":1307,"pop":37171,"iv":0.344,"exp":0.158,"sen":0.305,"cap":0.118,"inat":7.2,"isoc":4.9,"ides":3.9,"nfp":0,"nfph":0,"pfph":0,"ncr":0},"geometry":{"type":"Polygon","coordinates":[[[-91.72879867,15.80915482],[-91.71350202,15.80611703],[-91.69591012,15.78573747],[-91.6840493,15.75879212],[-91.67388829,15.74800288],[-91.64637268,15.72884728],[-91.63227768,15.70385396],[-91.63313622,15.69394755],[-91.66665174,15.68889859],[-91.6780632,15.68488469],[-91.69830458,15.66720781],[-91.70526416,15.66415331],[-91.71753099,15.66308322],[-91.73299915,15.66951849],[-91.73670099,15.67239388],[-91.72511586,15.69064601],[-91.71946451,15.70784645],[-91.71942452,15.7148998],[-91.7225456,15.72186434],[-91.7295867,15.72839638],[-91.76315507,15.74466932],[-91.77308998,15.75788037],[-91.792847,15.77412857],[-91.81780154,15.78928377],[-91.83066333,15.79258475],[-91.85534432,15.81114556],[-91.87488355,15.83062405],[-91.87322558,15.83358025],[-91.85546605,15.83586792],[-91.84583212,15.83239673],[-91.83557116,15.82485989],[-91.80739332,15.82527631],[-91.7851008,15.81472184],[-91.76945845,15.79621835],[-91.7551706,15.79062108],[-91.74867103,15.79234633],[-91.7336202,15.80781136],[-91.72879867,15.80915482]]]}},{"type":"Feature","properties":{"m":"Santa Ana Huista","d":"Huehuetenango","cod":1331,"pop":9413,"iv":0.469,"exp":0.156,"sen":0.343,"cap":0.03,"inat":6.9,"isoc":5.1,"ides":5.3,"nfp":3,"nfph":1,"pfph":1910,"ncr":0},"geometry":{"type":"Polygon","coordinates":[[[-91.76315507,15.74466932],[-91.78739706,15.70217692],[-91.8220769,15.66086048],[-91.84094238,15.68723212],[-91.85856957,15.70063947],[-91.86919735,15.70368103],[-91.89872263,15.69364914],[-91.90743482,15.69387364],[-91.91330046,15.69707792],[-91.91903394,15.70691397],[-91.92630359,15.73455692],[-91.92973937,15.73832849],[-91.87488355,15.83062405],[-91.85534432,15.81114556],[-91.83066333,15.79258475],[-91.81780154,15.78928377],[-91.78487537,15.76866088],[-91.77308998,15.75788037],[-91.76315507,15.74466932]]]}},{"type":"Feature","properties":{"m":"San Miguel Acatán","d":"Huehuetenango","cod":1313,"pop":27128,"iv":0.442,"exp":0.177,"sen":0.426,"cap":0.161,"inat":7,"isoc":6.1,"ides":6.8,"nfp":0,"nfph":0,"pfph":0,"ncr":0},"geometry":{"type":"Polygon","coordinates":[[[-91.56496945,15.7319412],[-91.56021209,15.71966197],[-91.56031459,15.70490891],[-91.55800519,15.69762922],[-91.54800442,15.69022853],[-91.53086322,15.68692244],[-91.53174017,15.67110596],[-91.55603095,15.66957514],[-91.59651933,15.68076923],[-91.6258486,15.69345332],[-91.63313622,15.69394755],[-91.63227768,15.70385396],[-91.64637268,15.72884728],[-91.67388829,15.74800288],[-91.6840493,15.75879212],[-91.69591012,15.78573747],[-91.71350202,15.80611703],[-91.72879867,15.80915482],[-91.70944046,15.82470455],[-91.69061848,15.82821511],[-91.68337381,15.82273799],[-91.66186935,15.7925965],[-91.65272075,15.78711693],[-91.64415306,15.78550794],[-91.62368124,15.78841849],[-91.60410018,15.77534292],[-91.59104704,15.75909498],[-91.57664362,15.74975861],[-91.56496945,15.7319412]]]}},{"type":"Feature","properties":{"m":"Chajul","d":"Quiché","cod":1405,"pop":46658,"iv":0.324,"exp":0.129,"sen":0.262,"cap":0.067,"inat":4.3,"isoc":8,"ides":7.6,"nfp":0,"nfph":0,"pfph":0,"ncr":0},"geometry":{"type":"Polygon","coordinates":[[[-90.96958321,15.739182],[-90.96270509,15.72758598],[-90.96252281,15.72270273],[-90.97869815,15.70144279],[-90.98302244,15.68665491],[-90.98254734,15.67716513],[-90.97823274,15.67146322],[-90.95866462,15.66203459],[-90.95815671,15.65601317],[-90.96203816,15.64257583],[-90.9608288,15.63781289],[-90.95366287,15.63603498],[-90.92816305,15.63804427],[-90.9166008,15.62435876],[-90.91182705,15.59671988],[-90.90198707,15.58856421],[-90.89803716,15.57454741],[-90.88008535,15.55875857],[-90.86841689,15.53673737],[-90.86562715,15.50890281],[-90.87136821,15.48414123],[-90.89547158,15.4718587],[-90.90081093,15.46664841],[-90.90559875,15.46640348],[-90.91142328,15.46090946],[-90.91662675,15.46246743],[-90.92501527,15.45896124],[-90.94589666,15.45944498],[-90.95765122,15.45406322],[-90.9732749,15.45480304],[-90.98395548,15.45008652],[-90.99682692,15.4501987],[-91.00613577,15.44564709],[-91.01208014,15.44938158],[-91.01884254,15.45964399],[-91.06460601,15.44925791],[-91.11358231,15.44584518],[-91.12164495,15.44144725],[-91.1287495,15.43015381],[-91.13147874,15.43794387],[-91.12969997,15.44838662],[-91.10988157,15.46975278],[-91.09970477,15.47343844],[-91.07803514,15.46971132],[-91.06107051,15.47332594],[-91.05446164,15.47851468],[-91.04800983,15.49553988],[-91.02590316,15.50849577],[-91.01912331,15.51753901],[-91.02335362,15.53364323],[-91.03755817,15.54469937],[-91.03197214,15.56754275],[-91.03311127,15.57218962],[-91.04765459,15.58384596],[-91.07248964,15.58889381],[-91.07926057,15.59209207],[-91.08302708,15.59700121],[-91.08332109,15.61045669],[-91.07459493,15.62816726],[-91.08052966,15.65473304],[-91.08210597,15.67707338],[-91.07419411,15.7160711],[-91.08108354,15.75498101],[-91.08766039,15.77299283],[-91.09515703,15.78543608],[-91.03560752,15.76767338],[-91.00995749,15.75248814],[-91.00065264,15.75102158],[-90.98667553,15.737757],[-90.96958321,15.739182]]]}},{"type":"Feature","properties":{"m":"San Pedro Carchá","d":"Alta Verapaz","cod":1609,"pop":235275,"iv":0.463,"exp":0.162,"sen":0.357,"cap":0.056,"inat":5.4,"isoc":6.7,"ides":7.7,"nfp":16,"nfph":2,"pfph":252,"ncr":0},"geometry":{"type":"Polygon","coordinates":[[[-89.95661134,15.7405947],[-89.9341811,15.7190484],[-89.93663917,15.67145761],[-90.06737557,15.60097943],[-90.06985755,15.50202704],[-90.06663057,15.49596305],[-90.05959684,15.49856293],[-90.05123649,15.49627854],[-90.0405208,15.50355715],[-90.03375619,15.5026469],[-90.03022341,15.50775011],[-90.02208014,15.50819806],[-90.01701854,15.50543533],[-90.01008738,15.50708894],[-89.9862883,15.48938032],[-89.97800023,15.49404628],[-89.96035334,15.4951813],[-89.96505268,15.47108528],[-89.94655143,15.41599397],[-90.11146594,15.37916598],[-90.24873811,15.43507583],[-90.32204291,15.45657703],[-90.33289518,15.43553148],[-90.34410323,15.46611222],[-90.32052443,15.50424589],[-90.3204133,15.54430384],[-90.36627255,15.63562119],[-90.32870164,15.66795707],[-90.30618872,15.72182051],[-90.2499785,15.71382829],[-90.2314025,15.70495696],[-90.17872632,15.77458284],[-90.16652287,15.76995829],[-90.15920078,15.7748073],[-90.15605354,15.76758987],[-90.1497005,15.76377466],[-90.14282916,15.7681481],[-90.13872114,15.76511277],[-90.13712025,15.76725687],[-90.13201957,15.7631145],[-90.13100265,15.76857495],[-90.12825568,15.76823955],[-90.12828411,15.76054562],[-90.12040485,15.76239556],[-90.12323123,15.76440844],[-90.12052075,15.76636614],[-90.11717141,15.762425],[-90.11118183,15.76277791],[-90.11153839,15.76595809],[-90.10399252,15.7636825],[-90.10203862,15.76082537],[-90.09973454,15.7632149],[-90.08788013,15.76163538],[-90.08723333,15.75958356],[-90.0913667,15.75671969],[-90.08446038,15.75627171],[-90.08381259,15.75347598],[-90.0707415,15.75283431],[-90.0691496,15.75033741],[-90.04476737,15.74634496],[-90.03034827,15.74076458],[-90.02692618,15.74514721],[-90.02424167,15.73977034],[-90.01160383,15.74021931],[-90.00392639,15.73381882],[-89.99898017,15.73923084],[-89.99911997,15.73403488],[-89.99365236,15.73221788],[-89.99104226,15.73721944],[-89.98663696,15.73251606],[-89.98095999,15.73711723],[-89.976739,15.7346263],[-89.97124283,15.73735261],[-89.96929565,15.73454775],[-89.96160648,15.74073892],[-89.95986039,15.73813432],[-89.95661134,15.7405947]]]}},{"type":"Feature","properties":{"m":"San Rafael La Independencia","d":"Huehuetenango","cod":1314,"pop":14149,"iv":0.326,"exp":0.148,"sen":0.31,"cap":0.131,"inat":6.3,"isoc":5.7,"ides":6.6,"nfp":0,"nfph":0,"pfph":0,"ncr":0},"geometry":{"type":"Polygon","coordinates":[[[-91.46490168,15.73804283],[-91.51805061,15.70673895],[-91.52578748,15.6987587],[-91.53086322,15.68692244],[-91.54800442,15.69022853],[-91.55889065,15.69925064],[-91.56021209,15.71966197],[-91.56496945,15.7319412],[-91.54554203,15.74803032],[-91.53863542,15.76842715],[-91.53368791,15.76522265],[-91.4810471,15.75194209],[-91.47217513,15.74631047],[-91.46490168,15.73804283]]]}},{"type":"Feature","properties":{"m":"Uspantán","d":"Quiché","cod":1415,"pop":65872,"iv":0.397,"exp":0.161,"sen":0.306,"cap":0.07,"inat":3.8,"isoc":7.8,"ides":5.9,"nfp":6,"nfph":3,"pfph":1315,"ncr":0},"geometry":{"type":"Polygon","coordinates":[[[-90.79035476,15.69117252],[-90.79409524,15.68374294],[-90.7936306,15.67897911],[-90.79116743,15.67773228],[-90.77425009,15.67627221],[-90.73335019,15.66116876],[-90.69582797,15.6532198],[-90.69146266,15.64895252],[-90.66783038,15.65063557],[-90.65563504,15.64857208],[-90.65529397,15.645315],[-90.65980118,15.6410753],[-90.64532991,15.63361283],[-90.64403572,15.61950453],[-90.6387658,15.61629385],[-90.63726306,15.6114241],[-90.63001732,15.61069104],[-90.62984571,15.60230217],[-90.63419193,15.59100895],[-90.65326494,15.59055615],[-90.68612017,15.57172438],[-90.69641631,15.57104301],[-90.71263146,15.56351921],[-90.73060556,15.56467982],[-90.73593181,15.55975767],[-90.73745203,15.55491939],[-90.74237509,15.55258586],[-90.76767479,15.54850918],[-90.79262992,15.54762666],[-90.79948942,15.54317999],[-90.79679613,15.53758187],[-90.80544934,15.53251251],[-90.80915847,15.52710347],[-90.80209606,15.51014329],[-90.80185835,15.50371472],[-90.8135827,15.47990257],[-90.81277703,15.47450514],[-90.80448842,15.46182811],[-90.80525247,15.44539173],[-90.81200367,15.43490988],[-90.81356257,15.42503284],[-90.80818732,15.42039335],[-90.79552918,15.42994688],[-90.78562911,15.43245605],[-90.77762731,15.4305905],[-90.77382507,15.42667525],[-90.77282002,15.42042199],[-90.77778742,15.41329682],[-90.77851262,15.40618561],[-90.76731659,15.38492138],[-90.76717446,15.37406554],[-90.77209515,15.36859896],[-90.78947711,15.36525413],[-90.79949054,15.37037119],[-90.80873228,15.36896248],[-90.81181251,15.37952558],[-90.81822872,15.3814329],[-90.82519601,15.37590712],[-90.82922325,15.36717426],[-90.85647741,15.35856541],[-90.86228743,15.35170342],[-90.8625156,15.34707039],[-90.85870583,15.34350435],[-90.8460608,15.34214587],[-90.83461704,15.33509251],[-90.8122579,15.3310028],[-90.73718276,15.33854828],[-90.70600745,15.34486812],[-90.69262985,15.34443422],[-90.68598365,15.33803211],[-90.71698289,15.28537278],[-90.7446929,15.30210975],[-90.75317448,15.2787844],[-90.73310883,15.2661874],[-90.75522618,15.22314931],[-90.76423079,15.22237288],[-90.76992478,15.22515696],[-90.77920909,15.22289756],[-90.79235283,15.24052496],[-90.80396984,15.23643981],[-90.81372595,15.23696085],[-90.82005322,15.23338001],[-90.82656678,15.23587934],[-90.83421021,15.23228484],[-90.83941351,15.23256425],[-90.84890517,15.23542366],[-90.85750495,15.24177884],[-90.85857979,15.24517405],[-90.86665438,15.24738339],[-90.87350138,15.25628299],[-90.88779619,15.25681796],[-90.89593749,15.2944854],[-90.90194591,15.30763236],[-90.90170003,15.31297808],[-90.89669328,15.31894878],[-90.89763995,15.33920556],[-90.89239563,15.35577265],[-90.88723488,15.39136703],[-90.88572667,15.44401655],[-90.87992188,15.46118735],[-90.87143013,15.47677905],[-90.86975587,15.49441482],[-90.86608161,15.50582387],[-90.86841689,15.53673737],[-90.88008535,15.55875857],[-90.89803716,15.57454741],[-90.90198707,15.58856421],[-90.91182705,15.59671988],[-90.91561117,15.62258516],[-90.92161973,15.63108931],[-90.92816305,15.63804427],[-90.93200457,15.63893893],[-90.95366287,15.63603498],[-90.9608288,15.63781289],[-90.96203816,15.64257583],[-90.95815671,15.65601317],[-90.95866462,15.66203459],[-90.97823274,15.67146322],[-90.98279761,15.67868773],[-90.98302244,15.68665491],[-90.97869815,15.70144279],[-90.96252281,15.72270273],[-90.96270509,15.72758598],[-90.96958321,15.739182],[-90.93510999,15.74217539],[-90.90519453,15.71098415],[-90.87968578,15.70705037],[-90.88315098,15.70021937],[-90.87715791,15.69867265],[-90.87305262,15.69205727],[-90.86018318,15.69028724],[-90.85594835,15.68737932],[-90.8525271,15.69001226],[-90.84815869,15.68668162],[-90.83452222,15.68812361],[-90.83405866,15.69294039],[-90.82775452,15.69276601],[-90.82674774,15.69684438],[-90.82278898,15.69822686],[-90.82037289,15.70331209],[-90.81475512,15.70101189],[-90.81322254,15.7049505],[-90.81057084,15.70199207],[-90.80704607,15.70779895],[-90.80285598,15.70289152],[-90.80624798,15.69881583],[-90.80640761,15.69457438],[-90.79778968,15.69844275],[-90.79035476,15.69117252]]]}},{"type":"Feature","properties":{"m":"Cahabón","d":"Alta Verapaz","cod":1612,"pop":64911,"iv":0.38,"exp":0.089,"sen":0.373,"cap":0.081,"inat":3.7,"isoc":6,"ides":7.1,"nfp":8,"nfph":3,"pfph":469,"ncr":0},"geometry":{"type":"Polygon","coordinates":[[[-89.53629985,15.63629379],[-89.53416312,15.63415457],[-89.58303298,15.52179784],[-89.6380923,15.52589721],[-89.91161642,15.49352012],[-89.92646799,15.50064952],[-89.92846173,15.50935923],[-89.92574864,15.51314663],[-89.92743561,15.51946037],[-89.92451236,15.52347279],[-89.92792195,15.52611857],[-89.92715403,15.5355122],[-89.92974538,15.5360359],[-89.93126634,15.54016895],[-89.93010623,15.54444524],[-89.91762178,15.54929699],[-89.91788091,15.55327924],[-89.92354603,15.560511],[-89.92288522,15.56567794],[-89.91343847,15.57036738],[-89.90622161,15.56888451],[-89.90909815,15.58169482],[-89.94978323,15.66350218],[-89.93663917,15.67145761],[-89.9341811,15.7190484],[-89.71089555,15.72555157],[-89.71556545,15.71799002],[-89.71978185,15.70133261],[-89.72445365,15.6417853],[-89.72344567,15.63158326],[-89.72915786,15.6222004],[-89.72658564,15.61423654],[-89.6996798,15.62644422],[-89.69493244,15.63320448],[-89.68499045,15.63506751],[-89.68715651,15.63814147],[-89.68579548,15.63952921],[-89.6768119,15.63845539],[-89.67408286,15.63383923],[-89.66753862,15.6325211],[-89.65606222,15.63647411],[-89.65154945,15.63584549],[-89.64700858,15.63905188],[-89.63769019,15.63875898],[-89.63297803,15.6432375],[-89.63000185,15.64179363],[-89.62517881,15.64457085],[-89.61520555,15.64200105],[-89.59641579,15.64642876],[-89.58240684,15.64302409],[-89.56991839,15.63586696],[-89.53629985,15.63629379]]]}},{"type":"Feature","properties":{"m":"Soloma","d":"Huehuetenango","cod":1308,"pop":49030,"iv":0.218,"exp":0.185,"sen":0.217,"cap":0.184,"inat":7,"isoc":5.3,"ides":5.4,"nfp":2,"nfph":0,"pfph":0,"ncr":0},"geometry":{"type":"Polygon","coordinates":[[[-91.33174895,15.68940059],[-91.34145743,15.68304658],[-91.36384974,15.67542942],[-91.37652668,15.67687043],[-91.41975791,15.6746959],[-91.42279747,15.67163257],[-91.42289617,15.6586178],[-91.42752492,15.65269405],[-91.43138078,15.65352492],[-91.45992506,15.67517545],[-91.46678439,15.67621779],[-91.48837812,15.6699793],[-91.50205051,15.66867918],[-91.51947422,15.67220959],[-91.53062787,15.67189837],[-91.53159885,15.67970027],[-91.52896626,15.69272007],[-91.51805061,15.70673895],[-91.46490168,15.73804283],[-91.45883729,15.73324728],[-91.45309039,15.73216274],[-91.42880205,15.74108559],[-91.40852498,15.74230884],[-91.38214772,15.7347841],[-91.36701721,15.72456968],[-91.34160183,15.71443348],[-91.33174895,15.68940059]]]}},{"type":"Feature","properties":{"m":"La Democracia","d":"Huehuetenango","cod":1312,"pop":55434,"iv":0.448,"exp":0.152,"sen":0.452,"cap":0.155,"inat":7.3,"isoc":4.3,"ides":4.8,"nfp":2,"nfph":0,"pfph":0,"ncr":0},"geometry":{"type":"Polygon","coordinates":[[[-91.8220769,15.66086048],[-91.81989016,15.65256216],[-91.82138549,15.6351847],[-91.81986808,15.62477482],[-91.8037874,15.5932884],[-91.79512214,15.56970795],[-91.79439456,15.53931239],[-91.79644571,15.525165],[-91.7981347,15.52067838],[-91.81080572,15.51903972],[-91.82160815,15.5142854],[-91.85251443,15.49648597],[-91.8539486,15.51311436],[-91.86252687,15.54410689],[-91.89343473,15.59443577],[-91.91576712,15.61438727],[-91.93998012,15.62683747],[-91.95850082,15.62825607],[-91.98864117,15.63803429],[-91.92973937,15.73832849],[-91.92630359,15.73455692],[-91.91903394,15.70691397],[-91.91330046,15.69707792],[-91.90743482,15.69387364],[-91.89872263,15.69364914],[-91.86919735,15.70368103],[-91.85856957,15.70063947],[-91.84094238,15.68723212],[-91.8220769,15.66086048]]]}},{"type":"Feature","properties":{"m":"El Estor","d":"Izabal","cod":1803,"pop":73328,"iv":0.304,"exp":0.201,"sen":0.237,"cap":0.133,"inat":7.2,"isoc":4.6,"ides":5.8,"nfp":50,"nfph":18,"pfph":3217,"ncr":0},"geometry":{"type":"Polygon","coordinates":[[[-89.09995121,15.57990774],[-89.10767333,15.5831904],[-89.12470395,15.58123992],[-89.13118659,15.57096071],[-89.15072205,15.5679719],[-89.15357154,15.56289526],[-89.16036388,15.56344342],[-89.15799209,15.56840291],[-89.16834227,15.57124107],[-89.17918836,15.58052909],[-89.18808084,15.57973612],[-89.1941664,15.57120157],[-89.20200954,15.56901246],[-89.2139708,15.56916745],[-89.22614715,15.57322756],[-89.23394817,15.56586549],[-89.24483554,15.56352971],[-89.24670393,15.55822662],[-89.24412774,15.55189007],[-89.24611659,15.54346519],[-89.25425424,15.53243591],[-89.26243229,15.5290603],[-89.26740562,15.52232104],[-89.27504061,15.5187473],[-89.28157351,15.52167429],[-89.28346472,15.51710574],[-89.28639496,15.51828872],[-89.28624134,15.51630326],[-89.29184892,15.5201837],[-89.3029483,15.51777173],[-89.30261807,15.52328865],[-89.30569186,15.52827645],[-89.31285045,15.53150289],[-89.32024647,15.52675078],[-89.32332387,15.52757203],[-89.32648993,15.52438816],[-89.33854616,15.52238827],[-89.35023402,15.51628417],[-89.35636007,15.5186285],[-89.36319148,15.51082586],[-89.37219924,15.50907656],[-89.37521776,15.50503613],[-89.38170721,15.50365472],[-89.39099399,15.47881096],[-89.39984782,15.48081294],[-89.39924316,15.47858312],[-89.40615166,15.46895091],[-89.41068645,15.46749711],[-89.41297778,15.46968595],[-89.41245851,15.46792325],[-89.41566474,15.46708324],[-89.40141081,15.4668874],[-89.40878749,15.45875224],[-89.40955719,15.45755016],[-89.40898565,15.45691163],[-89.39519838,15.47198533],[-89.39070013,15.47377599],[-89.385383,15.46110352],[-89.39701679,15.45152997],[-89.38958388,15.45377407],[-89.38110473,15.46034359],[-89.37765228,15.45617949],[-89.37607558,15.45778555],[-89.37913605,15.45947249],[-89.37672038,15.45891507],[-89.3747987,15.46626403],[-89.36928425,15.47242314],[-89.37253955,15.48227951],[-89.3663831,15.48329898],[-89.36425928,15.48167997],[-89.36591573,15.47566987],[-89.36387775,15.47229504],[-89.36883194,15.46785845],[-89.36876387,15.46091945],[-89.36175134,15.46215712],[-89.35853797,15.46634945],[-89.35908114,15.47571808],[-89.35308179,15.47234947],[-89.35408171,15.46628265],[-89.36410503,15.45668001],[-89.36473472,15.45013449],[-89.3558271,15.45068197],[-89.35068687,15.46020622],[-89.34579229,15.45917656],[-89.33974817,15.44698893],[-89.33040406,15.43910694],[-89.32581567,15.43034434],[-89.32610151,15.42269002],[-89.32945186,15.42080406],[-89.33277637,15.42272957],[-89.34497438,15.41057739],[-89.3635919,15.40516674],[-89.36514088,15.40013657],[-89.36989318,15.39912016],[-89.37128344,15.39789331],[-89.3675099,15.3990309],[-89.36738292,15.39562535],[-89.37076464,15.39084614],[-89.37122767,15.38964952],[-89.37098334,15.38887371],[-89.37331096,15.38821194],[-89.37487581,15.38458184],[-89.37155311,15.38822443],[-89.37166884,15.3858155],[-89.36628611,15.39779013],[-89.36180705,15.395266],[-89.36494623,15.38959432],[-89.36489749,15.38814391],[-89.37052508,15.3842256],[-89.37343485,15.38051567],[-89.37372684,15.37938545],[-89.37597812,15.37857851],[-89.37673091,15.37792933],[-89.37357239,15.37927181],[-89.36867261,15.38486507],[-89.37125207,15.38013089],[-89.37194316,15.37683803],[-89.37180256,15.3749622],[-89.37745235,15.37068064],[-89.37168587,15.37491525],[-89.37117855,15.37987947],[-89.36774165,15.38531764],[-89.36791456,15.38173545],[-89.3690435,15.38096542],[-89.37082691,15.37860221],[-89.37087988,15.37656064],[-89.3697948,15.37992645],[-89.36786912,15.38147112],[-89.36755462,15.38318209],[-89.36772263,15.37990216],[-89.36724935,15.38035704],[-89.36619323,15.38632918],[-89.36475229,15.3880582],[-89.36462779,15.38964296],[-89.36282978,15.39164159],[-89.36443872,15.38820249],[-89.3644252,15.38395418],[-89.36608851,15.38156091],[-89.36489255,15.38218229],[-89.36402643,15.38475108],[-89.364221,15.38844558],[-89.36270366,15.38943285],[-89.36316498,15.3821572],[-89.36208799,15.38463146],[-89.36254771,15.38212555],[-89.3616368,15.38404748],[-89.36022672,15.38199364],[-89.3624947,15.39313028],[-89.3524851,15.4078279],[-89.34540661,15.40939729],[-89.33431644,15.41834271],[-89.32913788,15.41679147],[-89.32514326,15.40416806],[-89.32702301,15.40081242],[-89.33303855,15.39978361],[-89.34110882,15.39306808],[-89.34317525,15.39413882],[-89.34440984,15.39359406],[-89.34250929,15.39264101],[-89.34174964,15.38287484],[-89.3389664,15.38111386],[-89.33998817,15.37866813],[-89.33855583,15.38015958],[-89.33629402,15.37657326],[-89.34155834,15.37075249],[-89.33378577,15.3750798],[-89.32598781,15.36493883],[-89.30852573,15.35718925],[-89.30752992,15.35440152],[-89.30443971,15.35527926],[-89.30711344,15.35657524],[-89.29145538,15.369919],[-89.27463549,15.37124801],[-89.27115437,15.3753607],[-89.27113167,15.38266316],[-89.26540473,15.39021656],[-89.26709922,15.39311957],[-89.2652523,15.39235715],[-89.26682678,15.39334002],[-89.2638415,15.39738026],[-89.24417705,15.40863818],[-89.24885868,15.41517544],[-89.26978778,15.40710521],[-89.264405,15.41376378],[-89.25864493,15.4160215],[-89.24812009,15.41576169],[-89.23559783,15.41288674],[-89.21618999,15.41532681],[-89.21552428,15.39275158],[-89.21173516,15.38569014],[-89.20271144,15.38524514],[-89.20241321,15.37819926],[-89.20025491,15.37589292],[-89.21206466,15.33433877],[-89.2072926,15.31606109],[-89.21225616,15.30646615],[-89.21224571,15.30126935],[-89.21871346,15.29193426],[-89.22241228,15.29022811],[-89.22994916,15.29558029],[-89.23627748,15.29607614],[-89.25169271,15.28299858],[-89.25395618,15.28461688],[-89.25222103,15.29419073],[-89.25411292,15.29736402],[-89.26993563,15.29302969],[-89.29708736,15.29249641],[-89.30581442,15.28606632],[-89.30741027,15.27381904],[-89.31009958,15.2726462],[-89.31529466,15.27378433],[-89.32444655,15.27134133],[-89.33004287,15.27594001],[-89.33760861,15.27726996],[-89.34756297,15.274028],[-89.35616952,15.27775019],[-89.36272797,15.27719921],[-89.38289931,15.26678943],[-89.39528049,15.24599355],[-89.39529567,15.23757637],[-89.40184869,15.2380968],[-89.40845455,15.22641183],[-89.42126614,15.21550244],[-89.45846849,15.19923386],[-89.49418887,15.18911679],[-89.51066829,15.18115556],[-89.53540409,15.17401739],[-89.5493407,15.17358604],[-89.56350075,15.18135709],[-89.61310015,15.16052129],[-89.62683199,15.16153075],[-89.61309993,15.18657655],[-89.57604103,15.2418738],[-89.56730657,15.26627665],[-89.56803496,15.29286091],[-89.56320721,15.30008273],[-89.56668637,15.30936513],[-89.55776988,15.31256441],[-89.53796129,15.31128213],[-89.53527199,15.31972999],[-89.54720684,15.3369586],[-89.54656424,15.34403803],[-89.54116493,15.34989386],[-89.51773393,15.35825521],[-89.51203981,15.36341723],[-89.51333654,15.36794964],[-89.52457652,15.38036997],[-89.51412298,15.41573107],[-89.51644994,15.41893138],[-89.52674943,15.42006433],[-89.53294194,15.42441836],[-89.53010475,15.43631726],[-89.516401,15.45291857],[-89.53209637,15.4658371],[-89.5355104,15.46056264],[-89.5454213,15.45499802],[-89.55537484,15.46637899],[-89.56000746,15.4654096],[-89.57094448,15.47374642],[-89.58620551,15.47543133],[-89.58962351,15.48081791],[-89.58621548,15.48626952],[-89.56692422,15.49894904],[-89.56699031,15.50269395],[-89.57276547,15.50996228],[-89.5815921,15.51544989],[-89.58216176,15.52494603],[-89.53928953,15.62164131],[-89.53416312,15.63415457],[-89.53629985,15.63629379],[-89.53215016,15.63769721],[-89.49356225,15.71091229],[-89.45698586,15.65969323],[-89.41696067,15.66288856],[-89.39052609,15.66207378],[-89.38007166,15.66438747],[-89.36774801,15.66342393],[-89.36252369,15.65854821],[-89.31922137,15.65954548],[-89.30332339,15.66460415],[-89.15994081,15.65977413],[-89.09995121,15.57990774]]]}},{"type":"Feature","properties":{"m":"San Juan Ixcoy","d":"Huehuetenango","cod":1323,"pop":23204,"iv":0.255,"exp":0.143,"sen":0.253,"cap":0.14,"inat":7.2,"isoc":5.9,"ides":6.4,"nfp":1,"nfph":0,"pfph":0,"ncr":0},"geometry":{"type":"Polygon","coordinates":[[[-91.21387459,15.6625674],[-91.21445069,15.66033546],[-91.21695737,15.6621452],[-91.22167721,15.65867273],[-91.2164266,15.65465265],[-91.21452621,15.64505464],[-91.21734749,15.64363395],[-91.22524816,15.65017531],[-91.23058725,15.65062967],[-91.23394507,15.64680134],[-91.2314145,15.63942707],[-91.24244784,15.64374287],[-91.28200139,15.64445181],[-91.30942859,15.64773774],[-91.3360364,15.6287854],[-91.34952943,15.62669459],[-91.36490762,15.61758124],[-91.37648171,15.61429159],[-91.3860682,15.61320769],[-91.42800114,15.61879559],[-91.43706733,15.6109364],[-91.43734754,15.60179661],[-91.44035053,15.59482151],[-91.44336533,15.59336292],[-91.45158082,15.59387961],[-91.46641637,15.60556686],[-91.48189927,15.60127853],[-91.4893251,15.59588202],[-91.4896515,15.6211998],[-91.4947371,15.62888769],[-91.53618225,15.6387723],[-91.53236886,15.64911132],[-91.53062787,15.67189837],[-91.51947422,15.67220959],[-91.50205051,15.66867918],[-91.46323325,15.67595676],[-91.45532735,15.67282709],[-91.43138078,15.65352492],[-91.42752492,15.65269405],[-91.42289617,15.6586178],[-91.42279747,15.67163257],[-91.41975791,15.6746959],[-91.37652668,15.67687043],[-91.36384974,15.67542942],[-91.34145743,15.68304658],[-91.33174895,15.68940059],[-91.28845699,15.68794198],[-91.23237286,15.67596687],[-91.22089304,15.67074198],[-91.21387459,15.6625674]]]}},{"type":"Feature","properties":{"m":"Lanquín","d":"Alta Verapaz","cod":1611,"pop":24099,"iv":0.408,"exp":0.074,"sen":0.406,"cap":0.072,"inat":6.6,"isoc":6.7,"ides":7.8,"nfp":0,"nfph":0,"pfph":0,"ncr":0},"geometry":{"type":"Polygon","coordinates":[[[-89.91161642,15.49352012],[-89.96369917,15.49539097],[-89.97800023,15.49404628],[-89.9862883,15.48938032],[-90.01008738,15.50708894],[-90.01701854,15.50543533],[-90.02208014,15.50819806],[-90.03022341,15.50775011],[-90.03375619,15.5026469],[-90.0405208,15.50355715],[-90.05123649,15.49627854],[-90.05959684,15.49856293],[-90.06837467,15.49714212],[-90.06985755,15.50202704],[-90.06737557,15.60097943],[-89.94978323,15.66350218],[-89.90909815,15.58169482],[-89.90622161,15.56888451],[-89.91343847,15.57036738],[-89.92288522,15.56567794],[-89.92354603,15.560511],[-89.91788091,15.55327924],[-89.91762178,15.54929699],[-89.93010623,15.54444524],[-89.93126634,15.54016895],[-89.92974538,15.5360359],[-89.92715403,15.5355122],[-89.92792195,15.52611857],[-89.92451236,15.52347279],[-89.92743561,15.51946037],[-89.92574864,15.51314663],[-89.92846173,15.50935923],[-89.92646799,15.50064952],[-89.91161642,15.49352012]]]}},{"type":"Feature","properties":{"m":"Morales","d":"Izabal","cod":1804,"pop":100361,"iv":0.302,"exp":0.182,"sen":0.182,"cap":0.062,"inat":6.6,"isoc":5,"ides":6.1,"nfp":169,"nfph":105,"pfph":18681,"ncr":0},"geometry":{"type":"Polygon","coordinates":[[[-88.48936644,15.50193136],[-88.50274692,15.49362503],[-88.54594638,15.45138373],[-88.55191145,15.44699053],[-88.55903778,15.44614172],[-88.56179231,15.44302169],[-88.56110754,15.43839892],[-88.56469517,15.43686005],[-88.56978871,15.42882028],[-88.58348204,15.4198708],[-88.59284519,15.42118662],[-88.61213913,15.4079364],[-88.67624473,15.34374992],[-88.84733525,15.24215815],[-88.87015191,15.22266782],[-88.87857825,15.23506395],[-88.89121079,15.23341499],[-88.89410172,15.23537588],[-88.88974538,15.24456499],[-88.8905025,15.25095776],[-88.88714875,15.25998469],[-88.89417922,15.26244678],[-88.90454378,15.27898048],[-88.91357076,15.28390651],[-88.92534706,15.27762396],[-88.93240503,15.28251794],[-88.95224788,15.28668741],[-88.95110772,15.29196798],[-88.93857172,15.30781759],[-88.92609944,15.30870669],[-88.92705287,15.33914019],[-88.92459284,15.34320998],[-88.91950959,15.34553571],[-88.91929374,15.34817833],[-88.92381994,15.35131827],[-88.91434742,15.36260591],[-88.91805896,15.36942068],[-88.92294509,15.37226852],[-88.9328015,15.37222235],[-88.94874744,15.39933286],[-88.95800208,15.40652812],[-88.98407455,15.40611279],[-88.99659877,15.40824942],[-89.00430348,15.42023178],[-89.00813396,15.42088043],[-89.02870716,15.41244759],[-89.03296907,15.42923627],[-89.03846143,15.43511323],[-89.03699094,15.43870484],[-89.02670037,15.4438898],[-89.00014234,15.45448042],[-88.98460123,15.45763628],[-88.97528316,15.46799521],[-88.97371891,15.47695788],[-88.97561354,15.48903848],[-88.98190542,15.50265506],[-88.9796329,15.5147162],[-88.98351635,15.51597924],[-88.98656358,15.55294618],[-88.9766841,15.55080969],[-88.96281574,15.55184918],[-88.94391082,15.56108892],[-88.90877608,15.55468172],[-88.90370255,15.55022911],[-88.88956237,15.55365834],[-88.8654241,15.56995154],[-88.83669622,15.57190117],[-88.82401238,15.56843135],[-88.81511063,15.57244849],[-88.80024233,15.56906994],[-88.79121338,15.57352214],[-88.76306312,15.57353705],[-88.7433007,15.57911577],[-88.7253081,15.58827704],[-88.70495939,15.5844753],[-88.69164972,15.58573876],[-88.68094696,15.58362333],[-88.66701127,15.58831914],[-88.66043706,15.58599106],[-88.64791806,15.59044747],[-88.63496248,15.59116984],[-88.63040854,15.59739756],[-88.62575264,15.61358693],[-88.61771941,15.61865805],[-88.60777558,15.6209885],[-88.58828553,15.61666302],[-88.58005491,15.61003722],[-88.57210777,15.59906713],[-88.55462321,15.59372134],[-88.55555443,15.58048696],[-88.5646521,15.55884527],[-88.55626099,15.55005189],[-88.54680107,15.54441194],[-88.54375432,15.53039948],[-88.5228184,15.52425024],[-88.50983744,15.50698476],[-88.48936644,15.50193136]]]}},{"type":"Feature","properties":{"m":"Chiantla","d":"Huehuetenango","cod":1302,"pop":87447,"iv":0.321,"exp":0.096,"sen":0.327,"cap":0.102,"inat":9.3,"isoc":5.4,"ides":6.5,"nfp":2,"nfph":1,"pfph":221,"ncr":0},"geometry":{"type":"Polygon","coordinates":[[[-91.2314145,15.63942707],[-91.23655498,15.63391296],[-91.23301776,15.63191781],[-91.23352721,15.63001058],[-91.24367596,15.6230375],[-91.25125729,15.62396447],[-91.25236118,15.62087354],[-91.25903781,15.61795112],[-91.27208926,15.62246325],[-91.276515,15.61560944],[-91.27993063,15.61704716],[-91.28225257,15.60529885],[-91.29353243,15.6039261],[-91.29464625,15.59820171],[-91.27585442,15.59094168],[-91.273583,15.58576134],[-91.31953682,15.55550976],[-91.31963453,15.53771579],[-91.33101819,15.5278237],[-91.34061756,15.50392739],[-91.33429874,15.4797259],[-91.3414164,15.45456789],[-91.33982729,15.43185016],[-91.34513298,15.42184333],[-91.37462972,15.39442148],[-91.37888795,15.38768325],[-91.38147749,15.37345853],[-91.37477739,15.35442697],[-91.39850781,15.36143587],[-91.4291682,15.35814172],[-91.45296126,15.35197469],[-91.4956799,15.37543088],[-91.5228983,15.37932333],[-91.51075111,15.40636627],[-91.5060756,15.423999],[-91.50696162,15.43772725],[-91.51274944,15.45438407],[-91.50984881,15.47117793],[-91.51226965,15.47875129],[-91.5094948,15.48759006],[-91.51183203,15.53139922],[-91.50839569,15.54191112],[-91.48694846,15.55747882],[-91.48619857,15.56384324],[-91.49281672,15.58622961],[-91.48612781,15.5991284],[-91.46641637,15.60556686],[-91.45158082,15.59387961],[-91.44336533,15.59336292],[-91.44035053,15.59482151],[-91.43734754,15.60179661],[-91.43706733,15.6109364],[-91.4300502,15.61815049],[-91.3860682,15.61320769],[-91.37648171,15.61429159],[-91.36490762,15.61758124],[-91.34952943,15.62669459],[-91.3360364,15.6287854],[-91.30942859,15.64773774],[-91.28200139,15.64445181],[-91.24244784,15.64374287],[-91.2314145,15.63942707]]]}},{"type":"Feature","properties":{"m":"La Libertad","d":"Huehuetenango","cod":1311,"pop":38234,"iv":0.394,"exp":0.198,"sen":0.381,"cap":0.185,"inat":5.9,"isoc":4.9,"ides":5.5,"nfp":1,"nfph":0,"pfph":0,"ncr":0},"geometry":{"type":"Polygon","coordinates":[[[-91.85251443,15.49648597],[-91.85685037,15.45721575],[-91.86682891,15.4415408],[-91.87247312,15.46059854],[-91.87484863,15.49552507],[-91.88135398,15.51115206],[-91.91396495,15.55219547],[-91.95401737,15.58157426],[-91.97838875,15.60348868],[-92.00159728,15.61618632],[-91.98864117,15.63803429],[-91.95850082,15.62825607],[-91.93998012,15.62683747],[-91.91576712,15.61438727],[-91.89343473,15.59443577],[-91.86252687,15.54410689],[-91.8539486,15.51311436],[-91.85251443,15.49648597]]]}},{"type":"Feature","properties":{"m":"Cuilco","d":"Huehuetenango","cod":1304,"pop":60395,"iv":0.484,"exp":0.279,"sen":0.372,"cap":0.167,"inat":9.3,"isoc":5.8,"ides":6.8,"nfp":6,"nfph":3,"pfph":404,"ncr":0},"geometry":{"type":"Polygon","coordinates":[[[-91.86682891,15.4415408],[-91.86477132,15.41909574],[-91.88081478,15.38111329],[-91.88121088,15.36220929],[-91.93712887,15.32205899],[-91.95634809,15.32098122],[-91.97893284,15.2966862],[-91.99255224,15.31596989],[-91.99647835,15.32814492],[-91.99532164,15.33836369],[-91.97580191,15.36419969],[-91.98352081,15.40494755],[-92.01246359,15.42730558],[-92.02739772,15.44730868],[-92.039811,15.45061145],[-92.06031793,15.45118294],[-92.07756275,15.45823977],[-92.08730548,15.45500767],[-92.09463019,15.45920623],[-92.00159728,15.61618632],[-91.97838875,15.60348868],[-91.95401737,15.58157426],[-91.91761287,15.55538172],[-91.88366249,15.51440547],[-91.87484863,15.49552507],[-91.87247312,15.46059854],[-91.86682891,15.4415408]]]}},{"type":"Feature","properties":{"m":"Chicamán","d":"Quiché","cod":1419,"pop":39731,"iv":0.522,"exp":0.231,"sen":0.361,"cap":0.07,"inat":4.4,"isoc":7,"ides":6.7,"nfp":4,"nfph":2,"pfph":10,"ncr":0},"geometry":{"type":"Polygon","coordinates":[[[-90.63554261,15.59042271],[-90.64126896,15.58743181],[-90.64047717,15.58050315],[-90.63281522,15.57515732],[-90.62287401,15.5737944],[-90.61346041,15.55599938],[-90.61346503,15.54609927],[-90.60782251,15.53767486],[-90.604234,15.50517789],[-90.61090096,15.50212996],[-90.61239121,15.4980638],[-90.61959177,15.50004993],[-90.62911408,15.48866876],[-90.64001526,15.48385382],[-90.64207475,15.47599002],[-90.65109676,15.46807707],[-90.64946928,15.4489455],[-90.66279109,15.43527507],[-90.66701209,15.43465322],[-90.67777229,15.44113542],[-90.70208389,15.44313237],[-90.71075396,15.42733351],[-90.71777532,15.41979184],[-90.71475373,15.41206208],[-90.7168107,15.40434388],[-90.71386243,15.38911835],[-90.70749985,15.37948967],[-90.69953252,15.37423175],[-90.69534105,15.36603579],[-90.66793304,15.35819768],[-90.6629915,15.35991214],[-90.65732974,15.35441058],[-90.64577608,15.34969035],[-90.60895098,15.34204627],[-90.60633511,15.34361725],[-90.59957245,15.34049103],[-90.59625632,15.34422027],[-90.57382529,15.34116102],[-90.56791519,15.34255224],[-90.56205596,15.33955564],[-90.54075414,15.3417993],[-90.52775459,15.34070027],[-90.50890866,15.3337154],[-90.50081601,15.3337604],[-90.48532995,15.32355591],[-90.48088813,15.30335342],[-90.48231558,15.29688463],[-90.49066411,15.28953715],[-90.49280657,15.27582347],[-90.49890777,15.27357122],[-90.4953955,15.26684602],[-90.50268621,15.26558932],[-90.50372158,15.25933156],[-90.51147672,15.25841846],[-90.51418761,15.24871931],[-90.52062784,15.24484853],[-90.52180345,15.24020803],[-90.52764879,15.23625251],[-90.52724304,15.22792909],[-90.53336199,15.21716828],[-90.54437574,15.2071394],[-90.55601112,15.24749647],[-90.63041573,15.25023058],[-90.63420171,15.31108399],[-90.67721872,15.35168028],[-90.68598365,15.33803211],[-90.69262985,15.34443422],[-90.70600745,15.34486812],[-90.73718276,15.33854828],[-90.8122579,15.3310028],[-90.83461704,15.33509251],[-90.8460608,15.34214587],[-90.85870583,15.34350435],[-90.8625156,15.34707039],[-90.86228743,15.35170342],[-90.85647741,15.35856541],[-90.82922325,15.36717426],[-90.82519601,15.37590712],[-90.81822872,15.3814329],[-90.81181251,15.37952558],[-90.80873228,15.36896248],[-90.79949054,15.37037119],[-90.78947711,15.36525413],[-90.77209515,15.36859896],[-90.76717446,15.37406554],[-90.76731659,15.38492138],[-90.77851262,15.40618561],[-90.77778742,15.41329682],[-90.77282002,15.42042199],[-90.77382507,15.42667525],[-90.77762731,15.4305905],[-90.78562911,15.43245605],[-90.79552918,15.42994688],[-90.80818732,15.42039335],[-90.81356257,15.42503284],[-90.81200367,15.43490988],[-90.80525247,15.44539173],[-90.80448842,15.46182811],[-90.81277703,15.47450514],[-90.8135827,15.47990257],[-90.80185835,15.50371472],[-90.80209606,15.51014329],[-90.80915847,15.52710347],[-90.80544934,15.53251251],[-90.79679613,15.53758187],[-90.79972268,15.54107038],[-90.79868172,15.54447636],[-90.78832277,15.5487377],[-90.76767479,15.54850918],[-90.74237509,15.55258586],[-90.73745203,15.55491939],[-90.73593181,15.55975767],[-90.73060556,15.56467982],[-90.71263146,15.56351921],[-90.69641631,15.57104301],[-90.68612017,15.57172438],[-90.65326494,15.59055615],[-90.64057209,15.59218533],[-90.63554261,15.59042271]]]}},{"type":"Feature","properties":{"m":"Los Amates","d":"Izabal","cod":1805,"pop":60914,"iv":0.268,"exp":0.14,"sen":0.19,"cap":0.062,"inat":6.5,"isoc":5.1,"ides":5.8,"nfp":72,"nfph":41,"pfph":8004,"ncr":0},"geometry":{"type":"Polygon","coordinates":[[[-88.87015191,15.22266782],[-88.97543069,15.13622245],[-89.15425227,15.06795056],[-89.16257414,15.07525414],[-89.16303494,15.07903943],[-89.16609771,15.07759455],[-89.16820821,15.08306135],[-89.17553904,15.08609099],[-89.17798915,15.0957223],[-89.18663081,15.105245],[-89.1866105,15.10897823],[-89.17881645,15.11506045],[-89.17969806,15.13002983],[-89.18233149,15.1333376],[-89.17996413,15.1370085],[-89.1804739,15.14195759],[-89.18740841,15.14408612],[-89.19028859,15.14773415],[-89.18972695,15.15467633],[-89.1925252,15.1629048],[-89.19715092,15.16423501],[-89.19796678,15.16751203],[-89.1955759,15.17247871],[-89.20153635,15.17510606],[-89.20086158,15.17808945],[-89.20556748,15.17622422],[-89.21999964,15.18141679],[-89.20958134,15.189883],[-89.17465463,15.20802896],[-89.17565283,15.26723159],[-89.1863319,15.26888129],[-89.18638365,15.27983013],[-89.18971954,15.28324831],[-89.21368182,15.27352265],[-89.21782886,15.27398421],[-89.22143822,15.2792588],[-89.22241228,15.29022811],[-89.21446973,15.29670148],[-89.2072926,15.31606109],[-89.21206466,15.33433877],[-89.20025491,15.37589292],[-89.20241321,15.37819926],[-89.20271144,15.38524514],[-89.21173516,15.38569014],[-89.21552428,15.39275158],[-89.21628209,15.41517414],[-89.20302995,15.4075532],[-89.1888283,15.40680434],[-89.1872441,15.40874485],[-89.17868392,15.40483208],[-89.17170182,15.40711267],[-89.1551827,15.4033598],[-89.14339306,15.40639927],[-89.12754944,15.40622816],[-89.11113197,15.41860506],[-89.09896028,15.41616596],[-89.09335323,15.41736244],[-89.08586635,15.42526795],[-89.07905912,15.4273665],[-89.07906089,15.43195068],[-89.07314903,15.43923755],[-89.0630031,15.44111262],[-89.05348613,15.4521736],[-89.03439156,15.46409807],[-89.03129833,15.47116533],[-89.02387073,15.47361342],[-89.02167044,15.47670825],[-89.02190958,15.48503118],[-89.0092031,15.49010034],[-88.99993805,15.50195202],[-88.98764357,15.50412672],[-88.9837013,15.51008251],[-88.98351635,15.51597924],[-88.9796329,15.5147162],[-88.98190542,15.50265506],[-88.97561354,15.48903848],[-88.97371891,15.47695788],[-88.97792259,15.46292007],[-88.98460123,15.45763628],[-89.00014234,15.45448042],[-89.02670037,15.4438898],[-89.03699094,15.43870484],[-89.03795653,15.4333539],[-89.03296907,15.42923627],[-89.02870716,15.41244759],[-89.00813396,15.42088043],[-89.00430348,15.42023178],[-88.99659877,15.40824942],[-88.98407455,15.40611279],[-88.96234021,15.40743481],[-88.95297134,15.40420478],[-88.9328015,15.37222235],[-88.92294509,15.37226852],[-88.91805896,15.36942068],[-88.91434742,15.36260591],[-88.92381994,15.35131827],[-88.91929374,15.34817833],[-88.91950959,15.34553571],[-88.92459284,15.34320998],[-88.92705287,15.33914019],[-88.92609944,15.30870669],[-88.93857172,15.30781759],[-88.95110772,15.29196798],[-88.95224788,15.28668741],[-88.93240503,15.28251794],[-88.92534706,15.27762396],[-88.91357076,15.28390651],[-88.90454378,15.27898048],[-88.89417922,15.26244678],[-88.88714875,15.25998469],[-88.8905025,15.25095776],[-88.88974538,15.24456499],[-88.89410172,15.23537588],[-88.89121079,15.23341499],[-88.87857825,15.23506395],[-88.87015191,15.22266782]]]}},{"type":"Feature","properties":{"m":"Senahú","d":"Alta Verapaz","cod":1608,"pop":91974,"iv":0.309,"exp":0.1,"sen":0.299,"cap":0.09,"inat":4.5,"isoc":7,"ides":7,"nfp":0,"nfph":0,"pfph":0,"ncr":0},"geometry":{"type":"Polygon","coordinates":[[[-89.60597558,15.52330078],[-89.64474689,15.46570078],[-89.64760556,15.40817565],[-89.72570865,15.37244536],[-89.72841506,15.35266941],[-89.78339768,15.34667607],[-89.80112665,15.33936515],[-89.80941925,15.3404478],[-89.82709133,15.33648349],[-89.88466586,15.34022642],[-89.88344919,15.33129742],[-89.87592112,15.32349912],[-89.90098708,15.32314542],[-89.90208022,15.31987611],[-89.91738165,15.32967403],[-89.96820493,15.31776233],[-89.9904232,15.31768028],[-90.00218904,15.31802595],[-90.02814683,15.33619342],[-90.11180066,15.35563667],[-90.11146594,15.37916598],[-89.94655143,15.41599397],[-89.96505268,15.47108528],[-89.96035334,15.4951813],[-89.91692784,15.49244528],[-89.6380923,15.52589721],[-89.60597558,15.52330078]]]}},{"type":"Feature","properties":{"m":"Panzós","d":"Alta Verapaz","cod":1607,"pop":71846,"iv":0.236,"exp":0.163,"sen":0.269,"cap":0.195,"inat":7.2,"isoc":7.4,"ides":9.1,"nfp":43,"nfph":23,"pfph":3176,"ncr":0},"geometry":{"type":"Polygon","coordinates":[[[-89.58303298,15.52179784],[-89.5815921,15.51544989],[-89.57276547,15.50996228],[-89.56699031,15.50269395],[-89.56692422,15.49894904],[-89.58621548,15.48626952],[-89.58912945,15.47791713],[-89.58272962,15.47439371],[-89.57094448,15.47374642],[-89.56000746,15.4654096],[-89.55537484,15.46637899],[-89.5454213,15.45499802],[-89.54135912,15.45581809],[-89.53209637,15.4658371],[-89.52964265,15.46563052],[-89.5234843,15.45746642],[-89.516401,15.45291857],[-89.53010475,15.43631726],[-89.53294194,15.42441836],[-89.52674943,15.42006433],[-89.51644994,15.41893138],[-89.51412298,15.41573107],[-89.52457652,15.38036997],[-89.51333654,15.36794964],[-89.51203981,15.36341723],[-89.51773393,15.35825521],[-89.54116493,15.34989386],[-89.54656424,15.34403803],[-89.54720684,15.3369586],[-89.53527199,15.31972999],[-89.53639632,15.31295036],[-89.53958646,15.31036967],[-89.55776988,15.31256441],[-89.56668637,15.30936513],[-89.56320721,15.30008273],[-89.56803496,15.29286091],[-89.56730657,15.26627665],[-89.57604103,15.2418738],[-89.61309993,15.18657655],[-89.62683199,15.16153075],[-89.65308954,15.16719003],[-89.65762387,15.16050349],[-89.67282061,15.14921451],[-89.66871566,15.12213018],[-89.67019499,15.1193827],[-89.68123209,15.11929462],[-89.6859986,15.12380073],[-89.69228968,15.13633586],[-89.71076976,15.1384218],[-89.72275317,15.14902045],[-89.72980414,15.15033262],[-89.7384033,15.14517559],[-89.74773183,15.1431288],[-89.75800976,15.14727979],[-89.77200338,15.14660928],[-89.78015095,15.1634345],[-89.7873757,15.16931492],[-89.77447026,15.17646059],[-89.75233948,15.19676794],[-89.74383179,15.23166037],[-89.75761041,15.22755671],[-89.76765115,15.23247089],[-89.77303708,15.2312088],[-89.78145056,15.23600649],[-89.79832888,15.23289045],[-89.79994879,15.34011118],[-89.78339768,15.34667607],[-89.72841506,15.35266941],[-89.72570865,15.37244536],[-89.64760556,15.40817565],[-89.64474689,15.46570078],[-89.60597558,15.52330078],[-89.58303298,15.52179784]]]}},{"type":"Feature","properties":{"m":"Aguacatán","d":"Huehuetenango","cod":1327,"pop":49607,"iv":0.462,"exp":0.206,"sen":0.372,"cap":0.116,"inat":8.1,"isoc":4,"ides":4.1,"nfp":1,"nfph":1,"pfph":4999,"ncr":0},"geometry":{"type":"Polygon","coordinates":[[[-91.1712812,15.38646578],[-91.15797286,15.36251556],[-91.1741394,15.34322478],[-91.18163121,15.32185129],[-91.18275785,15.30541304],[-91.18823355,15.28541551],[-91.19522857,15.28525626],[-91.20484658,15.28032928],[-91.21066791,15.28475665],[-91.23111342,15.2849361],[-91.24948438,15.27175609],[-91.25774915,15.26921888],[-91.27359724,15.26836325],[-91.27473315,15.27205138],[-91.28183368,15.27498552],[-91.28221512,15.32711996],[-91.28926162,15.3359969],[-91.28737489,15.34845751],[-91.30488669,15.342648],[-91.32246117,15.34200362],[-91.34029581,15.34733368],[-91.36320409,15.34690423],[-91.37477739,15.35442697],[-91.38147749,15.37345853],[-91.37888795,15.38768325],[-91.37462972,15.39442148],[-91.34513298,15.42184333],[-91.33982729,15.43185016],[-91.3414164,15.45456789],[-91.33429874,15.4797259],[-91.34061756,15.50392739],[-91.33101819,15.5278237],[-91.31963453,15.53771579],[-91.31953412,15.46339424],[-91.3052474,15.42865386],[-91.24046654,15.37932733],[-91.1712812,15.38646578]]]}},{"type":"Feature","properties":{"m":"San Juan Atitán","d":"Huehuetenango","cod":1316,"pop":19418,"iv":0.529,"exp":0.242,"sen":0.458,"cap":0.171,"inat":6.3,"isoc":5.9,"ides":5.8,"nfp":0,"nfph":0,"pfph":0,"ncr":0},"geometry":{"type":"Polygon","coordinates":[[[-91.57588079,15.50045409],[-91.59019344,15.48732821],[-91.59356392,15.48122721],[-91.59601577,15.46896397],[-91.59312351,15.4520775],[-91.59364278,15.43976242],[-91.59714652,15.43318308],[-91.62254341,15.41113426],[-91.63740368,15.41468656],[-91.64985803,15.40879817],[-91.64812086,15.43419318],[-91.65912923,15.46622205],[-91.65589758,15.47749633],[-91.66100574,15.49279931],[-91.66132313,15.50484869],[-91.65889298,15.51370995],[-91.65207506,15.52447303],[-91.64962199,15.53736972],[-91.64015208,15.53691725],[-91.61226741,15.50799091],[-91.58700826,15.50616211],[-91.57588079,15.50045409]]]}},{"type":"Feature","properties":{"m":"San Ildefonso Ixtahuacán","d":"Huehuetenango","cod":1309,"pop":44424,"iv":0.438,"exp":0.185,"sen":0.409,"cap":0.156,"inat":8,"isoc":5.7,"ides":6.4,"nfp":1,"nfph":0,"pfph":0,"ncr":0},"geometry":{"type":"Polygon","coordinates":[[[-91.7981347,15.52067838],[-91.80034398,15.50568999],[-91.79789603,15.50241697],[-91.77890123,15.49647362],[-91.77178706,15.49025151],[-91.75415013,15.48261322],[-91.74760755,15.48084081],[-91.74141026,15.48248577],[-91.74117596,15.47113602],[-91.75082146,15.45675987],[-91.74904152,15.44051464],[-91.75303962,15.43287771],[-91.75369169,15.42227858],[-91.74609543,15.40189913],[-91.73832976,15.38869891],[-91.72349608,15.37803643],[-91.72441494,15.356295],[-91.72098076,15.34822722],[-91.71400976,15.34175251],[-91.72979298,15.34413545],[-91.73022857,15.34806313],[-91.74166882,15.34907933],[-91.7432102,15.34318664],[-91.76197901,15.34593891],[-91.79643312,15.33074721],[-91.82217223,15.33045398],[-91.88121088,15.36220929],[-91.88081478,15.38111329],[-91.86477132,15.41909574],[-91.86682891,15.4415408],[-91.85685037,15.45721575],[-91.85251443,15.49648597],[-91.82160815,15.5142854],[-91.81080572,15.51903972],[-91.7981347,15.52067838]]]}},{"type":"Feature","properties":{"m":"San Sebastián Huehuetenango","d":"Huehuetenango","cod":1320,"pop":32608,"iv":0.518,"exp":0.199,"sen":0.525,"cap":0.205,"inat":8.2,"isoc":5.3,"ides":5.2,"nfp":1,"nfph":1,"pfph":1108,"ncr":0},"geometry":{"type":"Polygon","coordinates":[[[-91.51226965,15.47875129],[-91.50984881,15.47117793],[-91.51274944,15.45438407],[-91.50637619,15.43440855],[-91.50732834,15.4163204],[-91.5228983,15.37932333],[-91.52753307,15.37613977],[-91.53025922,15.35841548],[-91.53393765,15.35329122],[-91.54200114,15.35731196],[-91.55958077,15.37362318],[-91.5758125,15.3832214],[-91.61999076,15.38618305],[-91.62560189,15.39135852],[-91.62675121,15.40140419],[-91.62254341,15.41113426],[-91.59862104,15.43137679],[-91.59364278,15.43976242],[-91.59312351,15.4520775],[-91.59601577,15.46896397],[-91.59356392,15.48122721],[-91.59019344,15.48732821],[-91.57588079,15.50045409],[-91.56533554,15.49497417],[-91.53033766,15.48660086],[-91.51226965,15.47875129]]]}},{"type":"Feature","properties":{"m":"San Cristóbal Verapaz","d":"Alta Verapaz","cod":1603,"pop":68819,"iv":0.376,"exp":0.134,"sen":0.363,"cap":0.12,"inat":5.6,"isoc":7.1,"ides":8,"nfp":5,"nfph":0,"pfph":0,"ncr":0},"geometry":{"type":"Polygon","coordinates":[[[-90.42919681,15.40164315],[-90.45560183,15.3644784],[-90.42738962,15.33647474],[-90.45913183,15.28771443],[-90.47760524,15.28910234],[-90.49106388,15.28116533],[-90.49031304,15.29019943],[-90.48195245,15.2975795],[-90.48097225,15.30779655],[-90.48500769,15.31669365],[-90.48532995,15.32355591],[-90.50081601,15.3337604],[-90.50890866,15.3337154],[-90.52625911,15.34037202],[-90.54075414,15.3417993],[-90.56205596,15.33955564],[-90.56791519,15.34255224],[-90.57382529,15.34116102],[-90.5829845,15.3438487],[-90.59695574,15.34411601],[-90.59957245,15.34049103],[-90.60633511,15.34361725],[-90.60895098,15.34204627],[-90.65185499,15.3516212],[-90.6629915,15.35991214],[-90.66793304,15.35819768],[-90.69534105,15.36603579],[-90.70069611,15.37564301],[-90.70749985,15.37948967],[-90.71339508,15.38789161],[-90.7168107,15.40434388],[-90.71475373,15.41206208],[-90.71777532,15.41979184],[-90.71075396,15.42733351],[-90.70165706,15.44340576],[-90.67777229,15.44113542],[-90.66701209,15.43465322],[-90.66279109,15.43527507],[-90.64946928,15.4489455],[-90.65077598,15.46910697],[-90.643541,15.4739176],[-90.64001526,15.48385382],[-90.6349358,15.48527327],[-90.45527707,15.44773592],[-90.46650256,15.41715487],[-90.42919681,15.40164315]]]}},{"type":"Feature","properties":{"m":"San Juan Cotzal","d":"Quiché","cod":1411,"pop":31532,"iv":0.351,"exp":0.144,"sen":0.256,"cap":0.05,"inat":5.3,"isoc":8.3,"ides":7.9,"nfp":1,"nfph":1,"pfph":2188,"ncr":0},"geometry":{"type":"Polygon","coordinates":[[[-90.88740282,15.41963309],[-90.90165038,15.41990372],[-90.91844549,15.41037324],[-90.93977893,15.4160546],[-90.95088402,15.40980396],[-90.97003609,15.40960704],[-90.98600474,15.40224678],[-90.99616855,15.40041507],[-91.00789779,15.40143992],[-91.02020945,15.41002026],[-91.02974329,15.40667913],[-91.05794816,15.40597406],[-91.06352745,15.40399746],[-91.07744221,15.39181618],[-91.11046185,15.37993691],[-91.11494986,15.38170098],[-91.12489458,15.37751626],[-91.15388062,15.37185858],[-91.15905924,15.36620708],[-91.1712812,15.38646578],[-91.16428686,15.39035279],[-91.14778094,15.39348956],[-91.14509297,15.41096695],[-91.1307579,15.42688362],[-91.12164495,15.44144725],[-91.11358231,15.44584518],[-91.06460601,15.44925791],[-91.01884254,15.45964399],[-91.01208014,15.44938158],[-91.00613577,15.44564709],[-90.99682692,15.4501987],[-90.98395548,15.45008652],[-90.9732749,15.45480304],[-90.95765122,15.45406322],[-90.94589666,15.45944498],[-90.92501527,15.45896124],[-90.91662675,15.46246743],[-90.91142328,15.46090946],[-90.90559875,15.46640348],[-90.90081093,15.46664841],[-90.89547158,15.4718587],[-90.87136821,15.48414123],[-90.87208935,15.47500992],[-90.88445301,15.44978828],[-90.88740282,15.41963309]]]}},{"type":"Feature","properties":{"m":"Colotenango","d":"Huehuetenango","cod":1319,"pop":34834,"iv":0.512,"exp":0.236,"sen":0.467,"cap":0.192,"inat":5.9,"isoc":5.3,"ides":5.9,"nfp":0,"nfph":0,"pfph":0,"ncr":0},"geometry":{"type":"Polygon","coordinates":[[[-91.65912923,15.46622205],[-91.66283936,15.45593241],[-91.69694069,15.4051891],[-91.70000735,15.3962721],[-91.71085588,15.39862888],[-91.71680137,15.40822083],[-91.73037111,15.41026473],[-91.74339326,15.41762194],[-91.75216592,15.41738441],[-91.75366672,15.42851312],[-91.74877276,15.44395699],[-91.75082146,15.45675987],[-91.74117596,15.47113602],[-91.73980684,15.48531036],[-91.71785262,15.48950368],[-91.7163197,15.48084345],[-91.70667574,15.47350312],[-91.67970594,15.47506469],[-91.65912923,15.46622205]]]}},{"type":"Feature","properties":{"m":"San Juan Chamelco","d":"Alta Verapaz","cod":1610,"pop":57456,"iv":0.492,"exp":0.188,"sen":0.337,"cap":0.033,"inat":5.9,"isoc":5.8,"ides":4.7,"nfp":6,"nfph":0,"pfph":0,"ncr":0},"geometry":{"type":"Polygon","coordinates":[[[-90.11146594,15.37916598],[-90.11180066,15.35563667],[-90.16542439,15.34105898],[-90.22574499,15.33278584],[-90.26454467,15.35499941],[-90.27077652,15.39045893],[-90.3285722,15.3684183],[-90.35211732,15.39226103],[-90.32204291,15.45657703],[-90.24873811,15.43507583],[-90.11146594,15.37916598]]]}},{"type":"Feature","properties":{"m":"San Rafael Petzal","d":"Huehuetenango","cod":1328,"pop":11271,"iv":0.524,"exp":0.269,"sen":0.427,"cap":0.172,"inat":4.5,"isoc":4.9,"ides":3.4,"nfp":0,"nfph":0,"pfph":0,"ncr":0},"geometry":{"type":"Polygon","coordinates":[[[-91.64985803,15.40879817],[-91.65668124,15.39183986],[-91.66767351,15.37631176],[-91.67857744,15.36511433],[-91.69143032,15.35712748],[-91.69905999,15.38641981],[-91.69798149,15.40282249],[-91.66283936,15.45593241],[-91.65912923,15.46622205],[-91.64812086,15.43419318],[-91.64985803,15.40879817]]]}},{"type":"Feature","properties":{"m":"Tectitán","d":"Huehuetenango","cod":1321,"pop":10830,"iv":0.43,"exp":0.261,"sen":0.347,"cap":0.177,"inat":8.1,"isoc":4.7,"ides":4.8,"nfp":1,"nfph":0,"pfph":0,"ncr":0},"geometry":{"type":"Polygon","coordinates":[[[-91.97893284,15.2966862],[-92.00882652,15.26496878],[-92.07677808,15.27765053],[-92.07871043,15.39668072],[-92.10363531,15.40424617],[-92.11780515,15.42371732],[-92.09463019,15.45920623],[-92.08730548,15.45500767],[-92.07756275,15.45823977],[-92.06031793,15.45118294],[-92.039811,15.45061145],[-92.02739772,15.44730868],[-92.01246359,15.42730558],[-91.98352081,15.40494755],[-91.97580191,15.36419969],[-91.99532164,15.33836369],[-91.99647835,15.32814492],[-91.99255224,15.31596989],[-91.97893284,15.2966862]]]}},{"type":"Feature","properties":{"m":"Cunén","d":"Quiché","cod":1410,"pop":41455,"iv":0.592,"exp":0.182,"sen":0.452,"cap":0.042,"inat":4.5,"isoc":6.9,"ides":4.1,"nfp":0,"nfph":0,"pfph":0,"ncr":0},"geometry":{"type":"Polygon","coordinates":[[[-90.88740282,15.41963309],[-90.88723488,15.39136703],[-90.89239563,15.35577265],[-90.89763995,15.33920556],[-90.92594264,15.33865387],[-90.93491124,15.34456069],[-90.94919782,15.33349924],[-90.99358284,15.33024983],[-91.00813572,15.32594789],[-91.01780644,15.3333556],[-91.0343375,15.32579606],[-91.07010328,15.32497058],[-91.08301859,15.32236634],[-91.0969428,15.33229697],[-91.11968353,15.33111725],[-91.13253305,15.33357017],[-91.15311984,15.32142305],[-91.16884327,15.32079454],[-91.18017664,15.32530514],[-91.1741394,15.34322478],[-91.15797286,15.36251556],[-91.15905924,15.36620708],[-91.15388062,15.37185858],[-91.12489458,15.37751626],[-91.11494986,15.38170098],[-91.11046185,15.37993691],[-91.08307417,15.38975136],[-91.07744221,15.39181618],[-91.06199001,15.40486737],[-91.02974329,15.40667913],[-91.02134275,15.41010377],[-91.01623727,15.40879092],[-91.00789779,15.40143992],[-90.99616855,15.40041507],[-90.98600474,15.40224678],[-90.97003609,15.40960704],[-90.95088402,15.40980396],[-90.93977893,15.4160546],[-90.91844549,15.41037324],[-90.90165038,15.41990372],[-90.88740282,15.41963309]]]}},{"type":"Feature","properties":{"m":"Tacaná","d":"San Marcos","cod":1207,"pop":75788,"iv":0.431,"exp":0.151,"sen":0.408,"cap":0.127,"inat":5.6,"isoc":5.4,"ides":6.4,"nfp":1,"nfph":1,"pfph":119,"ncr":0},"geometry":{"type":"Polygon","coordinates":[[[-92.00882652,15.26496878],[-92.00270827,15.25318194],[-92.00744676,15.21767064],[-91.99559236,15.21151721],[-91.97178427,15.20825358],[-91.95020956,15.18322339],[-91.94463342,15.18132723],[-91.94675642,15.17566359],[-91.9560576,15.17562551],[-91.96330816,15.18619262],[-91.96845443,15.18813834],[-91.97134876,15.18598654],[-91.96787067,15.18088235],[-91.96938811,15.17808469],[-91.98947654,15.16811205],[-91.99381373,15.16840264],[-91.99796487,15.17435469],[-92.0087744,15.18009425],[-92.029577,15.18017579],[-92.04420108,15.18352886],[-92.05197785,15.17986662],[-92.06161858,15.17074604],[-92.07461684,15.17124387],[-92.09076469,15.16334073],[-92.10579273,15.16858873],[-92.14077099,15.17298157],[-92.21076201,15.26027428],[-92.16193209,15.34270034],[-92.11780515,15.42371732],[-92.10363531,15.40424617],[-92.07871043,15.39668072],[-92.07677808,15.27765053],[-92.00882652,15.26496878]]]}},{"type":"Feature","properties":{"m":"San Gaspar Ixchil","d":"Huehuetenango","cod":1329,"pop":8142,"iv":0.45,"exp":0.178,"sen":0.403,"cap":0.131,"inat":2.4,"isoc":5.9,"ides":6.9,"nfp":1,"nfph":0,"pfph":0,"ncr":0},"geometry":{"type":"Polygon","coordinates":[[[-91.69932252,15.39674603],[-91.69905999,15.38641981],[-91.69143032,15.35712748],[-91.70185693,15.32934171],[-91.72246485,15.35050565],[-91.72441494,15.356295],[-91.72349608,15.37803643],[-91.73832976,15.38869891],[-91.75216592,15.41738441],[-91.74339326,15.41762194],[-91.73037111,15.41026473],[-91.71680137,15.40822083],[-91.71085588,15.39862888],[-91.69932252,15.39674603]]]}},{"type":"Feature","properties":{"m":"Santa Bárbara","d":"Huehuetenango","cod":1310,"pop":33608,"iv":0.419,"exp":0.175,"sen":0.37,"cap":0.126,"inat":5.1,"isoc":6,"ides":5.6,"nfp":0,"nfph":0,"pfph":0,"ncr":0},"geometry":{"type":"Polygon","coordinates":[[[-91.62254341,15.41113426],[-91.6272154,15.39695213],[-91.62172377,15.38686492],[-91.5758125,15.3832214],[-91.55958077,15.37362318],[-91.54200114,15.35731196],[-91.53393765,15.35329122],[-91.54175409,15.3286608],[-91.57204034,15.31924406],[-91.59158089,15.32075666],[-91.61115286,15.31828058],[-91.61649354,15.30816552],[-91.62259258,15.27854597],[-91.63234745,15.24863427],[-91.66406103,15.29271366],[-91.68277701,15.30612313],[-91.70185693,15.32934171],[-91.69143032,15.35712748],[-91.67857744,15.36511433],[-91.66767351,15.37631176],[-91.65668124,15.39183986],[-91.64985803,15.40879817],[-91.63740368,15.41468656],[-91.62254341,15.41113426]]]}},{"type":"Feature","properties":{"m":"Santa Cruz Verapaz","d":"Alta Verapaz","cod":1602,"pop":32042,"iv":0.54,"exp":0.217,"sen":0.4,"cap":0.077,"inat":6.9,"isoc":6.4,"ides":8.1,"nfp":6,"nfph":2,"pfph":484,"ncr":0},"geometry":{"type":"Polygon","coordinates":[[[-90.37336449,15.3794766],[-90.39622304,15.29011651],[-90.37801652,15.26349305],[-90.40520384,15.27519227],[-90.40631805,15.28116017],[-90.41208641,15.28689516],[-90.42102862,15.28748959],[-90.42625877,15.28481053],[-90.4363242,15.29018225],[-90.45913183,15.28771443],[-90.42738962,15.33647474],[-90.45560183,15.3644784],[-90.42919681,15.40164315],[-90.37336449,15.3794766]]]}},{"type":"Feature","properties":{"m":"Huehuetenango","d":"Huehuetenango","cod":1301,"pop":117818,"iv":0.322,"exp":0.137,"sen":0.282,"cap":0.097,"inat":9.1,"isoc":3.4,"ides":2.6,"nfp":3,"nfph":1,"pfph":3816,"ncr":0},"geometry":{"type":"Polygon","coordinates":[[[-91.37477739,15.35442697],[-91.36320409,15.34690423],[-91.34029581,15.34733368],[-91.32246117,15.34200362],[-91.30488669,15.342648],[-91.28737489,15.34845751],[-91.28926162,15.3359969],[-91.28221512,15.32711996],[-91.28183368,15.27498552],[-91.28461804,15.27404663],[-91.28648588,15.27834357],[-91.28984492,15.27930351],[-91.2950063,15.27512799],[-91.29480617,15.2706574],[-91.29980454,15.26761019],[-91.30634747,15.26777158],[-91.3120479,15.27484473],[-91.31809935,15.26851307],[-91.32597534,15.26810096],[-91.32242614,15.26382559],[-91.32374627,15.25900031],[-91.31909651,15.2522268],[-91.32717249,15.23851713],[-91.3362785,15.23521147],[-91.34570907,15.23686842],[-91.350878,15.23078109],[-91.3601158,15.23081033],[-91.36658399,15.22296854],[-91.37396895,15.23348347],[-91.37887765,15.24826882],[-91.3812822,15.26955461],[-91.38529011,15.27976698],[-91.38785527,15.31444804],[-91.3914917,15.31916943],[-91.40716522,15.32339626],[-91.44063085,15.32635853],[-91.46702806,15.32012421],[-91.48456623,15.32451783],[-91.5226042,15.32506418],[-91.54175409,15.3286608],[-91.53393765,15.35329122],[-91.53025922,15.35841548],[-91.52753307,15.37613977],[-91.5228983,15.37932333],[-91.4956799,15.37543088],[-91.45296126,15.35197469],[-91.4291682,15.35814172],[-91.39850781,15.36143587],[-91.37477739,15.35442697]]]}},{"type":"Feature","properties":{"m":"Tucurú","d":"Alta Verapaz","cod":1606,"pop":43473,"iv":0.312,"exp":0.122,"sen":0.306,"cap":0.116,"inat":5.7,"isoc":7.5,"ides":9.5,"nfp":4,"nfph":3,"pfph":1220,"ncr":0},"geometry":{"type":"Polygon","coordinates":[[[-89.95901082,15.31959566],[-89.94307958,15.31355834],[-89.93890697,15.30431223],[-89.93461168,15.30435266],[-89.93212375,15.30107006],[-89.92767442,15.3035034],[-89.91744156,15.30214008],[-89.92042734,15.29402744],[-89.93460713,15.27889199],[-89.94746079,15.27245669],[-89.96329143,15.27422855],[-90.0000878,15.26981791],[-90.02130569,15.27137561],[-90.06266681,15.26173769],[-90.1175353,15.26556728],[-90.20129811,15.26494748],[-90.19774357,15.33626641],[-90.1943848,15.33719621],[-90.16542439,15.34105898],[-90.11180066,15.35563667],[-90.02814683,15.33619342],[-90.00218904,15.31802595],[-89.96972363,15.31761702],[-89.95901082,15.31959566]]]}},{"type":"Feature","properties":{"m":"Tamahú","d":"Alta Verapaz","cod":1605,"pop":19984,"iv":0.473,"exp":0.24,"sen":0.312,"cap":0.079,"inat":5.4,"isoc":7,"ides":8.2,"nfp":2,"nfph":0,"pfph":0,"ncr":0},"geometry":{"type":"Polygon","coordinates":[[[-90.19774357,15.33626641],[-90.20129811,15.26494748],[-90.24575538,15.26964197],[-90.27191469,15.26312373],[-90.29549804,15.31855959],[-90.26115077,15.32899519],[-90.26454467,15.35499941],[-90.22574499,15.33278584],[-90.19774357,15.33626641]]]}},{"type":"Feature","properties":{"m":"Tactic","d":"Alta Verapaz","cod":1604,"pop":38052,"iv":0.527,"exp":0.235,"sen":0.369,"cap":0.078,"inat":8,"isoc":5.3,"ides":4.5,"nfp":14,"nfph":6,"pfph":557,"ncr":0},"geometry":{"type":"Polygon","coordinates":[[[-90.26394644,15.32840514],[-90.29549804,15.31855959],[-90.27191469,15.26312373],[-90.30411738,15.26371905],[-90.31007323,15.25317646],[-90.32500715,15.24945314],[-90.32759485,15.2467336],[-90.33028614,15.23266927],[-90.33361909,15.23109094],[-90.34735477,15.23922725],[-90.36993074,15.2593832],[-90.37801652,15.26349305],[-90.39622304,15.29011651],[-90.37934928,15.35636912],[-90.26394644,15.32840514]]]}},{"type":"Feature","properties":{"m":"Concepción Tutuapa","d":"San Marcos","cod":1206,"pop":68148,"iv":0.435,"exp":0.148,"sen":0.409,"cap":0.122,"inat":4.2,"isoc":5.3,"ides":6.3,"nfp":1,"nfph":1,"pfph":0,"ncr":0},"geometry":{"type":"Polygon","coordinates":[[[-91.74951533,15.34403445],[-91.76141125,15.3328245],[-91.76095719,15.3299577],[-91.75334422,15.32588953],[-91.75309659,15.32327584],[-91.76749481,15.31412564],[-91.77142902,15.30028684],[-91.77755183,15.30357676],[-91.78209977,15.30303437],[-91.77844646,15.28389198],[-91.78690976,15.27626367],[-91.79435021,15.25900153],[-91.80245836,15.25173783],[-91.81978751,15.25157092],[-91.83036456,15.24792582],[-91.83347867,15.24376921],[-91.83376223,15.23719339],[-91.84281956,15.2329194],[-91.85175122,15.22353594],[-91.86253643,15.21837161],[-91.87581972,15.21964974],[-91.87767843,15.22652005],[-91.88192712,15.22721355],[-91.89538677,15.22516713],[-91.89819394,15.22020462],[-91.90208069,15.21932194],[-91.90837142,15.2237933],[-91.91555451,15.22177608],[-91.92445203,15.23858516],[-91.92405594,15.25044442],[-91.94064305,15.24967589],[-91.95429267,15.2578011],[-91.95891234,15.26831997],[-91.95968807,15.2826278],[-91.96891944,15.28628866],[-91.97893284,15.2966862],[-91.95634809,15.32098122],[-91.93712887,15.32205899],[-91.88121088,15.36220929],[-91.82217223,15.33045398],[-91.79643312,15.33074721],[-91.76197901,15.34593891],[-91.74951533,15.34403445]]]}},{"type":"Feature","properties":{"m":"Cubulco","d":"Baja Verapaz","cod":1504,"pop":54869,"iv":0.554,"exp":0.32,"sen":0.367,"cap":0.133,"inat":4.2,"isoc":5.8,"ides":6.1,"nfp":2,"nfph":1,"pfph":157,"ncr":0},"geometry":{"type":"Polygon","coordinates":[[[-90.5479612,15.22068757],[-90.55598255,15.21089188],[-90.55074331,15.18553314],[-90.56990603,15.17361718],[-90.58273792,15.15655995],[-90.58543007,15.14718426],[-90.58278041,15.12060119],[-90.574569,15.11127811],[-90.57344942,15.10204115],[-90.55232518,15.07791644],[-90.54773305,15.06729139],[-90.54862369,15.05852452],[-90.55876471,15.04547694],[-90.58535923,15.0297957],[-90.58615803,15.01564192],[-90.58258792,15.00662173],[-90.58771662,15.00317765],[-90.58892099,14.99731138],[-90.60104753,14.99656203],[-90.61570477,14.98808137],[-90.62316377,14.98251843],[-90.62409137,14.97520454],[-90.63080341,14.97026702],[-90.6333133,14.96412363],[-90.6406583,14.96461418],[-90.64895472,14.95941007],[-90.66027548,14.96851029],[-90.65870094,14.98266049],[-90.65551958,14.98776736],[-90.65773151,15.00341215],[-90.75549243,15.07507938],[-90.80459034,15.15231357],[-90.80677754,15.15615115],[-90.81476802,15.23613749],[-90.80396984,15.23643981],[-90.79235283,15.24052496],[-90.77920909,15.22289756],[-90.76992478,15.22515696],[-90.76423079,15.22237288],[-90.75522618,15.22314931],[-90.73310883,15.2661874],[-90.75317448,15.2787844],[-90.7446929,15.30210975],[-90.71698289,15.28537278],[-90.67721872,15.35168028],[-90.63420171,15.31108399],[-90.63041573,15.25023058],[-90.55601112,15.24749647],[-90.5479612,15.22068757]]]}},{"type":"Feature","properties":{"m":"San Andrés Sajcabajá","d":"Quiché","cod":1414,"pop":24981,"iv":0.57,"exp":0.291,"sen":0.401,"cap":0.122,"inat":3,"isoc":7.1,"ides":6.4,"nfp":2,"nfph":1,"pfph":359,"ncr":0},"geometry":{"type":"Polygon","coordinates":[[[-90.89763995,15.33920556],[-90.89599898,15.32303202],[-90.90126383,15.31418364],[-90.90194591,15.30763236],[-90.89593749,15.2944854],[-90.88799722,15.25142893],[-90.89415556,15.23923212],[-90.89712455,15.22452264],[-90.9160912,15.19450039],[-90.91994102,15.14833988],[-90.95788985,15.13445464],[-90.9773062,15.11878322],[-90.9894979,15.10188229],[-90.99791865,15.10265501],[-90.99899004,15.11809518],[-90.98942181,15.14497682],[-90.99062959,15.15186193],[-90.96708259,15.1742357],[-90.96420707,15.18133021],[-90.95995422,15.2053605],[-90.96534869,15.22551247],[-90.95682954,15.23199305],[-90.94900791,15.25136611],[-90.94714198,15.26475393],[-90.95982145,15.29247709],[-91.00710603,15.29665449],[-91.00813572,15.32594789],[-90.99358284,15.33024983],[-90.94919782,15.33349924],[-90.93491124,15.34456069],[-90.92594264,15.33865387],[-90.89763995,15.33920556]]]}},{"type":"Feature","properties":{"m":"San Miguel Ixtahuacán","d":"San Marcos","cod":1205,"pop":47301,"iv":0.505,"exp":0.14,"sen":0.446,"cap":0.081,"inat":5.6,"isoc":5.3,"ides":5.4,"nfp":0,"nfph":0,"pfph":0,"ncr":0},"geometry":{"type":"Polygon","coordinates":[[[-91.72979298,15.34413545],[-91.71021201,15.33980981],[-91.68277701,15.30612313],[-91.66406103,15.29271366],[-91.63234745,15.24863427],[-91.64349082,15.23308958],[-91.66698365,15.22763631],[-91.66997598,15.22931382],[-91.67032944,15.23464324],[-91.67447427,15.24036341],[-91.67323201,15.24620087],[-91.67805196,15.24729478],[-91.68353621,15.23646671],[-91.69515697,15.22877456],[-91.71597014,15.21603641],[-91.73041689,15.21745852],[-91.73459237,15.21243596],[-91.73745123,15.20229993],[-91.74266442,15.19967726],[-91.75474104,15.19976589],[-91.76080886,15.19440974],[-91.77551048,15.19565966],[-91.78024046,15.19208657],[-91.79570542,15.19066592],[-91.81088786,15.19842784],[-91.81374547,15.20479761],[-91.81243818,15.22275873],[-91.83376223,15.23719339],[-91.83299789,15.24526726],[-91.82645947,15.25008957],[-91.81978751,15.25157092],[-91.80245836,15.25173783],[-91.79435021,15.25900153],[-91.78690976,15.27626367],[-91.77844646,15.28389198],[-91.78209977,15.30303437],[-91.77755183,15.30357676],[-91.77142902,15.30028684],[-91.76749481,15.31412564],[-91.75309659,15.32327584],[-91.75334422,15.32588953],[-91.76095719,15.3299577],[-91.76141125,15.3328245],[-91.74951533,15.34403445],[-91.7432102,15.34318664],[-91.74166882,15.34907933],[-91.73979012,15.34926984],[-91.73022857,15.34806313],[-91.72979298,15.34413545]]]}},{"type":"Feature","properties":{"m":"Sacapulas","d":"Quiché","cod":1416,"pop":52620,"iv":0.627,"exp":0.3,"sen":0.495,"cap":0.167,"inat":4.1,"isoc":6.9,"ides":6.3,"nfp":5,"nfph":1,"pfph":184,"ncr":0},"geometry":{"type":"Polygon","coordinates":[[[-91.00813572,15.32594789],[-91.00710603,15.29665449],[-90.9580516,15.2912072],[-90.94714198,15.26475393],[-90.95095743,15.24558506],[-90.95682954,15.23199305],[-90.96423612,15.22652685],[-90.98156506,15.2269295],[-90.98444609,15.22356228],[-90.99020263,15.2233857],[-91.00243015,15.21524689],[-91.02259039,15.21542292],[-91.02242792,15.21319967],[-91.02813392,15.20980693],[-91.03596428,15.21176409],[-91.04526409,15.21068961],[-91.04849871,15.20359581],[-91.05103454,15.20543301],[-91.05277497,15.20110264],[-91.08903666,15.203657],[-91.11373092,15.21386582],[-91.12998716,15.21513692],[-91.15210839,15.22205808],[-91.1998168,15.22055891],[-91.20916284,15.22327246],[-91.25420726,15.22427546],[-91.29898019,15.22955234],[-91.30980517,15.23455733],[-91.31261274,15.23909049],[-91.31088697,15.24494293],[-91.32374627,15.25900031],[-91.32242614,15.26382559],[-91.32627868,15.26741637],[-91.31809935,15.26851307],[-91.3120479,15.27484473],[-91.30634747,15.26777158],[-91.29980454,15.26761019],[-91.29480617,15.2706574],[-91.2950063,15.27512799],[-91.28984492,15.27930351],[-91.28648588,15.27834357],[-91.28461804,15.27404663],[-91.27473315,15.27205138],[-91.27359724,15.26836325],[-91.25774915,15.26921888],[-91.24948438,15.27175609],[-91.23111342,15.2849361],[-91.21066791,15.28475665],[-91.20484658,15.28032928],[-91.19522857,15.28525626],[-91.18823355,15.28541551],[-91.18017664,15.32530514],[-91.16884327,15.32079454],[-91.15311984,15.32142305],[-91.13253305,15.33357017],[-91.11968353,15.33111725],[-91.0969428,15.33229697],[-91.08301859,15.32236634],[-91.07010328,15.32497058],[-91.0343375,15.32579606],[-91.01780644,15.3333556],[-91.00813572,15.32594789]]]}},{"type":"Feature","properties":{"m":"Malacatancito","d":"Huehuetenango","cod":1303,"pop":19155,"iv":0.489,"exp":0.195,"sen":0.314,"cap":0.019,"inat":6.5,"isoc":4.8,"ides":4.9,"nfp":4,"nfph":1,"pfph":291,"ncr":0},"geometry":{"type":"Polygon","coordinates":[[[-91.37396895,15.23348347],[-91.36650387,15.22113779],[-91.3703168,15.2213485],[-91.3693544,15.2184991],[-91.37347742,15.21256397],[-91.3817458,15.21062739],[-91.38736465,15.14088891],[-91.46843812,15.13895435],[-91.49427266,15.14543578],[-91.51147039,15.14611588],[-91.51982102,15.20761996],[-91.56840969,15.22617669],[-91.58500654,15.23706044],[-91.62439592,15.23691546],[-91.63234745,15.24863427],[-91.62259258,15.27854597],[-91.61649354,15.30816552],[-91.60908888,15.31968003],[-91.57204034,15.31924406],[-91.54175409,15.3286608],[-91.5226042,15.32506418],[-91.48456623,15.32451783],[-91.46702806,15.32012421],[-91.44063085,15.32635853],[-91.42114148,15.32484781],[-91.3988961,15.32179391],[-91.38881373,15.31682062],[-91.38529011,15.27976698],[-91.3812822,15.26955461],[-91.37887765,15.24826882],[-91.37396895,15.23348347]]]}},{"type":"Feature","properties":{"m":"Gualán","d":"Zacapa","cod":1904,"pop":45663,"iv":0.172,"exp":0.149,"sen":0.158,"cap":0.135,"inat":0.7,"isoc":4.3,"ides":6.8,"nfp":23,"nfph":7,"pfph":576,"ncr":0},"geometry":{"type":"Polygon","coordinates":[[[-89.22241228,15.29022811],[-89.22143822,15.2792588],[-89.21782886,15.27398421],[-89.20909918,15.27460574],[-89.18971954,15.28324831],[-89.18638365,15.27983013],[-89.1863319,15.26888129],[-89.17565283,15.26723159],[-89.17465463,15.20802896],[-89.20958134,15.189883],[-89.21999964,15.18141679],[-89.20556748,15.17622422],[-89.20086158,15.17808945],[-89.20153635,15.17510606],[-89.1955759,15.17247871],[-89.19796678,15.16751203],[-89.19715092,15.16423501],[-89.1925252,15.1629048],[-89.18972695,15.15467633],[-89.19028859,15.14773415],[-89.18740841,15.14408612],[-89.1804739,15.14195759],[-89.17996413,15.1370085],[-89.18233149,15.1333376],[-89.17969806,15.13002983],[-89.17881645,15.11506045],[-89.1866105,15.10897823],[-89.18663081,15.105245],[-89.17798915,15.0957223],[-89.17553904,15.08609099],[-89.16820821,15.08306135],[-89.16609771,15.07759455],[-89.16303494,15.07903943],[-89.16257414,15.07525414],[-89.15306117,15.06657004],[-89.15394073,15.05667723],[-89.16184956,15.04417498],[-89.17387745,15.0394795],[-89.17502799,15.03344628],[-89.17159852,15.02625302],[-89.17682766,15.02071374],[-89.17876181,15.01226965],[-89.18394781,15.00530474],[-89.19185686,15.00699172],[-89.20563892,15.00437852],[-89.21289809,15.00887845],[-89.22143618,15.00997147],[-89.23013518,15.0045514],[-89.24128009,15.00527174],[-89.24787034,15.00975514],[-89.24981575,15.01857584],[-89.25353409,15.02039131],[-89.26069009,15.0161978],[-89.28786991,15.01135617],[-89.29295664,15.00613491],[-89.30496758,15.00642858],[-89.31242833,15.01280737],[-89.31482786,15.00940328],[-89.32696593,15.0097904],[-89.32876247,15.01234757],[-89.32284756,15.01915719],[-89.32229844,15.02573091],[-89.34817907,15.03384597],[-89.35398343,15.03332443],[-89.36148613,15.02890283],[-89.37501228,15.03576079],[-89.37667363,15.04464355],[-89.37236956,15.05570761],[-89.37336643,15.06155511],[-89.3789319,15.06813229],[-89.38297401,15.06820816],[-89.39737331,15.06098698],[-89.40215986,15.05600527],[-89.42142889,15.05683717],[-89.43032561,15.05428435],[-89.43517479,15.05696351],[-89.43724885,15.07057004],[-89.44442223,15.08314319],[-89.4500869,15.0787236],[-89.46264869,15.08051787],[-89.46903284,15.07673739],[-89.47348707,15.07938607],[-89.46729462,15.09007471],[-89.47167882,15.09918631],[-89.46678439,15.10444774],[-89.46319832,15.12057557],[-89.45874929,15.1247075],[-89.44343052,15.1281775],[-89.4401785,15.1463],[-89.44008927,15.15197817],[-89.44351422,15.15447715],[-89.44259119,15.16281386],[-89.45659989,15.17762533],[-89.46451361,15.19770659],[-89.42126614,15.21550244],[-89.41474846,15.22050701],[-89.40845455,15.22641183],[-89.40184869,15.2380968],[-89.39529567,15.23757637],[-89.39528049,15.24599355],[-89.37972108,15.26958443],[-89.35949404,15.278048],[-89.34756297,15.274028],[-89.33760861,15.27726996],[-89.33004287,15.27594001],[-89.32444655,15.27134133],[-89.31529466,15.27378433],[-89.30872023,15.27280845],[-89.30581442,15.28606632],[-89.29931241,15.2916026],[-89.29033144,15.29355531],[-89.26993563,15.29302969],[-89.25797981,15.29780445],[-89.25242948,15.29602727],[-89.25395618,15.28461688],[-89.25169271,15.28299858],[-89.23627748,15.29607614],[-89.22994916,15.29558029],[-89.22241228,15.29022811]]]}},{"type":"Feature","properties":{"m":"Purulhá","d":"Baja Verapaz","cod":1508,"pop":56822,"iv":0.201,"exp":0.139,"sen":0.265,"cap":0.203,"inat":4.6,"isoc":7.1,"ides":9.3,"nfp":9,"nfph":3,"pfph":352,"ncr":0},"geometry":{"type":"Polygon","coordinates":[[[-89.85169539,15.16123127],[-89.86348731,15.16057179],[-89.87151987,15.14546215],[-89.89718311,15.15069716],[-89.89591231,15.14146385],[-89.90946112,15.13562932],[-89.91342055,15.13795448],[-89.94942397,15.14291957],[-89.95725391,15.14621179],[-89.96398837,15.15283468],[-89.99716129,15.1398836],[-90.00609326,15.14557178],[-90.01578293,15.14504209],[-90.03245945,15.1350869],[-90.04536323,15.13128269],[-90.05204236,15.13140387],[-90.07324425,15.13888411],[-90.08254314,15.13634266],[-90.0886131,15.14122326],[-90.08959408,15.15001177],[-90.09678248,15.15320207],[-90.09928117,15.15713225],[-90.10354986,15.17753751],[-90.10215492,15.19018673],[-90.10428767,15.1956204],[-90.10842112,15.19568826],[-90.12929914,15.18575496],[-90.13946464,15.18779565],[-90.15004663,15.17836119],[-90.15677821,15.17593557],[-90.16050635,15.18017659],[-90.16661289,15.20266515],[-90.17482827,15.22075595],[-90.2090554,15.22330299],[-90.22398615,15.21096768],[-90.23446764,15.21359876],[-90.24985775,15.21297365],[-90.25574371,15.21595507],[-90.26204501,15.22945027],[-90.28065087,15.23223707],[-90.28664598,15.22960108],[-90.29380102,15.2190395],[-90.30061108,15.21746966],[-90.31415831,15.22698174],[-90.33028614,15.23266927],[-90.32943308,15.24161035],[-90.32500715,15.24945314],[-90.30892985,15.25401178],[-90.30411738,15.26371905],[-90.2703951,15.26263893],[-90.24575538,15.26964197],[-90.188606,15.26392151],[-90.1175353,15.26556728],[-90.06266681,15.26173769],[-90.02130569,15.27137561],[-90.0000878,15.26981791],[-89.96329143,15.27422855],[-89.94746079,15.27245669],[-89.93460713,15.27889199],[-89.92042734,15.29402744],[-89.91744156,15.30214008],[-89.89764888,15.30042145],[-89.89096889,15.30399571],[-89.88729877,15.30128657],[-89.8932998,15.29474244],[-89.89148969,15.29014272],[-89.89308016,15.28696613],[-89.89596434,15.28673868],[-89.89598607,15.27740586],[-89.88652315,15.27496173],[-89.86519946,15.27563699],[-89.86052689,15.27221713],[-89.85978939,15.25829384],[-89.86276622,15.25019453],[-89.86150571,15.2389027],[-89.86376603,15.23718941],[-89.86152903,15.22957579],[-89.86705238,15.21748482],[-89.86401802,15.21551922],[-89.86337079,15.21099215],[-89.8660748,15.20727255],[-89.86546306,15.19880919],[-89.86816989,15.19566971],[-89.86366386,15.19087103],[-89.86380654,15.16701302],[-89.85169539,15.16123127]]]}},{"type":"Feature","properties":{"m":"San Miguel Chicaj","d":"Baja Verapaz","cod":1502,"pop":33121,"iv":0.547,"exp":0.299,"sen":0.363,"cap":0.116,"inat":3.5,"isoc":6.3,"ides":5,"nfp":7,"nfph":6,"pfph":3100,"ncr":0},"geometry":{"type":"Polygon","coordinates":[[[-90.40520384,15.27519227],[-90.36993074,15.2593832],[-90.34735477,15.23922725],[-90.33361909,15.23109094],[-90.33432792,15.21372296],[-90.37498327,15.17384402],[-90.38124897,15.16385319],[-90.38052876,15.15805135],[-90.36372998,15.14557206],[-90.35764826,15.12072968],[-90.3555464,15.09623983],[-90.35768806,15.08836229],[-90.35832676,15.03292857],[-90.36203688,15.0283559],[-90.36971063,15.0286786],[-90.37489501,15.02560413],[-90.39066943,15.00186968],[-90.39063255,14.99878221],[-90.40274616,14.99239771],[-90.42557681,14.99833102],[-90.42664499,15.00478496],[-90.41759849,15.01413459],[-90.4172536,15.02450645],[-90.42375522,15.04283192],[-90.43905618,15.07153454],[-90.4392322,15.08138961],[-90.45335372,15.10140422],[-90.45833021,15.11597236],[-90.4719548,15.12517897],[-90.47819706,15.14142099],[-90.49368193,15.15625276],[-90.49169924,15.16260051],[-90.47488579,15.17245573],[-90.47176271,15.17940469],[-90.45431661,15.18981664],[-90.43158989,15.1939361],[-90.42963007,15.20127575],[-90.43133283,15.20776635],[-90.43642657,15.21526561],[-90.44367678,15.21991678],[-90.45022119,15.22009618],[-90.46471746,15.21320181],[-90.4816019,15.21717444],[-90.48013344,15.23302526],[-90.49662165,15.26207647],[-90.49768367,15.2656069],[-90.49539961,15.26747954],[-90.49905054,15.27310646],[-90.49280657,15.27582347],[-90.49106388,15.28116533],[-90.47760524,15.28910234],[-90.45023385,15.28723381],[-90.4363242,15.29018225],[-90.42625877,15.28481053],[-90.42102862,15.28748959],[-90.41146929,15.28670736],[-90.40631805,15.28116017],[-90.40520384,15.27519227]]]}},{"type":"Feature","properties":{"m":"San José Ojetenam","d":"San Marcos","cod":1224,"pop":19009,"iv":0.498,"exp":0.095,"sen":0.45,"cap":0.047,"inat":5.3,"isoc":5.7,"ides":7,"nfp":0,"nfph":0,"pfph":0,"ncr":0},"geometry":{"type":"Polygon","coordinates":[[[-91.92445203,15.23858516],[-91.90647544,15.2034257],[-91.90546236,15.19657212],[-91.9075117,15.19290633],[-91.91485408,15.18523891],[-91.9363119,15.17760666],[-91.94066014,15.18339563],[-91.94463342,15.18132723],[-91.95020956,15.18322339],[-91.97178427,15.20825358],[-91.99559236,15.21151721],[-92.00744676,15.21767064],[-92.00270827,15.25318194],[-92.00882652,15.26496878],[-91.97893284,15.2966862],[-91.96891944,15.28628866],[-91.95968807,15.2826278],[-91.95891234,15.26831997],[-91.95429267,15.2578011],[-91.94064305,15.24967589],[-91.92405594,15.25044442],[-91.92445203,15.23858516]]]}},{"type":"Feature","properties":{"m":"Rabinal","d":"Baja Verapaz","cod":1503,"pop":40797,"iv":0.497,"exp":0.232,"sen":0.4,"cap":0.136,"inat":5.8,"isoc":5.5,"ides":3.5,"nfp":4,"nfph":1,"pfph":128,"ncr":0},"geometry":{"type":"Polygon","coordinates":[[[-90.49768367,15.2656069],[-90.48108747,15.23592555],[-90.4816019,15.21717444],[-90.46471746,15.21320181],[-90.45022119,15.22009618],[-90.44367678,15.21991678],[-90.43642657,15.21526561],[-90.43133283,15.20776635],[-90.42963007,15.20127575],[-90.43158989,15.1939361],[-90.45431661,15.18981664],[-90.47176271,15.17940469],[-90.47488579,15.17245573],[-90.49169924,15.16260051],[-90.49368193,15.15625276],[-90.47819706,15.14142099],[-90.4719548,15.12517897],[-90.45833021,15.11597236],[-90.45335372,15.10140422],[-90.44026903,15.08375112],[-90.43905618,15.07153454],[-90.42375522,15.04283192],[-90.4172536,15.02450645],[-90.41759849,15.01413459],[-90.42664499,15.00478496],[-90.43528788,15.01001686],[-90.44036205,14.99902283],[-90.45246842,14.99551478],[-90.46842798,15.01167201],[-90.49134155,15.02026736],[-90.51503648,15.02031758],[-90.5195341,15.01583849],[-90.52092256,15.00782932],[-90.53168001,15.01078972],[-90.54956872,15.00233645],[-90.55300677,15.00419945],[-90.55430754,15.01092686],[-90.55860814,15.01194761],[-90.56828114,15.00034752],[-90.57251792,15.00397592],[-90.58258792,15.00662173],[-90.58615803,15.01564192],[-90.58615729,15.02759419],[-90.58274713,15.03237316],[-90.57365118,15.03504177],[-90.55485078,15.04931379],[-90.54862369,15.05852452],[-90.54773305,15.06729139],[-90.55586457,15.08301144],[-90.57344942,15.10204115],[-90.574569,15.11127811],[-90.58278041,15.12060119],[-90.58517683,15.13496627],[-90.58427753,15.15382443],[-90.56990603,15.17361718],[-90.55074331,15.18553314],[-90.55584456,15.20500816],[-90.55315263,15.21632208],[-90.5479612,15.22068757],[-90.54518926,15.20723411],[-90.5371209,15.21334757],[-90.52724304,15.22792909],[-90.52764879,15.23625251],[-90.52180345,15.24020803],[-90.52062784,15.24484853],[-90.51418761,15.24871931],[-90.51147672,15.25841846],[-90.50372158,15.25933156],[-90.50268621,15.26558932],[-90.49768367,15.2656069]]]}},{"type":"Feature","properties":{"m":"Canillá","d":"Quiché","cod":1418,"pop":12172,"iv":0.554,"exp":0.286,"sen":0.434,"cap":0.166,"inat":2.3,"isoc":6.7,"ides":5.9,"nfp":0,"nfph":0,"pfph":0,"ncr":0},"geometry":{"type":"Polygon","coordinates":[[[-90.81476802,15.23613749],[-90.80677754,15.15615115],[-90.81909917,15.15679583],[-90.83347097,15.16658088],[-90.86008469,15.15489569],[-90.88821372,15.15400425],[-90.90395634,15.14665021],[-90.91994102,15.14833988],[-90.91731899,15.19051564],[-90.91056067,15.20595287],[-90.89712455,15.22452264],[-90.88779619,15.25681796],[-90.87350138,15.25628299],[-90.86665438,15.24738339],[-90.85857979,15.24517405],[-90.85750495,15.24177884],[-90.84890517,15.23542366],[-90.83941351,15.23256425],[-90.83421021,15.23228484],[-90.82656678,15.23587934],[-90.82005322,15.23338001],[-90.81476802,15.23613749]]]}},{"type":"Feature","properties":{"m":"Momostenango","d":"Totonicapán","cod":805,"pop":105617,"iv":0.369,"exp":0.092,"sen":0.304,"cap":0.027,"inat":6,"isoc":7.2,"ides":7.5,"nfp":5,"nfph":1,"pfph":0,"ncr":0},"geometry":{"type":"Polygon","coordinates":[[[-91.31261274,15.23909049],[-91.31537341,15.23739972],[-91.31531469,15.23213259],[-91.31845492,15.22805077],[-91.31779862,15.21978429],[-91.32338522,15.21865792],[-91.3166909,15.20976225],[-91.32224078,15.19802309],[-91.32601641,15.1967012],[-91.33100929,15.18925843],[-91.32825278,15.18157962],[-91.33089885,15.17888679],[-91.33036839,15.1710426],[-91.33278136,15.16883265],[-91.33238927,15.16558067],[-91.3269702,15.16237731],[-91.31864123,15.15069623],[-91.31041871,15.15385223],[-91.30835649,15.14887961],[-91.29923148,15.14860089],[-91.28690525,15.13768851],[-91.29868841,15.11026581],[-91.30286299,15.10698712],[-91.31240947,15.10535944],[-91.32140392,15.08517382],[-91.33238811,15.07960969],[-91.35669986,15.05553965],[-91.37683757,15.0423693],[-91.38033876,15.02817066],[-91.38585199,15.0190091],[-91.40040217,15.0089824],[-91.40573787,14.99057292],[-91.42857554,14.96975713],[-91.44846358,14.96873297],[-91.4583942,14.97330142],[-91.46701112,15.0051623],[-91.46988552,15.00951217],[-91.47606638,15.01200081],[-91.49021127,15.01134152],[-91.49430007,15.00835653],[-91.50166556,14.99351868],[-91.51143595,14.99404709],[-91.51854944,15.00476805],[-91.52853225,15.01188293],[-91.53243895,15.01958196],[-91.53770639,15.02100106],[-91.53904479,15.0262453],[-91.54261336,15.0279268],[-91.54907646,15.11293712],[-91.520553,15.1377359],[-91.50648453,15.12137972],[-91.50291088,15.10417284],[-91.49170309,15.10253703],[-91.4820519,15.10853273],[-91.4739806,15.10143981],[-91.47270805,15.09172515],[-91.48163643,15.08279764],[-91.47711674,15.07338659],[-91.46315203,15.07291725],[-91.44380427,15.08048813],[-91.43745477,15.08950413],[-91.4354065,15.10395115],[-91.43169883,15.1108092],[-91.40915955,15.12313229],[-91.39975839,15.13206444],[-91.38787293,15.13827377],[-91.38130204,15.21122409],[-91.37347742,15.21256397],[-91.3693544,15.2184991],[-91.3703168,15.2213485],[-91.36650387,15.22113779],[-91.3601158,15.23081033],[-91.350878,15.23078109],[-91.34570907,15.23686842],[-91.3362785,15.23521147],[-91.32717249,15.23851713],[-91.31909651,15.2522268],[-91.31088697,15.24494293],[-91.31261274,15.23909049]]]}},{"type":"Feature","properties":{"m":"Sipacapa","d":"San Marcos","cod":1226,"pop":20178,"iv":0.451,"exp":0.118,"sen":0.343,"cap":0.01,"inat":7,"isoc":4.9,"ides":5.9,"nfp":1,"nfph":1,"pfph":63,"ncr":0},"geometry":{"type":"Polygon","coordinates":[[[-91.56840969,15.22617669],[-91.58577077,15.17202181],[-91.62717323,15.14928977],[-91.66847356,15.14723003],[-91.67696415,15.14430951],[-91.67988766,15.14059803],[-91.68604991,15.14745393],[-91.7032531,15.15625469],[-91.71403287,15.15615369],[-91.71566378,15.15085814],[-91.72315335,15.15060009],[-91.73268586,15.15411358],[-91.73625504,15.16162709],[-91.74382076,15.16922501],[-91.75885501,15.17046193],[-91.74608047,15.18138177],[-91.7406316,15.19028096],[-91.73325468,15.21488708],[-91.72835006,15.21787732],[-91.71401939,15.21678906],[-91.68353621,15.23646671],[-91.67805196,15.24729478],[-91.67323201,15.24620087],[-91.67447427,15.24036341],[-91.66809276,15.22770842],[-91.64349082,15.23308958],[-91.63234745,15.24863427],[-91.62439592,15.23691546],[-91.58500654,15.23706044],[-91.56840969,15.22617669]]]}},{"type":"Feature","properties":{"m":"Salamá","d":"Baja Verapaz","cod":1501,"pop":65275,"iv":0.423,"exp":0.277,"sen":0.294,"cap":0.148,"inat":4.9,"isoc":5.1,"ides":4.3,"nfp":7,"nfph":3,"pfph":574,"ncr":0},"geometry":{"type":"Polygon","coordinates":[[[-89.99716129,15.1398836],[-90.02147397,15.12837815],[-90.04935298,15.1084217],[-90.07099292,15.11341158],[-90.10228708,15.11466165],[-90.10690753,15.11756114],[-90.1219148,15.11094664],[-90.14985006,15.11341056],[-90.16020717,15.12274063],[-90.18675979,15.12750178],[-90.19650382,15.12001599],[-90.20640077,15.11988004],[-90.22345122,15.1127597],[-90.23761613,15.11270181],[-90.24345749,15.10389914],[-90.24989006,15.10428116],[-90.25750367,15.09649872],[-90.27162451,15.09955976],[-90.28308456,15.09805832],[-90.28701807,15.0932721],[-90.28379505,15.08161448],[-90.29418924,15.04241182],[-90.2807432,15.02531213],[-90.2764882,15.01429707],[-90.24927344,15.01244191],[-90.2300557,14.97574973],[-90.31750367,14.9133495],[-90.32105142,14.90655785],[-90.31947611,14.89879729],[-90.31008785,14.89487205],[-90.30332078,14.88862661],[-90.30812431,14.87853384],[-90.31613632,14.87587732],[-90.33465525,14.87902108],[-90.33996561,14.87456296],[-90.36037008,14.87177947],[-90.36517658,14.87396313],[-90.37158851,14.87162038],[-90.39372232,14.87383427],[-90.40197167,14.88749913],[-90.40195106,14.89488241],[-90.40783846,14.90215537],[-90.40911727,14.91109581],[-90.42035102,14.91218929],[-90.42447242,14.91470295],[-90.43250381,14.90983164],[-90.43588611,14.91607776],[-90.45000762,14.92896265],[-90.45579381,14.93878331],[-90.45450121,14.95665522],[-90.44542327,14.98490967],[-90.4455703,14.98842531],[-90.45246842,14.99551478],[-90.44036205,14.99902283],[-90.43703746,15.00870304],[-90.43430951,15.00998324],[-90.42664499,15.00478496],[-90.42405093,14.99716879],[-90.39917288,14.99269567],[-90.39063255,14.99878221],[-90.39066943,15.00186968],[-90.37675794,15.02384502],[-90.37145393,15.02810824],[-90.36311914,15.0280207],[-90.35894991,15.0310536],[-90.35693802,15.05025317],[-90.35768806,15.08836229],[-90.3555464,15.09623983],[-90.35764826,15.12072968],[-90.36372998,15.14557206],[-90.38052876,15.15805135],[-90.38124897,15.16385319],[-90.37498327,15.17384402],[-90.33499014,15.21205753],[-90.33361909,15.23109094],[-90.33028614,15.23266927],[-90.31415831,15.22698174],[-90.29845722,15.21722812],[-90.28903694,15.22355013],[-90.28335102,15.23196268],[-90.26326381,15.22988625],[-90.25294488,15.21372495],[-90.23446764,15.21359876],[-90.22594027,15.21099294],[-90.22148766,15.21180272],[-90.2090554,15.22330299],[-90.17482827,15.22075595],[-90.16661289,15.20266515],[-90.16050635,15.18017659],[-90.15677821,15.17593557],[-90.15004663,15.17836119],[-90.13946464,15.18779565],[-90.12929914,15.18575496],[-90.10842112,15.19568826],[-90.10428767,15.1956204],[-90.10215492,15.19018673],[-90.10354986,15.17753751],[-90.09928117,15.15713225],[-90.09678248,15.15320207],[-90.08959408,15.15001177],[-90.0886131,15.14122326],[-90.08452523,15.1369756],[-90.07324425,15.13888411],[-90.05204236,15.13140387],[-90.04536323,15.13128269],[-90.03245945,15.1350869],[-90.01578293,15.14504209],[-90.00609326,15.14557178],[-89.99716129,15.1398836]]]}},{"type":"Feature","properties":{"m":"San Pedro Jocopilas","d":"Quiché","cod":1409,"pop":31950,"iv":0.488,"exp":0.17,"sen":0.398,"cap":0.079,"inat":3.1,"isoc":6.7,"ides":5.4,"nfp":0,"nfph":0,"pfph":0,"ncr":0},"geometry":{"type":"Polygon","coordinates":[[[-91.31261274,15.23909049],[-91.30980517,15.23455733],[-91.30297897,15.2307428],[-91.27602402,15.22592271],[-91.20916284,15.22327246],[-91.1998168,15.22055891],[-91.15210839,15.22205808],[-91.14343746,15.22001993],[-91.13977401,15.21537967],[-91.13809148,15.20621247],[-91.13223837,15.19868025],[-91.13091262,15.19163966],[-91.12711125,15.18761714],[-91.09498065,15.17640291],[-91.08861458,15.17676807],[-91.07378438,15.18773649],[-91.07012826,15.18700257],[-91.06262052,15.16610308],[-91.07031218,15.15258697],[-91.0708638,15.14343417],[-91.06127412,15.14410543],[-91.04464176,15.14003557],[-91.02611564,15.13938186],[-90.99062959,15.15186193],[-90.98942181,15.14497682],[-90.99899004,15.11809518],[-90.99791865,15.10265501],[-91.00811927,15.10127437],[-91.02866048,15.1051773],[-91.06853889,15.10166941],[-91.07296598,15.09817154],[-91.08320048,15.10211601],[-91.09295443,15.11115728],[-91.10838379,15.10582522],[-91.13171525,15.10849072],[-91.14492351,15.10262144],[-91.14653588,15.08798448],[-91.14862888,15.08594567],[-91.15073102,15.09265705],[-91.15948965,15.09655902],[-91.19355023,15.09609913],[-91.21340464,15.10199089],[-91.20959159,15.10937925],[-91.20556625,15.11141802],[-91.20806051,15.11577909],[-91.22786288,15.1238022],[-91.23589456,15.1332052],[-91.24061558,15.14468113],[-91.25092242,15.14608071],[-91.25328546,15.15277317],[-91.26417903,15.1654318],[-91.27098797,15.16079704],[-91.28778208,15.16690243],[-91.29154437,15.17587255],[-91.29593493,15.17594534],[-91.29941212,15.18375301],[-91.29904232,15.1886023],[-91.30939846,15.19642671],[-91.3079621,15.20272645],[-91.31971451,15.20236154],[-91.31653329,15.2106366],[-91.32067936,15.21295979],[-91.32338522,15.21865792],[-91.31779862,15.21978429],[-91.31845492,15.22805077],[-91.31531469,15.23213259],[-91.31537341,15.23739972],[-91.31261274,15.23909049]]]}},{"type":"Feature","properties":{"m":"Tejutla","d":"San Marcos","cod":1210,"pop":38669,"iv":0.514,"exp":0.117,"sen":0.406,"cap":0.009,"inat":4.7,"isoc":4.4,"ides":5.6,"nfp":2,"nfph":0,"pfph":0,"ncr":0},"geometry":{"type":"Polygon","coordinates":[[[-91.79570542,15.19066592],[-91.78742942,15.1632165],[-91.78212739,15.15823325],[-91.7772005,15.15916928],[-91.7736159,15.15700637],[-91.76971461,15.15178414],[-91.77229838,15.11471214],[-91.78305336,15.10066998],[-91.78391909,15.09160136],[-91.7932609,15.08415313],[-91.8171186,15.07639538],[-91.83101269,15.08072056],[-91.83330374,15.07932334],[-91.83263137,15.07381592],[-91.83810293,15.07036832],[-91.84138418,15.07119641],[-91.84686529,15.07532945],[-91.84096784,15.08547679],[-91.83541901,15.10218615],[-91.83580373,15.1082062],[-91.86063333,15.1209722],[-91.86087377,15.13301074],[-91.86545434,15.1448553],[-91.85811179,15.14406009],[-91.85811222,15.14636744],[-91.86575549,15.15481842],[-91.87214427,15.15565384],[-91.87533242,15.16534551],[-91.87089989,15.16368832],[-91.86690237,15.17079822],[-91.89462491,15.19875419],[-91.90546236,15.19657212],[-91.9074787,15.20654699],[-91.91555451,15.22177608],[-91.90837142,15.2237933],[-91.90208069,15.21932194],[-91.89819394,15.22020462],[-91.89538677,15.22516713],[-91.88192712,15.22721355],[-91.87767843,15.22652005],[-91.87581972,15.21964974],[-91.86253643,15.21837161],[-91.85175122,15.22353594],[-91.84281956,15.2329194],[-91.83376223,15.23719339],[-91.81243818,15.22275873],[-91.81246275,15.19978077],[-91.79570542,15.19066592]]]}},{"type":"Feature","properties":{"m":"San Bartolomé Jocotenango","d":"Quiché","cod":1417,"pop":13568,"iv":0.577,"exp":0.238,"sen":0.457,"cap":0.117,"inat":3.1,"isoc":8,"ides":9.4,"nfp":0,"nfph":0,"pfph":0,"ncr":0},"geometry":{"type":"Polygon","coordinates":[[[-90.96423612,15.22652685],[-90.96535306,15.2210611],[-90.96050357,15.20919679],[-90.95999045,15.20129233],[-90.96708259,15.1742357],[-90.99062959,15.15186193],[-91.01713811,15.1413409],[-91.0302899,15.13905234],[-91.06127412,15.14410543],[-91.0708638,15.14343417],[-91.07031218,15.15258697],[-91.06262052,15.16610308],[-91.07012826,15.18700257],[-91.07378438,15.18773649],[-91.08861458,15.17676807],[-91.09498065,15.17640291],[-91.12711125,15.18761714],[-91.13809148,15.20621247],[-91.14248305,15.21934105],[-91.12998716,15.21513692],[-91.11373092,15.21386582],[-91.08903666,15.203657],[-91.05351866,15.20099612],[-91.05103454,15.20543301],[-91.04849871,15.20359581],[-91.04526409,15.21068961],[-91.03596428,15.21176409],[-91.02813392,15.20980693],[-91.02242792,15.21319967],[-91.02259039,15.21542292],[-91.00243015,15.21524689],[-90.99020263,15.2233857],[-90.98444609,15.22356228],[-90.98156506,15.2269295],[-90.96423612,15.22652685]]]}},{"type":"Feature","properties":{"m":"San Carlos Sija","d":"Quetzaltenango","cod":904,"pop":30224,"iv":0.348,"exp":0.095,"sen":0.271,"cap":0.019,"inat":5.6,"isoc":3.1,"ides":3.7,"nfp":0,"nfph":0,"pfph":0,"ncr":0},"geometry":{"type":"Polygon","coordinates":[[[-91.51147039,15.14611588],[-91.54907646,15.11293712],[-91.53986352,15.00113212],[-91.54120045,14.98541339],[-91.53700332,14.9748101],[-91.53244761,14.97041629],[-91.52901096,14.95942235],[-91.55539206,14.93858249],[-91.55287497,14.93139091],[-91.5767067,14.93556618],[-91.59603001,14.93555122],[-91.61646594,14.9567886],[-91.61339067,14.98382577],[-91.60658099,14.98412659],[-91.60272305,14.99722745],[-91.60517945,14.99871245],[-91.6132062,14.99658422],[-91.6158877,14.99841284],[-91.6149868,15.01881047],[-91.61714102,15.0242153],[-91.60559199,15.03804655],[-91.60359686,15.05805423],[-91.57648073,15.05942458],[-91.574339,15.06711101],[-91.57612629,15.07085072],[-91.59540653,15.08553815],[-91.5976677,15.10167286],[-91.60657079,15.10326897],[-91.61416834,15.10822146],[-91.61790293,15.12623839],[-91.61437829,15.1455373],[-91.61891187,15.15432596],[-91.58577077,15.17202181],[-91.56840969,15.22617669],[-91.51982102,15.20761996],[-91.51147039,15.14611588]]]}},{"type":"Feature","properties":{"m":"Río Hondo","d":"Zacapa","cod":1903,"pop":21434,"iv":0.241,"exp":0.22,"sen":0.143,"cap":0.122,"inat":1.6,"isoc":2.6,"ides":3.7,"nfp":16,"nfph":4,"pfph":530,"ncr":0},"geometry":{"type":"Polygon","coordinates":[[[-89.46903284,15.07673739],[-89.48449731,15.06988558],[-89.49012789,15.06479174],[-89.4996062,15.06356747],[-89.5025101,15.05963613],[-89.5067103,15.05869106],[-89.50933151,15.05381873],[-89.53107791,15.0483291],[-89.53887779,15.04915235],[-89.55570049,15.03158809],[-89.5626685,15.03090382],[-89.56346712,15.03729013],[-89.57165416,15.03960302],[-89.5852201,15.03369839],[-89.59214989,15.03382171],[-89.60091927,15.02289693],[-89.61215453,15.0219228],[-89.62003585,15.0063594],[-89.63569533,15.00539208],[-89.67959413,14.9910587],[-89.69262386,14.99051713],[-89.72690316,15.04170125],[-89.73091835,15.05870427],[-89.73162049,15.08074136],[-89.74618743,15.08978782],[-89.74616571,15.09990278],[-89.75711628,15.11626182],[-89.75362594,15.13067198],[-89.73913456,15.14510829],[-89.72980414,15.15033262],[-89.72101809,15.14814319],[-89.71076976,15.1384218],[-89.69228968,15.13633586],[-89.6859986,15.12380073],[-89.68123209,15.11929462],[-89.67170399,15.11867481],[-89.66871566,15.12213018],[-89.67282061,15.14921451],[-89.65762387,15.16050349],[-89.65308954,15.16719003],[-89.64341974,15.16648979],[-89.62847745,15.16147526],[-89.61310015,15.16052129],[-89.56350075,15.18135709],[-89.5493407,15.17358604],[-89.53540409,15.17401739],[-89.46451361,15.19770659],[-89.45659989,15.17762533],[-89.44259119,15.16281386],[-89.44351422,15.15447715],[-89.44008927,15.15197817],[-89.4401785,15.1463],[-89.44343052,15.1281775],[-89.45874929,15.1247075],[-89.46587449,15.11439843],[-89.46678439,15.10444774],[-89.47167882,15.09918631],[-89.46729462,15.09007471],[-89.47381197,15.08059727],[-89.46903284,15.07673739]]]}},{"type":"Feature","properties":{"m":"Santa Lucía La Reforma","d":"Totonicapán","cod":807,"pop":22378,"iv":0.525,"exp":0.146,"sen":0.389,"cap":0.01,"inat":3.3,"isoc":7.8,"ides":9.6,"nfp":0,"nfph":0,"pfph":0,"ncr":0},"geometry":{"type":"Polygon","coordinates":[[[-91.21340464,15.10199089],[-91.23035921,15.10485116],[-91.24810897,15.11248136],[-91.25565636,15.12976854],[-91.26097261,15.12650971],[-91.27862638,15.13279609],[-91.29923148,15.14860089],[-91.30835649,15.14887961],[-91.31213415,15.15453047],[-91.31864123,15.15069623],[-91.3269702,15.16237731],[-91.33238927,15.16558067],[-91.33089885,15.17888679],[-91.32825278,15.18157962],[-91.33100929,15.18925843],[-91.32601641,15.1967012],[-91.32224078,15.19802309],[-91.31971451,15.20236154],[-91.30841326,15.20311959],[-91.30939846,15.19642671],[-91.29904232,15.1886023],[-91.29941212,15.18375301],[-91.29593493,15.17594534],[-91.29154437,15.17587255],[-91.28778208,15.16690243],[-91.27098797,15.16079704],[-91.26417903,15.1654318],[-91.25328546,15.15277317],[-91.25092242,15.14608071],[-91.24061558,15.14468113],[-91.23589456,15.1332052],[-91.22786288,15.1238022],[-91.20806051,15.11577909],[-91.20556625,15.11141802],[-91.20959159,15.10937925],[-91.21340464,15.10199089]]]}},{"type":"Feature","properties":{"m":"Comitancillo","d":"San Marcos","cod":1204,"pop":59489,"iv":0.555,"exp":0.137,"sen":0.443,"cap":0.025,"inat":7.3,"isoc":4.9,"ides":5.5,"nfp":1,"nfph":1,"pfph":72,"ncr":0},"geometry":{"type":"Polygon","coordinates":[[[-91.67988766,15.14059803],[-91.68532331,15.13937444],[-91.6882877,15.13399423],[-91.68713263,15.1289957],[-91.6920612,15.12420193],[-91.69342816,15.11817286],[-91.69813955,15.11764639],[-91.70298228,15.10986103],[-91.70320723,15.10250333],[-91.70029803,15.09876591],[-91.70382515,15.07107549],[-91.69697311,15.04832988],[-91.7071861,15.03516053],[-91.71608238,15.04831897],[-91.72527334,15.05570724],[-91.74882385,15.05204856],[-91.76690293,15.05235088],[-91.78043602,15.04136201],[-91.78626851,15.03996276],[-91.79079256,15.03986372],[-91.79512052,15.0496256],[-91.80448762,15.05266154],[-91.80667364,15.06560401],[-91.81310326,15.07017783],[-91.81305126,15.07871422],[-91.79770604,15.08160279],[-91.78391909,15.09160136],[-91.78305336,15.10066998],[-91.77229838,15.11471214],[-91.76933281,15.14840362],[-91.7736159,15.15700637],[-91.7772005,15.15916928],[-91.78212739,15.15823325],[-91.78742942,15.1632165],[-91.79504931,15.19115844],[-91.78024046,15.19208657],[-91.77551048,15.19565966],[-91.76080886,15.19440974],[-91.75474104,15.19976589],[-91.74266442,15.19967726],[-91.73745123,15.20229993],[-91.7406316,15.19028096],[-91.74608047,15.18138177],[-91.75885501,15.17046193],[-91.74382076,15.16922501],[-91.73625504,15.16162709],[-91.73268586,15.15411358],[-91.72315335,15.15060009],[-91.71566378,15.15085814],[-91.71403287,15.15615369],[-91.7032531,15.15625469],[-91.68604991,15.14745393],[-91.67988766,15.14059803]]]}},{"type":"Feature","properties":{"m":"Ixchiguán","d":"San Marcos","cod":1223,"pop":22375,"iv":0.488,"exp":0.073,"sen":0.448,"cap":0.033,"inat":3.8,"isoc":5.1,"ides":6.1,"nfp":0,"nfph":0,"pfph":0,"ncr":0},"geometry":{"type":"Polygon","coordinates":[[[-91.84675839,15.07380235],[-91.85151093,15.0683225],[-91.85825923,15.06568197],[-91.87031197,15.06795817],[-91.86971694,15.08649324],[-91.87484953,15.096372],[-91.87271377,15.10350607],[-91.8678246,15.10705118],[-91.8679113,15.11077029],[-91.87410007,15.1243606],[-91.87967853,15.1284957],[-91.88828634,15.12726588],[-91.89518616,15.13058903],[-91.91147656,15.13049747],[-91.92605769,15.11826641],[-91.94602718,15.11719537],[-91.95335403,15.12193576],[-91.95264457,15.1433444],[-91.96200019,15.14438086],[-91.97509424,15.13249111],[-91.99058403,15.13145234],[-91.99490382,15.12701153],[-92.00976437,15.12699464],[-92.00613939,15.13429656],[-92.00663389,15.13951478],[-92.00014931,15.14564235],[-92.00258891,15.15183984],[-91.99464337,15.16149309],[-91.99381373,15.16840264],[-91.98794453,15.16829727],[-91.96938811,15.17808469],[-91.96787067,15.18088235],[-91.97134876,15.18598654],[-91.96906063,15.1880236],[-91.96330816,15.18619262],[-91.9560576,15.17562551],[-91.94940584,15.17516521],[-91.94554789,15.17676757],[-91.94248846,15.18308106],[-91.93950624,15.18274725],[-91.9363119,15.17760666],[-91.91774848,15.18373417],[-91.90546236,15.19657212],[-91.89462491,15.19875419],[-91.86690237,15.17079822],[-91.87089989,15.16368832],[-91.87533242,15.16534551],[-91.87214427,15.15565384],[-91.86575549,15.15481842],[-91.85811222,15.14636744],[-91.85811179,15.14406009],[-91.86545434,15.1448553],[-91.86087377,15.13301074],[-91.86063333,15.1209722],[-91.83708048,15.10965344],[-91.83479038,15.1061298],[-91.84675839,15.07380235]]]}},{"type":"Feature","properties":{"m":"Teculután","d":"Zacapa","cod":1905,"pop":17602,"iv":0.272,"exp":0.267,"sen":0.22,"cap":0.215,"inat":1.5,"isoc":2.6,"ides":3.2,"nfp":2,"nfph":0,"pfph":0,"ncr":0},"geometry":{"type":"Polygon","coordinates":[[[-89.7873757,15.16931492],[-89.78015095,15.1634345],[-89.77200338,15.14660928],[-89.75800976,15.14727979],[-89.74773183,15.1431288],[-89.73913456,15.14510829],[-89.75362594,15.13067198],[-89.75716499,15.11409002],[-89.74616571,15.09990278],[-89.74618743,15.08978782],[-89.73162049,15.08074136],[-89.73091835,15.05870427],[-89.72690316,15.04170125],[-89.70408354,15.00992017],[-89.69465166,14.99190419],[-89.67959413,14.9910587],[-89.66831149,14.99464944],[-89.66323309,14.96752977],[-89.67140726,14.96894028],[-89.69247522,14.96195679],[-89.71114254,14.96324361],[-89.71709746,14.96059047],[-89.72773024,14.96398787],[-89.74337095,14.95759052],[-89.74320638,14.96867181],[-89.74973286,14.97860272],[-89.75229738,14.99629468],[-89.76359801,15.01140828],[-89.76174977,15.02781972],[-89.77096309,15.03426195],[-89.77889164,15.04401052],[-89.78188392,15.06788329],[-89.83626022,15.06904072],[-89.8997033,15.13851363],[-89.89591231,15.14146385],[-89.89718311,15.15069716],[-89.87151987,15.14546215],[-89.86348731,15.16057179],[-89.85169539,15.16123127],[-89.82491827,15.1716554],[-89.80882141,15.16327814],[-89.80378967,15.16935322],[-89.7873757,15.16931492]]]}},{"type":"Feature","properties":{"m":"Sibinal","d":"San Marcos","cod":1208,"pop":15733,"iv":0.539,"exp":0.13,"sen":0.471,"cap":0.061,"inat":7.9,"isoc":5,"ides":5.9,"nfp":0,"nfph":0,"pfph":0,"ncr":0},"geometry":{"type":"Polygon","coordinates":[[[-91.99381373,15.16840264],[-91.99464337,15.16149309],[-92.00258891,15.15183984],[-92.00014931,15.14564235],[-92.00613577,15.14043579],[-92.00652743,15.13315359],[-92.01264625,15.12324097],[-92.0150606,15.10040861],[-92.02451917,15.09552841],[-92.03139945,15.0964111],[-92.03317963,15.09150884],[-92.03854587,15.09244473],[-92.0387781,15.08425091],[-92.04373012,15.07959927],[-92.05292096,15.07692245],[-92.0593954,15.0694947],[-92.14077099,15.17298157],[-92.10579273,15.16858873],[-92.09076469,15.16334073],[-92.07461684,15.17124387],[-92.06161858,15.17074604],[-92.05197785,15.17986662],[-92.04420108,15.18352886],[-92.029577,15.18017579],[-92.0087744,15.18009425],[-91.99796487,15.17435469],[-91.99381373,15.16840264]]]}},{"type":"Feature","properties":{"m":"Zacualpa","d":"Quiché","cod":1404,"pop":32750,"iv":0.538,"exp":0.212,"sen":0.438,"cap":0.111,"inat":4,"isoc":7.4,"ides":7.5,"nfp":1,"nfph":1,"pfph":362,"ncr":0},"geometry":{"type":"Polygon","coordinates":[[[-90.80677754,15.15615115],[-90.776875,15.10820779],[-90.78812161,15.10184767],[-90.79643235,15.08844127],[-90.82825859,15.05051834],[-90.83623188,15.03806215],[-90.83777707,15.02531069],[-90.86913984,15.02622696],[-90.88016005,15.01968642],[-90.88824703,15.01864801],[-90.89794325,15.0222675],[-90.91018077,15.03234926],[-90.92799583,15.03517693],[-90.96858155,15.03641323],[-90.96861133,15.04222719],[-90.97924365,15.07172727],[-90.98127008,15.08845229],[-90.9894979,15.10188229],[-90.97975447,15.11612813],[-90.96285693,15.13127359],[-90.92896639,15.14602046],[-90.91994102,15.14833988],[-90.90395634,15.14665021],[-90.88821372,15.15400425],[-90.86008469,15.15489569],[-90.83347097,15.16658088],[-90.81909917,15.15679583],[-90.80677754,15.15615115]]]}},{"type":"Feature","properties":{"m":"San Agustín Acasaguastlán","d":"El Progreso","cod":203,"pop":45765,"iv":0.426,"exp":0.236,"sen":0.286,"cap":0.096,"inat":4.8,"isoc":3.8,"ides":3,"nfp":2,"nfph":1,"pfph":5396,"ncr":0},"geometry":{"type":"Polygon","coordinates":[[[-89.8997033,15.13851363],[-89.8611863,15.09524073],[-89.88725307,15.08459275],[-89.8992603,15.08690773],[-89.91455599,15.08291905],[-89.91850484,15.077301],[-89.90536223,15.01804943],[-89.91247686,15.00316239],[-89.91417655,14.9925506],[-89.92765387,14.97450942],[-89.92457768,14.93191562],[-89.91662731,14.92289374],[-89.92002796,14.91592674],[-89.93595327,14.92008227],[-89.94871172,14.91615436],[-89.96162424,14.91751149],[-89.97216692,14.91428642],[-89.98049293,14.91566412],[-89.98471232,14.8919812],[-89.99505183,14.88383955],[-90.00784544,14.88019268],[-90.01995632,14.88422574],[-90.02645429,14.88898466],[-90.03461499,14.90262864],[-90.03768692,14.91684444],[-90.05447893,14.91100727],[-90.05882557,14.91218302],[-90.06087374,14.91578898],[-90.06717465,14.9126221],[-90.08222592,14.91167666],[-90.0912014,14.92937907],[-90.087187,14.94174455],[-90.07799761,14.95713453],[-90.07568141,14.9682378],[-90.07805737,15.02054526],[-90.0743474,15.04274073],[-90.06128015,15.05114331],[-90.01902261,15.07008999],[-90.01437648,15.07840008],[-90.01574683,15.08546983],[-90.02354828,15.09306338],[-90.05396594,15.10509872],[-90.02147397,15.12837815],[-89.96398837,15.15283468],[-89.95725391,15.14621179],[-89.93963051,15.14023259],[-89.91614477,15.13840032],[-89.90946112,15.13562932],[-89.8997033,15.13851363]]]}},{"type":"Feature","properties":{"m":"Cabricán","d":"Quetzaltenango","cod":906,"pop":23033,"iv":0.451,"exp":0.121,"sen":0.358,"cap":0.028,"inat":6.2,"isoc":3.9,"ides":4.2,"nfp":0,"nfph":0,"pfph":0,"ncr":0},"geometry":{"type":"Polygon","coordinates":[[[-91.59037621,15.07985427],[-91.59871247,15.07170438],[-91.60932902,15.07274707],[-91.62131608,15.06340966],[-91.63941551,15.06663739],[-91.64558721,15.06393891],[-91.65235301,15.06446279],[-91.66133235,15.05733671],[-91.66625712,15.05790353],[-91.67305525,15.06145168],[-91.67625569,15.06983717],[-91.68370806,15.0726985],[-91.68626311,15.07890058],[-91.69299684,15.08240376],[-91.6938065,15.08901941],[-91.70047915,15.09594788],[-91.70320723,15.10250333],[-91.70298228,15.10986103],[-91.69813955,15.11764639],[-91.69342816,15.11817286],[-91.6920612,15.12420193],[-91.68713263,15.1289957],[-91.6882877,15.13399423],[-91.68532331,15.13937444],[-91.68082481,15.13943973],[-91.67696415,15.14430951],[-91.66209503,15.14795836],[-91.62717323,15.14928977],[-91.61891187,15.15432596],[-91.61437829,15.1455373],[-91.61790293,15.12623839],[-91.61554351,15.11092345],[-91.61208259,15.10570152],[-91.5976677,15.10167286],[-91.59715641,15.08982886],[-91.59037621,15.07985427]]]}},{"type":"Feature","properties":{"m":"San Bartolo","d":"Totonicapán","cod":808,"pop":10612,"iv":0.398,"exp":0.16,"sen":0.256,"cap":0.019,"inat":4.6,"isoc":7.7,"ides":7.4,"nfp":0,"nfph":0,"pfph":0,"ncr":0},"geometry":{"type":"Polygon","coordinates":[[[-91.38736465,15.14088891],[-91.38963709,15.13599296],[-91.39975839,15.13206444],[-91.40915955,15.12313229],[-91.43169883,15.1108092],[-91.4354065,15.10395115],[-91.43745477,15.08950413],[-91.44380427,15.08048813],[-91.47097208,15.07177481],[-91.47711674,15.07338659],[-91.48168017,15.08171332],[-91.47270805,15.09172515],[-91.4739806,15.10143981],[-91.4820519,15.10853273],[-91.49170309,15.10253703],[-91.50291088,15.10417284],[-91.50648453,15.12137972],[-91.520553,15.1377359],[-91.51147039,15.14611588],[-91.49427266,15.14543578],[-91.46843812,15.13895435],[-91.38736465,15.14088891]]]}},{"type":"Feature","properties":{"m":"Tajumulco","d":"San Marcos","cod":1209,"pop":50907,"iv":0.565,"exp":0.204,"sen":0.461,"cap":0.1,"inat":7.9,"isoc":5.1,"ides":6.1,"nfp":0,"nfph":0,"pfph":0,"ncr":0},"geometry":{"type":"Polygon","coordinates":[[[-91.87031197,15.06795817],[-91.8793762,15.05448317],[-91.89026376,15.04749247],[-91.90031049,15.04470965],[-91.90110797,15.03623083],[-91.91188515,15.02305636],[-91.9175716,15.00414282],[-91.9258706,15.00225664],[-91.93171853,15.00804367],[-91.94708908,15.00755143],[-91.95197353,15.00519422],[-91.95978161,14.99672459],[-91.96060056,14.98722509],[-91.96485822,14.98321491],[-91.96611707,14.97475243],[-91.96886954,14.97246987],[-91.97567651,14.97492326],[-91.97550583,14.98160417],[-91.97783888,14.98392888],[-91.98791791,14.98061323],[-91.99403706,14.98347097],[-91.98708472,15.00945279],[-91.99062404,15.02212564],[-91.9897817,15.02929174],[-91.99907229,15.02256978],[-92.01720133,15.02169173],[-92.02508633,15.0181684],[-92.03109111,15.0018699],[-92.04136984,14.98938378],[-92.06603403,14.99588553],[-92.07231663,14.99531003],[-92.07358012,14.99886684],[-92.0675811,15.01324902],[-92.08356659,15.01674246],[-92.07674076,15.02616413],[-92.07972188,15.0305268],[-92.07802983,15.0453368],[-92.07322543,15.04443922],[-92.07026196,15.04672783],[-92.0686645,15.05496364],[-92.07300566,15.06137958],[-92.0648216,15.06859279],[-92.0593954,15.0694947],[-92.05190487,15.07762898],[-92.04373012,15.07959927],[-92.03838445,15.0850199],[-92.03854587,15.09244473],[-92.03317963,15.09150884],[-92.03139945,15.0964111],[-92.02451917,15.09552841],[-92.01542927,15.09991188],[-92.01327761,15.10505756],[-92.0139007,15.11885754],[-92.00976437,15.12699464],[-91.99490382,15.12701153],[-91.99058403,15.13145234],[-91.97509424,15.13249111],[-91.96407693,15.14398135],[-91.95264457,15.1433444],[-91.95335403,15.12193576],[-91.94602718,15.11719537],[-91.92605769,15.11826641],[-91.91147656,15.13049747],[-91.87722957,15.1276858],[-91.8679113,15.11077029],[-91.8678246,15.10705118],[-91.87271377,15.10350607],[-91.87484953,15.096372],[-91.86971694,15.08649324],[-91.87031197,15.06795817]]]}},{"type":"Feature","properties":{"m":"San Jerónimo","d":"Baja Verapaz","cod":1507,"pop":25459,"iv":0.345,"exp":0.201,"sen":0.192,"cap":0.048,"inat":4,"isoc":5.1,"ides":5.2,"nfp":9,"nfph":1,"pfph":267,"ncr":0},"geometry":{"type":"Polygon","coordinates":[[[-90.04935298,15.1084217],[-90.19763254,15.00221396],[-90.22919191,14.97577197],[-90.24927344,15.01244191],[-90.2764882,15.01429707],[-90.2807432,15.02531213],[-90.29418924,15.04241182],[-90.28379505,15.08161448],[-90.28701807,15.0932721],[-90.28308456,15.09805832],[-90.27162451,15.09955976],[-90.25750367,15.09649872],[-90.24989006,15.10428116],[-90.24345749,15.10389914],[-90.23761613,15.11270181],[-90.22345122,15.1127597],[-90.20640077,15.11988004],[-90.19650382,15.12001599],[-90.18675979,15.12750178],[-90.16020717,15.12274063],[-90.14985006,15.11341056],[-90.1219148,15.11094664],[-90.10690753,15.11756114],[-90.10228708,15.11466165],[-90.07099292,15.11341158],[-90.04935298,15.1084217]]]}},{"type":"Feature","properties":{"m":"Santa María Chiquimula","d":"Totonicapán","cod":806,"pop":55013,"iv":0.38,"exp":0.148,"sen":0.257,"cap":0.025,"inat":4.3,"isoc":6.9,"ides":5.6,"nfp":1,"nfph":0,"pfph":0,"ncr":0},"geometry":{"type":"Polygon","coordinates":[[[-91.26097261,15.12650971],[-91.2652473,15.0500216],[-91.27289796,15.03607727],[-91.2641146,15.02255675],[-91.2666963,15.00150524],[-91.25474903,14.9817866],[-91.23691445,14.98531631],[-91.23259415,14.98106912],[-91.24203646,14.96204581],[-91.23887427,14.95575051],[-91.24104821,14.94671503],[-91.25559952,14.93863063],[-91.26929687,14.93643808],[-91.28988187,14.93584854],[-91.3062639,14.94034822],[-91.34209317,14.93931178],[-91.36517396,14.95433663],[-91.37434022,14.95750102],[-91.38491052,14.95989885],[-91.4135716,14.96065345],[-91.4226126,14.96616619],[-91.42659001,14.97094667],[-91.40573787,14.99057292],[-91.40040217,15.0089824],[-91.38585199,15.0190091],[-91.38033876,15.02817066],[-91.37683757,15.0423693],[-91.36283083,15.0506673],[-91.33894849,15.07424872],[-91.31875128,15.08789146],[-91.31240947,15.10535944],[-91.30286299,15.10698712],[-91.29679105,15.11290748],[-91.28690525,15.13768851],[-91.26097261,15.12650971]]]}},{"type":"Feature","properties":{"m":"San Antonio Ilotenango","d":"Quiché","cod":1408,"pop":25590,"iv":0.405,"exp":0.165,"sen":0.262,"cap":0.022,"inat":3.8,"isoc":6.8,"ides":5,"nfp":0,"nfph":0,"pfph":0,"ncr":0},"geometry":{"type":"Polygon","coordinates":[[[-91.23035921,15.10485116],[-91.19355023,15.09609913],[-91.15948965,15.09655902],[-91.14917812,15.09112839],[-91.14975532,15.08220224],[-91.16822922,15.06240963],[-91.16949022,15.05394747],[-91.15177723,15.01903138],[-91.15044921,15.01330574],[-91.15274008,14.99638764],[-91.16693647,14.99973767],[-91.18727873,14.9959038],[-91.20820606,15.00331853],[-91.23570836,14.99464724],[-91.24072551,14.99032093],[-91.24162674,14.98541712],[-91.25474903,14.9817866],[-91.2666963,15.00150524],[-91.2641146,15.02255675],[-91.27289796,15.03607727],[-91.2652473,15.0500216],[-91.26097261,15.12650971],[-91.25565636,15.12976854],[-91.24810897,15.11248136],[-91.23035921,15.10485116]]]}},{"type":"Feature","properties":{"m":"Morazán","d":"El Progreso","cod":202,"pop":12164,"iv":0.533,"exp":0.24,"sen":0.341,"cap":0.048,"inat":4.3,"isoc":2.7,"ides":2.9,"nfp":7,"nfph":5,"pfph":107,"ncr":0},"geometry":{"type":"Polygon","coordinates":[[[-90.08222592,14.91167666],[-90.09233467,14.9073564],[-90.09796421,14.91252709],[-90.1129625,14.91108785],[-90.12481695,14.90256816],[-90.13090405,14.90174591],[-90.14232841,14.88680283],[-90.15349374,14.88717438],[-90.15694398,14.88136361],[-90.16503163,14.88521079],[-90.1705292,14.87971409],[-90.18008228,14.88131753],[-90.18747942,14.87584031],[-90.21438732,14.87987417],[-90.22037524,14.8786835],[-90.22631776,14.88103946],[-90.22698315,14.8753494],[-90.23490986,14.87763993],[-90.24464167,14.87538502],[-90.25586211,14.87749199],[-90.26664455,14.88296455],[-90.27397825,14.87810779],[-90.28537308,14.88395603],[-90.30381794,14.88566639],[-90.30357692,14.88917497],[-90.30758061,14.89305074],[-90.31947611,14.89879729],[-90.32107315,14.90574065],[-90.31750367,14.9133495],[-90.21897372,14.98267325],[-90.19763254,15.00221396],[-90.05396594,15.10509872],[-90.02354828,15.09306338],[-90.01574683,15.08546983],[-90.01437648,15.07840008],[-90.01902261,15.07008999],[-90.06128015,15.05114331],[-90.0743474,15.04274073],[-90.07805737,15.02054526],[-90.07568141,14.9682378],[-90.07799761,14.95713453],[-90.087187,14.94174455],[-90.0912014,14.92937907],[-90.08222592,14.91167666]]]}},{"type":"Feature","properties":{"m":"Santa Cruz del Quiché","d":"Quiché","cod":1401,"pop":78279,"iv":0.421,"exp":0.148,"sen":0.29,"cap":0.016,"inat":6.7,"isoc":6.5,"ides":5.8,"nfp":0,"nfph":0,"pfph":0,"ncr":0},"geometry":{"type":"Polygon","coordinates":[[[-91.07135876,15.09815333],[-91.06725957,15.06633633],[-91.07844678,15.06284721],[-91.08978999,15.05030166],[-91.09645441,15.03481991],[-91.10831826,14.98968354],[-91.13315407,14.96046826],[-91.13362287,14.95456523],[-91.13087992,14.94955884],[-91.14608267,14.94105343],[-91.15982337,14.94474663],[-91.15263281,14.98586753],[-91.15322681,15.0018952],[-91.15044921,15.01330574],[-91.15531513,15.02783854],[-91.16949022,15.05394747],[-91.16822922,15.06240963],[-91.14975532,15.08220224],[-91.14653588,15.08798448],[-91.14492351,15.10262144],[-91.13806449,15.10709376],[-91.12248504,15.10851821],[-91.10838379,15.10582522],[-91.09295443,15.11115728],[-91.08320048,15.10211601],[-91.07135876,15.09815333]]]}},{"type":"Feature","properties":{"m":"Joyabaj","d":"Quiché","cod":1412,"pop":82369,"iv":0.556,"exp":0.214,"sen":0.398,"cap":0.056,"inat":5.9,"isoc":7.7,"ides":7.7,"nfp":0,"nfph":0,"pfph":0,"ncr":0},"geometry":{"type":"Polygon","coordinates":[[[-90.66027548,14.96851029],[-90.66937522,14.95780244],[-90.67477015,14.94279425],[-90.68202267,14.9290221],[-90.69113415,14.91819113],[-90.69251443,14.90943443],[-90.69572178,14.90685678],[-90.69890185,14.90962523],[-90.70099041,14.90767886],[-90.70886794,14.9083598],[-90.71607167,14.91572306],[-90.73382083,14.91419079],[-90.74248483,14.91568253],[-90.75770166,14.92578562],[-90.76540988,14.92491689],[-90.77124846,14.92777821],[-90.78539034,14.91882828],[-90.7970335,14.92309475],[-90.81034362,14.92241503],[-90.81280681,14.92475734],[-90.82135091,14.92370155],[-90.82449279,14.92596777],[-90.84808482,14.92688337],[-90.85430214,14.93140433],[-90.86639454,14.93165983],[-90.87311543,14.93559094],[-90.88134649,14.93309555],[-90.88747884,14.93482283],[-90.89318337,14.93057889],[-90.90466618,14.92957413],[-90.91143447,14.92405292],[-90.91642161,14.92498846],[-90.91872027,14.91982155],[-90.92266798,14.92187926],[-90.93240835,14.92077136],[-90.93456553,14.92362481],[-90.94454726,14.9259128],[-90.95141015,14.92219384],[-90.96283905,14.92570373],[-90.97422015,14.93559799],[-90.98940418,14.93414392],[-90.99069257,14.93663914],[-90.99903297,14.93805762],[-91.00301669,14.93277337],[-91.01485762,14.93113471],[-91.02201084,14.94295217],[-91.02379218,14.95154895],[-91.02084297,14.964832],[-91.01573527,14.97132443],[-91.00243463,14.97945747],[-90.97699537,14.98782101],[-90.96795042,14.99476058],[-90.96445232,15.00529611],[-90.96477226,15.0125596],[-90.97046506,15.02657602],[-90.96858155,15.03641323],[-90.92799583,15.03517693],[-90.91018077,15.03234926],[-90.89794325,15.0222675],[-90.88824703,15.01864801],[-90.88016005,15.01968642],[-90.86913984,15.02622696],[-90.83842803,15.02506389],[-90.83623188,15.03806215],[-90.82825859,15.05051834],[-90.79643235,15.08844127],[-90.78812161,15.10184767],[-90.776875,15.10820779],[-90.75549243,15.07507938],[-90.65773151,15.00341215],[-90.65551958,14.98776736],[-90.65870094,14.98266049],[-90.66027548,14.96851029]]]}},{"type":"Feature","properties":{"m":"San Cristóbal Acasaguastlán","d":"El Progreso","cod":204,"pop":7199,"iv":0.421,"exp":0.322,"sen":0.264,"cap":0.165,"inat":3.9,"isoc":2.9,"ides":2.4,"nfp":2,"nfph":0,"pfph":0,"ncr":0},"geometry":{"type":"Polygon","coordinates":[[[-89.8611863,15.09524073],[-89.80844766,15.0440546],[-89.78937441,15.01997534],[-89.78950637,15.01515015],[-89.79332022,15.01337],[-89.83796238,15.01535989],[-89.86747027,15.02362633],[-89.87134682,15.02406124],[-89.87300987,15.02107055],[-89.85582745,14.99931422],[-89.84690763,14.98281615],[-89.85101978,14.96490013],[-89.85118184,14.95980756],[-89.84875903,14.9572978],[-89.84990921,14.95131933],[-89.8405676,14.952215],[-89.840777,14.94945042],[-89.83657839,14.94582458],[-89.83029266,14.95243592],[-89.81851931,14.95169646],[-89.81402625,14.94437665],[-89.8168118,14.94212663],[-89.81673276,14.93496996],[-89.82166085,14.93402845],[-89.82485381,14.93965853],[-89.82826243,14.94006481],[-89.83700071,14.92789381],[-89.84893412,14.92431263],[-89.86380543,14.92335011],[-89.87014189,14.91751472],[-89.88393489,14.92445952],[-89.88988704,14.92259582],[-89.8934953,14.915534],[-89.92002796,14.91592674],[-89.91662731,14.92289374],[-89.92457768,14.93191562],[-89.92765387,14.97450942],[-89.91417655,14.9925506],[-89.91247686,15.00316239],[-89.90536223,15.01804943],[-89.90580687,15.02696105],[-89.91208026,15.0443689],[-89.91249535,15.05513689],[-89.91572703,15.06027818],[-89.91843765,15.07378185],[-89.91670796,15.08123271],[-89.8992603,15.08690773],[-89.88725307,15.08459275],[-89.8611863,15.09524073]]]}},{"type":"Feature","properties":{"m":"Chinique","d":"Quiché","cod":1403,"pop":11382,"iv":0.292,"exp":0.068,"sen":0.249,"cap":0.025,"inat":5,"isoc":6.5,"ides":5.8,"nfp":0,"nfph":0,"pfph":0,"ncr":0},"geometry":{"type":"Polygon","coordinates":[[[-91.00811927,15.10127437],[-90.9894979,15.10188229],[-90.98127008,15.08845229],[-90.97924365,15.07172727],[-90.97327973,15.05439783],[-90.98328759,15.05139094],[-91.00052106,15.03759348],[-91.01645355,15.03505272],[-91.02647298,15.03051893],[-91.03211935,15.03121288],[-91.03978703,15.04754615],[-91.05877705,15.06343201],[-91.06725957,15.06633633],[-91.0714247,15.09213545],[-91.07014464,15.10101665],[-91.02866048,15.1051773],[-91.00811927,15.10127437]]]}},{"type":"Feature","properties":{"m":"Río Blanco","d":"San Marcos","cod":1228,"pop":5318,"iv":0.298,"exp":0.098,"sen":0.362,"cap":0.162,"inat":5.3,"isoc":3.7,"ides":2.9,"nfp":0,"nfph":0,"pfph":0,"ncr":0},"geometry":{"type":"Polygon","coordinates":[[[-91.66014132,15.05804829],[-91.67306129,14.99896784],[-91.68502656,15.00214785],[-91.6898358,15.00679685],[-91.70414571,15.00780868],[-91.70022201,15.01256578],[-91.69919004,15.0192308],[-91.70383135,15.02504239],[-91.7071861,15.03516053],[-91.69697311,15.04832988],[-91.70382515,15.07107549],[-91.70174915,15.07793563],[-91.7026764,15.09137876],[-91.70047915,15.09594788],[-91.6938065,15.08901941],[-91.69299684,15.08240376],[-91.68626311,15.07890058],[-91.68370806,15.0726985],[-91.67625569,15.06983717],[-91.67305525,15.06145168],[-91.66625712,15.05790353],[-91.66014132,15.05804829]]]}},{"type":"Feature","properties":{"m":"Usumatlán","d":"Zacapa","cod":1906,"pop":12232,"iv":0.321,"exp":0.289,"sen":0.265,"cap":0.234,"inat":1.5,"isoc":2.8,"ides":3.1,"nfp":0,"nfph":0,"pfph":0,"ncr":0},"geometry":{"type":"Polygon","coordinates":[[[-89.74337095,14.95759052],[-89.76052421,14.94492042],[-89.77497926,14.94094591],[-89.78195976,14.94292466],[-89.79070439,14.94177468],[-89.79958036,14.94601197],[-89.81402625,14.94437665],[-89.81851931,14.95169646],[-89.82419209,14.95291203],[-89.83029266,14.95243592],[-89.83657839,14.94582458],[-89.840777,14.94945042],[-89.8405676,14.952215],[-89.84990921,14.95131933],[-89.84875903,14.9572978],[-89.85118184,14.95980756],[-89.85101978,14.96490013],[-89.84690763,14.98281615],[-89.85582745,14.99931422],[-89.87148523,15.0175529],[-89.87228383,15.02359558],[-89.83796238,15.01535989],[-89.79332022,15.01337],[-89.7887602,15.01682575],[-89.80844766,15.0440546],[-89.83626022,15.06904072],[-89.78188392,15.06788329],[-89.77889164,15.04401052],[-89.77096309,15.03426195],[-89.76174977,15.02781972],[-89.76359801,15.01140828],[-89.75229738,14.99629468],[-89.74973286,14.97860272],[-89.74320638,14.96867181],[-89.74337095,14.95759052]]]}},{"type":"Feature","properties":{"m":"Huitán","d":"Quetzaltenango","cod":915,"pop":13450,"iv":0.345,"exp":0.111,"sen":0.374,"cap":0.141,"inat":5.6,"isoc":4.5,"ides":5.1,"nfp":0,"nfph":0,"pfph":0,"ncr":0},"geometry":{"type":"Polygon","coordinates":[[[-91.61714102,15.0242153],[-91.63650299,15.01189797],[-91.64113098,15.01610846],[-91.64721868,15.01690741],[-91.64866393,15.0140043],[-91.65149789,15.01431828],[-91.65951033,15.02011899],[-91.66576718,15.02797119],[-91.65937397,15.05952389],[-91.65235301,15.06446279],[-91.64558721,15.06393891],[-91.63941551,15.06663739],[-91.62131608,15.06340966],[-91.60932902,15.07274707],[-91.59871247,15.07170438],[-91.59037621,15.07985427],[-91.57612629,15.07085072],[-91.574339,15.06711101],[-91.57648073,15.05942458],[-91.60359686,15.05805423],[-91.60559199,15.03804655],[-91.61714102,15.0242153]]]}},{"type":"Feature","properties":{"m":"San Marcos","d":"San Marcos","cod":1201,"pop":47063,"iv":0.12,"exp":0.089,"sen":0.221,"cap":0.19,"inat":9.3,"isoc":3.5,"ides":2.3,"nfp":1,"nfph":1,"pfph":36,"ncr":0},"geometry":{"type":"Polygon","coordinates":[[[-91.81305126,15.07871422],[-91.81310326,15.07017783],[-91.80667364,15.06560401],[-91.80448762,15.05266154],[-91.79512052,15.0496256],[-91.79159283,15.04393234],[-91.79315349,15.03437351],[-91.78922863,15.02792559],[-91.78892775,15.02149128],[-91.81485712,15.00856463],[-91.8168522,14.99437275],[-91.79170723,14.96584319],[-91.78394978,14.94443828],[-91.77372998,14.94160176],[-91.77632363,14.93549933],[-91.77254239,14.93165536],[-91.77003027,14.92249956],[-91.79165874,14.91508488],[-91.79884305,14.90397239],[-91.81233308,14.91697954],[-91.8036966,14.9289877],[-91.80178361,14.93625001],[-91.80422878,14.94170576],[-91.81346136,14.94938103],[-91.84095752,14.96350994],[-91.84789601,14.963927],[-91.86623539,14.9544503],[-91.87623033,14.94462265],[-91.89157535,14.94129186],[-91.89605092,14.95381106],[-91.89331705,14.96789877],[-91.90139647,14.97350069],[-91.89448067,14.97909566],[-91.87408539,14.98082076],[-91.85193412,14.99725399],[-91.84959243,15.0017925],[-91.85117648,15.00612258],[-91.86888117,15.0196476],[-91.87750528,15.03525782],[-91.8813296,15.03834678],[-91.89284437,15.03569918],[-91.89746925,15.03747425],[-91.9006202,15.03952346],[-91.90031049,15.04470965],[-91.89026376,15.04749247],[-91.8793762,15.05448317],[-91.87031197,15.06795817],[-91.85825923,15.06568197],[-91.85151093,15.0683225],[-91.84675839,15.07380235],[-91.83810293,15.07036832],[-91.83263137,15.07381592],[-91.83330374,15.07932334],[-91.83101269,15.08072056],[-91.81882014,15.07625285],[-91.81305126,15.07871422]]]}},{"type":"Feature","properties":{"m":"Chiché","d":"Quiché","cod":1402,"pop":29646,"iv":0.363,"exp":0.11,"sen":0.267,"cap":0.015,"inat":5.9,"isoc":6.2,"ides":5.8,"nfp":0,"nfph":0,"pfph":0,"ncr":0},"geometry":{"type":"Polygon","coordinates":[[[-90.97327973,15.05439783],[-90.96861133,15.04222719],[-90.97046506,15.02657602],[-90.96477226,15.0125596],[-90.96445232,15.00529611],[-90.96647364,14.99750797],[-90.97210975,14.99022077],[-91.00950228,14.97607639],[-91.01365949,14.98291488],[-91.0150024,14.99183997],[-91.01729135,14.99420714],[-91.02380598,14.99388536],[-91.0456151,14.97521971],[-91.05476624,14.97246383],[-91.09350503,14.97057808],[-91.11623696,14.96308892],[-91.13079269,14.95037485],[-91.13223863,14.95178969],[-91.13378657,14.95672982],[-91.12997206,14.96589381],[-91.10831826,14.98968354],[-91.09209693,15.04584783],[-91.08568938,15.05637259],[-91.07844678,15.06284721],[-91.06725957,15.06633633],[-91.05877705,15.06343201],[-91.03978703,15.04754615],[-91.03377386,15.03305146],[-91.03065627,15.03055409],[-91.00052106,15.03759348],[-90.98328759,15.05139094],[-90.97327973,15.05439783]]]}},{"type":"Feature","properties":{"m":"San Lorenzo","d":"San Marcos","cod":1229,"pop":13125,"iv":0.487,"exp":0.083,"sen":0.48,"cap":0.076,"inat":6.8,"isoc":4.3,"ides":4,"nfp":0,"nfph":0,"pfph":0,"ncr":0},"geometry":{"type":"Polygon","coordinates":[[[-91.7071861,15.03516053],[-91.70383135,15.02504239],[-91.69919004,15.0192308],[-91.70022201,15.01256578],[-91.70414571,15.00780868],[-91.70945709,15.01362622],[-91.71350812,15.00630817],[-91.72845913,15.0015539],[-91.73066418,14.99606353],[-91.7515864,14.99456678],[-91.75646511,14.99608496],[-91.76286659,15.00894446],[-91.77198242,15.01771121],[-91.77799496,15.01530972],[-91.78892775,15.02149128],[-91.78922863,15.02792559],[-91.79315349,15.03437351],[-91.79079256,15.03986372],[-91.78043602,15.04136201],[-91.76690293,15.05235088],[-91.74882385,15.05204856],[-91.7290052,15.0562016],[-91.71938514,15.05200755],[-91.7071861,15.03516053]]]}},{"type":"Feature","properties":{"m":"La Unión","d":"Zacapa","cod":1909,"pop":33572,"iv":0.405,"exp":0.113,"sen":0.366,"cap":0.074,"inat":0.6,"isoc":5.2,"ides":8.5,"nfp":1,"nfph":1,"pfph":213,"ncr":0},"geometry":{"type":"Polygon","coordinates":[[[-89.18394781,15.00530474],[-89.18258974,15.00045649],[-89.17851278,14.99743726],[-89.17818656,14.99238753],[-89.17005207,14.99010875],[-89.16698271,14.98578665],[-89.15719987,14.98236871],[-89.15587331,14.97969001],[-89.16280373,14.97072018],[-89.16178056,14.96312541],[-89.16620249,14.94589141],[-89.17397698,14.94142661],[-89.17503876,14.93683104],[-89.17184517,14.93034475],[-89.17939755,14.922263],[-89.19152516,14.93959501],[-89.20051098,14.94763733],[-89.22354088,14.94970837],[-89.25507532,14.90408633],[-89.27276697,14.89573986],[-89.28122059,14.89438492],[-89.31502695,14.91098149],[-89.32113812,14.91196096],[-89.37830811,14.894395],[-89.40829916,14.90247405],[-89.40090005,14.91582529],[-89.39754745,14.93134519],[-89.38534375,14.93958791],[-89.37189796,14.94301186],[-89.36296896,14.95291951],[-89.32910215,14.97611292],[-89.32601551,14.98425225],[-89.32889922,14.99667213],[-89.32887267,15.01038302],[-89.31482786,15.00940328],[-89.31242833,15.01280737],[-89.30496758,15.00642858],[-89.29295664,15.00613491],[-89.28786991,15.01135617],[-89.26069009,15.0161978],[-89.25658479,15.0199306],[-89.25157892,15.02032747],[-89.24787034,15.00975514],[-89.24128009,15.00527174],[-89.23013518,15.0045514],[-89.22143618,15.00997147],[-89.21289809,15.00887845],[-89.20563892,15.00437852],[-89.19185686,15.00699172],[-89.18394781,15.00530474]]]}},{"type":"Feature","properties":{"m":"San Pablo","d":"San Marcos","cod":1219,"pop":48937,"iv":0.289,"exp":0.113,"sen":0.38,"cap":0.203,"inat":6,"isoc":4.9,"ides":5.1,"nfp":0,"nfph":0,"pfph":0,"ncr":0},"geometry":{"type":"Polygon","coordinates":[[[-91.89448067,14.97909566],[-91.93342159,14.95241798],[-91.95872944,14.93161401],[-91.99802137,14.92463885],[-92.01543938,14.91474887],[-92.02086427,14.91611798],[-92.03731944,14.91371417],[-92.04238003,14.91747351],[-92.04046122,14.93335586],[-92.03210051,14.94563105],[-92.03439318,14.9584755],[-92.03419123,14.98474414],[-92.04071421,14.98677068],[-92.04136984,14.98938378],[-92.0343286,14.99623358],[-92.02787403,15.01426597],[-92.02176619,15.02062999],[-91.99907229,15.02256978],[-91.9913851,15.02903783],[-91.98897945,15.02866893],[-91.99062404,15.02212564],[-91.98708472,15.00945279],[-91.99403706,14.98347097],[-91.98791791,14.98061323],[-91.97783888,14.98392888],[-91.97550583,14.98160417],[-91.97567651,14.97492326],[-91.97064742,14.97222704],[-91.96611707,14.97475243],[-91.96485822,14.98321491],[-91.96060056,14.98722509],[-91.95978161,14.99672459],[-91.95197353,15.00519422],[-91.94708908,15.00755143],[-91.93171853,15.00804367],[-91.9258706,15.00225664],[-91.91945573,15.00271218],[-91.91654782,15.00578885],[-91.91188515,15.02305636],[-91.90029142,15.03912977],[-91.89284437,15.03569918],[-91.8813296,15.03834678],[-91.86888117,15.0196476],[-91.85117648,15.00612258],[-91.84959243,15.0017925],[-91.85193412,14.99725399],[-91.87408539,14.98082076],[-91.89448067,14.97909566]]]}},{"type":"Feature","properties":{"m":"El Chol","d":"Baja Verapaz","cod":1506,"pop":9538,"iv":0.722,"exp":0.311,"sen":0.488,"cap":0.077,"inat":1.3,"isoc":4.9,"ides":3.1,"nfp":0,"nfph":0,"pfph":0,"ncr":0},"geometry":{"type":"Polygon","coordinates":[[[-90.46120708,15.00561135],[-90.4455703,14.98842531],[-90.44542327,14.98490967],[-90.45450121,14.95665522],[-90.45579381,14.93878331],[-90.44894008,14.92770751],[-90.43311302,14.91216683],[-90.43610561,14.90044228],[-90.43536855,14.89208378],[-90.43752029,14.88877791],[-90.43619503,14.88621454],[-90.44272103,14.8827102],[-90.46672974,14.88271369],[-90.47390895,14.87940869],[-90.47849503,14.88436559],[-90.48124931,14.8836043],[-90.48961767,14.88879452],[-90.49308957,14.89535941],[-90.49553711,14.8937714],[-90.49823788,14.89523842],[-90.51260192,14.90952495],[-90.51390562,14.91754312],[-90.50685911,14.93387862],[-90.50740972,14.93829764],[-90.53362598,14.94999433],[-90.54322223,14.95877497],[-90.54553113,14.96339136],[-90.54214152,14.97658967],[-90.54747397,14.98639144],[-90.54730093,14.99071912],[-90.54200444,14.99774918],[-90.52381024,15.00384409],[-90.5195341,15.01583849],[-90.51316389,15.02048907],[-90.48946592,15.02005356],[-90.47272092,15.01417801],[-90.46120708,15.00561135]]]}},{"type":"Feature","properties":{"m":"Malacatán","d":"San Marcos","cod":1215,"pop":92816,"iv":0.32,"exp":0.097,"sen":0.307,"cap":0.084,"inat":5.2,"isoc":4.7,"ides":5.5,"nfp":13,"nfph":5,"pfph":2996,"ncr":0},"geometry":{"type":"Polygon","coordinates":[[[-92.04136984,14.98938378],[-92.04071421,14.98677068],[-92.03419123,14.98474414],[-92.03439318,14.9584755],[-92.03210051,14.94563105],[-92.04046122,14.93335586],[-92.04238003,14.91747351],[-92.03731944,14.91371417],[-92.02086427,14.91611798],[-92.01669688,14.91587751],[-92.01636909,14.91333695],[-92.02056226,14.90838285],[-92.04439449,14.90340747],[-92.05515375,14.90784113],[-92.07347393,14.89153274],[-92.08443997,14.87852598],[-92.08585592,14.865248],[-92.09526629,14.86150527],[-92.10318776,14.85290731],[-92.13561269,14.79869045],[-92.16123504,14.80462302],[-92.17751678,14.80364204],[-92.17584968,14.81662059],[-92.18270354,14.82954816],[-92.18117711,14.84775606],[-92.17522985,14.85175444],[-92.17049089,14.8613305],[-92.16467286,14.86133766],[-92.14874702,14.86912066],[-92.14166396,14.88531848],[-92.13685895,14.88931892],[-92.13702698,14.89731354],[-92.14439377,14.91084191],[-92.1416732,14.91906189],[-92.14708112,14.92913393],[-92.14595717,14.93489299],[-92.14274309,14.93764732],[-92.14886722,14.95117092],[-92.14618807,14.95968375],[-92.14690106,14.97103097],[-92.14440637,14.97618029],[-92.15076322,14.98638352],[-92.14717568,14.99210284],[-92.13928034,14.99555595],[-92.13891359,15.00208282],[-92.13555428,15.00438554],[-92.13375997,15.01068774],[-92.12532243,15.01501967],[-92.1206251,15.01192448],[-92.11751436,15.0147703],[-92.09974199,15.01028903],[-92.09729419,15.01496444],[-92.08491431,15.02216071],[-92.07972188,15.0305268],[-92.07674076,15.02616413],[-92.08185581,15.02148393],[-92.08318802,15.01581771],[-92.0675811,15.01324902],[-92.0712573,15.00748512],[-92.07277559,14.99563735],[-92.06603403,14.99588553],[-92.04136984,14.98938378]]]}},{"type":"Feature","properties":{"m":"Sibilia","d":"Quetzaltenango","cod":905,"pop":8407,"iv":0.279,"exp":0.082,"sen":0.285,"cap":0.088,"inat":7.6,"isoc":3.5,"ides":3,"nfp":0,"nfph":0,"pfph":0,"ncr":0},"geometry":{"type":"Polygon","coordinates":[[[-91.61714102,15.0242153],[-91.6149868,15.01881047],[-91.6158877,14.99841284],[-91.6132062,14.99658422],[-91.60517945,14.99871245],[-91.60272305,14.99722745],[-91.60658099,14.98412659],[-91.61339067,14.98382577],[-91.61646594,14.9567886],[-91.63943749,14.95553465],[-91.65860625,14.97166648],[-91.67639687,14.96350185],[-91.67306129,14.99896784],[-91.66576718,15.02797119],[-91.65149789,15.01431828],[-91.64866393,15.0140043],[-91.64721868,15.01690741],[-91.64113098,15.01610846],[-91.63650299,15.01189797],[-91.61714102,15.0242153]]]}},{"type":"Feature","properties":{"m":"San Francisco El Alto","d":"Totonicapán","cod":803,"pop":57894,"iv":0.462,"exp":0.079,"sen":0.417,"cap":0.035,"inat":5.9,"isoc":6.3,"ides":5.5,"nfp":2,"nfph":0,"pfph":0,"ncr":0},"geometry":{"type":"Polygon","coordinates":[[[-91.42659001,14.97094667],[-91.40556592,14.94475481],[-91.41278464,14.9311189],[-91.4211981,14.92430805],[-91.47275622,14.93617652],[-91.47492052,14.93764843],[-91.47679284,14.9469152],[-91.4813733,14.95011143],[-91.49350192,14.95561827],[-91.50307067,14.95639638],[-91.51189181,14.96246359],[-91.52901096,14.95942235],[-91.53244761,14.97041629],[-91.54089515,14.98355512],[-91.54191321,15.02694501],[-91.53904479,15.0262453],[-91.53770639,15.02100106],[-91.53243895,15.01958196],[-91.52853225,15.01188293],[-91.52005916,15.00632234],[-91.50935235,14.99297257],[-91.50083136,14.99422046],[-91.49430007,15.00835653],[-91.49021127,15.01134152],[-91.47606638,15.01200081],[-91.46988552,15.00951217],[-91.46701112,15.0051623],[-91.4583942,14.97330142],[-91.44290154,14.96831659],[-91.43155256,14.96862072],[-91.42659001,14.97094667]]]}},{"type":"Feature","properties":{"m":"Granados","d":"Baja Verapaz","cod":1505,"pop":13595,"iv":0.46,"exp":0.152,"sen":0.383,"cap":0.075,"inat":4.2,"isoc":5.1,"ides":4,"nfp":0,"nfph":0,"pfph":0,"ncr":0},"geometry":{"type":"Polygon","coordinates":[[[-90.52092256,15.00782932],[-90.52712548,15.00171539],[-90.54200444,14.99774918],[-90.54621594,14.99310709],[-90.54747397,14.98639144],[-90.54214152,14.97658967],[-90.54553113,14.96339136],[-90.53362598,14.94999433],[-90.50740972,14.93829764],[-90.50685911,14.93387862],[-90.51390562,14.91754312],[-90.51404687,14.91197189],[-90.49823788,14.89523842],[-90.50962777,14.8888367],[-90.5241189,14.88732359],[-90.52822665,14.88379725],[-90.53686257,14.88646152],[-90.54942136,14.87699178],[-90.5620692,14.87252255],[-90.56551647,14.87645968],[-90.57897929,14.8698999],[-90.58818309,14.87535872],[-90.59031558,14.8715901],[-90.59272209,14.87158261],[-90.60692068,14.88013207],[-90.61856419,14.87656045],[-90.6224179,14.88807089],[-90.61444429,14.90910609],[-90.61563712,14.91467924],[-90.62147026,14.91931366],[-90.63353668,14.92233891],[-90.6388033,14.93189661],[-90.63735966,14.93459771],[-90.64257617,14.94149416],[-90.64275355,14.94822677],[-90.64829271,14.95487013],[-90.65600026,14.95928492],[-90.66027548,14.96851029],[-90.64895472,14.95941007],[-90.6406583,14.96461418],[-90.63454591,14.96348028],[-90.63080341,14.97026702],[-90.62409137,14.97520454],[-90.62316377,14.98251843],[-90.60104753,14.99656203],[-90.58892099,14.99731138],[-90.58771662,15.00317765],[-90.58258792,15.00662173],[-90.56731396,15.00024345],[-90.55860814,15.01194761],[-90.55430754,15.01092686],[-90.55300677,15.00419945],[-90.55028209,15.00228315],[-90.53168001,15.01078972],[-90.52092256,15.00782932]]]}},{"type":"Feature","properties":{"m":"San Pedro Sacatepéquez","d":"San Marcos","cod":1202,"pop":79158,"iv":0.332,"exp":0.153,"sen":0.293,"cap":0.115,"inat":5.4,"isoc":3.2,"ides":2.1,"nfp":1,"nfph":1,"pfph":0,"ncr":0},"geometry":{"type":"Polygon","coordinates":[[[-91.70414571,15.00780868],[-91.70439507,15.00221144],[-91.70679168,15.00150305],[-91.70606329,14.98092563],[-91.70831347,14.97697129],[-91.71537576,14.97424631],[-91.72265708,14.98062261],[-91.72620565,14.98083455],[-91.74130673,14.97441801],[-91.75045043,14.96103916],[-91.75164007,14.94645835],[-91.74909031,14.9412298],[-91.74495239,14.93624336],[-91.7294001,14.92817344],[-91.72555625,14.92388549],[-91.72426779,14.91783325],[-91.71302357,14.90767],[-91.71282802,14.90020016],[-91.72241865,14.89366981],[-91.73592513,14.89325206],[-91.75664687,14.90894829],[-91.77003027,14.92249956],[-91.77254239,14.93165536],[-91.77632363,14.93549933],[-91.77372998,14.94160176],[-91.78394978,14.94443828],[-91.79170723,14.96584319],[-91.81540349,14.9911494],[-91.81719731,14.9956672],[-91.81581588,15.00693685],[-91.80699263,15.01347155],[-91.78892775,15.02149128],[-91.77799496,15.01530972],[-91.77198242,15.01771121],[-91.76286659,15.00894446],[-91.75774058,14.99765008],[-91.75408577,14.99474656],[-91.73066418,14.99606353],[-91.72845913,15.0015539],[-91.71350812,15.00630817],[-91.70945709,15.01362622],[-91.70414571,15.00780868]]]}},{"type":"Feature","properties":{"m":"San Antonio Sacatepéquez","d":"San Marcos","cod":1203,"pop":19100,"iv":0.357,"exp":0.104,"sen":0.383,"cap":0.13,"inat":5.1,"isoc":4.7,"ides":3.8,"nfp":0,"nfph":0,"pfph":0,"ncr":0},"geometry":{"type":"Polygon","coordinates":[[[-91.67306129,14.99896784],[-91.67719067,14.96843053],[-91.67521391,14.954005],[-91.70449663,14.9292981],[-91.72555625,14.92388549],[-91.73369425,14.93169662],[-91.74495239,14.93624336],[-91.74909031,14.9412298],[-91.75164007,14.94645835],[-91.75045043,14.96103916],[-91.74328126,14.97266849],[-91.72620565,14.98083455],[-91.72265708,14.98062261],[-91.71428135,14.97406613],[-91.70646685,14.97914606],[-91.70679168,15.00150305],[-91.70439507,15.00221144],[-91.70414571,15.00780868],[-91.6898358,15.00679685],[-91.68502656,15.00214785],[-91.67306129,14.99896784]]]}},{"type":"Feature","properties":{"m":"Patzité","d":"Quiché","cod":1407,"pop":6144,"iv":0.46,"exp":0.101,"sen":0.397,"cap":0.038,"inat":4.9,"isoc":6.8,"ides":5.7,"nfp":0,"nfph":0,"pfph":0,"ncr":0},"geometry":{"type":"Polygon","coordinates":[[[-91.15274008,14.99638764],[-91.15263281,14.98586753],[-91.15982337,14.94474663],[-91.20165466,14.94412407],[-91.21189303,14.93848826],[-91.21934882,14.94694794],[-91.24104821,14.94671503],[-91.23887427,14.95575051],[-91.24203646,14.96204581],[-91.23259415,14.98106912],[-91.24157613,14.9871316],[-91.23570836,14.99464724],[-91.20697145,15.00335625],[-91.18727873,14.9959038],[-91.16693647,14.99973767],[-91.15274008,14.99638764]]]}},{"type":"Feature","properties":{"m":"Chichicastenango","d":"Quiché","cod":1406,"pop":141567,"iv":0.421,"exp":0.15,"sen":0.287,"cap":0.016,"inat":6.3,"isoc":7.4,"ides":7.5,"nfp":0,"nfph":0,"pfph":0,"ncr":0},"geometry":{"type":"Polygon","coordinates":[[[-91.00950228,14.97607639],[-91.01923086,14.96703987],[-91.02335624,14.95722014],[-91.02309111,14.94563861],[-91.01432965,14.93271152],[-91.01715754,14.92426655],[-91.02909356,14.90658677],[-91.02498011,14.88048293],[-91.04117392,14.86143462],[-91.04521664,14.84684763],[-91.03992569,14.83294021],[-91.03602186,14.83086122],[-91.02350825,14.8326427],[-91.01983804,14.82532646],[-91.03220145,14.81769598],[-91.05707529,14.80787299],[-91.07233696,14.8058832],[-91.08458817,14.81507883],[-91.09544451,14.80064189],[-91.10298825,14.78358793],[-91.11079118,14.78333227],[-91.11673339,14.78586494],[-91.13142861,14.79641789],[-91.13605109,14.80162346],[-91.1358818,14.80567189],[-91.13084215,14.80760906],[-91.11913269,14.82301353],[-91.10209385,14.8293916],[-91.10519273,14.84091339],[-91.12647529,14.85790591],[-91.13481933,14.87008588],[-91.14607564,14.8665656],[-91.15725389,14.87391705],[-91.15681873,14.88651372],[-91.16021663,14.89270555],[-91.17650421,14.89643258],[-91.21189303,14.93848826],[-91.20165466,14.94412407],[-91.16203597,14.94497682],[-91.14608267,14.94105343],[-91.13201552,14.94843624],[-91.11623696,14.96308892],[-91.09350503,14.97057808],[-91.05476624,14.97246383],[-91.0456151,14.97521971],[-91.02831955,14.99102487],[-91.01970772,14.99466531],[-91.0150024,14.99183997],[-91.01365949,14.98291488],[-91.00950228,14.97607639]]]}},{"type":"Feature","properties":{"m":"Camotán","d":"Chiquimula","cod":2005,"pop":56138,"iv":0.501,"exp":0.122,"sen":0.434,"cap":0.055,"inat":3.9,"isoc":6,"ides":6.9,"nfp":3,"nfph":1,"pfph":0,"ncr":0},"geometry":{"type":"Polygon","coordinates":[[[-89.17939755,14.922263],[-89.18161441,14.9096555],[-89.18759036,14.90252939],[-89.20614989,14.90006306],[-89.21397851,14.89070731],[-89.22218898,14.88831167],[-89.2273836,14.88211986],[-89.22464152,14.83476537],[-89.19812266,14.80204138],[-89.20196855,14.79844338],[-89.21007261,14.79561816],[-89.21431346,14.79766646],[-89.22758087,14.79316455],[-89.23059517,14.78639833],[-89.23803011,14.78613518],[-89.24583841,14.78947524],[-89.27452966,14.78762283],[-89.2928908,14.79404687],[-89.31851088,14.7879395],[-89.33300429,14.79277349],[-89.34749232,14.79091885],[-89.35796957,14.79319105],[-89.36463607,14.79119456],[-89.371606,14.79656634],[-89.37773973,14.84720609],[-89.37103127,14.85944477],[-89.36177707,14.86949802],[-89.35435066,14.88607015],[-89.34827434,14.893708],[-89.35002776,14.90313355],[-89.32113812,14.91196096],[-89.31502695,14.91098149],[-89.28122059,14.89438492],[-89.2594723,14.90036912],[-89.22354088,14.94970837],[-89.20051098,14.94763733],[-89.19152516,14.93959501],[-89.17939755,14.922263]]]}},{"type":"Feature","properties":{"m":"Pachalum","d":"Quiché","cod":1421,"pop":8839,"iv":0.428,"exp":0.115,"sen":0.363,"cap":0.051,"inat":1,"isoc":6.6,"ides":7.1,"nfp":0,"nfph":0,"pfph":0,"ncr":0},"geometry":{"type":"Polygon","coordinates":[[[-90.62206001,14.88560414],[-90.63033562,14.88606818],[-90.63305163,14.88979929],[-90.64076967,14.89083429],[-90.64713691,14.89035091],[-90.64995927,14.88537918],[-90.65466838,14.88567474],[-90.6792522,14.89873298],[-90.68003429,14.90172014],[-90.69251443,14.90943443],[-90.69113415,14.91819113],[-90.68202267,14.9290221],[-90.66937522,14.95780244],[-90.66027548,14.96851029],[-90.65600026,14.95928492],[-90.64829271,14.95487013],[-90.64275355,14.94822677],[-90.64257617,14.94149416],[-90.63735966,14.93459771],[-90.6388033,14.93189661],[-90.63353668,14.92233891],[-90.62147026,14.91931366],[-90.61563712,14.91467924],[-90.61444429,14.90910609],[-90.62044633,14.89630006],[-90.62206001,14.88560414]]]}},{"type":"Feature","properties":{"m":"San Rafael Pie de La Cuesta","d":"San Marcos","cod":1211,"pop":17139,"iv":0.281,"exp":0.121,"sen":0.385,"cap":0.225,"inat":5.3,"isoc":4,"ides":3.3,"nfp":3,"nfph":1,"pfph":429,"ncr":0},"geometry":{"type":"Polygon","coordinates":[[[-91.87623033,14.94462265],[-91.87881348,14.91625157],[-91.88904427,14.90153718],[-91.9005493,14.89314833],[-91.91393391,14.89254884],[-91.92396064,14.89834891],[-91.93695344,14.89987629],[-91.94325864,14.90733857],[-91.94441015,14.91676578],[-91.9549001,14.91826031],[-91.93829225,14.93110759],[-91.9433707,14.94410455],[-91.90139647,14.97350069],[-91.89331705,14.96789877],[-91.89605092,14.95381106],[-91.89357638,14.94259538],[-91.89061528,14.94130867],[-91.87623033,14.94462265]]]}},{"type":"Feature","properties":{"m":"Cabañas","d":"Zacapa","cod":1907,"pop":13641,"iv":0.711,"exp":0.333,"sen":0.434,"cap":0.056,"inat":2,"isoc":3.8,"ides":3.4,"nfp":10,"nfph":3,"pfph":163,"ncr":0},"geometry":{"type":"Polygon","coordinates":[[[-89.69625119,14.85482672],[-89.70629111,14.8445535],[-89.71076747,14.82827525],[-89.71726225,14.83155172],[-89.72603567,14.8406534],[-89.72989469,14.84056279],[-89.73235715,14.83562764],[-89.73879187,14.83185032],[-89.76885614,14.83571378],[-89.77135091,14.83803652],[-89.77169452,14.84517185],[-89.78139906,14.84830226],[-89.78609605,14.84798094],[-89.79875784,14.84061633],[-89.82016287,14.84337858],[-89.83289579,14.85410634],[-89.84153646,14.85662608],[-89.84439746,14.8633686],[-89.86267547,14.86562609],[-89.86211448,14.87175734],[-89.85341065,14.87652524],[-89.8415031,14.89822823],[-89.83106548,14.90399023],[-89.82276759,14.90311447],[-89.8178513,14.90515897],[-89.8155061,14.92723411],[-89.8194369,14.93244336],[-89.8165635,14.93550597],[-89.81612948,14.94301438],[-89.79958036,14.94601197],[-89.79070439,14.94177468],[-89.78195976,14.94292466],[-89.77497926,14.94094591],[-89.76052421,14.94492042],[-89.74816971,14.95282984],[-89.74949175,14.94078198],[-89.74262773,14.9283873],[-89.74285342,14.92007523],[-89.72286044,14.91111435],[-89.71745752,14.90380291],[-89.71744177,14.89278809],[-89.72164571,14.88292499],[-89.72899539,14.87407155],[-89.69625119,14.85482672]]]}},{"type":"Feature","properties":{"m":"Palestina de Los Altos","d":"Quetzaltenango","cod":924,"pop":16205,"iv":0.193,"exp":0.074,"sen":0.269,"cap":0.15,"inat":8.2,"isoc":4.5,"ides":5,"nfp":0,"nfph":0,"pfph":0,"ncr":0},"geometry":{"type":"Polygon","coordinates":[[[-91.63943749,14.95553465],[-91.64210397,14.94086884],[-91.64053186,14.9304883],[-91.64321536,14.92691911],[-91.64936255,14.92105183],[-91.67459303,14.91226189],[-91.68326629,14.90332357],[-91.69966049,14.90612675],[-91.71282802,14.90020016],[-91.7138034,14.90901219],[-91.72510856,14.91959948],[-91.72555625,14.92388549],[-91.70449663,14.9292981],[-91.69584844,14.93855484],[-91.68141175,14.94689088],[-91.67521391,14.954005],[-91.67639687,14.96350185],[-91.67114241,14.96736379],[-91.65860625,14.97166648],[-91.63943749,14.95553465]]]}},{"type":"Feature","properties":{"m":"San Cristóbal Totonicapán","d":"Totonicapán","cod":802,"pop":36119,"iv":0.562,"exp":0.255,"sen":0.318,"cap":0.01,"inat":4.3,"isoc":5.9,"ides":4.7,"nfp":2,"nfph":2,"pfph":6323,"ncr":0},"geometry":{"type":"Polygon","coordinates":[[[-91.41996167,14.92480566],[-91.41019999,14.92099053],[-91.41168272,14.91297711],[-91.42447535,14.90123663],[-91.42488358,14.89766026],[-91.43930159,14.89067735],[-91.45773863,14.89589193],[-91.47192407,14.8949803],[-91.48290335,14.90827777],[-91.4759652,14.92470776],[-91.50293409,14.92814992],[-91.51651323,14.93894919],[-91.5238595,14.93922838],[-91.5268604,14.94631146],[-91.5541996,14.93973869],[-91.52901096,14.95942235],[-91.51189181,14.96246359],[-91.50307067,14.95639638],[-91.49350192,14.95561827],[-91.4813733,14.95011143],[-91.47679284,14.9469152],[-91.47492052,14.93764843],[-91.47275622,14.93617652],[-91.45904111,14.93153137],[-91.41996167,14.92480566]]]}},{"type":"Feature","properties":{"m":"Esquipulas Palo Gordo","d":"San Marcos","cod":1227,"pop":12892,"iv":0.211,"exp":0.129,"sen":0.309,"cap":0.227,"inat":7.6,"isoc":3.9,"ides":3.9,"nfp":0,"nfph":0,"pfph":0,"ncr":0},"geometry":{"type":"Polygon","coordinates":[[[-91.81233308,14.91697954],[-91.82058013,14.90972721],[-91.82882583,14.89724848],[-91.84628551,14.89338218],[-91.86056689,14.88662748],[-91.86685561,14.88842027],[-91.88867036,14.90352865],[-91.87741764,14.91931261],[-91.87623033,14.94462265],[-91.86623539,14.9544503],[-91.84789601,14.963927],[-91.83525301,14.96101986],[-91.81346136,14.94938103],[-91.80422878,14.94170576],[-91.8018228,14.93326829],[-91.81233308,14.91697954]]]}},{"type":"Feature","properties":{"m":"Totonicapán","d":"Totonicapán","cod":801,"pop":103952,"iv":0.32,"exp":0.111,"sen":0.237,"cap":0.028,"inat":6.5,"isoc":6.2,"ides":5.1,"nfp":4,"nfph":2,"pfph":564,"ncr":0},"geometry":{"type":"Polygon","coordinates":[[[-91.24104821,14.94671503],[-91.21934882,14.94694794],[-91.17650421,14.89643258],[-91.20683648,14.88352251],[-91.21265376,14.8716023],[-91.21219467,14.85978785],[-91.24501639,14.8532086],[-91.26278746,14.84495781],[-91.26850533,14.85659186],[-91.27578349,14.86232911],[-91.28926526,14.86195095],[-91.30195589,14.85587342],[-91.30732028,14.87583591],[-91.33727291,14.87560532],[-91.36353662,14.85563805],[-91.36175937,14.85026126],[-91.36320784,14.84909211],[-91.40423454,14.82274936],[-91.42249916,14.84905715],[-91.44596203,14.86300177],[-91.44545379,14.87103914],[-91.44049963,14.87860343],[-91.43930159,14.89067735],[-91.42488358,14.89766026],[-91.42447535,14.90123663],[-91.41503996,14.90899982],[-91.40939693,14.91714482],[-91.41019999,14.92099053],[-91.41989271,14.92398835],[-91.41278464,14.9311189],[-91.40547984,14.94390236],[-91.41709739,14.96129366],[-91.37434022,14.95750102],[-91.36517396,14.95433663],[-91.34209317,14.93931178],[-91.3062639,14.94034822],[-91.28988187,14.93584854],[-91.26929687,14.93643808],[-91.25559952,14.93863063],[-91.24104821,14.94671503]]]}},{"type":"Feature","properties":{"m":"El Jícaro","d":"El Progreso","cod":205,"pop":13128,"iv":0.598,"exp":0.312,"sen":0.396,"cap":0.11,"inat":3.8,"isoc":2.6,"ides":2,"nfp":12,"nfph":4,"pfph":118,"ncr":0},"geometry":{"type":"Polygon","coordinates":[[[-89.81899863,14.93331534],[-89.8155061,14.92723411],[-89.8178513,14.90515897],[-89.82276759,14.90311447],[-89.83106548,14.90399023],[-89.8415031,14.89822823],[-89.85341065,14.87652524],[-89.85848421,14.87293564],[-89.8695567,14.87119991],[-89.88459888,14.87324343],[-89.93135845,14.8470233],[-89.93886516,14.84715734],[-89.94635177,14.84310993],[-89.96304596,14.83981396],[-89.96894843,14.84089878],[-89.9767004,14.83795995],[-89.98134857,14.8379127],[-89.98147338,14.84263045],[-90.01137,14.85507155],[-90.00927065,14.8589838],[-89.99130213,14.85962263],[-89.98544324,14.86583655],[-89.98318529,14.88090001],[-89.98805908,14.88853047],[-89.98471232,14.8919812],[-89.98049293,14.91566412],[-89.97216692,14.91428642],[-89.96162424,14.91751149],[-89.94871172,14.91615436],[-89.93595327,14.92008227],[-89.92270772,14.91596282],[-89.8934953,14.915534],[-89.88988704,14.92259582],[-89.88305753,14.92448593],[-89.87014189,14.91751472],[-89.86380543,14.92335011],[-89.84893412,14.92431263],[-89.83700071,14.92789381],[-89.82826243,14.94006481],[-89.82548751,14.94014024],[-89.82220816,14.9344627],[-89.81899863,14.93331534]]]}},{"type":"Feature","properties":{"m":"Cajolá","d":"Quetzaltenango","cod":907,"pop":14948,"iv":0.53,"exp":0.155,"sen":0.389,"cap":0.015,"inat":5.7,"isoc":4.4,"ides":5.8,"nfp":0,"nfph":0,"pfph":0,"ncr":0},"geometry":{"type":"Polygon","coordinates":[[[-91.61646594,14.9567886],[-91.59603001,14.93555122],[-91.57292025,14.93405682],[-91.57528053,14.9221267],[-91.57967738,14.92258],[-91.59124913,14.91774229],[-91.60971622,14.91910035],[-91.6201594,14.91665523],[-91.64053186,14.9304883],[-91.64210397,14.94086884],[-91.63943749,14.95553465],[-91.61646594,14.9567886]]]}},{"type":"Feature","properties":{"m":"San Francisco La Unión","d":"Quetzaltenango","cod":918,"pop":7939,"iv":0.447,"exp":0.155,"sen":0.293,"cap":0.0,"inat":6.1,"isoc":3.8,"ides":4.5,"nfp":0,"nfph":0,"pfph":0,"ncr":0},"geometry":{"type":"Polygon","coordinates":[[[-91.5268604,14.94631146],[-91.51676036,14.92147685],[-91.52931573,14.91080298],[-91.55051045,14.91766752],[-91.56488968,14.91414036],[-91.57068936,14.90509148],[-91.57948155,14.90523657],[-91.58010158,14.91052816],[-91.57350053,14.91734649],[-91.57528053,14.9221267],[-91.57292025,14.93405682],[-91.55287497,14.93139091],[-91.55549007,14.93747925],[-91.5541996,14.93973869],[-91.5268604,14.94631146]]]}},{"type":"Feature","properties":{"m":"Tecpán Guatemala","d":"Chimaltenango","cod":406,"pop":91927,"iv":0.345,"exp":0.119,"sen":0.236,"cap":0.011,"inat":8,"isoc":5.7,"ides":6.3,"nfp":0,"nfph":0,"pfph":0,"ncr":0},"geometry":{"type":"Polygon","coordinates":[[[-90.94098523,14.92424633],[-90.94282207,14.91750039],[-90.95122187,14.90527403],[-90.95351421,14.89322433],[-90.96302705,14.8781789],[-90.96517861,14.8660362],[-90.96424655,14.84807496],[-90.9788714,14.82770378],[-90.99171746,14.80286759],[-90.98845861,14.78880884],[-90.97941765,14.78091325],[-90.93958981,14.78349553],[-90.93532918,14.77602059],[-90.93082244,14.75409781],[-90.9427485,14.7395101],[-90.94275649,14.71769533],[-90.95031169,14.7213554],[-90.95995049,14.71870813],[-90.95881919,14.68858877],[-90.96571557,14.68230573],[-90.97089316,14.68953619],[-90.98816678,14.69002097],[-90.99075538,14.6934197],[-90.99027277,14.70279324],[-90.9961162,14.70892547],[-90.99421891,14.72414137],[-90.99585476,14.72884327],[-91.02977934,14.7259999],[-91.03505511,14.72178277],[-91.04516394,14.72011631],[-91.05166786,14.71281962],[-91.060213,14.71219435],[-91.07519598,14.70448085],[-91.07635463,14.71224872],[-91.08503052,14.72556774],[-91.08401915,14.73199034],[-91.07550991,14.74092394],[-91.07613633,14.74532902],[-91.08691093,14.75565848],[-91.08440558,14.76940784],[-91.07233696,14.8058832],[-91.04978081,14.80961645],[-91.01983804,14.82532646],[-91.02350825,14.8326427],[-91.03602186,14.83086122],[-91.03992569,14.83294021],[-91.04521664,14.84684763],[-91.04117392,14.86143462],[-91.02498011,14.88048293],[-91.02909356,14.90658677],[-91.01485762,14.93113471],[-91.00301669,14.93277337],[-90.99903297,14.93805762],[-90.99632132,14.93800675],[-90.99069257,14.93663914],[-90.98940418,14.93414392],[-90.97365677,14.93540549],[-90.96283905,14.92570373],[-90.95141015,14.92219384],[-90.94527174,14.92583233],[-90.94098523,14.92424633]]]}},{"type":"Feature","properties":{"m":"San Martín Jilotepeque","d":"Chimaltenango","cod":403,"pop":73469,"iv":0.338,"exp":0.126,"sen":0.259,"cap":0.046,"inat":5.2,"isoc":5.6,"ides":5.5,"nfp":5,"nfph":3,"pfph":373,"ncr":0},"geometry":{"type":"Polygon","coordinates":[[[-90.69251443,14.90943443],[-90.68003429,14.90172014],[-90.6792522,14.89873298],[-90.65466838,14.88567474],[-90.64995927,14.88537918],[-90.64713691,14.89035091],[-90.64076967,14.89083429],[-90.63305163,14.88979929],[-90.63033562,14.88606818],[-90.62384238,14.88672597],[-90.61920035,14.87705153],[-90.62273443,14.87694138],[-90.62583149,14.8718825],[-90.63217075,14.87007786],[-90.63569265,14.8663332],[-90.64165316,14.86570565],[-90.64670207,14.86208714],[-90.65420981,14.86278852],[-90.6620145,14.86002107],[-90.6633496,14.84632552],[-90.67644116,14.84641538],[-90.68253152,14.83905586],[-90.69228081,14.83662755],[-90.6950214,14.830378],[-90.69191377,14.82235655],[-90.69508442,14.81729713],[-90.69459887,14.81271605],[-90.6869567,14.80463106],[-90.68716175,14.80226258],[-90.69228027,14.7971188],[-90.69406014,14.79104252],[-90.70431966,14.78877547],[-90.70805656,14.77795475],[-90.71966547,14.77505768],[-90.73243903,14.76162961],[-90.74000594,14.75729344],[-90.74240271,14.74924046],[-90.75684865,14.74786543],[-90.75939149,14.74548329],[-90.77002514,14.74646254],[-90.77335983,14.74015179],[-90.77886399,14.7389838],[-90.78264066,14.74079439],[-90.78580721,14.73637812],[-90.79044204,14.73785344],[-90.79100441,14.73514137],[-90.79666619,14.73195724],[-90.80467352,14.7322773],[-90.81028362,14.7284937],[-90.81254176,14.72339747],[-90.8534025,14.73874223],[-90.86605805,14.75020056],[-90.87298381,14.76595422],[-90.86428981,14.8083732],[-90.85118758,14.82909582],[-90.85477148,14.83772911],[-90.85217512,14.84438119],[-90.85405888,14.84899124],[-90.86095391,14.84965078],[-90.86433176,14.85237602],[-90.86133498,14.85523509],[-90.86366188,14.8573813],[-90.86862856,14.85974177],[-90.87966603,14.85917531],[-90.88285428,14.86346292],[-90.88818278,14.87820787],[-90.88835855,14.88729063],[-90.89174168,14.89225315],[-90.89895999,14.8938183],[-90.89889638,14.89846109],[-90.89628445,14.89987158],[-90.89777172,14.90370181],[-90.9019169,14.90576503],[-90.90024344,14.9108234],[-90.903591,14.91766046],[-90.89911985,14.92700784],[-90.90092781,14.93042988],[-90.89318337,14.93057889],[-90.88747884,14.93482283],[-90.88134649,14.93309555],[-90.87311543,14.93559094],[-90.86639454,14.93165983],[-90.85430214,14.93140433],[-90.84808482,14.92688337],[-90.82449279,14.92596777],[-90.82135091,14.92370155],[-90.81280681,14.92475734],[-90.81034362,14.92241503],[-90.7970335,14.92309475],[-90.78539034,14.91882828],[-90.76975012,14.92765969],[-90.76540988,14.92491689],[-90.75316587,14.92444567],[-90.74196639,14.91555656],[-90.71607167,14.91572306],[-90.70886794,14.9083598],[-90.70099041,14.90767886],[-90.69890185,14.90962523],[-90.69572178,14.90685678],[-90.69251443,14.90943443]]]}},{"type":"Feature","properties":{"m":"El Rodeo","d":"San Marcos","cod":1214,"pop":17881,"iv":0.288,"exp":0.055,"sen":0.256,"cap":0.023,"inat":7.4,"isoc":5.2,"ides":5.8,"nfp":1,"nfph":1,"pfph":295,"ncr":0},"geometry":{"type":"Polygon","coordinates":[[[-91.93829225,14.93110759],[-91.96671053,14.90621501],[-91.97110457,14.89451552],[-92.00524413,14.84521666],[-92.0182688,14.83557026],[-92.02155476,14.83527803],[-92.02555466,14.83963318],[-92.04177079,14.83134361],[-92.04985627,14.83140765],[-92.05033046,14.83934245],[-92.04288707,14.84153211],[-92.03479381,14.84772247],[-92.03356397,14.86029451],[-92.03068545,14.8648782],[-92.03184134,14.87559346],[-92.0171547,14.89348139],[-92.01695372,14.90243705],[-92.02056226,14.90838285],[-92.01543938,14.91474887],[-91.99802137,14.92463885],[-91.95872944,14.93161401],[-91.94434855,14.94283218],[-91.93829225,14.93110759]]]}},{"type":"Feature","properties":{"m":"San Andrés Xecul","d":"Totonicapán","cod":804,"pop":26984,"iv":0.487,"exp":0.169,"sen":0.319,"cap":0.001,"inat":4.3,"isoc":6.5,"ides":6,"nfp":0,"nfph":0,"pfph":0,"ncr":0},"geometry":{"type":"Polygon","coordinates":[[[-91.47192407,14.8949803],[-91.48240378,14.89077585],[-91.48835809,14.88507344],[-91.4991749,14.88476149],[-91.50431429,14.8914362],[-91.5238595,14.93922838],[-91.51651323,14.93894919],[-91.50293409,14.92814992],[-91.4759652,14.92470776],[-91.48290335,14.90827777],[-91.47192407,14.8949803]]]}},{"type":"Feature","properties":{"m":"San José Poaquil","d":"Chimaltenango","cod":402,"pop":26845,"iv":0.392,"exp":0.119,"sen":0.283,"cap":0.011,"inat":4.8,"isoc":5.9,"ides":5,"nfp":0,"nfph":0,"pfph":0,"ncr":0},"geometry":{"type":"Polygon","coordinates":[[[-90.86428981,14.8083732],[-90.86958648,14.81184686],[-90.87749812,14.81065489],[-90.8899992,14.80333765],[-90.91433636,14.79493313],[-90.91988943,14.79642457],[-90.9237939,14.79286563],[-90.92976213,14.80138173],[-90.93586589,14.81175588],[-90.9346457,14.81664936],[-90.93745922,14.82066861],[-90.93380691,14.83028541],[-90.93427101,14.83539956],[-90.94188015,14.84368288],[-90.94601596,14.85429796],[-90.94790001,14.88072555],[-90.95244369,14.8968722],[-90.95122187,14.90527403],[-90.94282207,14.91750039],[-90.94098523,14.92424633],[-90.93526321,14.92391688],[-90.93240835,14.92077136],[-90.92266798,14.92187926],[-90.91872027,14.91982155],[-90.91642161,14.92498846],[-90.91143447,14.92405292],[-90.90466618,14.92957413],[-90.89937095,14.92842315],[-90.903591,14.91766046],[-90.90024344,14.9108234],[-90.9019169,14.90576503],[-90.89777172,14.90370181],[-90.89628445,14.89987158],[-90.89889638,14.89846109],[-90.89895999,14.8938183],[-90.89174168,14.89225315],[-90.88835855,14.88729063],[-90.88818278,14.87820787],[-90.88285428,14.86346292],[-90.87966603,14.85917531],[-90.86862856,14.85974177],[-90.86366188,14.8573813],[-90.86133498,14.85523509],[-90.86433176,14.85237602],[-90.86095391,14.84965078],[-90.85405888,14.84899124],[-90.85217512,14.84438119],[-90.85477148,14.83772911],[-90.85190347,14.83326349],[-90.85232313,14.82497479],[-90.85914973,14.81917189],[-90.86428981,14.8083732]]]}},{"type":"Feature","properties":{"m":"Guastatoya","d":"El Progreso","cod":201,"pop":24821,"iv":0.532,"exp":0.312,"sen":0.338,"cap":0.118,"inat":5.1,"isoc":2.1,"ides":1.5,"nfp":11,"nfph":8,"pfph":739,"ncr":0},"geometry":{"type":"Polygon","coordinates":[[[-89.98805908,14.88853047],[-89.98318529,14.88090001],[-89.98544324,14.86583655],[-89.99130213,14.85962263],[-90.00927065,14.8589838],[-90.01137,14.85507155],[-89.98147338,14.84263045],[-89.98224473,14.83885234],[-89.98029879,14.83763251],[-89.94635177,14.84310993],[-89.93886516,14.84715734],[-89.93135845,14.8470233],[-89.93947678,14.83837584],[-89.94066494,14.83388678],[-89.93131759,14.82566224],[-89.92919443,14.82095974],[-89.94152156,14.81834722],[-89.95017929,14.81261512],[-89.95687315,14.79535327],[-89.96197153,14.79448141],[-89.9707506,14.79861776],[-89.98018125,14.79707887],[-89.99007949,14.80687779],[-89.99931889,14.81124952],[-90.0042599,14.80594408],[-90.01138763,14.80508962],[-90.03647453,14.80806215],[-90.04311984,14.80168038],[-90.05620687,14.79935888],[-90.06455285,14.80866572],[-90.06891598,14.80916835],[-90.07802076,14.79263188],[-90.09130233,14.78755391],[-90.09417543,14.78971022],[-90.09622569,14.80173292],[-90.10968487,14.80337207],[-90.11387775,14.81012591],[-90.1332777,14.81989653],[-90.15978046,14.84232681],[-90.17805797,14.85184459],[-90.17669739,14.88095185],[-90.1705292,14.87971409],[-90.16436889,14.88533581],[-90.15644199,14.88140254],[-90.15349374,14.88717438],[-90.14232841,14.88680283],[-90.13090405,14.90174591],[-90.12481695,14.90256816],[-90.1129625,14.91108785],[-90.09796421,14.91252709],[-90.09233467,14.9073564],[-90.07766455,14.91323274],[-90.06717465,14.9126221],[-90.06087374,14.91578898],[-90.05882557,14.91218302],[-90.05447893,14.91100727],[-90.03768692,14.91684444],[-90.03261823,14.89772731],[-90.01995632,14.88422574],[-90.00977693,14.88043688],[-90.00343433,14.88069269],[-89.98805908,14.88853047]]]}},{"type":"Feature","properties":{"m":"San Juan Ostuncalco","d":"Quetzaltenango","cod":909,"pop":51828,"iv":0.236,"exp":0.129,"sen":0.321,"cap":0.215,"inat":6.4,"isoc":4.3,"ides":5.3,"nfp":1,"nfph":0,"pfph":0,"ncr":0},"geometry":{"type":"Polygon","coordinates":[[[-91.6201594,14.91665523],[-91.62786439,14.90455874],[-91.62842039,14.89547105],[-91.62163072,14.89050404],[-91.61646733,14.89117798],[-91.60992869,14.88699178],[-91.60638632,14.8792216],[-91.60000691,14.88042222],[-91.59433611,14.87767812],[-91.58833347,14.868643],[-91.60457476,14.86337654],[-91.61559791,14.86273823],[-91.62375921,14.86559053],[-91.6518316,14.85914948],[-91.65302878,14.85463919],[-91.67216524,14.84979258],[-91.68758109,14.85444145],[-91.71077725,14.84229284],[-91.71994403,14.8423983],[-91.73816589,14.82693537],[-91.75279658,14.82947726],[-91.76783688,14.80371536],[-91.77195592,14.80081757],[-91.77222991,14.7947467],[-91.77552222,14.79291787],[-91.78109635,14.80141863],[-91.7796172,14.81616793],[-91.77066378,14.82482427],[-91.77324003,14.83246061],[-91.75692282,14.86141804],[-91.75683685,14.87268076],[-91.75283286,14.87801943],[-91.7406086,14.88166898],[-91.73702927,14.89279488],[-91.72874334,14.89476598],[-91.72309768,14.89329168],[-91.71958179,14.89713074],[-91.70090629,14.90589993],[-91.68326629,14.90332357],[-91.67459303,14.91226189],[-91.64936255,14.92105183],[-91.64053186,14.9304883],[-91.6201594,14.91665523]]]}},{"type":"Feature","properties":{"m":"Jocotán","d":"Chiquimula","cod":2004,"pop":66379,"iv":0.55,"exp":0.226,"sen":0.438,"cap":0.114,"inat":1.4,"isoc":6.8,"ides":8.3,"nfp":2,"nfph":1,"pfph":0,"ncr":0},"geometry":{"type":"Polygon","coordinates":[[[-89.42784654,14.90603957],[-89.37830811,14.894395],[-89.35002776,14.90313355],[-89.34886744,14.90111707],[-89.34827434,14.893708],[-89.35081501,14.88860861],[-89.35435066,14.88607015],[-89.36177707,14.86949802],[-89.37103127,14.85944477],[-89.37773973,14.84720609],[-89.37317278,14.81574321],[-89.374511,14.80825957],[-89.37218977,14.79772065],[-89.36712372,14.79155196],[-89.33300429,14.79277349],[-89.31851088,14.7879395],[-89.2928908,14.79404687],[-89.2715066,14.78720843],[-89.24583841,14.78947524],[-89.23803011,14.78613518],[-89.23059517,14.78639833],[-89.22524417,14.77587533],[-89.2144572,14.76984179],[-89.21431122,14.76635946],[-89.22087043,14.76363342],[-89.22874077,14.751928],[-89.24756945,14.74530964],[-89.26685435,14.74410599],[-89.28087485,14.73543713],[-89.29922446,14.73790103],[-89.30242076,14.73214577],[-89.30696528,14.7313193],[-89.32224153,14.73638223],[-89.32880616,14.74760788],[-89.33618332,14.74929654],[-89.35500602,14.74117143],[-89.36533431,14.7306784],[-89.36869294,14.72310459],[-89.38509717,14.72297117],[-89.38777999,14.73861851],[-89.39885752,14.75605547],[-89.41204603,14.76489973],[-89.41855785,14.76629612],[-89.41021204,14.78128024],[-89.41071788,14.78598609],[-89.41912423,14.78382993],[-89.43411689,14.79418852],[-89.44398984,14.78872802],[-89.44586281,14.78291586],[-89.45646768,14.78035885],[-89.46843391,14.78194834],[-89.47365284,14.79022874],[-89.47732226,14.79014158],[-89.48047433,14.79825378],[-89.47940036,14.80479056],[-89.47577237,14.80828694],[-89.46201385,14.80813224],[-89.45523541,14.80205933],[-89.45114624,14.8034518],[-89.44619552,14.81595677],[-89.44697516,14.82599125],[-89.45934409,14.83315602],[-89.4612274,14.84418242],[-89.46639356,14.84932914],[-89.46984686,14.85945567],[-89.49489661,14.85907139],[-89.50198837,14.86156942],[-89.48865021,14.88959261],[-89.47614818,14.89762811],[-89.46642862,14.9001681],[-89.44594842,14.90004951],[-89.42784654,14.90603957]]]}},{"type":"Feature","properties":{"m":"Chuarrancho","d":"Guatemala","cod":112,"pop":12638,"iv":0.751,"exp":0.208,"sen":0.597,"cap":0.055,"inat":5.3,"isoc":3.3,"ides":5.6,"nfp":0,"nfph":0,"pfph":0,"ncr":0},"geometry":{"type":"Polygon","coordinates":[[[-90.39475937,14.87463194],[-90.4053887,14.86600038],[-90.40216303,14.85804175],[-90.404356,14.85332862],[-90.40389369,14.84533576],[-90.40918761,14.84164106],[-90.41155482,14.8429324],[-90.41541964,14.83806404],[-90.41525626,14.8335941],[-90.42080062,14.83120607],[-90.42437658,14.82535413],[-90.4486137,14.82317842],[-90.46612665,14.8255231],[-90.46719798,14.82358364],[-90.47728403,14.82267478],[-90.48208572,14.81844652],[-90.484822,14.8104714],[-90.50440574,14.80316719],[-90.5062777,14.7914626],[-90.51029594,14.79185723],[-90.5104385,14.79772291],[-90.51757547,14.80256419],[-90.52604383,14.79970908],[-90.53816776,14.80249271],[-90.54507669,14.80029661],[-90.549833,14.80388411],[-90.54975238,14.8094562],[-90.54053395,14.82392651],[-90.54059278,14.84090557],[-90.5288614,14.8406284],[-90.52577712,14.84473843],[-90.52260921,14.85993781],[-90.52453919,14.86703222],[-90.5386112,14.88242855],[-90.53686257,14.88646152],[-90.52822665,14.88379725],[-90.52466298,14.8871646],[-90.51016063,14.88864488],[-90.49922687,14.8952176],[-90.49553711,14.8937714],[-90.49308957,14.89535941],[-90.48961767,14.88879452],[-90.48124931,14.8836043],[-90.47849503,14.88436559],[-90.47390895,14.87940869],[-90.46672974,14.88271369],[-90.44272103,14.8827102],[-90.43619503,14.88621454],[-90.43752029,14.88877791],[-90.43358158,14.90844582],[-90.42447242,14.91470295],[-90.42035102,14.91218929],[-90.40911727,14.91109581],[-90.40783846,14.90215537],[-90.40210511,14.89534936],[-90.40197167,14.88749913],[-90.39475937,14.87463194]]]}},{"type":"Feature","properties":{"m":"San Miguel Sigüilá","d":"Quetzaltenango","cod":908,"pop":7889,"iv":0.556,"exp":0.21,"sen":0.351,"cap":0.005,"inat":5.3,"isoc":5,"ides":6.1,"nfp":1,"nfph":0,"pfph":0,"ncr":0},"geometry":{"type":"Polygon","coordinates":[[[-91.57528053,14.9221267],[-91.5737913,14.91624556],[-91.58027022,14.90979367],[-91.57981375,14.89772054],[-91.59778943,14.88791779],[-91.59433611,14.87767812],[-91.60000691,14.88042222],[-91.60638632,14.8792216],[-91.60992869,14.88699178],[-91.61646733,14.89117798],[-91.62431005,14.89176075],[-91.62949925,14.89747966],[-91.62549136,14.90947644],[-91.61831171,14.91813665],[-91.59124913,14.91774229],[-91.57967738,14.92258],[-91.57528053,14.9221267]]]}},{"type":"Feature","properties":{"m":"Olintepeque","d":"Quetzaltenango","cod":903,"pop":35060,"iv":0.416,"exp":0.229,"sen":0.221,"cap":0.033,"inat":6.2,"isoc":4.3,"ides":6.2,"nfp":1,"nfph":0,"pfph":0,"ncr":0},"geometry":{"type":"Polygon","coordinates":[[[-91.49681452,14.88455396],[-91.49640811,14.87589344],[-91.5007157,14.87210507],[-91.50679124,14.87160237],[-91.51719644,14.87507968],[-91.53330206,14.86866401],[-91.54266429,14.86758024],[-91.5488323,14.87086538],[-91.55437235,14.88029054],[-91.55986498,14.8829294],[-91.56402234,14.88907025],[-91.58037814,14.89802797],[-91.580154,14.90288724],[-91.57948155,14.90523657],[-91.57068936,14.90509148],[-91.56802333,14.91151613],[-91.56273736,14.91525445],[-91.54605539,14.91743589],[-91.53160266,14.91007084],[-91.51676036,14.92147685],[-91.50431429,14.8914362],[-91.49681452,14.88455396]]]}},{"type":"Feature","properties":{"m":"San Cristóbal Cucho","d":"San Marcos","cod":1225,"pop":16619,"iv":0.322,"exp":0.188,"sen":0.324,"cap":0.19,"inat":4.5,"isoc":4.4,"ides":4.8,"nfp":0,"nfph":0,"pfph":0,"ncr":0},"geometry":{"type":"Polygon","coordinates":[[[-91.73592513,14.89325206],[-91.7406086,14.88166898],[-91.75283286,14.87801943],[-91.75683685,14.87268076],[-91.75692282,14.86141804],[-91.76644086,14.84719145],[-91.77552454,14.8519146],[-91.77934798,14.85857675],[-91.78533533,14.87148309],[-91.78787713,14.88722084],[-91.79884305,14.90397239],[-91.79165874,14.91508488],[-91.77003027,14.92249956],[-91.75664687,14.90894829],[-91.73592513,14.89325206]]]}},{"type":"Feature","properties":{"m":"El Tumbador","d":"San Marcos","cod":1213,"pop":44395,"iv":0.217,"exp":0.08,"sen":0.302,"cap":0.165,"inat":5.7,"isoc":4.6,"ides":4.9,"nfp":0,"nfph":0,"pfph":0,"ncr":0},"geometry":{"type":"Polygon","coordinates":[[[-91.88867036,14.90352865],[-91.88605324,14.89997007],[-91.88252205,14.90097098],[-91.8728189,14.89203846],[-91.86210546,14.8866984],[-91.83244173,14.89780254],[-91.82882583,14.89724848],[-91.82935601,14.89073359],[-91.83727017,14.87473067],[-91.86918446,14.85321612],[-91.882749,14.84129904],[-91.8944031,14.83656197],[-91.91708012,14.833307],[-91.92311719,14.82989112],[-91.95735985,14.77952272],[-91.96811263,14.7715841],[-91.98583192,14.7805118],[-92.00104042,14.79467292],[-92.01434784,14.79286564],[-92.01560814,14.80223443],[-92.02313282,14.80705551],[-92.03029835,14.80860906],[-92.0340898,14.79872929],[-92.03851311,14.7950876],[-92.04448808,14.7954006],[-92.05028936,14.79986561],[-92.03973872,14.80795928],[-92.04887734,14.81376715],[-92.04727146,14.83010646],[-92.02831657,14.83925162],[-92.02419766,14.83966359],[-92.02155476,14.83527803],[-92.0182688,14.83557026],[-92.00524413,14.84521666],[-91.97110457,14.89451552],[-91.96778188,14.90464123],[-91.95659309,14.91757874],[-91.94441015,14.91676578],[-91.94325864,14.90733857],[-91.93965016,14.90171373],[-91.93226955,14.89831998],[-91.92396064,14.89834891],[-91.9167553,14.89309441],[-91.9005493,14.89314833],[-91.88867036,14.90352865]]]}},{"type":"Feature","properties":{"m":"Nuevo Progreso","d":"San Marcos","cod":1212,"pop":30067,"iv":0.28,"exp":0.083,"sen":0.389,"cap":0.192,"inat":5.4,"isoc":4.9,"ides":5.5,"nfp":0,"nfph":0,"pfph":0,"ncr":0},"geometry":{"type":"Polygon","coordinates":[[[-91.79884305,14.90397239],[-91.80848533,14.88363844],[-91.83066931,14.87105413],[-91.83634989,14.86413034],[-91.83846797,14.85801327],[-91.83478282,14.84676502],[-91.83539595,14.83574306],[-91.84411382,14.81792334],[-91.84976543,14.79751494],[-91.86534362,14.78901785],[-91.87799555,14.78825824],[-91.88012258,14.78045133],[-91.89305346,14.76096938],[-91.90528673,14.74956045],[-91.921083,14.74070541],[-91.92011544,14.72627639],[-91.92838096,14.73069583],[-91.93765658,14.7254942],[-91.94351208,14.72821833],[-91.94580711,14.72275049],[-91.95273248,14.72075353],[-91.95328425,14.71485395],[-91.95728307,14.71344928],[-91.96352966,14.71644925],[-91.98531705,14.7131703],[-92.01156551,14.71882204],[-92.00983797,14.72921661],[-92.00362961,14.73149637],[-92.00031002,14.73886906],[-91.96756606,14.75919668],[-91.97919894,14.76591887],[-91.97985567,14.76877733],[-91.96811263,14.7715841],[-91.95904015,14.77761042],[-91.92311719,14.82989112],[-91.91708012,14.833307],[-91.8944031,14.83656197],[-91.882749,14.84129904],[-91.86918446,14.85321612],[-91.84515436,14.86795679],[-91.83435016,14.87911932],[-91.82789871,14.89959179],[-91.81517308,14.91528804],[-91.81233308,14.91697954],[-91.79884305,14.90397239]]]}},{"type":"Feature","properties":{"m":"Catarina","d":"San Marcos","cod":1216,"pop":30014,"iv":0.26,"exp":0.066,"sen":0.21,"cap":0.016,"inat":6,"isoc":4.3,"ides":5.3,"nfp":4,"nfph":3,"pfph":989,"ncr":0},"geometry":{"type":"Polygon","coordinates":[[[-92.04727146,14.83010646],[-92.04887734,14.81376715],[-92.04183193,14.8104439],[-92.03984623,14.80701954],[-92.05028936,14.79986561],[-92.05980184,14.80220311],[-92.06736591,14.79764926],[-92.07271236,14.80145082],[-92.07349247,14.7990899],[-92.06878357,14.79150981],[-92.07035476,14.78788983],[-92.10166949,14.80273397],[-92.10862784,14.80196994],[-92.10873864,14.79574377],[-92.11111821,14.79368496],[-92.12336858,14.80736713],[-92.13087679,14.80593667],[-92.10318776,14.85290731],[-92.09526629,14.86150527],[-92.08585592,14.865248],[-92.08443997,14.87852598],[-92.07347393,14.89153274],[-92.05515375,14.90784113],[-92.04439449,14.90340747],[-92.02056226,14.90838285],[-92.01695372,14.90243705],[-92.0171547,14.89348139],[-92.03184134,14.87559346],[-92.03068545,14.8648782],[-92.03356397,14.86029451],[-92.03479381,14.84772247],[-92.05131014,14.83779496],[-92.05132674,14.83345456],[-92.04727146,14.83010646]]]}},{"type":"Feature","properties":{"m":"La Reforma","d":"San Marcos","cod":1221,"pop":17918,"iv":0.274,"exp":0.116,"sen":0.391,"cap":0.233,"inat":6.8,"isoc":4.9,"ides":4.7,"nfp":1,"nfph":0,"pfph":0,"ncr":0},"geometry":{"type":"Polygon","coordinates":[[[-91.78533533,14.87148309],[-91.7980858,14.85777048],[-91.80421237,14.83850737],[-91.80433239,14.81664901],[-91.82062909,14.78062617],[-91.84915019,14.76019103],[-91.86273158,14.75432247],[-91.87756654,14.74037182],[-91.90139257,14.73650408],[-91.91074674,14.74124571],[-91.91312951,14.74403446],[-91.89305346,14.76096938],[-91.88012258,14.78045133],[-91.87799555,14.78825824],[-91.86534362,14.78901785],[-91.84976543,14.79751494],[-91.84411382,14.81792334],[-91.83539595,14.83574306],[-91.83478282,14.84676502],[-91.83846797,14.85801327],[-91.83634989,14.86413034],[-91.83066931,14.87105413],[-91.80848533,14.88363844],[-91.79884305,14.90397239],[-91.78787713,14.88722084],[-91.78533533,14.87148309]]]}},{"type":"Feature","properties":{"m":"Santa Apolonia","d":"Chimaltenango","cod":405,"pop":18540,"iv":0.371,"exp":0.124,"sen":0.254,"cap":0.007,"inat":6.2,"isoc":5.9,"ides":5.9,"nfp":0,"nfph":0,"pfph":0,"ncr":0},"geometry":{"type":"Polygon","coordinates":[[[-90.9237939,14.79286563],[-90.9378158,14.78271498],[-90.97509938,14.78000563],[-90.98700838,14.78650091],[-90.99083624,14.79454743],[-90.99171746,14.80286759],[-90.98933326,14.80947959],[-90.96424655,14.84807496],[-90.96517861,14.8660362],[-90.96302705,14.8781789],[-90.95244369,14.8968722],[-90.94790001,14.88072555],[-90.94486196,14.85015242],[-90.93427101,14.83539956],[-90.93380691,14.83028541],[-90.93745922,14.82066861],[-90.9346457,14.81664936],[-90.93586589,14.81175588],[-90.9237939,14.79286563]]]}},{"type":"Feature","properties":{"m":"Sololá","d":"Sololá","cod":701,"pop":88612,"iv":0.542,"exp":0.154,"sen":0.406,"cap":0.018,"inat":5.3,"isoc":5.6,"ides":6,"nfp":3,"nfph":2,"pfph":537,"ncr":0},"geometry":{"type":"Polygon","coordinates":[[[-91.13084215,14.80760906],[-91.14108816,14.80541686],[-91.15660433,14.79340445],[-91.15724171,14.78976525],[-91.15657928,14.78000532],[-91.13762247,14.76086136],[-91.16970404,14.74798948],[-91.17735437,14.74021914],[-91.18734094,14.74283998],[-91.19638063,14.73933157],[-91.19940231,14.74144178],[-91.19891843,14.75367679],[-91.20779108,14.7631064],[-91.22327753,14.79829644],[-91.22489303,14.80688443],[-91.24924929,14.82391028],[-91.25964698,14.83581613],[-91.26278746,14.84495781],[-91.24501639,14.8532086],[-91.21219467,14.85978785],[-91.21265376,14.8716023],[-91.20683648,14.88352251],[-91.17650421,14.89643258],[-91.16193401,14.89449402],[-91.15681873,14.88651372],[-91.15725389,14.87391705],[-91.14607564,14.8665656],[-91.13481933,14.87008588],[-91.12647529,14.85790591],[-91.10519273,14.84091339],[-91.10254659,14.83633351],[-91.10143593,14.8310648],[-91.10423344,14.82725617],[-91.11913269,14.82301353],[-91.13084215,14.80760906]]]}},{"type":"Feature","properties":{"m":"La Esperanza","d":"Quetzaltenango","cod":923,"pop":22166,"iv":0.151,"exp":0.128,"sen":0.124,"cap":0.102,"inat":6,"isoc":4.9,"ides":8.8,"nfp":0,"nfph":0,"pfph":0,"ncr":0},"geometry":{"type":"Polygon","coordinates":[[[-91.55986498,14.8829294],[-91.5600412,14.86871582],[-91.57595884,14.85539462],[-91.58833347,14.868643],[-91.59798434,14.88652247],[-91.57981375,14.89772054],[-91.56508553,14.88992543],[-91.55986498,14.8829294]]]}},{"type":"Feature","properties":{"m":"Sanarate","d":"El Progreso","cod":207,"pop":39444,"iv":0.668,"exp":0.318,"sen":0.404,"cap":0.054,"inat":6.3,"isoc":2.7,"ides":2.7,"nfp":8,"nfph":6,"pfph":1610,"ncr":0},"geometry":{"type":"Polygon","coordinates":[[[-90.17669739,14.88095185],[-90.17805797,14.85184459],[-90.15978046,14.84232681],[-90.1332777,14.81989653],[-90.11387775,14.81012591],[-90.10968487,14.80337207],[-90.13452272,14.78848584],[-90.14218668,14.79086822],[-90.14484907,14.78705377],[-90.15180921,14.78629541],[-90.16708026,14.77367545],[-90.16794478,14.76001087],[-90.16533766,14.74914871],[-90.17490142,14.70818576],[-90.1695563,14.69614888],[-90.18099364,14.67792191],[-90.19348483,14.66851521],[-90.21188276,14.67039082],[-90.20419702,14.68326617],[-90.2034599,14.68928842],[-90.20636586,14.69088599],[-90.20607993,14.69549453],[-90.20411073,14.6998931],[-90.20165153,14.69981939],[-90.20339524,14.70775587],[-90.19842869,14.71495645],[-90.19976841,14.72063797],[-90.2081818,14.7245195],[-90.21488241,14.73412796],[-90.21568353,14.74101102],[-90.22177426,14.74397683],[-90.22055527,14.75116867],[-90.223922,14.75515505],[-90.23418387,14.7544359],[-90.23878755,14.75972289],[-90.23568847,14.76340031],[-90.23374781,14.77537181],[-90.2376304,14.78278974],[-90.24836439,14.78541323],[-90.24832124,14.79334418],[-90.25292481,14.79241232],[-90.25886426,14.79940068],[-90.27720821,14.80314314],[-90.2792671,14.80801226],[-90.28392535,14.80639398],[-90.28387186,14.8115701],[-90.29461557,14.81266084],[-90.30469146,14.81066202],[-90.30728316,14.81299793],[-90.31163888,14.8090914],[-90.31857056,14.80789749],[-90.32719099,14.8130301],[-90.32610955,14.82317262],[-90.33127388,14.82113811],[-90.33147447,14.82617283],[-90.33558122,14.82861527],[-90.33689334,14.83411904],[-90.34610284,14.83685298],[-90.34915318,14.8400034],[-90.36674375,14.83969526],[-90.37139928,14.84207683],[-90.38824061,14.83957473],[-90.40356016,14.84590108],[-90.404356,14.85332862],[-90.40216303,14.85804175],[-90.4053887,14.86600038],[-90.39475937,14.87463194],[-90.37158851,14.87162038],[-90.36440228,14.8739102],[-90.36037008,14.87177947],[-90.33996561,14.87456296],[-90.33465525,14.87902108],[-90.31540741,14.8758654],[-90.30727357,14.87907709],[-90.30381794,14.88566639],[-90.29508047,14.8861336],[-90.27397825,14.87810779],[-90.26664455,14.88296455],[-90.25586211,14.87749199],[-90.24464167,14.87538502],[-90.23490986,14.87763993],[-90.22698315,14.8753494],[-90.22631776,14.88103946],[-90.22037524,14.8786835],[-90.21438732,14.87987417],[-90.18747942,14.87584031],[-90.18060978,14.88110274],[-90.17669739,14.88095185]]]}},{"type":"Feature","properties":{"m":"Salcajá","d":"Quetzaltenango","cod":902,"pop":19434,"iv":0.296,"exp":0.21,"sen":0.102,"cap":0.015,"inat":6,"isoc":2.5,"ides":2.7,"nfp":4,"nfph":1,"pfph":461,"ncr":0},"geometry":{"type":"Polygon","coordinates":[[[-91.43930159,14.89067735],[-91.44049963,14.87860343],[-91.44545379,14.87103914],[-91.44596203,14.86300177],[-91.46380762,14.8549714],[-91.47118733,14.85567592],[-91.48835809,14.88507344],[-91.47618077,14.89408333],[-91.46577197,14.89627689],[-91.43930159,14.89067735]]]}},{"type":"Feature","properties":{"m":"San Raimundo","d":"Guatemala","cod":111,"pop":31605,"iv":0.476,"exp":0.171,"sen":0.33,"cap":0.025,"inat":2.5,"isoc":3.8,"ides":6.3,"nfp":0,"nfph":0,"pfph":0,"ncr":0},"geometry":{"type":"Polygon","coordinates":[[[-90.51029594,14.79185723],[-90.51662748,14.78260134],[-90.51025042,14.76800716],[-90.51044232,14.76287569],[-90.51253863,14.76079224],[-90.52938347,14.7607472],[-90.53302208,14.76651483],[-90.53988293,14.758533],[-90.53698552,14.74520617],[-90.51877713,14.74325886],[-90.51357863,14.73671774],[-90.51312707,14.72737853],[-90.52505717,14.70748695],[-90.53699042,14.70981392],[-90.53038355,14.7150737],[-90.53207966,14.71900693],[-90.56868081,14.71464436],[-90.59768354,14.7171514],[-90.60194173,14.71986975],[-90.6098732,14.73396435],[-90.6188798,14.73496746],[-90.62023234,14.74617412],[-90.60798777,14.76245783],[-90.61115555,14.77073688],[-90.60389455,14.78388585],[-90.60052489,14.78633868],[-90.5841325,14.78578808],[-90.57750552,14.78816122],[-90.57716664,14.81839889],[-90.57437826,14.82163654],[-90.57733664,14.83118308],[-90.58485373,14.83032145],[-90.58672738,14.84209819],[-90.57188433,14.85033015],[-90.56908465,14.85732916],[-90.56958817,14.87343688],[-90.56658337,14.87601026],[-90.56415261,14.87615949],[-90.5620692,14.87252255],[-90.54942136,14.87699178],[-90.53906713,14.88399859],[-90.52453919,14.86703222],[-90.52260921,14.85993781],[-90.52577712,14.84473843],[-90.53051089,14.83962077],[-90.54059278,14.84090557],[-90.54053395,14.82392651],[-90.54975238,14.8094562],[-90.549833,14.80388411],[-90.54507669,14.80029661],[-90.53816776,14.80249271],[-90.52604383,14.79970908],[-90.51757547,14.80256419],[-90.5104385,14.79772291],[-90.51029594,14.79185723]]]}},{"type":"Feature","properties":{"m":"San Pedro Pinula","d":"Jalapa","cod":2102,"pop":61908,"iv":0.46,"exp":0.181,"sen":0.38,"cap":0.101,"inat":2.9,"isoc":7.3,"ides":6.9,"nfp":14,"nfph":6,"pfph":105,"ncr":0},"geometry":{"type":"Polygon","coordinates":[[[-89.86211448,14.87175734],[-89.86154831,14.86416595],[-89.85374178,14.86541795],[-89.84439746,14.8633686],[-89.84153646,14.85662608],[-89.83289579,14.85410634],[-89.82016287,14.84337858],[-89.82393346,14.83713288],[-89.81989526,14.82994284],[-89.82465913,14.82585299],[-89.82304189,14.82187247],[-89.82616453,14.81606464],[-89.81204154,14.79733933],[-89.81229361,14.7914039],[-89.78479803,14.76931291],[-89.77576597,14.76531574],[-89.76861465,14.75038926],[-89.75238969,14.74254149],[-89.75252473,14.72800151],[-89.75482334,14.72175993],[-89.75313786,14.71201122],[-89.75647226,14.69823266],[-89.75112126,14.6896944],[-89.77764798,14.6718487],[-89.7796903,14.65424798],[-89.77378478,14.6393417],[-89.77477979,14.62960086],[-89.77212352,14.62592537],[-89.76617217,14.62730771],[-89.76372859,14.62273674],[-89.76142723,14.61606065],[-89.76270611,14.61065095],[-89.75683446,14.6018136],[-89.75460857,14.58598335],[-89.76740051,14.58398267],[-89.79349501,14.56341765],[-89.80366266,14.56556254],[-89.80586702,14.5554461],[-89.80908234,14.55288506],[-89.81374201,14.55294408],[-89.81885346,14.56254638],[-89.82314994,14.56427299],[-89.82672659,14.56472339],[-89.83385281,14.55884257],[-89.83965595,14.56198547],[-89.85052476,14.56279473],[-89.85475282,14.56847033],[-89.86543334,14.5707065],[-89.86683454,14.57844341],[-89.86994139,14.58227643],[-89.89975393,14.57953863],[-89.91418972,14.56980247],[-89.9234048,14.57145123],[-89.93156221,14.60451296],[-89.94147994,14.60752393],[-89.94623945,14.6116793],[-89.9435939,14.67157932],[-89.93846931,14.67508999],[-89.93944052,14.68886703],[-89.93091775,14.71174727],[-89.92833149,14.73769811],[-89.92288355,14.75449711],[-89.92698636,14.77494718],[-89.92334895,14.78178745],[-89.925596,14.78952905],[-89.92323034,14.80351991],[-89.93031385,14.82414534],[-89.94066494,14.83388678],[-89.9402802,14.83694399],[-89.93135845,14.8470233],[-89.89082464,14.87068675],[-89.88459888,14.87324343],[-89.86211448,14.87175734]]]}},{"type":"Feature","properties":{"m":"San Juan Sacatepéquez","d":"Guatemala","cod":110,"pop":218156,"iv":0.205,"exp":0.103,"sen":0.214,"cap":0.112,"inat":2.6,"isoc":3.1,"ides":4.1,"nfp":0,"nfph":0,"pfph":0,"ncr":0},"geometry":{"type":"Polygon","coordinates":[[[-90.56958817,14.87343688],[-90.56908465,14.85732916],[-90.57188433,14.85033015],[-90.58672738,14.84209819],[-90.58485373,14.83032145],[-90.57733664,14.83118308],[-90.57437826,14.82163654],[-90.57716664,14.81839889],[-90.57750552,14.78816122],[-90.5841325,14.78578808],[-90.60052489,14.78633868],[-90.60389455,14.78388585],[-90.61115555,14.77073688],[-90.60798777,14.76245783],[-90.62023234,14.74617412],[-90.6188798,14.73496746],[-90.6098732,14.73396435],[-90.60194173,14.71986975],[-90.59768354,14.7171514],[-90.56868081,14.71464436],[-90.54092986,14.71810395],[-90.56004997,14.6949831],[-90.57377177,14.6897313],[-90.58359108,14.68151083],[-90.60006531,14.67815265],[-90.60890727,14.6783444],[-90.61504397,14.68184633],[-90.622131,14.68889266],[-90.62511469,14.69686244],[-90.63312522,14.6921424],[-90.63893602,14.69166179],[-90.64460421,14.69669193],[-90.6502737,14.69788332],[-90.6569206,14.68886379],[-90.6728414,14.67955317],[-90.67515483,14.70011392],[-90.68074685,14.70241286],[-90.69315076,14.7040308],[-90.69688699,14.69694494],[-90.71039547,14.69160003],[-90.7235171,14.69364126],[-90.72796598,14.69685738],[-90.73458861,14.69536923],[-90.73889134,14.69826299],[-90.7435269,14.71022008],[-90.75826988,14.72409359],[-90.76241666,14.7326315],[-90.75093305,14.74731326],[-90.74240271,14.74924046],[-90.73949787,14.75782719],[-90.73243903,14.76162961],[-90.71966547,14.77505768],[-90.70851708,14.77753919],[-90.70431966,14.78877547],[-90.69574092,14.78983395],[-90.69228027,14.7971188],[-90.68847814,14.79919374],[-90.6869567,14.80463106],[-90.69459887,14.81271605],[-90.69508442,14.81729713],[-90.69191377,14.82235655],[-90.6950214,14.830378],[-90.69228081,14.83662755],[-90.68253152,14.83905586],[-90.67644116,14.84641538],[-90.66913186,14.84781627],[-90.66379199,14.84599799],[-90.66152476,14.85190738],[-90.6620145,14.86002107],[-90.65420981,14.86278852],[-90.64670207,14.86208714],[-90.64165316,14.86570565],[-90.63569265,14.8663332],[-90.63217075,14.87007786],[-90.62583149,14.8718825],[-90.62203939,14.8772662],[-90.61455557,14.87632116],[-90.60692068,14.88013207],[-90.59426639,14.87189582],[-90.59031558,14.8715901],[-90.58818309,14.87535872],[-90.58028944,14.86991372],[-90.56958817,14.87343688]]]}},{"type":"Feature","properties":{"m":"Quetzaltenango","d":"Quetzaltenango","cod":901,"pop":180706,"iv":0.199,"exp":0.157,"sen":0.189,"cap":0.147,"inat":8.7,"isoc":2.8,"ides":2.5,"nfp":19,"nfph":8,"pfph":416,"ncr":0},"geometry":{"type":"Polygon","coordinates":[[[-91.48835809,14.88507344],[-91.47118733,14.85567592],[-91.472585,14.84637665],[-91.46078696,14.84069859],[-91.45895208,14.82729124],[-91.46098894,14.82363072],[-91.47385573,14.82533995],[-91.48281505,14.83073309],[-91.48863095,14.83023696],[-91.50177364,14.81989118],[-91.50020496,14.80084666],[-91.51068834,14.79347804],[-91.50971346,14.78658875],[-91.5153455,14.78486364],[-91.51725183,14.78167167],[-91.51001839,14.77022384],[-91.51345878,14.75511176],[-91.54165901,14.74826483],[-91.54632495,14.74183141],[-91.56764226,14.74332815],[-91.57233468,14.74918052],[-91.58836805,14.79183687],[-91.58274244,14.81155364],[-91.58318104,14.81751188],[-91.57192611,14.82799754],[-91.57595884,14.85539462],[-91.5600412,14.86871582],[-91.55986498,14.8829294],[-91.55559028,14.88162353],[-91.5488323,14.87086538],[-91.54266429,14.86758024],[-91.53330206,14.86866401],[-91.51719644,14.87507968],[-91.50679124,14.87160237],[-91.5007157,14.87210507],[-91.49640811,14.87589344],[-91.49681452,14.88455396],[-91.48835809,14.88507344]]]}},{"type":"Feature","properties":{"m":"Nahualá","d":"Sololá","cod":705,"pop":75430,"iv":0.383,"exp":0.101,"sen":0.363,"cap":0.081,"inat":3.7,"isoc":6.2,"ides":4.5,"nfp":1,"nfph":0,"pfph":0,"ncr":0},"geometry":{"type":"Polygon","coordinates":[[[-91.26850533,14.85659186],[-91.25671287,14.8315315],[-91.2465565,14.82171735],[-91.23252351,14.81400713],[-91.22489303,14.80688443],[-91.2235141,14.79961662],[-91.23333931,14.79622848],[-91.23702961,14.80704993],[-91.25307159,14.81095894],[-91.26232424,14.81940579],[-91.27285112,14.81897776],[-91.28191244,14.81148317],[-91.30419487,14.80553304],[-91.30467552,14.80121307],[-91.29700821,14.77813135],[-91.30689205,14.77136235],[-91.32678735,14.7897563],[-91.32279878,14.8036594],[-91.32223594,14.81772067],[-91.32742907,14.82500581],[-91.33432212,14.82645896],[-91.34865806,14.81930922],[-91.37467441,14.82058461],[-91.38720337,14.80342212],[-91.39626011,14.78309833],[-91.42596401,14.75038494],[-91.41997389,14.735416],[-91.41958102,14.71969774],[-91.42972022,14.68966742],[-91.43025039,14.68026984],[-91.42633808,14.66856223],[-91.41620945,14.65611636],[-91.43492363,14.65005393],[-91.4408022,14.6427168],[-91.46023588,14.63873813],[-91.46543857,14.62689115],[-91.48551944,14.60187334],[-91.4902013,14.59944739],[-91.4918661,14.59444276],[-91.49625383,14.59360898],[-91.5000904,14.59860502],[-91.50649446,14.60012281],[-91.4927248,14.62115001],[-91.4816521,14.6448839],[-91.48823447,14.68146244],[-91.49007763,14.7062134],[-91.48597676,14.7172116],[-91.47229849,14.72614349],[-91.46231421,14.73857324],[-91.44902236,14.74164009],[-91.44611667,14.74464285],[-91.44421492,14.76376571],[-91.40810772,14.80111922],[-91.40423454,14.82274936],[-91.36320784,14.84909211],[-91.36175937,14.85026126],[-91.36353662,14.85563805],[-91.33727291,14.87560532],[-91.30732028,14.87583591],[-91.30195589,14.85587342],[-91.28926526,14.86195095],[-91.27578349,14.86232911],[-91.26850533,14.85659186]]]}},{"type":"Feature","properties":{"m":"El Quetzal","d":"San Marcos","cod":1220,"pop":23511,"iv":0.186,"exp":0.092,"sen":0.318,"cap":0.224,"inat":7.4,"isoc":4.9,"ides":5.5,"nfp":1,"nfph":0,"pfph":0,"ncr":0},"geometry":{"type":"Polygon","coordinates":[[[-91.76644086,14.84719145],[-91.77324003,14.83246061],[-91.77066378,14.82482427],[-91.7796172,14.81616793],[-91.78109635,14.80141863],[-91.77533474,14.79362761],[-91.77892772,14.7872455],[-91.77595001,14.78124212],[-91.78107918,14.77317994],[-91.78810605,14.74150697],[-91.79152639,14.73755531],[-91.80019619,14.73288623],[-91.80710422,14.73432309],[-91.8194448,14.7317106],[-91.82343366,14.72423693],[-91.83668971,14.71743477],[-91.84464859,14.71815371],[-91.84890588,14.72171062],[-91.86122378,14.71901095],[-91.87489618,14.72007554],[-91.88020927,14.71774525],[-91.89563901,14.72087596],[-91.89997288,14.7180309],[-91.90478903,14.72344608],[-91.90834945,14.72261426],[-91.91618117,14.72709873],[-91.92011544,14.72627639],[-91.921083,14.74070541],[-91.91312951,14.74403446],[-91.90139257,14.73650408],[-91.87903215,14.73975178],[-91.86273158,14.75432247],[-91.84915019,14.76019103],[-91.81928178,14.78205547],[-91.8032283,14.82057665],[-91.80421237,14.83850737],[-91.7980858,14.85777048],[-91.78533533,14.87148309],[-91.77552454,14.8519146],[-91.76644086,14.84719145]]]}},{"type":"Feature","properties":{"m":"San Mateo","d":"Quetzaltenango","cod":910,"pop":7895,"iv":-0.002,"exp":0.072,"sen":0.129,"cap":0.202,"inat":5.2,"isoc":3.6,"ides":4.7,"nfp":0,"nfph":0,"pfph":0,"ncr":0},"geometry":{"type":"Polygon","coordinates":[[[-91.57595884,14.85539462],[-91.57192611,14.82799754],[-91.58318104,14.81751188],[-91.58599356,14.82142722],[-91.59656905,14.82711194],[-91.59132682,14.83329081],[-91.59093453,14.83979195],[-91.59437983,14.84920227],[-91.60457476,14.86337654],[-91.58673719,14.86830325],[-91.57595884,14.85539462]]]}},{"type":"Feature","properties":{"m":"San Diego","d":"Zacapa","cod":1908,"pop":7235,"iv":0.778,"exp":0.243,"sen":0.549,"cap":0.014,"inat":1.7,"isoc":2.9,"ides":3.4,"nfp":2,"nfph":1,"pfph":523,"ncr":0},"geometry":{"type":"Polygon","coordinates":[[[-89.71076747,14.82827525],[-89.71275371,14.81747641],[-89.7045348,14.79300497],[-89.70429037,14.77881688],[-89.71122127,14.7657457],[-89.71257245,14.7579554],[-89.71993991,14.75430887],[-89.7204119,14.75086896],[-89.72650332,14.7452866],[-89.73864837,14.74239538],[-89.75238969,14.74254149],[-89.76861465,14.75038926],[-89.77576597,14.76531574],[-89.78479803,14.76931291],[-89.81229361,14.7914039],[-89.81204154,14.79733933],[-89.82616453,14.81606464],[-89.82304189,14.82187247],[-89.82465913,14.82585299],[-89.81989526,14.82994284],[-89.82393346,14.83713288],[-89.82294447,14.84117219],[-89.82016287,14.84337858],[-89.79875784,14.84061633],[-89.78609605,14.84798094],[-89.77169452,14.84517185],[-89.77135091,14.83803652],[-89.76885614,14.83571378],[-89.74955475,14.83200504],[-89.73558959,14.83275511],[-89.72989469,14.84056279],[-89.72603567,14.8406534],[-89.71726225,14.83155172],[-89.71076747,14.82827525]]]}},{"type":"Feature","properties":{"m":"Concepción Chiquirichapa","d":"Quetzaltenango","cod":911,"pop":17342,"iv":0.191,"exp":0.094,"sen":0.291,"cap":0.194,"inat":6,"isoc":3.6,"ides":4.2,"nfp":0,"nfph":0,"pfph":0,"ncr":0},"geometry":{"type":"Polygon","coordinates":[[[-91.60457476,14.86337654],[-91.59220095,14.84530444],[-91.59066986,14.8349251],[-91.59656905,14.82711194],[-91.60478229,14.82677433],[-91.61940859,14.82131595],[-91.6250995,14.82153644],[-91.63124201,14.83325045],[-91.64353624,14.83873998],[-91.65302878,14.85463919],[-91.6518316,14.85914948],[-91.62375921,14.86559053],[-91.61559791,14.86273823],[-91.60457476,14.86337654]]]}},{"type":"Feature","properties":{"m":"Cantel","d":"Quetzaltenango","cod":914,"pop":42142,"iv":0.28,"exp":0.153,"sen":0.179,"cap":0.052,"inat":8.7,"isoc":3.4,"ides":5.3,"nfp":1,"nfph":0,"pfph":0,"ncr":0},"geometry":{"type":"Polygon","coordinates":[[[-91.40423454,14.82274936],[-91.40810772,14.80111922],[-91.44344474,14.76488016],[-91.45890949,14.7899404],[-91.46281038,14.79153801],[-91.4733513,14.78981501],[-91.4746086,14.79276652],[-91.46857449,14.81431286],[-91.45895208,14.82729124],[-91.46078696,14.84069859],[-91.472585,14.84637665],[-91.47118733,14.85567592],[-91.45915242,14.85582373],[-91.44596203,14.86300177],[-91.42249916,14.84905715],[-91.40423454,14.82274936]]]}},{"type":"Feature","properties":{"m":"San José del Golfo","d":"Guatemala","cod":104,"pop":7229,"iv":0.414,"exp":0.219,"sen":0.284,"cap":0.088,"inat":2.5,"isoc":2.2,"ides":4.5,"nfp":0,"nfph":0,"pfph":0,"ncr":0},"geometry":{"type":"Polygon","coordinates":[[[-90.32719099,14.8130301],[-90.3400937,14.80720997],[-90.33954483,14.80178279],[-90.34407079,14.79403173],[-90.34010914,14.78953058],[-90.34068755,14.77924993],[-90.34638515,14.77443665],[-90.34791045,14.76923202],[-90.33966566,14.76024427],[-90.33782994,14.75138444],[-90.33248808,14.74228661],[-90.33191266,14.73266337],[-90.34914953,14.7441166],[-90.34790939,14.75147551],[-90.35721754,14.7614891],[-90.35962953,14.76051178],[-90.36508552,14.74326225],[-90.37542498,14.73621434],[-90.38002208,14.72770189],[-90.38275178,14.73019884],[-90.38401722,14.73960427],[-90.39962271,14.73550304],[-90.41093958,14.74435508],[-90.40647455,14.75298717],[-90.40582957,14.76500551],[-90.38676269,14.7736701],[-90.39150714,14.80377158],[-90.39689653,14.80526771],[-90.39945465,14.81333054],[-90.41817868,14.82022485],[-90.42437658,14.82535413],[-90.42080062,14.83120607],[-90.41525626,14.8335941],[-90.41541964,14.83806404],[-90.41155482,14.8429324],[-90.40918761,14.84164106],[-90.40356016,14.84590108],[-90.38824061,14.83957473],[-90.37139928,14.84207683],[-90.36674375,14.83969526],[-90.34915318,14.8400034],[-90.34610284,14.83685298],[-90.33689334,14.83411904],[-90.33558122,14.82861527],[-90.33147447,14.82617283],[-90.33127388,14.82113811],[-90.32610955,14.82317262],[-90.32719099,14.8130301]]]}},{"type":"Feature","properties":{"m":"San Martín Sacatepéquez","d":"Quetzaltenango","cod":912,"pop":29373,"iv":0.172,"exp":0.116,"sen":0.283,"cap":0.227,"inat":5.7,"isoc":4.5,"ides":4.4,"nfp":0,"nfph":0,"pfph":0,"ncr":0},"geometry":{"type":"Polygon","coordinates":[[[-91.59656905,14.82711194],[-91.58599356,14.82142722],[-91.58318104,14.81751188],[-91.58808927,14.78825685],[-91.61146,14.76090749],[-91.62802317,14.76245495],[-91.64302019,14.75371675],[-91.64543042,14.74314936],[-91.65688741,14.74575168],[-91.66689927,14.74051597],[-91.66755206,14.71429107],[-91.67008256,14.7142412],[-91.67336474,14.71937854],[-91.6695191,14.73622496],[-91.68054619,14.74784827],[-91.68585028,14.74935867],[-91.69192589,14.74690504],[-91.70024907,14.73165618],[-91.71057023,14.73169921],[-91.71661304,14.73690449],[-91.72598561,14.73990089],[-91.71830325,14.74955327],[-91.71828174,14.75808639],[-91.71386721,14.76200305],[-91.71654887,14.7810064],[-91.72941629,14.78652953],[-91.73145782,14.79113733],[-91.72259921,14.8233422],[-91.72331954,14.83272006],[-91.72619731,14.83768056],[-91.71994403,14.8423983],[-91.71077725,14.84229284],[-91.68758109,14.85444145],[-91.67550144,14.8496028],[-91.65302878,14.85463919],[-91.64353624,14.83873998],[-91.63124201,14.83325045],[-91.6250995,14.82153644],[-91.59656905,14.82711194]]]}},{"type":"Feature","properties":{"m":"Jalapa","d":"Jalapa","cod":2101,"pop":159840,"iv":0.517,"exp":0.171,"sen":0.382,"cap":0.037,"inat":7.2,"isoc":5.9,"ides":6,"nfp":5,"nfph":1,"pfph":78,"ncr":0},"geometry":{"type":"Polygon","coordinates":[[[-89.9234048,14.57145123],[-89.9248516,14.56298422],[-89.9405245,14.54969534],[-89.93977718,14.54165655],[-89.93509991,14.53449646],[-89.93542166,14.52780251],[-89.95406118,14.50449895],[-89.95725187,14.49276697],[-89.96514309,14.48395154],[-89.96998974,14.47261648],[-89.98388205,14.46243816],[-89.98222573,14.44908097],[-89.98413809,14.44569755],[-89.99130662,14.44087656],[-90.01971264,14.43764115],[-90.03204181,14.43037672],[-90.03849534,14.43948779],[-90.0397886,14.4555488],[-90.03575936,14.46083991],[-90.03626233,14.46728535],[-90.03394817,14.47155943],[-90.02904526,14.47107871],[-90.0223195,14.47832105],[-90.03468506,14.49399263],[-90.0448095,14.51455188],[-90.04778464,14.51774119],[-90.05582992,14.51933703],[-90.08878274,14.52244789],[-90.09810717,14.52109819],[-90.09681413,14.5274256],[-90.09850766,14.52890515],[-90.11615276,14.53001039],[-90.14434995,14.57142528],[-90.14814353,14.60524006],[-90.15786197,14.61338459],[-90.17237353,14.61470705],[-90.18101753,14.62043528],[-90.18454059,14.63011384],[-90.18565298,14.64979886],[-90.19348483,14.66851521],[-90.18099364,14.67792191],[-90.1695563,14.69614888],[-90.14686111,14.69914916],[-90.13559243,14.70357337],[-90.12930725,14.70290403],[-90.1231111,14.70925195],[-90.11527646,14.70980477],[-90.10786722,14.71354506],[-90.09674495,14.71198346],[-90.08647519,14.70323081],[-90.06196491,14.70307938],[-90.05961201,14.72252718],[-90.04056909,14.73957632],[-90.03840957,14.76842593],[-90.03470841,14.77439631],[-90.02969893,14.77567632],[-90.01681954,14.77131198],[-90.0124908,14.77320659],[-90.02294765,14.78345053],[-90.02290187,14.78642443],[-90.01867961,14.78844353],[-90.01165332,14.78485317],[-90.00810816,14.78626789],[-90.00980604,14.79558243],[-90.00366932,14.80168187],[-90.00299125,14.80876204],[-89.99931889,14.81124952],[-89.99007949,14.80687779],[-89.98018125,14.79707887],[-89.9707506,14.79861776],[-89.96197153,14.79448141],[-89.95507348,14.7966163],[-89.95017929,14.81261512],[-89.94152156,14.81834722],[-89.92919443,14.82095974],[-89.92323034,14.80351991],[-89.925596,14.78952905],[-89.92334895,14.78178745],[-89.92698636,14.77494718],[-89.92288355,14.75449711],[-89.92833149,14.73769811],[-89.93091775,14.71174727],[-89.93944052,14.68886703],[-89.93846931,14.67508999],[-89.9435939,14.67157932],[-89.94352214,14.64788987],[-89.94718883,14.62191174],[-89.94623945,14.6116793],[-89.94379302,14.60886818],[-89.93156221,14.60451296],[-89.9234048,14.57145123]]]}},{"type":"Feature","properties":{"m":"Colomba","d":"Quetzaltenango","cod":917,"pop":47544,"iv":0.251,"exp":0.074,"sen":0.276,"cap":0.099,"inat":5.1,"isoc":3.3,"ides":3,"nfp":0,"nfph":0,"pfph":0,"ncr":0},"geometry":{"type":"Polygon","coordinates":[[[-91.66953918,14.71425277],[-91.67246377,14.70989112],[-91.68215413,14.7089487],[-91.70305472,14.68997869],[-91.7045846,14.68200427],[-91.7140484,14.66369202],[-91.71258966,14.6593868],[-91.7277822,14.66686251],[-91.72795958,14.673929],[-91.73308034,14.67439088],[-91.74313876,14.65076181],[-91.75008824,14.64240258],[-91.753651,14.62362036],[-91.75194531,14.60508673],[-91.75446568,14.58899151],[-91.77783052,14.59369584],[-91.78345775,14.58709683],[-91.78602066,14.57685454],[-91.78070977,14.56544696],[-91.78226719,14.55732718],[-91.78912674,14.56099452],[-91.80149061,14.56268874],[-91.80596342,14.56908471],[-91.80205063,14.60127696],[-91.79043588,14.63638849],[-91.78566593,14.64379093],[-91.77806589,14.6467207],[-91.77686309,14.65108733],[-91.76955167,14.65724321],[-91.76639013,14.67774873],[-91.77651444,14.68126222],[-91.78318564,14.67072422],[-91.79160709,14.66853762],[-91.79681058,14.66024919],[-91.80219144,14.65897185],[-91.81124888,14.66808524],[-91.81130765,14.67311053],[-91.8075204,14.67852628],[-91.80232436,14.67935154],[-91.80174662,14.69324829],[-91.81424363,14.69918948],[-91.81193461,14.7078886],[-91.82376144,14.71290271],[-91.83013318,14.71969448],[-91.82292869,14.72476433],[-91.8194448,14.7317106],[-91.80710422,14.73432309],[-91.79967187,14.73301119],[-91.78843653,14.74095615],[-91.78636716,14.75609463],[-91.78107161,14.76672561],[-91.78132288,14.77248066],[-91.77595001,14.78124212],[-91.77887588,14.78478193],[-91.77856022,14.79055543],[-91.77222991,14.7947467],[-91.77195592,14.80081757],[-91.76783688,14.80371536],[-91.75381483,14.82904549],[-91.74005024,14.82657621],[-91.72619731,14.83768056],[-91.72372062,14.83404768],[-91.72259921,14.8233422],[-91.73145782,14.79113733],[-91.72941629,14.78652953],[-91.71654887,14.7810064],[-91.71375248,14.76551988],[-91.71459663,14.75979584],[-91.71828174,14.75808639],[-91.71830325,14.74955327],[-91.72598561,14.73990089],[-91.71661304,14.73690449],[-91.71057023,14.73169921],[-91.70024907,14.73165618],[-91.69192589,14.74690504],[-91.68585028,14.74935867],[-91.68054619,14.74784827],[-91.6695191,14.73622496],[-91.67336474,14.71937854],[-91.66953918,14.71425277]]]}},{"type":"Feature","properties":{"m":"San Pedro Ayampuc","d":"Guatemala","cod":107,"pop":58609,"iv":0.287,"exp":0.171,"sen":0.166,"cap":0.049,"inat":7.4,"isoc":2.7,"ides":5.7,"nfp":0,"nfph":0,"pfph":0,"ncr":0},"geometry":{"type":"Polygon","coordinates":[[[-90.42437658,14.82535413],[-90.41817868,14.82022485],[-90.39945465,14.81333054],[-90.39689653,14.80526771],[-90.39150714,14.80377158],[-90.38676269,14.7736701],[-90.40632401,14.76436067],[-90.40647455,14.75298717],[-90.41105129,14.74736895],[-90.41659645,14.72720299],[-90.41045917,14.71519568],[-90.41050932,14.71006078],[-90.43394114,14.70672844],[-90.44109964,14.70927037],[-90.44470501,14.7063607],[-90.45189359,14.70592608],[-90.45577927,14.71269771],[-90.4733982,14.72937376],[-90.47383455,14.7555165],[-90.4823172,14.75637246],[-90.48981505,14.76256205],[-90.49357585,14.77892591],[-90.49205073,14.78803236],[-90.48718645,14.79717127],[-90.49513421,14.8060432],[-90.484822,14.8104714],[-90.48208572,14.81844652],[-90.47651752,14.82291028],[-90.46719798,14.82358364],[-90.46612665,14.8255231],[-90.4486137,14.82317842],[-90.42437658,14.82535413]]]}},{"type":"Feature","properties":{"m":"Almolonga","d":"Quetzaltenango","cod":913,"pop":15724,"iv":0.373,"exp":0.095,"sen":0.328,"cap":0.05,"inat":6.7,"isoc":5.2,"ides":10,"nfp":0,"nfph":0,"pfph":0,"ncr":0},"geometry":{"type":"Polygon","coordinates":[[[-91.46098894,14.82363072],[-91.46857449,14.81431286],[-91.4746086,14.79276652],[-91.4892905,14.79364276],[-91.50020496,14.80084666],[-91.50177364,14.81989118],[-91.4915518,14.82950932],[-91.48281505,14.83073309],[-91.47385573,14.82533995],[-91.46098894,14.82363072]]]}},{"type":"Feature","properties":{"m":"Esquipulas","d":"Chiquimula","cod":2007,"pop":53556,"iv":0.35,"exp":0.154,"sen":0.211,"cap":0.015,"inat":3.3,"isoc":5.6,"ides":7.2,"nfp":10,"nfph":3,"pfph":0,"ncr":0},"geometry":{"type":"Polygon","coordinates":[[[-89.35360638,14.4610002],[-89.3718011,14.46303489],[-89.37502081,14.46874932],[-89.39019829,14.47016531],[-89.39411494,14.47273689],[-89.39060596,14.50708273],[-89.39119928,14.5170891],[-89.39720686,14.53010548],[-89.39696845,14.55107567],[-89.42686431,14.57392148],[-89.41801941,14.57768633],[-89.40957651,14.58543515],[-89.38281403,14.5862662],[-89.37343367,14.58984816],[-89.36879841,14.60283834],[-89.37027313,14.63275974],[-89.3659626,14.63944693],[-89.36410754,14.64857208],[-89.33915214,14.6523782],[-89.31850589,14.64842385],[-89.31064038,14.64226924],[-89.29736166,14.65513752],[-89.2803771,14.66572072],[-89.27956719,14.66818279],[-89.28604898,14.67497174],[-89.28379912,14.6895322],[-89.26747621,14.69824494],[-89.25855108,14.69961596],[-89.2497395,14.70793505],[-89.24304942,14.72027577],[-89.25215722,14.72270783],[-89.25385014,14.72720803],[-89.23723211,14.73701617],[-89.22087043,14.76363342],[-89.21367303,14.7674646],[-89.22465926,14.77524082],[-89.23065968,14.78427529],[-89.22834446,14.79205129],[-89.21431346,14.79766646],[-89.20849969,14.79602993],[-89.19812266,14.80204138],[-89.16913794,14.77491151],[-89.16653297,14.73152623],[-89.13189911,14.71217161],[-89.14750822,14.67748375],[-89.15710595,14.670309],[-89.1537625,14.65918388],[-89.15530371,14.6533305],[-89.15086198,14.64513232],[-89.14670633,14.62677719],[-89.15244535,14.61593553],[-89.14748811,14.61122332],[-89.14954933,14.60704],[-89.14866819,14.60100669],[-89.15379964,14.58894222],[-89.15201279,14.58319853],[-89.15889882,14.57866254],[-89.16099672,14.57252596],[-89.16809107,14.57078022],[-89.19872016,14.57761354],[-89.20342536,14.58244584],[-89.2385441,14.58500341],[-89.24825934,14.57448496],[-89.24958014,14.56987998],[-89.25340651,14.56833165],[-89.25134549,14.5630914],[-89.25791614,14.55766352],[-89.26195917,14.54898333],[-89.27190787,14.54487007],[-89.2762828,14.54055146],[-89.28476684,14.52689972],[-89.28746391,14.51677932],[-89.29590882,14.50974827],[-89.30415655,14.50671518],[-89.30209712,14.49454966],[-89.31072777,14.48824609],[-89.326538,14.48288259],[-89.33148146,14.47817308],[-89.35004242,14.47188493],[-89.35552254,14.46585632],[-89.3527056,14.46447346],[-89.35360638,14.4610002]]]}},{"type":"Feature","properties":{"m":"Santa Catarina Ixtahuacán","d":"Sololá","cod":706,"pop":56981,"iv":0.295,"exp":0.142,"sen":0.366,"cap":0.214,"inat":4.1,"isoc":5.5,"ides":4.8,"nfp":1,"nfph":1,"pfph":1014,"ncr":0},"geometry":{"type":"Polygon","coordinates":[[[-91.30689205,14.77136235],[-91.31759425,14.76091357],[-91.3202354,14.74738932],[-91.34130582,14.72312947],[-91.3402226,14.70772978],[-91.34976011,14.69453887],[-91.35145378,14.68792366],[-91.34920075,14.66684075],[-91.35690873,14.64568828],[-91.36487474,14.63819518],[-91.37253386,14.63936056],[-91.38318159,14.63412134],[-91.39601012,14.63648887],[-91.40130823,14.64259687],[-91.42076367,14.63952216],[-91.4326426,14.63455668],[-91.43308062,14.62744742],[-91.44559363,14.61452357],[-91.45010543,14.6065725],[-91.45060968,14.60001041],[-91.48551944,14.60187334],[-91.46543857,14.62689115],[-91.46023588,14.63873813],[-91.4408022,14.6427168],[-91.43492363,14.65005393],[-91.41620945,14.65611636],[-91.42633808,14.66856223],[-91.43025039,14.68026984],[-91.42972022,14.68966742],[-91.41958102,14.71969774],[-91.41997389,14.735416],[-91.42596401,14.75038494],[-91.39626011,14.78309833],[-91.38720337,14.80342212],[-91.37467441,14.82058461],[-91.34865806,14.81930922],[-91.33432212,14.82645896],[-91.32742907,14.82500581],[-91.32223594,14.81772067],[-91.32279878,14.8036594],[-91.32678735,14.7897563],[-91.30689205,14.77136235]]]}},{"type":"Feature","properties":{"m":"San Antonio La Paz","d":"El Progreso","cod":208,"pop":20957,"iv":0.674,"exp":0.316,"sen":0.372,"cap":0.015,"inat":2.8,"isoc":3,"ides":3.1,"nfp":8,"nfph":6,"pfph":836,"ncr":0},"geometry":{"type":"Polygon","coordinates":[[[-90.21188276,14.67039082],[-90.2493392,14.6922092],[-90.29669334,14.7040738],[-90.30206097,14.71268239],[-90.31541752,14.71493319],[-90.32558776,14.72250633],[-90.33191266,14.73266337],[-90.33248808,14.74228661],[-90.33782994,14.75138444],[-90.33966566,14.76024427],[-90.34791045,14.76923202],[-90.34638515,14.77443665],[-90.34068755,14.77924993],[-90.34010914,14.78953058],[-90.34407079,14.79403173],[-90.33954483,14.80178279],[-90.33884115,14.80899191],[-90.32719099,14.8130301],[-90.31857056,14.80789749],[-90.31163888,14.8090914],[-90.30728316,14.81299793],[-90.30469146,14.81066202],[-90.29461557,14.81266084],[-90.28387186,14.8115701],[-90.28392535,14.80639398],[-90.2792671,14.80801226],[-90.27720821,14.80314314],[-90.25886426,14.79940068],[-90.25351321,14.79272982],[-90.24832124,14.79334418],[-90.24781177,14.78492906],[-90.23727073,14.78241962],[-90.23355822,14.77146763],[-90.23878755,14.75972289],[-90.23418387,14.7544359],[-90.22577883,14.75607606],[-90.22083104,14.751881],[-90.22177426,14.74397683],[-90.21568353,14.74101102],[-90.21488241,14.73412796],[-90.20702428,14.72327492],[-90.19997765,14.72119371],[-90.19855408,14.71585552],[-90.20004916,14.71027603],[-90.20339524,14.70775587],[-90.20165153,14.69981939],[-90.20411073,14.6998931],[-90.20607993,14.69549453],[-90.20636586,14.69088599],[-90.2034599,14.68928842],[-90.20443615,14.68233762],[-90.21188276,14.67039082]]]}},{"type":"Feature","properties":{"m":"Sansare","d":"El Progreso","cod":206,"pop":13154,"iv":0.629,"exp":0.284,"sen":0.493,"cap":0.148,"inat":2.2,"isoc":3.3,"ides":3.2,"nfp":5,"nfph":3,"pfph":339,"ncr":0},"geometry":{"type":"Polygon","coordinates":[[[-90.0042599,14.80594408],[-90.00366932,14.80168187],[-90.00980604,14.79558243],[-90.00810816,14.78626789],[-90.01165332,14.78485317],[-90.01867961,14.78844353],[-90.02290187,14.78642443],[-90.02294765,14.78345053],[-90.0124908,14.77320659],[-90.01681954,14.77131198],[-90.02969893,14.77567632],[-90.03470841,14.77439631],[-90.03840957,14.76842593],[-90.04056909,14.73957632],[-90.05961201,14.72252718],[-90.06196491,14.70307938],[-90.08647519,14.70323081],[-90.09674495,14.71198346],[-90.10429229,14.71408629],[-90.1231111,14.70925195],[-90.12930725,14.70290403],[-90.13559243,14.70357337],[-90.14686111,14.69914916],[-90.1695563,14.69614888],[-90.17490142,14.70818576],[-90.16533766,14.74914871],[-90.16789595,14.77139027],[-90.16537873,14.7760457],[-90.15180921,14.78629541],[-90.14484907,14.78705377],[-90.14218668,14.79086822],[-90.13452272,14.78848584],[-90.10968487,14.80337207],[-90.09727999,14.80250709],[-90.09417543,14.78971022],[-90.09130233,14.78755391],[-90.08665498,14.78824368],[-90.07802076,14.79263188],[-90.06891598,14.80916835],[-90.06455285,14.80866572],[-90.05620687,14.79935888],[-90.04311984,14.80168038],[-90.03647453,14.80806215],[-90.0042599,14.80594408]]]}},{"type":"Feature","properties":{"m":"Santa Lucía Utatlán","d":"Sololá","cod":704,"pop":21284,"iv":0.442,"exp":0.135,"sen":0.36,"cap":0.052,"inat":4.2,"isoc":5,"ides":4.8,"nfp":0,"nfph":0,"pfph":0,"ncr":0},"geometry":{"type":"Polygon","coordinates":[[[-91.23333931,14.79622848],[-91.24393533,14.77318992],[-91.24727528,14.75149542],[-91.25263985,14.75272788],[-91.28992654,14.74416091],[-91.31427516,14.74460968],[-91.3202354,14.74738932],[-91.31759425,14.76091357],[-91.29700821,14.77813135],[-91.30467552,14.80121307],[-91.30419487,14.80553304],[-91.28191244,14.81148317],[-91.27285112,14.81897776],[-91.26586669,14.82006401],[-91.26037673,14.81853927],[-91.25307159,14.81095894],[-91.23702961,14.80704993],[-91.23333931,14.79622848]]]}},{"type":"Feature","properties":{"m":"San Andrés Semetabaj","d":"Sololá","cod":709,"pop":13142,"iv":0.356,"exp":0.108,"sen":0.259,"cap":0.011,"inat":3.3,"isoc":4.8,"ides":4.4,"nfp":0,"nfph":0,"pfph":0,"ncr":0},"geometry":{"type":"Polygon","coordinates":[[[-91.07233696,14.8058832],[-91.08691093,14.75565848],[-91.07562258,14.74388787],[-91.07682102,14.73873773],[-91.08401915,14.73199034],[-91.08503052,14.72556774],[-91.07635463,14.71224872],[-91.07654891,14.69470388],[-91.10046346,14.69324152],[-91.1168301,14.70435965],[-91.13852802,14.73976329],[-91.13991658,14.74888967],[-91.13804196,14.7526962],[-91.11030772,14.77244878],[-91.11079118,14.78333227],[-91.10298825,14.78358793],[-91.09544451,14.80064189],[-91.08458817,14.81507883],[-91.07233696,14.8058832]]]}},{"type":"Feature","properties":{"m":"San Juan Ermita","d":"Chiquimula","cod":2003,"pop":16418,"iv":0.743,"exp":0.266,"sen":0.555,"cap":0.078,"inat":2.5,"isoc":6.1,"ides":5.3,"nfp":1,"nfph":1,"pfph":1444,"ncr":0},"geometry":{"type":"Polygon","coordinates":[[[-89.36869294,14.72310459],[-89.36285882,14.71080596],[-89.36879994,14.70432525],[-89.37733297,14.7001593],[-89.37769611,14.69673186],[-89.38343981,14.69177172],[-89.40609306,14.69767049],[-89.43286962,14.69749083],[-89.44166515,14.70088227],[-89.45330087,14.70087455],[-89.46643124,14.69720965],[-89.47274972,14.70183269],[-89.47730569,14.70181062],[-89.47663707,14.70641637],[-89.46911128,14.71532026],[-89.46665086,14.72703506],[-89.4708782,14.73211491],[-89.48254605,14.73073563],[-89.48220709,14.73538139],[-89.45441591,14.75824457],[-89.45622934,14.76285551],[-89.46468394,14.76639601],[-89.46157596,14.77451154],[-89.45616694,14.77717021],[-89.45646768,14.78035885],[-89.44586281,14.78291586],[-89.44398984,14.78872802],[-89.43272622,14.79416924],[-89.42852557,14.78899315],[-89.41912423,14.78382993],[-89.41071788,14.78598609],[-89.41021204,14.78128024],[-89.41855785,14.76629612],[-89.41204603,14.76489973],[-89.39885752,14.75605547],[-89.38777999,14.73861851],[-89.38509717,14.72297117],[-89.36869294,14.72310459]]]}},{"type":"Feature","properties":{"m":"Comalapa","d":"Chimaltenango","cod":404,"pop":48597,"iv":0.368,"exp":0.127,"sen":0.295,"cap":0.055,"inat":4.2,"isoc":5.2,"ides":4.2,"nfp":0,"nfph":0,"pfph":0,"ncr":0},"geometry":{"type":"Polygon","coordinates":[[[-90.86428981,14.8083732],[-90.87281685,14.76289175],[-90.86605805,14.75020056],[-90.8534025,14.73874223],[-90.8459537,14.73550592],[-90.85489445,14.72599513],[-90.86543562,14.72330951],[-90.86683332,14.70344666],[-90.87666586,14.69603477],[-90.88376776,14.69859251],[-90.90016485,14.69435114],[-90.90955857,14.69980801],[-90.91475237,14.70014394],[-90.92194506,14.71022746],[-90.93624958,14.70902922],[-90.93957804,14.71068199],[-90.94275649,14.71769533],[-90.9427485,14.7395101],[-90.93060936,14.75576422],[-90.93324133,14.75963497],[-90.9378158,14.78271498],[-90.91988943,14.79642457],[-90.91433636,14.79493313],[-90.8899992,14.80333765],[-90.87749812,14.81065489],[-90.86958648,14.81184686],[-90.86428981,14.8083732]]]}},{"type":"Feature","properties":{"m":"Chinautla","d":"Guatemala","cod":106,"pop":114752,"iv":0.108,"exp":0.103,"sen":0.108,"cap":0.104,"inat":7.2,"isoc":2.2,"ides":4.5,"nfp":0,"nfph":0,"pfph":0,"ncr":0},"geometry":{"type":"Polygon","coordinates":[[[-90.45189359,14.70592608],[-90.46061284,14.69416509],[-90.47082744,14.69314863],[-90.47149169,14.68834992],[-90.48060263,14.6821378],[-90.48441938,14.6731894],[-90.50537075,14.67685738],[-90.52034132,14.67120774],[-90.52930542,14.66509571],[-90.53222881,14.66926442],[-90.5281903,14.67958811],[-90.51871375,14.68407178],[-90.515857,14.68813475],[-90.52492418,14.6991629],[-90.52510129,14.70959349],[-90.51553748,14.72190949],[-90.512729,14.73055647],[-90.51357863,14.73671774],[-90.51877713,14.74325886],[-90.53698552,14.74520617],[-90.53988293,14.758533],[-90.53302208,14.76651483],[-90.52938347,14.7607472],[-90.51253863,14.76079224],[-90.51044232,14.76287569],[-90.51025042,14.76800716],[-90.51662748,14.78260134],[-90.51029594,14.79185723],[-90.50505009,14.79285408],[-90.50465077,14.80264927],[-90.5026556,14.80472238],[-90.49513421,14.8060432],[-90.48718645,14.79717127],[-90.49205073,14.78803236],[-90.49357585,14.77892591],[-90.48981505,14.76256205],[-90.4823172,14.75637246],[-90.47383455,14.7555165],[-90.4733982,14.72937376],[-90.45577927,14.71269771],[-90.45189359,14.70592608]]]}},{"type":"Feature","properties":{"m":"Concepción","d":"Sololá","cod":708,"pop":6601,"iv":0.459,"exp":0.141,"sen":0.322,"cap":0.004,"inat":3.5,"isoc":6,"ides":6,"nfp":0,"nfph":0,"pfph":0,"ncr":0},"geometry":{"type":"Polygon","coordinates":[[[-91.1358818,14.80567189],[-91.13605109,14.80162346],[-91.13142861,14.79641789],[-91.11079118,14.78333227],[-91.10979301,14.77370524],[-91.11802245,14.7671573],[-91.13044126,14.76581222],[-91.13762247,14.76086136],[-91.15657928,14.78000532],[-91.15724171,14.78976525],[-91.15660433,14.79340445],[-91.14108816,14.80541686],[-91.1358818,14.80567189]]]}},{"type":"Feature","properties":{"m":"Pajapita","d":"San Marcos","cod":1222,"pop":21725,"iv":0.366,"exp":0.115,"sen":0.267,"cap":0.016,"inat":5.4,"isoc":4.5,"ides":6,"nfp":7,"nfph":3,"pfph":186,"ncr":0},"geometry":{"type":"Polygon","coordinates":[[[-91.97011496,14.77116928],[-91.98027512,14.76773617],[-91.96756606,14.75919668],[-92.00031002,14.73886906],[-92.00362961,14.73149637],[-92.00983797,14.72921661],[-92.01156551,14.71882204],[-92.02462649,14.7186367],[-92.04124316,14.71036182],[-92.04846694,14.7097113],[-92.06881021,14.68426037],[-92.08122989,14.68762318],[-92.08702326,14.67926891],[-92.09180735,14.66164176],[-92.10293437,14.66083628],[-92.11531138,14.64197424],[-92.13067359,14.62885657],[-92.13593681,14.6277133],[-92.13262324,14.63200545],[-92.13415943,14.63938152],[-92.12356995,14.64364635],[-92.12706389,14.64973927],[-92.12217391,14.65655329],[-92.12437415,14.65917996],[-92.12388002,14.66755418],[-92.11957671,14.67035292],[-92.11892405,14.67695005],[-92.12760382,14.68091094],[-92.1183485,14.69036177],[-92.1173275,14.70321465],[-92.12432469,14.70893897],[-92.11903605,14.71215431],[-92.1156385,14.72361491],[-92.1165556,14.74339676],[-92.10312283,14.73570022],[-92.08816326,14.73086842],[-92.08397236,14.73206103],[-92.06998023,14.74609469],[-92.07165076,14.74853327],[-92.0773712,14.74862057],[-92.07813912,14.75088261],[-92.07466234,14.75445889],[-92.0778858,14.76098424],[-92.07129997,14.7666194],[-92.07586049,14.76923115],[-92.07453992,14.78832026],[-92.07035476,14.78788983],[-92.06861077,14.79022538],[-92.07349247,14.7990899],[-92.07271236,14.80145082],[-92.06736591,14.79764926],[-92.05874845,14.80231294],[-92.04448808,14.7954006],[-92.03851311,14.7950876],[-92.0340898,14.79872929],[-92.02911653,14.80899055],[-92.01560814,14.80223443],[-92.01434784,14.79286564],[-92.00104042,14.79467292],[-91.98818902,14.78224881],[-91.97011496,14.77116928]]]}},{"type":"Feature","properties":{"m":"Ayutla","d":"San Marcos","cod":1217,"pop":37049,"iv":0.357,"exp":0.236,"sen":0.134,"cap":0.013,"inat":3.6,"isoc":3.1,"ides":3.6,"nfp":31,"nfph":17,"pfph":6501,"ncr":0},"geometry":{"type":"Polygon","coordinates":[[[-92.07453992,14.78832026],[-92.07586049,14.76923115],[-92.07129997,14.7666194],[-92.0778858,14.76098424],[-92.07466234,14.75445889],[-92.07813912,14.75088261],[-92.0773712,14.74862057],[-92.07086571,14.74813573],[-92.07017846,14.74562878],[-92.08397236,14.73206103],[-92.08816326,14.73086842],[-92.11681906,14.74285646],[-92.1156385,14.72361491],[-92.11903605,14.71215431],[-92.12432469,14.70893897],[-92.1173275,14.70321465],[-92.1183485,14.69036177],[-92.12760382,14.68091094],[-92.11892405,14.67695005],[-92.11957671,14.67035292],[-92.12388002,14.66755418],[-92.12437415,14.65917996],[-92.12217391,14.65655329],[-92.12706389,14.64973927],[-92.12356995,14.64364635],[-92.13415943,14.63938152],[-92.13262324,14.63200545],[-92.13910569,14.6231403],[-92.13704764,14.61698281],[-92.13892126,14.61343111],[-92.15486748,14.60466575],[-92.17644171,14.60731385],[-92.17465025,14.61327778],[-92.18041069,14.61826711],[-92.17963242,14.62220273],[-92.17442638,14.62645269],[-92.1755319,14.6340587],[-92.16574218,14.63933184],[-92.15783333,14.64860394],[-92.1577666,14.65467675],[-92.14705104,14.65633621],[-92.14490188,14.66501296],[-92.14693745,14.66873726],[-92.14681106,14.67888601],[-92.14264679,14.68965836],[-92.14682169,14.69859116],[-92.14757876,14.71725936],[-92.15577524,14.7358689],[-92.16970072,14.74615437],[-92.17097196,14.75605386],[-92.16137475,14.76081866],[-92.16034315,14.77376665],[-92.16946187,14.78031901],[-92.1686672,14.78832157],[-92.17751678,14.80364204],[-92.16123504,14.80462302],[-92.13945707,14.79830818],[-92.13561269,14.79869045],[-92.13087679,14.80593667],[-92.12446439,14.80754193],[-92.11111821,14.79368496],[-92.10873864,14.79574377],[-92.10862784,14.80196994],[-92.10166949,14.80273397],[-92.08799207,14.79561858],[-92.08200526,14.7949134],[-92.07453992,14.78832026]]]}},{"type":"Feature","properties":{"m":"San José Chacayá","d":"Sololá","cod":702,"pop":4068,"iv":0.444,"exp":0.08,"sen":0.395,"cap":0.03,"inat":4.2,"isoc":4.8,"ides":3.7,"nfp":0,"nfph":0,"pfph":0,"ncr":0},"geometry":{"type":"Polygon","coordinates":[[[-91.2235141,14.79961662],[-91.20559442,14.76086047],[-91.21166628,14.75892155],[-91.22065729,14.75139825],[-91.24724217,14.74975879],[-91.24393533,14.77318992],[-91.23681335,14.79135215],[-91.22900855,14.79898561],[-91.2235141,14.79961662]]]}},{"type":"Feature","properties":{"m":"Zunil","d":"Quetzaltenango","cod":916,"pop":14118,"iv":0.269,"exp":0.231,"sen":0.172,"cap":0.134,"inat":8.4,"isoc":4.7,"ides":7,"nfp":2,"nfph":0,"pfph":0,"ncr":0},"geometry":{"type":"Polygon","coordinates":[[[-91.4746086,14.79276652],[-91.47201699,14.78891135],[-91.4669818,14.79141439],[-91.45890949,14.7899404],[-91.44344474,14.76488016],[-91.44611667,14.74464285],[-91.44902236,14.74164009],[-91.46231421,14.73857324],[-91.47229849,14.72614349],[-91.48500459,14.71888757],[-91.49007763,14.7062134],[-91.50746963,14.69461178],[-91.51651337,14.68551346],[-91.53329605,14.68400103],[-91.53226543,14.69763869],[-91.53605875,14.70505081],[-91.54545926,14.74351624],[-91.53970107,14.74902643],[-91.51288805,14.75554986],[-91.51001839,14.77022384],[-91.51725183,14.78167167],[-91.5153455,14.78486364],[-91.50971346,14.78658875],[-91.51068834,14.79347804],[-91.50020496,14.80084666],[-91.4892905,14.79364276],[-91.4746086,14.79276652]]]}},{"type":"Feature","properties":{"m":"El Palmar","d":"Quetzaltenango","cod":919,"pop":29132,"iv":0.232,"exp":0.111,"sen":0.289,"cap":0.168,"inat":8.6,"isoc":3.8,"ides":3.1,"nfp":0,"nfph":0,"pfph":0,"ncr":0},"geometry":{"type":"Polygon","coordinates":[[[-91.54632495,14.74183141],[-91.53226543,14.69763869],[-91.53329605,14.68400103],[-91.56571884,14.65202814],[-91.57479832,14.65076764],[-91.5765148,14.64842234],[-91.58197484,14.65044089],[-91.58815812,14.6485464],[-91.59195836,14.63398368],[-91.60202921,14.6275904],[-91.60837739,14.62794591],[-91.61134873,14.63384137],[-91.60757269,14.653592],[-91.62577461,14.65365393],[-91.62571237,14.64455333],[-91.63569737,14.63434687],[-91.63797401,14.62045439],[-91.65337329,14.60738146],[-91.65367057,14.61906201],[-91.65909619,14.63585563],[-91.65565713,14.65384326],[-91.66029266,14.65486772],[-91.66748705,14.65239159],[-91.67429884,14.64084655],[-91.68174551,14.64227526],[-91.6724671,14.66867172],[-91.67177115,14.68023586],[-91.66767129,14.68649132],[-91.66527699,14.71271191],[-91.66755206,14.71429107],[-91.66689927,14.74051597],[-91.65688741,14.74575168],[-91.64543042,14.74314936],[-91.64302019,14.75371675],[-91.62802317,14.76245495],[-91.61146,14.76090749],[-91.58808927,14.78825685],[-91.56953365,14.74500302],[-91.56387999,14.74173317],[-91.54632495,14.74183141]]]}},{"type":"Feature","properties":{"m":"San José La Arada","d":"Chiquimula","cod":2002,"pop":8756,"iv":0.709,"exp":0.239,"sen":0.551,"cap":0.082,"inat":2.9,"isoc":5,"ides":5,"nfp":3,"nfph":2,"pfph":2159,"ncr":0},"geometry":{"type":"Polygon","coordinates":[[[-89.53701845,14.70912468],[-89.55160366,14.69964499],[-89.557099,14.67602139],[-89.55981839,14.66994242],[-89.56783336,14.66238338],[-89.57667376,14.66279033],[-89.58685597,14.66932147],[-89.59738713,14.66663918],[-89.60882318,14.67900843],[-89.61909797,14.68533558],[-89.63289712,14.68436161],[-89.64662575,14.67885715],[-89.64519035,14.68388637],[-89.65291998,14.6853624],[-89.65386962,14.69121155],[-89.66507142,14.68717943],[-89.67198381,14.69196545],[-89.67131164,14.69772363],[-89.67383169,14.70119614],[-89.66896537,14.70350963],[-89.67543618,14.71310242],[-89.67318174,14.71668579],[-89.67559418,14.72730253],[-89.67276967,14.7513274],[-89.65134751,14.75609148],[-89.62368289,14.75635102],[-89.60699983,14.76729609],[-89.59524145,14.75861564],[-89.56805197,14.74939118],[-89.56819025,14.74246033],[-89.55806859,14.74417953],[-89.54873224,14.7402489],[-89.54471578,14.71754004],[-89.53701845,14.70912468]]]}},{"type":"Feature","properties":{"m":"Olopa","d":"Chiquimula","cod":2006,"pop":27511,"iv":0.557,"exp":0.128,"sen":0.443,"cap":0.014,"inat":3,"isoc":6.6,"ides":7.3,"nfp":0,"nfph":0,"pfph":0,"ncr":0},"geometry":{"type":"Polygon","coordinates":[[[-89.36485341,14.64736643],[-89.37125223,14.64792786],[-89.37277101,14.65037946],[-89.35943931,14.66308305],[-89.3585174,14.66714698],[-89.36627476,14.66785972],[-89.36843865,14.67237252],[-89.37981526,14.68011153],[-89.38335387,14.68558779],[-89.38343981,14.69177172],[-89.37769611,14.69673186],[-89.37733297,14.7001593],[-89.36879994,14.70432525],[-89.36285882,14.71080596],[-89.36869294,14.72310459],[-89.36533431,14.7306784],[-89.35500602,14.74117143],[-89.34218443,14.74776937],[-89.33318736,14.74952538],[-89.32880616,14.74760788],[-89.32224153,14.73638223],[-89.30363987,14.73147824],[-89.29922446,14.73790103],[-89.28087485,14.73543713],[-89.26685435,14.74410599],[-89.24756945,14.74530964],[-89.22874077,14.751928],[-89.23723211,14.73701617],[-89.25385014,14.72720803],[-89.25215722,14.72270783],[-89.24304942,14.72027577],[-89.2497395,14.70793505],[-89.25855108,14.69961596],[-89.26747621,14.69824494],[-89.28379912,14.6895322],[-89.28604898,14.67497174],[-89.27923791,14.66685763],[-89.29736166,14.65513752],[-89.31064038,14.64226924],[-89.31850589,14.64842385],[-89.33915214,14.6523782],[-89.36109157,14.65005921],[-89.36485341,14.64736643]]]}},{"type":"Feature","properties":{"m":"San Luis Jilotepeque","d":"Jalapa","cod":2103,"pop":24679,"iv":0.935,"exp":0.282,"sen":0.677,"cap":0.023,"inat":3.2,"isoc":5.8,"ides":5.6,"nfp":3,"nfph":1,"pfph":207,"ncr":0},"geometry":{"type":"Polygon","coordinates":[[[-89.67276967,14.7513274],[-89.67559418,14.72730253],[-89.67318174,14.71668579],[-89.67543618,14.71310242],[-89.66896537,14.70350963],[-89.67383169,14.70119614],[-89.67131164,14.69772363],[-89.67198381,14.69196545],[-89.66507142,14.68717943],[-89.65386962,14.69121155],[-89.65291998,14.6853624],[-89.64686835,14.68556161],[-89.64517323,14.68280503],[-89.65496979,14.65382567],[-89.66180405,14.64904317],[-89.66446392,14.64144248],[-89.66876416,14.63925161],[-89.66559643,14.63292832],[-89.66495537,14.62419463],[-89.6747588,14.61233306],[-89.67271516,14.59523391],[-89.68791639,14.57726395],[-89.69399324,14.5579414],[-89.71083047,14.55505055],[-89.71033267,14.54540903],[-89.71325594,14.54512961],[-89.72219592,14.55128273],[-89.73316678,14.55328486],[-89.74653148,14.55084495],[-89.74975804,14.55514124],[-89.74956157,14.56751584],[-89.75381543,14.5734866],[-89.75279842,14.5820329],[-89.75630012,14.5909129],[-89.75683446,14.6018136],[-89.76270611,14.61065095],[-89.76142723,14.61606065],[-89.76547351,14.62645832],[-89.77212352,14.62592537],[-89.77477979,14.62960086],[-89.77378478,14.6393417],[-89.7796903,14.65424798],[-89.77764798,14.6718487],[-89.75112126,14.6896944],[-89.75647226,14.69823266],[-89.75313786,14.71201122],[-89.75482334,14.72175993],[-89.75252473,14.72800151],[-89.75238969,14.74254149],[-89.72984722,14.74362191],[-89.7204119,14.75086896],[-89.69351288,14.74752195],[-89.68720882,14.74822047],[-89.68060462,14.75322206],[-89.67276967,14.7513274]]]}},{"type":"Feature","properties":{"m":"Palencia","d":"Guatemala","cod":105,"pop":70973,"iv":0.564,"exp":0.259,"sen":0.355,"cap":0.05,"inat":7,"isoc":0.9,"ides":0,"nfp":0,"nfph":0,"pfph":0,"ncr":0},"geometry":{"type":"Polygon","coordinates":[[[-90.33191266,14.73266337],[-90.32558776,14.72250633],[-90.31952135,14.71753813],[-90.30206097,14.71268239],[-90.29669334,14.7040738],[-90.2493392,14.6922092],[-90.21188276,14.67039082],[-90.21211754,14.66842803],[-90.22024469,14.66748676],[-90.22732371,14.66214867],[-90.23113081,14.65146603],[-90.22859498,14.64124634],[-90.22974551,14.6299641],[-90.23252452,14.62597554],[-90.23064153,14.62014429],[-90.23785416,14.60841454],[-90.26295358,14.60928755],[-90.28301796,14.60167182],[-90.30253958,14.60400645],[-90.32924631,14.59591101],[-90.35449161,14.60412291],[-90.36431247,14.61236394],[-90.38517552,14.61530666],[-90.39104061,14.61983824],[-90.38631869,14.62879599],[-90.38978882,14.65090999],[-90.38813734,14.65902589],[-90.39080807,14.66815917],[-90.38674556,14.67768421],[-90.38661663,14.68682552],[-90.38038026,14.69857849],[-90.38070662,14.70316539],[-90.38408198,14.70826323],[-90.39664582,14.71315173],[-90.41050932,14.71006078],[-90.41045917,14.71519568],[-90.41659645,14.72720299],[-90.41176143,14.74295056],[-90.41093958,14.74435508],[-90.39962271,14.73550304],[-90.38401722,14.73960427],[-90.38275178,14.73019884],[-90.38002208,14.72770189],[-90.37542498,14.73621434],[-90.36508552,14.74326225],[-90.35962953,14.76051178],[-90.35721754,14.7614891],[-90.34790939,14.75147551],[-90.34914953,14.7441166],[-90.33191266,14.73266337]]]}},{"type":"Feature","properties":{"m":"Panajachel","d":"Sololá","cod":710,"pop":15077,"iv":0.38,"exp":0.214,"sen":0.185,"cap":0.019,"inat":5.5,"isoc":3.9,"ides":3,"nfp":3,"nfph":1,"pfph":0,"ncr":0},"geometry":{"type":"Polygon","coordinates":[[[-91.13852802,14.73976329],[-91.14595409,14.73123568],[-91.15508772,14.73271214],[-91.16249617,14.73914278],[-91.16354414,14.74588381],[-91.16696544,14.74921417],[-91.1408089,14.7582922],[-91.13044126,14.76581222],[-91.11802245,14.7671573],[-91.13804196,14.7526962],[-91.1401159,14.74537578],[-91.13852802,14.73976329]]]}},{"type":"Feature","properties":{"m":"Santa Cruz La Laguna","d":"Sololá","cod":714,"pop":5820,"iv":0.626,"exp":0.213,"sen":0.48,"cap":0.067,"inat":7,"isoc":6.4,"ides":7.4,"nfp":0,"nfph":0,"pfph":0,"ncr":0},"geometry":{"type":"Polygon","coordinates":[[[-91.19940231,14.74144178],[-91.20825309,14.74071959],[-91.21303851,14.73605389],[-91.22071317,14.73614084],[-91.23240863,14.7278605],[-91.23834043,14.7312934],[-91.24458458,14.72907841],[-91.24971805,14.73694058],[-91.24724217,14.74975879],[-91.22065729,14.75139825],[-91.21166628,14.75892155],[-91.20559442,14.76086047],[-91.19891843,14.75367679],[-91.19940231,14.74144178]]]}},{"type":"Feature","properties":{"m":"San Marcos La Laguna","d":"Sololá","cod":716,"pop":2617,"iv":0.368,"exp":0.207,"sen":0.36,"cap":0.199,"inat":3.1,"isoc":6.6,"ides":7.6,"nfp":0,"nfph":0,"pfph":0,"ncr":0},"geometry":{"type":"Polygon","coordinates":[[[-91.24727528,14.75149542],[-91.24971805,14.73694058],[-91.24316875,14.72855209],[-91.24291298,14.72393774],[-91.25163895,14.72153882],[-91.25478068,14.72365743],[-91.26035677,14.71995794],[-91.263817,14.72428106],[-91.27033494,14.71589296],[-91.27573464,14.74734305],[-91.25263985,14.75272788],[-91.24727528,14.75149542]]]}},{"type":"Feature","properties":{"m":"San Jacinto","d":"Chiquimula","cod":2010,"pop":12619,"iv":0.805,"exp":0.27,"sen":0.57,"cap":0.035,"inat":5.6,"isoc":5.5,"ides":6.8,"nfp":3,"nfph":1,"pfph":1257,"ncr":0},"geometry":{"type":"Polygon","coordinates":[[[-89.46643124,14.69720965],[-89.48107834,14.66057838],[-89.49119737,14.6479983],[-89.50053142,14.64241271],[-89.5079109,14.64247741],[-89.51795585,14.63139413],[-89.52477048,14.6276483],[-89.54596184,14.62606809],[-89.54438477,14.64000168],[-89.54655138,14.65253752],[-89.55085618,14.65881212],[-89.55938857,14.66062563],[-89.56381155,14.66515507],[-89.557099,14.67602139],[-89.54965339,14.7015139],[-89.53701845,14.70912468],[-89.51831895,14.70950322],[-89.49740167,14.70569443],[-89.49565987,14.71193821],[-89.49710422,14.72380641],[-89.49443579,14.72650218],[-89.4708782,14.73211491],[-89.46665086,14.72703506],[-89.46653759,14.72323999],[-89.47730569,14.70181062],[-89.47274972,14.70183269],[-89.46643124,14.69720965]]]}},{"type":"Feature","properties":{"m":"Chimaltenango","d":"Chimaltenango","cod":401,"pop":96985,"iv":0.086,"exp":0.071,"sen":0.123,"cap":0.108,"inat":7.8,"isoc":4,"ides":5.4,"nfp":0,"nfph":0,"pfph":0,"ncr":0},"geometry":{"type":"Polygon","coordinates":[[[-90.75093305,14.74731326],[-90.76259346,14.73191038],[-90.78256603,14.72494426],[-90.79282231,14.71854909],[-90.80128961,14.70591765],[-90.81431601,14.67413579],[-90.8149887,14.62611381],[-90.81845418,14.62452324],[-90.84532211,14.65060922],[-90.85612276,14.65581434],[-90.86643751,14.65524282],[-90.8701902,14.65828961],[-90.86261119,14.67109405],[-90.86392212,14.68550945],[-90.84484256,14.69786578],[-90.84289234,14.70857885],[-90.84046913,14.70919218],[-90.83817331,14.70358437],[-90.83460737,14.70241032],[-90.82046156,14.70762351],[-90.81585653,14.71350758],[-90.81028362,14.7284937],[-90.80467352,14.7322773],[-90.79666619,14.73195724],[-90.79100441,14.73514137],[-90.79044204,14.73785344],[-90.78580721,14.73637812],[-90.78264066,14.74079439],[-90.77886399,14.7389838],[-90.77335983,14.74015179],[-90.77002514,14.74646254],[-90.75093305,14.74731326]]]}},{"type":"Feature","properties":{"m":"San Pablo La Laguna","d":"Sololá","cod":715,"pop":7299,"iv":0.374,"exp":0.12,"sen":0.437,"cap":0.183,"inat":6.9,"isoc":5.3,"ides":2.6,"nfp":0,"nfph":0,"pfph":0,"ncr":0},"geometry":{"type":"Polygon","coordinates":[[[-91.27033494,14.71589296],[-91.28036093,14.71195017],[-91.28639126,14.71591729],[-91.2893773,14.72179254],[-91.28992654,14.74416091],[-91.27573464,14.74734305],[-91.27033494,14.71589296]]]}},{"type":"Feature","properties":{"m":"Santa Clara La Laguna","d":"Sololá","cod":707,"pop":9405,"iv":0.306,"exp":0.105,"sen":0.41,"cap":0.208,"inat":5.7,"isoc":5,"ides":3.3,"nfp":0,"nfph":0,"pfph":0,"ncr":0},"geometry":{"type":"Polygon","coordinates":[[[-91.28992654,14.74416091],[-91.2893773,14.72179254],[-91.28639126,14.71591729],[-91.30697511,14.69613871],[-91.32371538,14.6928326],[-91.30518692,14.72203192],[-91.3112244,14.72908275],[-91.32313909,14.73052281],[-91.32910187,14.73765969],[-91.3202354,14.74738932],[-91.31427516,14.74460968],[-91.28992654,14.74416091]]]}},{"type":"Feature","properties":{"m":"Santa Catarina Palopó","d":"Sololá","cod":711,"pop":3924,"iv":0.37,"exp":0.193,"sen":0.232,"cap":0.055,"inat":1.9,"isoc":6.4,"ides":7.4,"nfp":0,"nfph":0,"pfph":0,"ncr":0},"geometry":{"type":"Polygon","coordinates":[[[-91.1168301,14.70435965],[-91.12221951,14.69866694],[-91.13095456,14.70295364],[-91.13001028,14.70798759],[-91.13364017,14.71960643],[-91.13956869,14.72125482],[-91.1430063,14.72979549],[-91.14596184,14.73123757],[-91.13852802,14.73976329],[-91.1168301,14.70435965]]]}},{"type":"Feature","properties":{"m":"Zaragoza","d":"Chimaltenango","cod":415,"pop":24022,"iv":0.138,"exp":0.082,"sen":0.214,"cap":0.159,"inat":4.7,"isoc":4.7,"ides":4.5,"nfp":0,"nfph":0,"pfph":0,"ncr":0},"geometry":{"type":"Polygon","coordinates":[[[-90.81254176,14.72339747],[-90.82046156,14.70762351],[-90.83460737,14.70241032],[-90.83817331,14.70358437],[-90.84046913,14.70919218],[-90.84289234,14.70857885],[-90.84484256,14.69786578],[-90.86392212,14.68550945],[-90.86371497,14.66770668],[-90.87432356,14.65736737],[-90.87825578,14.64774826],[-90.88875762,14.63317141],[-90.90108012,14.62441831],[-90.91559892,14.64218295],[-90.91639187,14.65617818],[-90.92168233,14.67032551],[-90.91402546,14.68124041],[-90.90691527,14.68480331],[-90.90187037,14.69480483],[-90.88376776,14.69859251],[-90.87666586,14.69603477],[-90.86916016,14.70079454],[-90.86683332,14.70344666],[-90.86543562,14.72330951],[-90.85489445,14.72599513],[-90.8459537,14.73550592],[-90.81254176,14.72339747]]]}},{"type":"Feature","properties":{"m":"Santa María Visitación","d":"Sololá","cod":703,"pop":2370,"iv":0.279,"exp":0.137,"sen":0.377,"cap":0.235,"inat":5,"isoc":4.7,"ides":4.4,"nfp":0,"nfph":0,"pfph":0,"ncr":0},"geometry":{"type":"Polygon","coordinates":[[[-91.32371538,14.6928326],[-91.33301927,14.66423071],[-91.33797922,14.66307432],[-91.34357134,14.66526872],[-91.3493264,14.67090092],[-91.35145378,14.68792366],[-91.34775808,14.69931033],[-91.3402226,14.70772978],[-91.34130582,14.72312947],[-91.32910187,14.73765969],[-91.32313909,14.73052281],[-91.3112244,14.72908275],[-91.30518692,14.72203192],[-91.32371538,14.6928326]]]}},{"type":"Feature","properties":{"m":"El Tejar","d":"Chimaltenango","cod":416,"pop":19492,"iv":0.114,"exp":0.08,"sen":0.103,"cap":0.069,"inat":4.2,"isoc":4.5,"ides":5.8,"nfp":0,"nfph":0,"pfph":0,"ncr":0},"geometry":{"type":"Polygon","coordinates":[[[-90.76259346,14.73191038],[-90.75790978,14.7180556],[-90.76142186,14.71150954],[-90.76761756,14.71044667],[-90.77017487,14.70761044],[-90.7732475,14.69095936],[-90.76296308,14.66582209],[-90.76239634,14.65794337],[-90.77137308,14.65050642],[-90.78916431,14.62883831],[-90.8149887,14.62611381],[-90.81431601,14.67413579],[-90.79939338,14.70929027],[-90.79282231,14.71854909],[-90.78088109,14.72568258],[-90.76259346,14.73191038]]]}},{"type":"Feature","properties":{"m":"Patzún","d":"Chimaltenango","cod":407,"pop":58240,"iv":0.439,"exp":0.191,"sen":0.33,"cap":0.083,"inat":4.7,"isoc":5,"ides":4.7,"nfp":0,"nfph":0,"pfph":0,"ncr":0},"geometry":{"type":"Polygon","coordinates":[[[-90.98816678,14.69002097],[-90.9901426,14.68504877],[-90.99675854,14.68162008],[-90.99508241,14.66945135],[-90.97007036,14.66054779],[-90.96596708,14.65187754],[-90.9605513,14.65450152],[-90.95688949,14.65232773],[-90.95664373,14.64341675],[-90.96049899,14.62772031],[-90.95580998,14.60395168],[-90.96027408,14.59633796],[-90.97347924,14.60063807],[-91.00301811,14.58256856],[-91.02642681,14.6067592],[-91.03651846,14.61047155],[-91.03926196,14.60909618],[-91.04255729,14.59248127],[-91.04499915,14.58957264],[-91.06110019,14.58341716],[-91.07305014,14.58295688],[-91.09125707,14.58663087],[-91.11420531,14.59748578],[-91.11065765,14.62745613],[-91.08828024,14.67196872],[-91.0783218,14.68458921],[-91.07519598,14.70448085],[-91.060213,14.71219435],[-91.05166786,14.71281962],[-91.04516394,14.72011631],[-91.03505511,14.72178277],[-91.02977934,14.7259999],[-90.99585476,14.72884327],[-90.99421891,14.72414137],[-90.9961162,14.70892547],[-90.99027277,14.70279324],[-90.99075538,14.6934197],[-90.98816678,14.69002097]]]}},{"type":"Feature","properties":{"m":"Sumpango","d":"Sacatepéquez","cod":304,"pop":37260,"iv":0.291,"exp":0.104,"sen":0.236,"cap":0.048,"inat":2.8,"isoc":3.3,"ides":5.5,"nfp":0,"nfph":0,"pfph":0,"ncr":0},"geometry":{"type":"Polygon","coordinates":[[[-90.73458861,14.69536923],[-90.728666,14.68098818],[-90.73040544,14.66290304],[-90.72890933,14.65425184],[-90.72537045,14.6461115],[-90.71450127,14.63299428],[-90.70892138,14.61359399],[-90.71208441,14.60640706],[-90.72155968,14.60598934],[-90.72799703,14.60301403],[-90.73149777,14.61461104],[-90.75035337,14.61435784],[-90.75753997,14.62298366],[-90.75944565,14.6289349],[-90.78008451,14.63963414],[-90.76239634,14.65794337],[-90.76296308,14.66582209],[-90.7732475,14.69095936],[-90.77017487,14.70761044],[-90.76761756,14.71044667],[-90.76142186,14.71150954],[-90.75790978,14.7180556],[-90.75897894,14.72499948],[-90.7435269,14.71022008],[-90.7394103,14.69879774],[-90.73458861,14.69536923]]]}},{"type":"Feature","properties":{"m":"Coatepeque","d":"Quetzaltenango","cod":920,"pop":105415,"iv":0.253,"exp":0.104,"sen":0.175,"cap":0.026,"inat":8.4,"isoc":3.3,"ides":4.4,"nfp":21,"nfph":10,"pfph":2876,"ncr":0},"geometry":{"type":"Polygon","coordinates":[[[-91.92011544,14.72627639],[-91.91618117,14.72709873],[-91.90834945,14.72261426],[-91.90478903,14.72344608],[-91.89997288,14.7180309],[-91.89563901,14.72087596],[-91.88020927,14.71774525],[-91.87489618,14.72007554],[-91.86122378,14.71901095],[-91.84890588,14.72171062],[-91.84464859,14.71815371],[-91.83668971,14.71743477],[-91.83013318,14.71969448],[-91.82376144,14.71290271],[-91.81193461,14.7078886],[-91.81424363,14.69918948],[-91.80470425,14.69499466],[-91.82574596,14.67979207],[-91.84513293,14.68343518],[-91.85747116,14.67472977],[-91.872081,14.67375706],[-91.87399642,14.66884748],[-91.88141738,14.66307513],[-91.89013377,14.66780415],[-91.88828805,14.65287594],[-91.88389189,14.64166336],[-91.89788817,14.62714958],[-91.9027439,14.61545205],[-91.916775,14.60294286],[-91.9082093,14.59390916],[-91.91217184,14.5836513],[-91.88727314,14.57306903],[-91.87323701,14.57068417],[-91.88187546,14.56402131],[-91.91178717,14.56072147],[-91.93961335,14.56192842],[-91.96559367,14.53346048],[-91.98794706,14.53562719],[-92.00615319,14.54542128],[-92.01913968,14.54808645],[-92.03802723,14.5607819],[-92.04972123,14.56557994],[-92.05081311,14.5853366],[-92.05894771,14.59041304],[-92.0804781,14.6009461],[-92.08609279,14.5903068],[-92.13927902,14.61961171],[-92.13593681,14.6277133],[-92.13067359,14.62885657],[-92.11531138,14.64197424],[-92.10293437,14.66083628],[-92.09180735,14.66164176],[-92.08702326,14.67926891],[-92.0822803,14.68684082],[-92.07810764,14.68831144],[-92.06881021,14.68426037],[-92.04846694,14.7097113],[-92.04266278,14.70989985],[-92.03651325,14.71431205],[-92.01975937,14.71901958],[-91.98531705,14.7131703],[-91.96352966,14.71644925],[-91.95641019,14.7135301],[-91.95328425,14.71485395],[-91.95273248,14.72075353],[-91.94580711,14.72275049],[-91.94351208,14.72821833],[-91.93765658,14.7254942],[-91.92838096,14.73069583],[-91.92011544,14.72627639]]]}},{"type":"Feature","properties":{"m":"San Pedro Sacatepéquez","d":"Guatemala","cod":109,"pop":51292,"iv":0.218,"exp":0.138,"sen":0.16,"cap":0.079,"inat":4.2,"isoc":2.5,"ides":4.4,"nfp":0,"nfph":0,"pfph":0,"ncr":0},"geometry":{"type":"Polygon","coordinates":[[[-90.53038355,14.7150737],[-90.54729781,14.70207932],[-90.5564673,14.69050616],[-90.56438738,14.68523212],[-90.57587599,14.68202213],[-90.5850874,14.67185955],[-90.60633981,14.66358369],[-90.62448163,14.66669599],[-90.62990585,14.66359037],[-90.63238708,14.65658439],[-90.6385327,14.65318659],[-90.64768839,14.65939597],[-90.67317011,14.66838024],[-90.6728414,14.67955317],[-90.6569206,14.68886379],[-90.6502737,14.69788332],[-90.64460421,14.69669193],[-90.63893602,14.69166179],[-90.63312522,14.6921424],[-90.62511469,14.69686244],[-90.622131,14.68889266],[-90.61504397,14.68184633],[-90.60890727,14.6783444],[-90.60006531,14.67815265],[-90.58359108,14.68151083],[-90.57377177,14.6897313],[-90.56259442,14.69302796],[-90.54092986,14.71810395],[-90.53074289,14.71865955],[-90.53038355,14.7150737]]]}},{"type":"Feature","properties":{"m":"Santa Cruz Balanyá","d":"Chimaltenango","cod":410,"pop":9479,"iv":0.213,"exp":0.054,"sen":0.224,"cap":0.065,"inat":3.6,"isoc":4.7,"ides":3.1,"nfp":0,"nfph":0,"pfph":0,"ncr":0},"geometry":{"type":"Polygon","coordinates":[[[-90.94275649,14.71769533],[-90.93957804,14.71068199],[-90.93624958,14.70902922],[-90.92194506,14.71022746],[-90.91475237,14.70014394],[-90.90955857,14.69980801],[-90.90187037,14.69480483],[-90.90691527,14.68480331],[-90.91402546,14.68124041],[-90.92168233,14.67032551],[-90.93739213,14.67124266],[-90.93934335,14.68249781],[-90.94484226,14.68473563],[-90.95195973,14.69342154],[-90.9584053,14.69504618],[-90.95995049,14.71870813],[-90.95031169,14.7213554],[-90.94275649,14.71769533]]]}},{"type":"Feature","properties":{"m":"Quezaltepeque","d":"Chiquimula","cod":2009,"pop":28075,"iv":0.528,"exp":0.165,"sen":0.377,"cap":0.015,"inat":3.4,"isoc":5.2,"ides":4.9,"nfp":3,"nfph":2,"pfph":447,"ncr":0},"geometry":{"type":"Polygon","coordinates":[[[-89.38343981,14.69177172],[-89.38335387,14.68558779],[-89.37981526,14.68011153],[-89.36843865,14.67237252],[-89.36627476,14.66785972],[-89.3585174,14.66714698],[-89.35943931,14.66308305],[-89.37277101,14.65037946],[-89.37125223,14.64792786],[-89.36485341,14.64736643],[-89.3659626,14.63944693],[-89.37027313,14.63275974],[-89.36879841,14.60283834],[-89.37343367,14.58984816],[-89.38281403,14.5862662],[-89.41043274,14.5851437],[-89.42284983,14.57498714],[-89.43620612,14.57190925],[-89.44545492,14.55907833],[-89.45113445,14.5557211],[-89.4707553,14.55336663],[-89.4839073,14.54916319],[-89.49710355,14.55394794],[-89.50521252,14.55270399],[-89.51177622,14.55642516],[-89.51382556,14.55469211],[-89.51638134,14.5355255],[-89.52124253,14.5328175],[-89.52371054,14.52670003],[-89.53903537,14.52553684],[-89.53930957,14.53578325],[-89.54419731,14.54572324],[-89.55179161,14.55238793],[-89.55264908,14.55792859],[-89.56045302,14.56251092],[-89.5573987,14.57577207],[-89.56522548,14.60153948],[-89.56196572,14.60717521],[-89.55717044,14.60890082],[-89.55356334,14.60729143],[-89.54923104,14.61186839],[-89.54596184,14.62606809],[-89.52477048,14.6276483],[-89.51795585,14.63139413],[-89.5079109,14.64247741],[-89.50053142,14.64241271],[-89.49119737,14.6479983],[-89.48107834,14.66057838],[-89.46643124,14.69720965],[-89.45330087,14.70087455],[-89.44166515,14.70088227],[-89.43286962,14.69749083],[-89.40609306,14.69767049],[-89.38343981,14.69177172]]]}},{"type":"Feature","properties":{"m":"Guatemala","d":"Guatemala","cod":101,"pop":923392,"iv":0.155,"exp":0.104,"sen":0.13,"cap":0.079,"inat":9.1,"isoc":1.5,"ides":1.5,"nfp":0,"nfph":0,"pfph":0,"ncr":0},"geometry":{"type":"Polygon","coordinates":[[[-90.39104061,14.61983824],[-90.42258195,14.61091759],[-90.43437509,14.61387407],[-90.44636411,14.60954764],[-90.45729595,14.59910333],[-90.47149686,14.59356075],[-90.48229449,14.57863721],[-90.5041967,14.577507],[-90.51631038,14.57411056],[-90.52441398,14.5600457],[-90.53185578,14.55383995],[-90.5338169,14.54334932],[-90.53750738,14.53715115],[-90.54689755,14.54347546],[-90.55657754,14.54437399],[-90.55564184,14.55538612],[-90.54970829,14.56464519],[-90.55507482,14.56785774],[-90.55652873,14.57649057],[-90.56123525,14.5802845],[-90.57579987,14.57668344],[-90.57903121,14.5793121],[-90.57214235,14.59701695],[-90.57382537,14.62498355],[-90.57277491,14.62859427],[-90.56588672,14.63301695],[-90.56606733,14.64933827],[-90.53620186,14.65764914],[-90.52566771,14.66798744],[-90.51155761,14.6753801],[-90.49787205,14.67637806],[-90.48441938,14.6731894],[-90.48060263,14.6821378],[-90.47149169,14.68834992],[-90.47082744,14.69314863],[-90.46061284,14.69416509],[-90.45189359,14.70592608],[-90.44470501,14.7063607],[-90.44109964,14.70927037],[-90.43394114,14.70672844],[-90.42367466,14.70925115],[-90.41416146,14.7084304],[-90.39664582,14.71315173],[-90.38196154,14.70600921],[-90.38038026,14.69857849],[-90.38661663,14.68682552],[-90.38674556,14.67768421],[-90.39080807,14.66815917],[-90.38813734,14.65902589],[-90.38978882,14.65090999],[-90.38631869,14.62879599],[-90.39104061,14.61983824]]]}},{"type":"Feature","properties":{"m":"Mixco","d":"Guatemala","cod":108,"pop":465773,"iv":0.001,"exp":0.079,"sen":0.091,"cap":0.169,"inat":9.2,"isoc":0.7,"ides":2,"nfp":0,"nfph":0,"pfph":0,"ncr":0},"geometry":{"type":"Polygon","coordinates":[[[-90.52505717,14.70748695],[-90.52281369,14.69454879],[-90.51614859,14.6907679],[-90.515857,14.68813475],[-90.51871375,14.68407178],[-90.5281903,14.67958811],[-90.53222881,14.66926442],[-90.52930542,14.66509571],[-90.53290955,14.65944477],[-90.54703161,14.65317656],[-90.55879607,14.65250762],[-90.56606733,14.64933827],[-90.56588672,14.63301695],[-90.57277491,14.62859427],[-90.57382537,14.62498355],[-90.57214235,14.59701695],[-90.57903121,14.5793121],[-90.59765025,14.57681317],[-90.61285954,14.58269593],[-90.61366865,14.58998726],[-90.63467987,14.59773839],[-90.63828404,14.61214473],[-90.63331107,14.61705777],[-90.63307555,14.62101599],[-90.64327739,14.62639461],[-90.6385327,14.65318659],[-90.63238708,14.65658439],[-90.62847928,14.66523368],[-90.61810683,14.66704631],[-90.60633981,14.66358369],[-90.5850874,14.67185955],[-90.57587599,14.68202213],[-90.56438738,14.68523212],[-90.5564673,14.69050616],[-90.54729781,14.70207932],[-90.53699042,14.70981392],[-90.52505717,14.70748695]]]}},{"type":"Feature","properties":{"m":"San Juan La Laguna","d":"Sololá","cod":717,"pop":12162,"iv":0.386,"exp":0.103,"sen":0.395,"cap":0.113,"inat":5.7,"isoc":5.3,"ides":3.4,"nfp":0,"nfph":0,"pfph":0,"ncr":0},"geometry":{"type":"Polygon","coordinates":[[[-91.28036093,14.71195017],[-91.28313687,14.71126257],[-91.28681739,14.70511029],[-91.28234457,14.69563759],[-91.28527277,14.67062904],[-91.29303622,14.65494093],[-91.30391751,14.64067832],[-91.31589934,14.63383085],[-91.32245637,14.64786353],[-91.3422038,14.63168211],[-91.35211348,14.63728497],[-91.35258376,14.64322416],[-91.35690873,14.64568828],[-91.3493264,14.67090092],[-91.34357134,14.66526872],[-91.33797922,14.66307432],[-91.33301927,14.66423071],[-91.32371538,14.6928326],[-91.30697511,14.69613871],[-91.28639126,14.71591729],[-91.28036093,14.71195017]]]}},{"type":"Feature","properties":{"m":"Nuevo San Carlos","d":"Retalhuleu","cod":1108,"pop":39565,"iv":0.264,"exp":0.066,"sen":0.26,"cap":0.063,"inat":4,"isoc":4.2,"ides":3.4,"nfp":1,"nfph":1,"pfph":0,"ncr":0},"geometry":{"type":"Polygon","coordinates":[[[-91.65337329,14.60738146],[-91.65695249,14.60468238],[-91.65738984,14.60087368],[-91.6621227,14.59876757],[-91.67333683,14.58649617],[-91.68166786,14.56953673],[-91.68757041,14.56664566],[-91.70184542,14.55047226],[-91.70811989,14.5491273],[-91.71451662,14.5436834],[-91.72293805,14.56140303],[-91.7214586,14.57151703],[-91.71368788,14.58338967],[-91.7244926,14.60192243],[-91.72480502,14.61736824],[-91.72119645,14.62322644],[-91.7223165,14.64063823],[-91.71279646,14.65776196],[-91.7140484,14.66369202],[-91.7045846,14.68200427],[-91.70305472,14.68997869],[-91.68215413,14.7089487],[-91.67246377,14.70989112],[-91.66953918,14.71425277],[-91.66527699,14.71271191],[-91.66767129,14.68649132],[-91.67177115,14.68023586],[-91.6724671,14.66867172],[-91.68174551,14.64227526],[-91.67429884,14.64084655],[-91.66748705,14.65239159],[-91.66029266,14.65486772],[-91.65565713,14.65384326],[-91.65909619,14.63585563],[-91.65367057,14.61906201],[-91.65337329,14.60738146]]]}},{"type":"Feature","properties":{"m":"Santo Domingo Xenacoj","d":"Sacatepéquez","cod":305,"pop":12402,"iv":0.267,"exp":0.134,"sen":0.193,"cap":0.06,"inat":6.6,"isoc":2.9,"ides":4,"nfp":0,"nfph":0,"pfph":0,"ncr":0},"geometry":{"type":"Polygon","coordinates":[[[-90.67515483,14.70011392],[-90.67317011,14.66838024],[-90.68271154,14.66070326],[-90.71788408,14.66063794],[-90.72928291,14.65638669],[-90.728666,14.68098818],[-90.73458861,14.69536923],[-90.72796598,14.69685738],[-90.7235171,14.69364126],[-90.71039547,14.69160003],[-90.69688699,14.69694494],[-90.69315076,14.7040308],[-90.68074685,14.70241286],[-90.67515483,14.70011392]]]}},{"type":"Feature","properties":{"m":"San Antonio Palopó","d":"Sololá","cod":712,"pop":14437,"iv":0.492,"exp":0.149,"sen":0.424,"cap":0.081,"inat":0.4,"isoc":6,"ides":5.2,"nfp":1,"nfph":0,"pfph":0,"ncr":0},"geometry":{"type":"Polygon","coordinates":[[[-91.07746648,14.69375356],[-91.07910225,14.68292269],[-91.08828024,14.67196872],[-91.11065765,14.62745613],[-91.13569056,14.63270743],[-91.13683565,14.63735605],[-91.13239012,14.6468838],[-91.13535805,14.65144577],[-91.12839541,14.6541768],[-91.12598292,14.66188692],[-91.11822341,14.65996648],[-91.11594981,14.66314373],[-91.11735764,14.67093636],[-91.11541657,14.6745054],[-91.11798046,14.67663792],[-91.11942818,14.68655088],[-91.11708028,14.69547834],[-91.12185216,14.69871953],[-91.1202698,14.70099975],[-91.1168301,14.70435965],[-91.10046346,14.69324152],[-91.07746648,14.69375356]]]}},{"type":"Feature","properties":{"m":"Pueblo Nuevo","d":"Suchitepéquez","cod":1019,"pop":11315,"iv":0.12,"exp":0.104,"sen":0.252,"cap":0.236,"inat":3.5,"isoc":5.5,"ides":6.7,"nfp":0,"nfph":0,"pfph":0,"ncr":0},"geometry":{"type":"Polygon","coordinates":[[[-91.54187904,14.62922833],[-91.5477389,14.63472561],[-91.55663513,14.63734009],[-91.55527682,14.64389849],[-91.5438441,14.65816299],[-91.54511898,14.66290738],[-91.541746,14.66584988],[-91.5414557,14.67051666],[-91.52692268,14.6760302],[-91.50746963,14.69461178],[-91.49007763,14.7062134],[-91.50022129,14.68391285],[-91.50656905,14.67775317],[-91.51387773,14.67619115],[-91.5148056,14.6711263],[-91.51810525,14.66844815],[-91.51758246,14.65610793],[-91.52126164,14.64758624],[-91.5208791,14.63644567],[-91.52937038,14.64074209],[-91.53412775,14.63243257],[-91.54187904,14.62922833]]]}},{"type":"Feature","properties":{"m":"San Francisco Zapotitlán","d":"Suchitepéquez","cod":1003,"pop":22533,"iv":0.123,"exp":0.053,"sen":0.215,"cap":0.145,"inat":3.4,"isoc":3.9,"ides":4.2,"nfp":0,"nfph":0,"pfph":0,"ncr":0},"geometry":{"type":"Polygon","coordinates":[[[-91.48562491,14.66752016],[-91.4950626,14.656161],[-91.49859486,14.64692926],[-91.50961232,14.64334275],[-91.50515767,14.63763555],[-91.51621538,14.61052191],[-91.51692393,14.59906964],[-91.50551539,14.6000126],[-91.5000904,14.59860502],[-91.49922001,14.59572847],[-91.49916181,14.58514363],[-91.50631002,14.56121952],[-91.50987105,14.55961749],[-91.51566115,14.56389128],[-91.51909415,14.5619177],[-91.52730069,14.56255705],[-91.53104159,14.56566173],[-91.53414373,14.56344969],[-91.5405531,14.56846574],[-91.54696723,14.56970336],[-91.55061303,14.57331109],[-91.54625881,14.57813573],[-91.54640741,14.58112744],[-91.55372247,14.5905915],[-91.54668374,14.60539885],[-91.55015756,14.61540743],[-91.54187904,14.62922833],[-91.53412775,14.63243257],[-91.52989132,14.64049681],[-91.5208791,14.63644567],[-91.52126164,14.64758624],[-91.51758246,14.65610793],[-91.51810525,14.66844815],[-91.5148056,14.6711263],[-91.51387773,14.67619115],[-91.50656905,14.67775317],[-91.50022129,14.68391285],[-91.49007763,14.7062134],[-91.48562491,14.66752016]]]}},{"type":"Feature","properties":{"m":"Ipala","d":"Chiquimula","cod":2011,"pop":22413,"iv":0.618,"exp":0.228,"sen":0.433,"cap":0.043,"inat":1.8,"isoc":4.2,"ides":3.4,"nfp":3,"nfph":2,"pfph":445,"ncr":0},"geometry":{"type":"Polygon","coordinates":[[[-89.56381155,14.66515507],[-89.55938857,14.66062563],[-89.55085618,14.65881212],[-89.54537391,14.64905926],[-89.54438477,14.64000168],[-89.54784442,14.61439688],[-89.55356334,14.60729143],[-89.55717044,14.60890082],[-89.56196572,14.60717521],[-89.56522548,14.60153948],[-89.5573987,14.57577207],[-89.56045302,14.56251092],[-89.55264908,14.55792859],[-89.55179161,14.55238793],[-89.54419731,14.54572324],[-89.53930957,14.53578325],[-89.53903537,14.52553684],[-89.54417286,14.52313475],[-89.54702487,14.51849622],[-89.54792334,14.52471226],[-89.55332976,14.52576568],[-89.5651644,14.51269648],[-89.56498439,14.50961327],[-89.55411989,14.50672987],[-89.55018033,14.49662581],[-89.54968395,14.48657237],[-89.56087261,14.47986337],[-89.58249957,14.47498033],[-89.58970971,14.47715803],[-89.59318975,14.48296698],[-89.59207319,14.50458868],[-89.60590316,14.50534444],[-89.60988625,14.50144679],[-89.62358656,14.51335119],[-89.61981961,14.53936229],[-89.62144298,14.54759987],[-89.64402296,14.55855534],[-89.6816155,14.53076478],[-89.69070081,14.54221601],[-89.69430442,14.55525423],[-89.68791639,14.57726395],[-89.67271516,14.59523391],[-89.6747588,14.61233306],[-89.66495537,14.62419463],[-89.66559643,14.63292832],[-89.66876416,14.63925161],[-89.66446392,14.64144248],[-89.66180405,14.64904317],[-89.65496979,14.65382567],[-89.64662575,14.67885715],[-89.63289712,14.68436161],[-89.61909797,14.68533558],[-89.60882318,14.67900843],[-89.59738713,14.66663918],[-89.58685597,14.66932147],[-89.57333975,14.66170302],[-89.56381155,14.66515507]]]}},{"type":"Feature","properties":{"m":"Patzicía","d":"Chimaltenango","cod":409,"pop":33207,"iv":0.34,"exp":0.144,"sen":0.249,"cap":0.053,"inat":4.4,"isoc":5.6,"ides":6,"nfp":0,"nfph":0,"pfph":0,"ncr":0},"geometry":{"type":"Polygon","coordinates":[[[-90.92168233,14.67032551],[-90.91639187,14.65617818],[-90.91559892,14.64218295],[-90.90108012,14.62441831],[-90.90799348,14.61018631],[-90.90189639,14.60050569],[-90.90187454,14.59644936],[-90.90571131,14.58757296],[-90.93520139,14.57738051],[-90.94168698,14.58087948],[-90.94565996,14.58906985],[-90.96027408,14.59633796],[-90.95580998,14.60395168],[-90.96049899,14.62772031],[-90.95664373,14.64341675],[-90.95688949,14.65232773],[-90.9605513,14.65450152],[-90.96596708,14.65187754],[-90.97007036,14.66054779],[-90.99305152,14.66764117],[-90.99675854,14.68162008],[-90.9901426,14.68504877],[-90.98816678,14.69002097],[-90.97089316,14.68953619],[-90.96744846,14.68363797],[-90.96438608,14.68264988],[-90.95881919,14.68858877],[-90.9584053,14.69504618],[-90.95195973,14.69342154],[-90.94484226,14.68473563],[-90.93934335,14.68249781],[-90.93739213,14.67124266],[-90.92168233,14.67032551]]]}},{"type":"Feature","properties":{"m":"San Pedro La Laguna","d":"Sololá","cod":718,"pop":10705,"iv":0.218,"exp":0.138,"sen":0.189,"cap":0.109,"inat":5.1,"isoc":4.9,"ides":4.3,"nfp":1,"nfph":0,"pfph":0,"ncr":0},"geometry":{"type":"Polygon","coordinates":[[[-91.25492732,14.62680899],[-91.26464597,14.6257599],[-91.27315528,14.62137874],[-91.28543109,14.61068933],[-91.29438877,14.59881467],[-91.30634361,14.60316771],[-91.33154364,14.62043482],[-91.33093489,14.62291821],[-91.32223782,14.62387255],[-91.3154803,14.63088706],[-91.31589934,14.63383085],[-91.30056811,14.64422617],[-91.28527277,14.67062904],[-91.2837039,14.69411717],[-91.27834447,14.69643492],[-91.27470312,14.6935863],[-91.26964026,14.69794044],[-91.26160736,14.68621006],[-91.24158669,14.67270504],[-91.24065087,14.66607293],[-91.23686765,14.66283214],[-91.23973304,14.65732009],[-91.23459593,14.65192043],[-91.2402978,14.6489155],[-91.24021237,14.64005709],[-91.24422939,14.64001909],[-91.24494184,14.63619761],[-91.25492732,14.62680899]]]}},{"type":"Feature","properties":{"m":"Flores Costa Cuca","d":"Quetzaltenango","cod":922,"pop":21630,"iv":0.24,"exp":0.051,"sen":0.206,"cap":0.017,"inat":6.4,"isoc":3.9,"ides":4.8,"nfp":0,"nfph":0,"pfph":0,"ncr":0},"geometry":{"type":"Polygon","coordinates":[[[-91.80909113,14.6774168],[-91.8150989,14.65774417],[-91.82173353,14.64879116],[-91.83207015,14.64153794],[-91.84027702,14.62180421],[-91.84755792,14.61379253],[-91.85658695,14.6092718],[-91.85795238,14.60024418],[-91.86803358,14.58802602],[-91.87323701,14.57068417],[-91.88727314,14.57306903],[-91.91217184,14.5836513],[-91.9082093,14.59390916],[-91.916775,14.60294286],[-91.9027439,14.61545205],[-91.89788817,14.62714958],[-91.88389189,14.64166336],[-91.88828805,14.65287594],[-91.89013377,14.66780415],[-91.88141738,14.66307513],[-91.87399642,14.66884748],[-91.872081,14.67375706],[-91.85747116,14.67472977],[-91.84513293,14.68343518],[-91.82574596,14.67979207],[-91.80470425,14.69499466],[-91.80174662,14.69324829],[-91.80232436,14.67935154],[-91.80909113,14.6774168]]]}},{"type":"Feature","properties":{"m":"San Felipe","d":"Retalhuleu","cod":1105,"pop":24446,"iv":0.214,"exp":0.059,"sen":0.192,"cap":0.037,"inat":8.8,"isoc":3.6,"ides":3.1,"nfp":4,"nfph":1,"pfph":249,"ncr":0},"geometry":{"type":"Polygon","coordinates":[[[-91.55663513,14.63734009],[-91.56638615,14.62970021],[-91.5853912,14.62649227],[-91.61107455,14.61497155],[-91.61672951,14.61173524],[-91.6176224,14.60616559],[-91.62146442,14.60194214],[-91.63136732,14.59569667],[-91.64946034,14.59041121],[-91.66843766,14.59085127],[-91.6621227,14.59876757],[-91.65738984,14.60087368],[-91.65695249,14.60468238],[-91.6383597,14.61981937],[-91.63569737,14.63434687],[-91.62571237,14.64455333],[-91.62577461,14.65365393],[-91.60757269,14.653592],[-91.61134873,14.63384137],[-91.60837739,14.62794591],[-91.60202921,14.6275904],[-91.59195836,14.63398368],[-91.58730372,14.64922027],[-91.58197484,14.65044089],[-91.5765148,14.64842234],[-91.57479832,14.65076764],[-91.56571884,14.65202814],[-91.53727162,14.68178785],[-91.51651337,14.68551346],[-91.52946208,14.67430631],[-91.53721985,14.67368528],[-91.5414557,14.67051666],[-91.541746,14.66584988],[-91.54511898,14.66290738],[-91.5438441,14.65816299],[-91.55527682,14.64389849],[-91.55663513,14.63734009]]]}},{"type":"Feature","properties":{"m":"Mataquescuintla","d":"Jalapa","cod":2107,"pop":41848,"iv":0.59,"exp":0.194,"sen":0.413,"cap":0.017,"inat":5.8,"isoc":6.2,"ides":5,"nfp":1,"nfph":0,"pfph":0,"ncr":0},"geometry":{"type":"Polygon","coordinates":[[[-90.19348483,14.66851521],[-90.18545902,14.64900509],[-90.18257182,14.62333979],[-90.17656938,14.61657334],[-90.15786197,14.61338459],[-90.14814353,14.60524006],[-90.14434995,14.57142528],[-90.11901602,14.53567679],[-90.11615276,14.53001039],[-90.11623057,14.5235651],[-90.12083064,14.51462284],[-90.12844706,14.51041042],[-90.12837985,14.48879241],[-90.15971212,14.49041532],[-90.1686649,14.48565411],[-90.18000228,14.48531292],[-90.1884238,14.49071004],[-90.20209685,14.48461972],[-90.23627775,14.48443949],[-90.23846484,14.46960918],[-90.24239666,14.46709915],[-90.25451779,14.47634234],[-90.26667767,14.48080727],[-90.2680345,14.49467226],[-90.27292136,14.50187725],[-90.28265447,14.50325812],[-90.2965979,14.50027238],[-90.29995106,14.5043509],[-90.29143949,14.50737586],[-90.28034403,14.52910762],[-90.26850852,14.52805538],[-90.26274212,14.53018637],[-90.27052342,14.54787599],[-90.2758089,14.57616216],[-90.27234443,14.58504928],[-90.26725331,14.59011005],[-90.25536549,14.59293657],[-90.24767342,14.58959882],[-90.24324515,14.59384483],[-90.2432685,14.59950726],[-90.23710929,14.60646038],[-90.23064153,14.62014429],[-90.23252452,14.62597554],[-90.22974551,14.6299641],[-90.22859498,14.64124634],[-90.23113081,14.65146603],[-90.22732371,14.66214867],[-90.22024469,14.66748676],[-90.21211754,14.66842803],[-90.21188276,14.67039082],[-90.19348483,14.66851521]]]}},{"type":"Feature","properties":{"m":"Génova","d":"Quetzaltenango","cod":921,"pop":37497,"iv":0.315,"exp":0.1,"sen":0.234,"cap":0.018,"inat":5.8,"isoc":4.4,"ides":5.1,"nfp":1,"nfph":0,"pfph":0,"ncr":0},"geometry":{"type":"Polygon","coordinates":[[[-91.78226719,14.55732718],[-91.78676063,14.53922459],[-91.79185371,14.53261568],[-91.79539128,14.53280339],[-91.79613216,14.52333344],[-91.79953775,14.51828632],[-91.79805386,14.51458933],[-91.80073077,14.51128087],[-91.79875553,14.50449426],[-91.80371407,14.50154998],[-91.80682849,14.49381072],[-91.81766826,14.49628596],[-91.83165523,14.49394906],[-91.83703099,14.49739397],[-91.84789714,14.49914592],[-91.85655879,14.50572306],[-91.8673336,14.50833928],[-91.87227137,14.51393965],[-91.87955372,14.5139994],[-91.88899747,14.50769588],[-91.90006642,14.51205451],[-91.921732,14.52983542],[-91.94597853,14.52885409],[-91.96559367,14.53346048],[-91.93961335,14.56192842],[-91.8987158,14.56121063],[-91.88316012,14.5636116],[-91.87450953,14.56810485],[-91.86803358,14.58802602],[-91.85795238,14.60024418],[-91.85658695,14.6092718],[-91.84755792,14.61379253],[-91.84027702,14.62180421],[-91.83207015,14.64153794],[-91.82173353,14.64879116],[-91.8150989,14.65774417],[-91.81124888,14.66808524],[-91.79928356,14.65851391],[-91.79160709,14.66853762],[-91.78318564,14.67072422],[-91.7746257,14.68139464],[-91.76639013,14.67774873],[-91.76793996,14.66090478],[-91.77686309,14.65108733],[-91.77806589,14.6467207],[-91.7851485,14.64428316],[-91.79073435,14.63571545],[-91.80205063,14.60127696],[-91.80595857,14.57052315],[-91.80073241,14.56205094],[-91.78912674,14.56099452],[-91.78226719,14.55732718]]]}},{"type":"Feature","properties":{"m":"Santiago Atitlán","d":"Sololá","cod":719,"pop":41877,"iv":0.281,"exp":0.094,"sen":0.302,"cap":0.115,"inat":5.2,"isoc":6.6,"ides":8.4,"nfp":3,"nfph":1,"pfph":47,"ncr":0},"geometry":{"type":"Polygon","coordinates":[[[-91.15251051,14.65870165],[-91.16137902,14.65741101],[-91.16740687,14.64976096],[-91.17744633,14.62520475],[-91.19025781,14.60253672],[-91.18710214,14.59371528],[-91.17226893,14.58090755],[-91.17069768,14.56890021],[-91.17225292,14.5599833],[-91.19835376,14.57954892],[-91.20598502,14.58064811],[-91.22398486,14.56025527],[-91.24040876,14.55324516],[-91.26090039,14.53697417],[-91.26454219,14.52358773],[-91.26874113,14.52281779],[-91.27418965,14.52615682],[-91.27606554,14.53101612],[-91.26935764,14.5342034],[-91.26855242,14.54094655],[-91.28027973,14.56207681],[-91.29662824,14.57266025],[-91.29257514,14.59111457],[-91.29438877,14.59881467],[-91.28543109,14.61068933],[-91.26464597,14.6257599],[-91.25492732,14.62680899],[-91.25433093,14.61377409],[-91.25192186,14.61286843],[-91.24765447,14.6160906],[-91.23140848,14.63314876],[-91.23576455,14.63546108],[-91.23594723,14.6404615],[-91.23067878,14.64231956],[-91.2286675,14.64670978],[-91.23212282,14.64848689],[-91.22690485,14.65208279],[-91.23210959,14.65615552],[-91.22939704,14.65693114],[-91.22887801,14.65516443],[-91.22754731,14.66184718],[-91.22411095,14.65787358],[-91.22125027,14.65858369],[-91.2198015,14.66259723],[-91.22185078,14.66434775],[-91.21410384,14.66290332],[-91.21308175,14.66402627],[-91.21713221,14.66467027],[-91.2092158,14.66724981],[-91.21077741,14.66444686],[-91.20637547,14.66287777],[-91.20590792,14.66670907],[-91.19961174,14.66474524],[-91.19722407,14.67236315],[-91.18797591,14.67223952],[-91.1840177,14.67446206],[-91.17711457,14.67143759],[-91.17268105,14.67615994],[-91.17010248,14.67404236],[-91.16671135,14.67629746],[-91.16407582,14.67298293],[-91.16495425,14.66825253],[-91.15782906,14.66510071],[-91.15862005,14.66146213],[-91.15299674,14.66726842],[-91.15056495,14.66477799],[-91.15328421,14.66218214],[-91.15251051,14.65870165]]]}},{"type":"Feature","properties":{"m":"Santiago Sacatepéquez","d":"Sacatepéquez","cod":306,"pop":29238,"iv":0.289,"exp":0.076,"sen":0.235,"cap":0.022,"inat":6.5,"isoc":3.6,"ides":6.5,"nfp":0,"nfph":0,"pfph":0,"ncr":0},"geometry":{"type":"Polygon","coordinates":[[[-90.6385327,14.65318659],[-90.64327739,14.62639461],[-90.65073159,14.61987335],[-90.65576296,14.62451487],[-90.66102462,14.61958953],[-90.67625079,14.61999487],[-90.67949124,14.61316394],[-90.69007576,14.6179323],[-90.69423288,14.61374279],[-90.70229662,14.61574916],[-90.70892138,14.61359399],[-90.71450127,14.63299428],[-90.72537045,14.6461115],[-90.72928291,14.65638669],[-90.71788408,14.66063794],[-90.68271154,14.66070326],[-90.67317011,14.66838024],[-90.64768839,14.65939597],[-90.6385327,14.65318659]]]}},{"type":"Feature","properties":{"m":"El Asintal","d":"Retalhuleu","cod":1109,"pop":36882,"iv":0.276,"exp":0.068,"sen":0.247,"cap":0.039,"inat":5.8,"isoc":4.5,"ides":4.8,"nfp":0,"nfph":0,"pfph":0,"ncr":0},"geometry":{"type":"Polygon","coordinates":[[[-91.71258966,14.6593868],[-91.7223165,14.64063823],[-91.72119645,14.62322644],[-91.72480502,14.61736824],[-91.7244926,14.60192243],[-91.71374129,14.58438205],[-91.7214586,14.57151703],[-91.72277561,14.56402588],[-91.72097364,14.55531656],[-91.71451662,14.5436834],[-91.71959384,14.52881846],[-91.71931235,14.52280784],[-91.7254514,14.51842542],[-91.72520034,14.51274377],[-91.73338138,14.51031799],[-91.73861497,14.51364792],[-91.74685268,14.5137124],[-91.78087323,14.50188901],[-91.79875553,14.50449426],[-91.80073077,14.51128087],[-91.79805386,14.51458933],[-91.79953775,14.51828632],[-91.79613216,14.52333344],[-91.79539128,14.53280339],[-91.78944277,14.53504512],[-91.78198918,14.55280923],[-91.78070977,14.56544696],[-91.7860281,14.57549635],[-91.78300599,14.58791144],[-91.77783052,14.59369584],[-91.75446568,14.58899151],[-91.75194531,14.60508673],[-91.753651,14.62362036],[-91.75008824,14.64240258],[-91.74313876,14.65076181],[-91.73308034,14.67439088],[-91.72795958,14.673929],[-91.7277822,14.66686251],[-91.71258966,14.6593868]]]}},{"type":"Feature","properties":{"m":"Zunilito","d":"Suchitepéquez","cod":1018,"pop":8280,"iv":0.337,"exp":0.053,"sen":0.29,"cap":0.006,"inat":3.7,"isoc":3.7,"ides":3.1,"nfp":0,"nfph":0,"pfph":0,"ncr":0},"geometry":{"type":"Polygon","coordinates":[[[-91.50649446,14.60012281],[-91.5171922,14.5997244],[-91.51460511,14.61670667],[-91.50515767,14.63763555],[-91.50961232,14.64334275],[-91.49859486,14.64692926],[-91.4950626,14.656161],[-91.48562491,14.66752016],[-91.4816521,14.6448839],[-91.4927248,14.62115001],[-91.50649446,14.60012281]]]}},{"type":"Feature","properties":{"m":"San Andrés Itzapa","d":"Chimaltenango","cod":413,"pop":32083,"iv":0.398,"exp":0.124,"sen":0.301,"cap":0.028,"inat":5.2,"isoc":5.4,"ides":5.8,"nfp":0,"nfph":0,"pfph":0,"ncr":0},"geometry":{"type":"Polygon","coordinates":[[[-90.8149887,14.62611381],[-90.81625329,14.61036504],[-90.82148118,14.60003859],[-90.8481008,14.5948076],[-90.85514669,14.58925322],[-90.85782237,14.5760615],[-90.85390219,14.56314698],[-90.85840345,14.54469828],[-90.87689996,14.55410054],[-90.88003136,14.5631052],[-90.90571131,14.58757296],[-90.90189639,14.60050569],[-90.90681158,14.60613311],[-90.90775379,14.61369586],[-90.90108012,14.62441831],[-90.88875762,14.63317141],[-90.87096526,14.6597244],[-90.86643751,14.65524282],[-90.85612276,14.65581434],[-90.84532211,14.65060922],[-90.81845418,14.62452324],[-90.8149887,14.62611381]]]}},{"type":"Feature","properties":{"m":"San Lucas Tolimán","d":"Sololá","cod":713,"pop":29772,"iv":0.373,"exp":0.109,"sen":0.39,"cap":0.125,"inat":5.8,"isoc":5.7,"ides":5,"nfp":1,"nfph":0,"pfph":0,"ncr":0},"geometry":{"type":"Polygon","coordinates":[[[-91.13682048,14.63723709],[-91.13504551,14.63222329],[-91.11065765,14.62745613],[-91.11727969,14.58052846],[-91.11690261,14.53461038],[-91.11906698,14.52599601],[-91.12490025,14.5217003],[-91.12927126,14.5253784],[-91.13007366,14.54007277],[-91.13422043,14.54716403],[-91.15101556,14.54912171],[-91.17225292,14.5599833],[-91.17069768,14.56890021],[-91.17226893,14.58090755],[-91.18710214,14.59371528],[-91.19049086,14.59928952],[-91.17059964,14.64428906],[-91.16137902,14.65741101],[-91.1499017,14.65901218],[-91.15177626,14.65667351],[-91.14451574,14.65456844],[-91.14506283,14.65126982],[-91.14226535,14.65176446],[-91.14151572,14.64956839],[-91.14219881,14.64585967],[-91.13899288,14.64452629],[-91.14461512,14.63866005],[-91.13995246,14.63858582],[-91.13891594,14.63427743],[-91.13682048,14.63723709]]]}},{"type":"Feature","properties":{"m":"Chicacao","d":"Suchitepéquez","cod":1013,"pop":60735,"iv":0.442,"exp":0.166,"sen":0.314,"cap":0.038,"inat":7.4,"isoc":6,"ides":7.1,"nfp":21,"nfph":7,"pfph":1484,"ncr":0},"geometry":{"type":"Polygon","coordinates":[[[-91.32245637,14.64786353],[-91.3154803,14.63088706],[-91.32223782,14.62387255],[-91.33093489,14.62291821],[-91.33154364,14.62043482],[-91.30634361,14.60316771],[-91.29297878,14.5970668],[-91.29662824,14.57266025],[-91.28027973,14.56207681],[-91.2678737,14.53747999],[-91.26935764,14.5342034],[-91.27606554,14.53101612],[-91.27622474,14.52835786],[-91.26874113,14.52281779],[-91.27224686,14.51774848],[-91.29230528,14.50749142],[-91.29889163,14.49531973],[-91.31552642,14.48289348],[-91.32537095,14.48094716],[-91.33428007,14.47536493],[-91.33860104,14.45196031],[-91.34762504,14.4428623],[-91.34553856,14.43991585],[-91.34591646,14.4316823],[-91.35874237,14.43015178],[-91.36091612,14.42791972],[-91.35881235,14.4152129],[-91.36293142,14.40673521],[-91.37138417,14.40024301],[-91.3737927,14.39041894],[-91.37153849,14.38063395],[-91.37459198,14.37565892],[-91.37513497,14.36482773],[-91.38405678,14.35971194],[-91.38576084,14.34266778],[-91.38856865,14.34008151],[-91.39404924,14.34001247],[-91.40013422,14.3314409],[-91.41166165,14.32529745],[-91.4152208,14.32983494],[-91.42341952,14.33145211],[-91.42333512,14.33432699],[-91.41483211,14.34383666],[-91.41435058,14.35602775],[-91.40931236,14.36641668],[-91.40131692,14.37347058],[-91.40264855,14.38122905],[-91.39709678,14.389185],[-91.40165318,14.40367421],[-91.39718269,14.42073472],[-91.39351242,14.42543805],[-91.39561276,14.43065404],[-91.38346242,14.44130203],[-91.37512297,14.4535528],[-91.37367976,14.46292135],[-91.37696924,14.46977035],[-91.36428095,14.47839774],[-91.35422614,14.48216775],[-91.34639054,14.48912989],[-91.33901015,14.50060729],[-91.3341761,14.51853317],[-91.32560816,14.52738383],[-91.32363574,14.53549281],[-91.34571928,14.53757946],[-91.34780621,14.53502844],[-91.34673855,14.53027807],[-91.35261698,14.52996132],[-91.35405453,14.52220411],[-91.36145705,14.51978962],[-91.36316047,14.52187243],[-91.36120345,14.53020793],[-91.3688409,14.5312125],[-91.37387122,14.53546387],[-91.37544969,14.5443573],[-91.37178696,14.56133868],[-91.3843548,14.56522196],[-91.39621577,14.5647387],[-91.39940965,14.56749585],[-91.40583683,14.58046592],[-91.40494701,14.59182912],[-91.39986299,14.60502661],[-91.39988537,14.61692361],[-91.39761827,14.62003421],[-91.39922932,14.62484016],[-91.39601012,14.63648887],[-91.38541267,14.63392103],[-91.37253386,14.63936056],[-91.36487474,14.63819518],[-91.35690873,14.64568828],[-91.35258376,14.64322416],[-91.35211348,14.63728497],[-91.3422038,14.63168211],[-91.32245637,14.64786353]]]}},{"type":"Feature","properties":{"m":"Pastores","d":"Sacatepéquez","cod":303,"pop":17814,"iv":0.396,"exp":0.256,"sen":0.17,"cap":0.03,"inat":2,"isoc":2.9,"ides":4.1,"nfp":8,"nfph":6,"pfph":1183,"ncr":0},"geometry":{"type":"Polygon","coordinates":[[[-90.73013458,14.60645583],[-90.73892197,14.60129166],[-90.74084295,14.59364489],[-90.75089572,14.58479916],[-90.75330883,14.57527531],[-90.75084618,14.56865575],[-90.75362317,14.56439513],[-90.76885126,14.56514293],[-90.77744594,14.57114875],[-90.79913894,14.56657076],[-90.8067375,14.57179593],[-90.80663034,14.57852316],[-90.802921,14.58156158],[-90.79126919,14.61096097],[-90.79253344,14.62454673],[-90.78008451,14.63963414],[-90.75944565,14.6289349],[-90.75753997,14.62298366],[-90.75035337,14.61435784],[-90.73149777,14.61461104],[-90.73013458,14.60645583]]]}},{"type":"Feature","properties":{"m":"Santo Tomás La Unión","d":"Suchitepéquez","cod":1017,"pop":11698,"iv":0.305,"exp":0.051,"sen":0.254,"cap":0.0,"inat":2,"isoc":4.6,"ides":3.1,"nfp":0,"nfph":0,"pfph":0,"ncr":0},"geometry":{"type":"Polygon","coordinates":[[[-91.39601012,14.63648887],[-91.39922932,14.62484016],[-91.39761827,14.62003421],[-91.39988537,14.61692361],[-91.39986299,14.60502661],[-91.40341503,14.59609384],[-91.425551,14.61623407],[-91.42594292,14.62107572],[-91.43308062,14.62744742],[-91.43337992,14.63342618],[-91.43041036,14.63614147],[-91.40857943,14.64266704],[-91.40130823,14.64259687],[-91.39601012,14.63648887]]]}},{"type":"Feature","properties":{"m":"Parramos","d":"Chimaltenango","cod":414,"pop":15924,"iv":0.526,"exp":0.24,"sen":0.32,"cap":0.033,"inat":3.4,"isoc":4.6,"ides":4.9,"nfp":0,"nfph":0,"pfph":0,"ncr":0},"geometry":{"type":"Polygon","coordinates":[[[-90.78916431,14.62883831],[-90.79253344,14.62454673],[-90.79126919,14.61096097],[-90.802921,14.58156158],[-90.80663034,14.57852316],[-90.8067375,14.57179593],[-90.8144511,14.57109677],[-90.82623367,14.5595504],[-90.83596947,14.56019752],[-90.84467977,14.56381892],[-90.85390219,14.56314698],[-90.85749601,14.57065045],[-90.8575363,14.58255802],[-90.85247341,14.59259228],[-90.82148118,14.60003859],[-90.81625329,14.61036504],[-90.8149887,14.62611381],[-90.78916431,14.62883831]]]}},{"type":"Feature","properties":{"m":"San Lucas Sacatepéquez","d":"Sacatepéquez","cod":308,"pop":23369,"iv":0.13,"exp":0.074,"sen":0.148,"cap":0.091,"inat":5.5,"isoc":2.3,"ides":2.7,"nfp":0,"nfph":0,"pfph":0,"ncr":0},"geometry":{"type":"Polygon","coordinates":[[[-90.61285954,14.58269593],[-90.6218629,14.57954884],[-90.63138069,14.58032655],[-90.63020301,14.56981734],[-90.63464162,14.56347244],[-90.64148227,14.57529473],[-90.65136345,14.58314168],[-90.66132552,14.5851006],[-90.66802568,14.58089181],[-90.67006163,14.58186419],[-90.67321487,14.58902199],[-90.67165509,14.6070414],[-90.67949124,14.61316394],[-90.6785961,14.61838517],[-90.67516935,14.62025965],[-90.66102462,14.61958953],[-90.65576296,14.62451487],[-90.65073159,14.61987335],[-90.6447082,14.62627469],[-90.63535205,14.62304256],[-90.63271766,14.61821045],[-90.63828404,14.61214473],[-90.63646609,14.60015522],[-90.62921855,14.59446546],[-90.61366865,14.58998726],[-90.61285954,14.58269593]]]}},{"type":"Feature","properties":{"m":"San José Pinula","d":"Guatemala","cod":103,"pop":79844,"iv":0.297,"exp":0.128,"sen":0.242,"cap":0.073,"inat":4.2,"isoc":3.7,"ides":7.1,"nfp":0,"nfph":0,"pfph":0,"ncr":0},"geometry":{"type":"Polygon","coordinates":[[[-90.2367764,14.6092542],[-90.2432685,14.59950726],[-90.24517009,14.59069382],[-90.24767342,14.58959882],[-90.25536549,14.59293657],[-90.26725331,14.59011005],[-90.27234443,14.58504928],[-90.2758089,14.57616216],[-90.27052342,14.54787599],[-90.26274212,14.53018637],[-90.26850852,14.52805538],[-90.28034403,14.52910762],[-90.29143949,14.50737586],[-90.30720254,14.50277558],[-90.32199135,14.48729526],[-90.32855686,14.49393022],[-90.33235107,14.4932112],[-90.34773308,14.47921139],[-90.35356335,14.47891353],[-90.36986662,14.48483153],[-90.38091257,14.48020792],[-90.38873949,14.48982861],[-90.39582858,14.52166196],[-90.41119777,14.52556304],[-90.41645963,14.52906401],[-90.42493057,14.54369565],[-90.42939499,14.54704085],[-90.42482751,14.55797656],[-90.41412374,14.56098517],[-90.43552018,14.58752441],[-90.40706382,14.61455532],[-90.39793532,14.61904025],[-90.39104061,14.61983824],[-90.38517552,14.61530666],[-90.36431247,14.61236394],[-90.35449161,14.60412291],[-90.32924631,14.59591101],[-90.30253958,14.60400645],[-90.28301796,14.60167182],[-90.26295358,14.60928755],[-90.2367764,14.6092542]]]}},{"type":"Feature","properties":{"m":"San Martín Zapotitlán","d":"Retalhuleu","cod":1104,"pop":12083,"iv":0.276,"exp":0.1,"sen":0.176,"cap":0.0,"inat":2.2,"isoc":4.5,"ides":4.5,"nfp":1,"nfph":1,"pfph":809,"ncr":0},"geometry":{"type":"Polygon","coordinates":[[[-91.56638615,14.62970021],[-91.56962097,14.6224188],[-91.58860584,14.60045198],[-91.60142172,14.60374934],[-91.62741153,14.59735814],[-91.6176224,14.60616559],[-91.61672951,14.61173524],[-91.61107455,14.61497155],[-91.5853912,14.62649227],[-91.56638615,14.62970021]]]}},{"type":"Feature","properties":{"m":"San Pablo Jocopilas","d":"Suchitepéquez","cod":1009,"pop":20433,"iv":0.287,"exp":0.071,"sen":0.216,"cap":0.0,"inat":7.2,"isoc":4.2,"ides":2.6,"nfp":1,"nfph":0,"pfph":0,"ncr":0},"geometry":{"type":"Polygon","coordinates":[[[-91.40341503,14.59609384],[-91.40528812,14.57691796],[-91.42298927,14.56913839],[-91.42571348,14.56106384],[-91.4343973,14.56630915],[-91.44345424,14.56184012],[-91.44731409,14.57941205],[-91.45852214,14.58353559],[-91.46062459,14.58691524],[-91.45817498,14.59540899],[-91.4498129,14.60071578],[-91.45010543,14.6065725],[-91.44559363,14.61452357],[-91.43308062,14.62744742],[-91.42594292,14.62107572],[-91.425551,14.61623407],[-91.40341503,14.59609384]]]}},{"type":"Feature","properties":{"m":"San Bartolomé Milpas Altas","d":"Sacatepéquez","cod":307,"pop":7816,"iv":0.387,"exp":0.105,"sen":0.303,"cap":0.021,"inat":6.4,"isoc":2.1,"ides":2.9,"nfp":0,"nfph":0,"pfph":0,"ncr":0},"geometry":{"type":"Polygon","coordinates":[[[-90.69007576,14.6179323],[-90.67165509,14.6070414],[-90.67246904,14.58445865],[-90.68738807,14.58385133],[-90.69360111,14.60203608],[-90.70892138,14.61359399],[-90.70229662,14.61574916],[-90.69423288,14.61374279],[-90.69007576,14.6179323]]]}},{"type":"Feature","properties":{"m":"Santa Catarina Pinula","d":"Guatemala","cod":102,"pop":80582,"iv":0.131,"exp":0.08,"sen":0.11,"cap":0.059,"inat":7.8,"isoc":2.2,"ides":4.3,"nfp":0,"nfph":0,"pfph":0,"ncr":0},"geometry":{"type":"Polygon","coordinates":[[[-90.42939499,14.54704085],[-90.43367464,14.54331403],[-90.44618895,14.53952914],[-90.44701159,14.52846619],[-90.450412,14.52291247],[-90.46522827,14.52547955],[-90.4772751,14.51951167],[-90.48069887,14.52108425],[-90.48630718,14.53168255],[-90.4931066,14.53267011],[-90.49406082,14.53661462],[-90.50801378,14.53858952],[-90.51320674,14.54532996],[-90.51963112,14.5443513],[-90.51794379,14.55932666],[-90.52441398,14.5600457],[-90.52422869,14.56163714],[-90.51631038,14.57411056],[-90.5041967,14.577507],[-90.48229449,14.57863721],[-90.47149686,14.59356075],[-90.45729595,14.59910333],[-90.44636411,14.60954764],[-90.43437509,14.61387407],[-90.42258195,14.61091759],[-90.40706382,14.61455532],[-90.43552018,14.58752441],[-90.41412374,14.56098517],[-90.42482751,14.55797656],[-90.42939499,14.54704085]]]}},{"type":"Feature","properties":{"m":"Antigua Guatemala","d":"Sacatepéquez","cod":301,"pop":46054,"iv":0.331,"exp":0.263,"sen":0.117,"cap":0.05,"inat":8.5,"isoc":1.7,"ides":1.2,"nfp":23,"nfph":14,"pfph":15499,"ncr":0},"geometry":{"type":"Polygon","coordinates":[[[-90.68738807,14.58385133],[-90.68808127,14.57565433],[-90.69426627,14.56649849],[-90.69671005,14.55812667],[-90.70407049,14.55103977],[-90.69007319,14.5375865],[-90.68821603,14.52529961],[-90.69119551,14.51698389],[-90.70109237,14.51083554],[-90.71412463,14.51100355],[-90.72835789,14.50800654],[-90.72876137,14.49458276],[-90.73912922,14.48049266],[-90.74676912,14.46184111],[-90.75353723,14.54057455],[-90.76463616,14.54388725],[-90.78539242,14.56901384],[-90.77744594,14.57114875],[-90.76885126,14.56514293],[-90.75556486,14.5642308],[-90.74657062,14.56688767],[-90.71630777,14.59130088],[-90.70892138,14.61359399],[-90.69360111,14.60203608],[-90.68738807,14.58385133]]]}},{"type":"Feature","properties":{"m":"Pochuta","d":"Chimaltenango","cod":408,"pop":8790,"iv":0.326,"exp":0.101,"sen":0.345,"cap":0.12,"inat":4.6,"isoc":5.7,"ides":6.1,"nfp":8,"nfph":4,"pfph":382,"ncr":0},"geometry":{"type":"Polygon","coordinates":[[[-91.00301811,14.58256856],[-91.00368933,14.56554344],[-91.03339358,14.5589034],[-91.04039384,14.55083457],[-91.04543671,14.53187426],[-91.03465466,14.51597285],[-91.03460003,14.5050185],[-91.03198586,14.50004324],[-91.03830738,14.49864232],[-91.03777185,14.49553139],[-91.04128367,14.49152005],[-91.05107728,14.49211775],[-91.05931735,14.48105569],[-91.06191146,14.4751804],[-91.06052904,14.47116444],[-91.06909874,14.46781666],[-91.08381553,14.47458836],[-91.08916639,14.46830584],[-91.09599737,14.46589971],[-91.09555287,14.45384719],[-91.10160237,14.45324197],[-91.12845026,14.4591335],[-91.12419493,14.47095441],[-91.12432794,14.47858189],[-91.11960905,14.48767869],[-91.11904968,14.49626307],[-91.12367244,14.50756963],[-91.12242696,14.51494204],[-91.12499954,14.51996253],[-91.11906698,14.52599601],[-91.11690261,14.53461038],[-91.11727969,14.58052846],[-91.11420531,14.59748578],[-91.08834909,14.58562316],[-91.06110019,14.58341716],[-91.04499915,14.58957264],[-91.04255729,14.59248127],[-91.03926196,14.60909618],[-91.03203359,14.60996948],[-91.02642681,14.6067592],[-91.00301811,14.58256856]]]}},{"type":"Feature","properties":{"m":"Jocotenango","d":"Sacatepéquez","cod":302,"pop":21657,"iv":0.401,"exp":0.31,"sen":0.1,"cap":0.01,"inat":3.7,"isoc":2.8,"ides":4.4,"nfp":15,"nfph":14,"pfph":14357,"ncr":0},"geometry":{"type":"Polygon","coordinates":[[[-90.71208441,14.60640706],[-90.71630777,14.59130088],[-90.7267926,14.58432407],[-90.73832818,14.57239081],[-90.7519465,14.56529837],[-90.75186114,14.5829178],[-90.74084295,14.59364489],[-90.73892197,14.60129166],[-90.73013458,14.60645583],[-90.72799703,14.60301403],[-90.72155968,14.60598934],[-90.71208441,14.60640706]]]}},{"type":"Feature","properties":{"m":"Acatenango","d":"Chimaltenango","cod":411,"pop":23228,"iv":0.399,"exp":0.115,"sen":0.363,"cap":0.078,"inat":8,"isoc":4.9,"ides":5.4,"nfp":1,"nfph":0,"pfph":0,"ncr":0},"geometry":{"type":"Polygon","coordinates":[[[-90.96027408,14.59633796],[-90.94565996,14.58906985],[-90.94168698,14.58087948],[-90.93520139,14.57738051],[-90.90571131,14.58757296],[-90.88003136,14.5631052],[-90.87689996,14.55410054],[-90.85840345,14.54469828],[-90.86072338,14.53913973],[-90.87176518,14.53248472],[-90.87643948,14.50268753],[-90.89353624,14.51451527],[-90.9094157,14.5220208],[-90.94783132,14.51988082],[-90.9605186,14.52229357],[-90.96898445,14.52742418],[-90.97736943,14.52223962],[-90.97741192,14.51539585],[-90.98080076,14.51415992],[-90.98842166,14.51703807],[-90.99547696,14.50993347],[-91.0127583,14.50015238],[-91.01620111,14.50075647],[-91.01849413,14.50451483],[-91.02709219,14.50576093],[-91.0311495,14.50336746],[-91.03198586,14.50004324],[-91.03460003,14.5050185],[-91.03465466,14.51597285],[-91.04543671,14.53187426],[-91.03738213,14.55567797],[-91.02912396,14.56013828],[-91.0050172,14.56458445],[-91.00301811,14.58256856],[-90.97539428,14.60000745],[-90.96027408,14.59633796]]]}},{"type":"Feature","properties":{"m":"San Manuel Chaparrón","d":"Jalapa","cod":2104,"pop":8317,"iv":0.536,"exp":0.166,"sen":0.375,"cap":0.005,"inat":6.4,"isoc":5,"ides":4.7,"nfp":1,"nfph":0,"pfph":0,"ncr":0},"geometry":{"type":"Polygon","coordinates":[[[-89.75460857,14.58598335],[-89.75279842,14.5820329],[-89.75381543,14.5734866],[-89.74919719,14.56620837],[-89.74828835,14.5520894],[-89.72651944,14.55222584],[-89.71131275,14.54490819],[-89.70950736,14.55637266],[-89.69399324,14.5579414],[-89.69070081,14.54221601],[-89.6816155,14.53076478],[-89.68138163,14.52629361],[-89.68855195,14.51630707],[-89.69114536,14.49739433],[-89.70108869,14.49183513],[-89.71041679,14.48186201],[-89.74769578,14.48569472],[-89.75880882,14.48486647],[-89.76072885,14.4819913],[-89.77588498,14.48432616],[-89.7890714,14.48105768],[-89.79440633,14.48205716],[-89.7957704,14.48358252],[-89.7920373,14.4890732],[-89.79845746,14.49034366],[-89.79994669,14.48872403],[-89.80832829,14.49220829],[-89.80916811,14.49835849],[-89.8225104,14.50837366],[-89.82075383,14.5126072],[-89.82748354,14.50990828],[-89.83367182,14.51305065],[-89.8366705,14.51127733],[-89.834219,14.52234823],[-89.83493337,14.53820571],[-89.83219042,14.54525333],[-89.83704617,14.54797256],[-89.84407719,14.54489815],[-89.83991099,14.55718072],[-89.83385281,14.55884257],[-89.82672659,14.56472339],[-89.82314994,14.56427299],[-89.81885346,14.56254638],[-89.81374201,14.55294408],[-89.80908234,14.55288506],[-89.80586702,14.5554461],[-89.80366266,14.56556254],[-89.79349501,14.56341765],[-89.76740051,14.58398267],[-89.75460857,14.58598335]]]}},{"type":"Feature","properties":{"m":"Santa Cruz Muluá","d":"Retalhuleu","cod":1103,"pop":13545,"iv":0.276,"exp":0.087,"sen":0.207,"cap":0.018,"inat":7,"isoc":3.4,"ides":3.1,"nfp":6,"nfph":1,"pfph":15,"ncr":0},"geometry":{"type":"Polygon","coordinates":[[[-91.58860584,14.60045198],[-91.59325261,14.56383188],[-91.59839001,14.54417535],[-91.61138856,14.52415738],[-91.61126485,14.51070508],[-91.62051951,14.49432733],[-91.62100209,14.48670775],[-91.62815599,14.47505157],[-91.62725667,14.47241361],[-91.6330668,14.46656619],[-91.63258983,14.45193544],[-91.63776682,14.44969429],[-91.64722926,14.43420662],[-91.65282906,14.43039577],[-91.65490604,14.42191503],[-91.65234739,14.41273892],[-91.66097709,14.40482647],[-91.66703413,14.40457371],[-91.66885402,14.39893652],[-91.67513793,14.3934091],[-91.67612905,14.38790504],[-91.67380221,14.38353831],[-91.67577239,14.37819905],[-91.6737224,14.37496044],[-91.6760153,14.37395406],[-91.6758044,14.36537544],[-91.68055146,14.3542979],[-91.68145841,14.34072544],[-91.68848586,14.33443664],[-91.69520394,14.321252],[-91.70467497,14.31758852],[-91.71210676,14.3088389],[-91.72970891,14.29568465],[-91.73482877,14.32592075],[-91.73395107,14.33487564],[-91.72474429,14.34974082],[-91.71921526,14.35308736],[-91.71715683,14.36274761],[-91.71011254,14.36829589],[-91.69544128,14.37425288],[-91.68669146,14.38448141],[-91.68257912,14.39853659],[-91.68087597,14.42154185],[-91.67558341,14.42497323],[-91.67594932,14.4368216],[-91.67182549,14.44516449],[-91.67170876,14.45388923],[-91.67742889,14.47033381],[-91.6656118,14.48612685],[-91.66292792,14.48666413],[-91.65864551,14.49585432],[-91.657942,14.51493707],[-91.64245898,14.54508127],[-91.64032282,14.55929341],[-91.6322475,14.57867294],[-91.63049253,14.59099789],[-91.62614388,14.59269207],[-91.62741153,14.59735814],[-91.61010812,14.60267022],[-91.59862332,14.6035303],[-91.58860584,14.60045198]]]}},{"type":"Feature","properties":{"m":"Samayac","d":"Suchitepéquez","cod":1008,"pop":24790,"iv":0.26,"exp":0.05,"sen":0.215,"cap":0.005,"inat":7,"isoc":4.5,"ides":5.2,"nfp":0,"nfph":0,"pfph":0,"ncr":0},"geometry":{"type":"Polygon","coordinates":[[[-91.45423744,14.5993769],[-91.45995407,14.59283228],[-91.46062459,14.58691524],[-91.45852214,14.58353559],[-91.44731409,14.57941205],[-91.44345424,14.56184012],[-91.44475498,14.55193564],[-91.44100985,14.53965319],[-91.44848726,14.54087335],[-91.45129336,14.5498967],[-91.45771742,14.55344952],[-91.46461391,14.54952235],[-91.46435058,14.54197328],[-91.46974916,14.54436547],[-91.47203305,14.54023273],[-91.47605839,14.53940366],[-91.47289345,14.54659824],[-91.47381255,14.55624068],[-91.4813004,14.56037945],[-91.48462689,14.55305135],[-91.49274135,14.5588016],[-91.49516856,14.56343719],[-91.49511231,14.57694197],[-91.49146044,14.58612218],[-91.4902013,14.59944739],[-91.48551944,14.60187334],[-91.45423744,14.5993769]]]}},{"type":"Feature","properties":{"m":"Monjas","d":"Jalapa","cod":2106,"pop":27354,"iv":0.431,"exp":0.218,"sen":0.214,"cap":0.001,"inat":3,"isoc":4.9,"ides":4.2,"nfp":12,"nfph":2,"pfph":0,"ncr":0},"geometry":{"type":"Polygon","coordinates":[[[-89.83650119,14.55905111],[-89.84235847,14.55428484],[-89.84407719,14.54489815],[-89.83704617,14.54797256],[-89.83219042,14.54525333],[-89.83493337,14.53820571],[-89.834219,14.52234823],[-89.8366705,14.51127733],[-89.84023831,14.51323405],[-89.84420785,14.51211368],[-89.84537998,14.50809211],[-89.84463227,14.50424111],[-89.83530749,14.49423837],[-89.83955264,14.48966907],[-89.85356896,14.48715633],[-89.86647388,14.46511575],[-89.87904614,14.4670178],[-89.88953029,14.45872391],[-89.8930221,14.43292634],[-89.9360531,14.46221846],[-89.98273387,14.45357231],[-89.98388205,14.46243816],[-89.96998974,14.47261648],[-89.96514309,14.48395154],[-89.95725187,14.49276697],[-89.95406118,14.50449895],[-89.93542166,14.52780251],[-89.93509991,14.53449646],[-89.93977718,14.54165655],[-89.9405245,14.54969534],[-89.9248516,14.56298422],[-89.9234048,14.57145123],[-89.91418972,14.56980247],[-89.89975393,14.57953863],[-89.86994139,14.58227643],[-89.86683454,14.57844341],[-89.86543334,14.5707065],[-89.85475282,14.56847033],[-89.85052476,14.56279473],[-89.83965595,14.56198547],[-89.83650119,14.55905111]]]}},{"type":"Feature","properties":{"m":"San Sebastián","d":"Retalhuleu","cod":1102,"pop":29167,"iv":0.259,"exp":0.072,"sen":0.191,"cap":0.004,"inat":4.3,"isoc":5,"ides":4.9,"nfp":0,"nfph":0,"pfph":0,"ncr":0},"geometry":{"type":"Polygon","coordinates":[[[-91.65456129,14.521321],[-91.65575324,14.5345378],[-91.66335885,14.55135622],[-91.66374878,14.58060771],[-91.66843766,14.59085127],[-91.64521399,14.59104988],[-91.62741153,14.59735814],[-91.62614388,14.59269207],[-91.63095692,14.58991816],[-91.63209153,14.57922342],[-91.64032282,14.55929341],[-91.64245898,14.54508127],[-91.65456129,14.521321]]]}},{"type":"Feature","properties":{"m":"Concepción Las Minas","d":"Chiquimula","cod":2008,"pop":11693,"iv":0.347,"exp":0.119,"sen":0.253,"cap":0.025,"inat":6.5,"isoc":4,"ides":4.2,"nfp":4,"nfph":2,"pfph":0,"ncr":0},"geometry":{"type":"Polygon","coordinates":[[[-89.42686431,14.57392148],[-89.39696845,14.55107567],[-89.39720686,14.53010548],[-89.39119928,14.5170891],[-89.39060596,14.50708273],[-89.39411494,14.47273689],[-89.39019829,14.47016531],[-89.37502081,14.46874932],[-89.3718011,14.46303489],[-89.35360638,14.4610002],[-89.3508756,14.45385251],[-89.35346662,14.44661811],[-89.34860735,14.44118276],[-89.35030073,14.42960109],[-89.35606274,14.42224532],[-89.37267091,14.42981005],[-89.38067644,14.43665624],[-89.384522,14.42768386],[-89.38790127,14.44753386],[-89.39292345,14.45048563],[-89.3962874,14.44718179],[-89.40070141,14.4472877],[-89.40689459,14.43131154],[-89.41080364,14.43173894],[-89.41562984,14.42347796],[-89.43408966,14.41165151],[-89.43907836,14.41183857],[-89.44573799,14.41925825],[-89.46291623,14.42325469],[-89.47046163,14.42832224],[-89.48563843,14.41915342],[-89.49035532,14.41916839],[-89.50127524,14.40465758],[-89.50679668,14.40885676],[-89.51086384,14.40717023],[-89.51273973,14.41685],[-89.51942158,14.41934764],[-89.52150457,14.42678841],[-89.51844261,14.43223271],[-89.50598592,14.43807486],[-89.50193479,14.4452452],[-89.50099416,14.45119004],[-89.50282244,14.45437435],[-89.49901371,14.46429342],[-89.49961183,14.46853702],[-89.50329243,14.46824653],[-89.50326234,14.47086837],[-89.49940672,14.47146203],[-89.49965016,14.47557848],[-89.51284069,14.48376456],[-89.51305102,14.48716067],[-89.50868929,14.4919128],[-89.52049474,14.49379872],[-89.52169659,14.49897206],[-89.5186478,14.50204],[-89.52625449,14.51077807],[-89.5452063,14.51327881],[-89.5425909,14.51573963],[-89.54702487,14.51849622],[-89.54614129,14.52124213],[-89.53903537,14.52553684],[-89.52371054,14.52670003],[-89.52124253,14.5328175],[-89.51638134,14.5355255],[-89.51382556,14.55469211],[-89.51177622,14.55642516],[-89.50521252,14.55270399],[-89.49710355,14.55394794],[-89.4839073,14.54916319],[-89.4707553,14.55336663],[-89.45670169,14.55445273],[-89.44747594,14.55693373],[-89.43620612,14.57190925],[-89.42686431,14.57392148]]]}},{"type":"Feature","properties":{"m":"Mazatenango","d":"Suchitepéquez","cod":1001,"pop":77431,"iv":0.3,"exp":0.148,"sen":0.177,"cap":0.025,"inat":9,"isoc":4.8,"ides":5.5,"nfp":21,"nfph":12,"pfph":4313,"ncr":0},"geometry":{"type":"Polygon","coordinates":[[[-91.4918661,14.59444276],[-91.49516856,14.56343719],[-91.49274135,14.5588016],[-91.48462689,14.55305135],[-91.4813004,14.56037945],[-91.47596957,14.55868843],[-91.47304403,14.55337716],[-91.47289345,14.54659824],[-91.47669289,14.53584537],[-91.47366621,14.51986546],[-91.47567548,14.50598477],[-91.48784768,14.50236096],[-91.49674474,14.50661552],[-91.49881137,14.50025068],[-91.50407435,14.49788557],[-91.50498532,14.5054027],[-91.50215327,14.51014024],[-91.50192061,14.51740037],[-91.51956588,14.52297871],[-91.52358305,14.51579885],[-91.5272454,14.49909184],[-91.52220582,14.49358708],[-91.52802085,14.48993002],[-91.52639346,14.47303723],[-91.53030561,14.45633159],[-91.53478969,14.45026722],[-91.53394997,14.44048513],[-91.54498594,14.42843094],[-91.54844002,14.41512969],[-91.55673321,14.42041194],[-91.555939,14.43193764],[-91.55859846,14.43358435],[-91.55748727,14.44184837],[-91.56062,14.44861864],[-91.55022652,14.46748505],[-91.55306784,14.48969917],[-91.54876042,14.51033027],[-91.5341787,14.54057791],[-91.53062133,14.56457102],[-91.51991586,14.5618585],[-91.51566115,14.56389128],[-91.50737357,14.55995521],[-91.49916181,14.58514363],[-91.49922001,14.59572847],[-91.49625383,14.59360898],[-91.4918661,14.59444276]]]}},{"type":"Feature","properties":{"m":"Villa Nueva","d":"Guatemala","cod":115,"pop":433734,"iv":0.216,"exp":0.137,"sen":0.137,"cap":0.058,"inat":8.1,"isoc":1.7,"ides":1.6,"nfp":0,"nfph":0,"pfph":0,"ncr":2},"geometry":{"type":"Polygon","coordinates":[[[-90.61285954,14.58269593],[-90.59765025,14.57681317],[-90.58120248,14.5796316],[-90.57579987,14.57668344],[-90.56953917,14.57713561],[-90.56123525,14.5802845],[-90.55652873,14.57649057],[-90.55507482,14.56785774],[-90.54970829,14.56464519],[-90.55564184,14.55538612],[-90.55832392,14.53568872],[-90.56331575,14.52460129],[-90.5754124,14.513725],[-90.57573938,14.50669165],[-90.58028967,14.4980011],[-90.57709014,14.4880979],[-90.58156362,14.48114352],[-90.61065922,14.49069223],[-90.62224535,14.4983688],[-90.62376332,14.51015535],[-90.62818682,14.51598916],[-90.6433103,14.51969347],[-90.66304205,14.52925687],[-90.65761277,14.54234624],[-90.65836497,14.55265247],[-90.65023298,14.55626622],[-90.64879174,14.55960255],[-90.66784423,14.5740573],[-90.6670473,14.58317015],[-90.66132552,14.5851006],[-90.65136345,14.58314168],[-90.64148227,14.57529473],[-90.63464162,14.56347244],[-90.63020301,14.56981734],[-90.63138069,14.58032655],[-90.6218629,14.57954884],[-90.61285954,14.58269593]]]}},{"type":"Feature","properties":{"m":"Santa Lucía Milpas Altas","d":"Sacatepéquez","cod":309,"pop":15570,"iv":0.243,"exp":0.075,"sen":0.185,"cap":0.017,"inat":4.5,"isoc":2.6,"ides":4,"nfp":0,"nfph":0,"pfph":0,"ncr":0},"geometry":{"type":"Polygon","coordinates":[[[-90.66802568,14.58089181],[-90.66784423,14.5740573],[-90.65083536,14.5621777],[-90.64879174,14.55960255],[-90.65023298,14.55626622],[-90.65498758,14.55488641],[-90.65978868,14.55887824],[-90.69671005,14.55812667],[-90.69426627,14.56649849],[-90.68808127,14.57565433],[-90.68738807,14.58385133],[-90.67246904,14.58445865],[-90.66802568,14.58089181]]]}},{"type":"Feature","properties":{"m":"Retalhuleu","d":"Retalhuleu","cod":1101,"pop":90505,"iv":0.245,"exp":0.285,"sen":0.181,"cap":0.222,"inat":9.1,"isoc":3.3,"ides":3.2,"nfp":90,"nfph":38,"pfph":4532,"ncr":0},"geometry":{"type":"Polygon","coordinates":[[[-91.65456129,14.521321],[-91.65810001,14.51402499],[-91.65864551,14.49585432],[-91.66292792,14.48666413],[-91.6656118,14.48612685],[-91.67742889,14.47033381],[-91.67170876,14.45388923],[-91.67182549,14.44516449],[-91.67594932,14.4368216],[-91.67558341,14.42497323],[-91.68087597,14.42154185],[-91.68257912,14.39853659],[-91.68669146,14.38448141],[-91.69544128,14.37425288],[-91.71011254,14.36829589],[-91.71715683,14.36274761],[-91.71921526,14.35308736],[-91.72474429,14.34974082],[-91.73395107,14.33487564],[-91.73482877,14.32592075],[-91.72970891,14.29568465],[-91.73710852,14.27650421],[-91.74452331,14.27023697],[-91.75147156,14.25783118],[-91.75078198,14.24861251],[-91.75621492,14.2384495],[-91.75170731,14.21882854],[-91.78254037,14.19217026],[-91.78662548,14.19086776],[-91.83107823,14.23207585],[-91.82005487,14.2511449],[-91.81431445,14.27636202],[-91.81083339,14.28018331],[-91.79831044,14.28384042],[-91.78354166,14.2937207],[-91.77870287,14.30634507],[-91.78201961,14.3222193],[-91.79194621,14.34030362],[-91.78986789,14.35167999],[-91.80410861,14.35858423],[-91.80687155,14.37111742],[-91.80633533,14.37572624],[-91.79701353,14.38691458],[-91.79170411,14.38660389],[-91.78871219,14.39508159],[-91.81869814,14.41540157],[-91.82533788,14.4243956],[-91.83212709,14.42694808],[-91.84175755,14.43537568],[-91.84892675,14.42997657],[-91.85675812,14.43232892],[-91.86084514,14.42769869],[-91.86614335,14.42908362],[-91.87541364,14.42581931],[-91.88395399,14.42577511],[-91.89024771,14.41756579],[-91.91745126,14.41670559],[-91.92024651,14.41312827],[-91.92514952,14.41740409],[-91.92991608,14.41605614],[-91.92964692,14.41305467],[-91.93257838,14.41052988],[-91.94484639,14.4123377],[-91.9534713,14.40353234],[-91.95969038,14.40838511],[-91.96508381,14.40565826],[-91.98348487,14.40882772],[-91.99643298,14.40800277],[-92.00343873,14.40279799],[-92.00988381,14.40346131],[-92.01679067,14.400752],[-92.03014748,14.40518169],[-92.04426887,14.40309209],[-92.04480986,14.4008816],[-92.03857934,14.39503533],[-92.03864017,14.39260479],[-92.1632046,14.48664339],[-92.15955819,14.49193901],[-92.15515036,14.49016434],[-92.15541114,14.49440698],[-92.14982412,14.49002378],[-92.14398458,14.49464919],[-92.14151701,14.4937973],[-92.14378369,14.49766827],[-92.14293031,14.50385974],[-92.1398036,14.50404486],[-92.1393799,14.50719329],[-92.13698308,14.50637196],[-92.13470193,14.50913062],[-92.10804573,14.50076376],[-92.10838021,14.50929433],[-92.10455586,14.50935495],[-92.10561799,14.51546732],[-92.10134319,14.51991839],[-92.10202114,14.52254087],[-92.10523042,14.52233632],[-92.10372337,14.53220124],[-92.09954348,14.53115187],[-92.0959406,14.53324782],[-92.09686267,14.53660348],[-92.0871285,14.5382998],[-92.08717259,14.54386277],[-92.0848115,14.54136275],[-92.0844226,14.54383494],[-92.0812741,14.54293047],[-92.08053372,14.54466829],[-92.08361442,14.54548288],[-92.07930797,14.54691757],[-92.07664813,14.5542627],[-92.06732298,14.55847787],[-92.06733922,14.56444608],[-92.06078697,14.56726813],[-92.05630608,14.56134939],[-92.04972123,14.56557994],[-92.03802723,14.5607819],[-92.01913968,14.54808645],[-92.00615319,14.54542128],[-91.98794706,14.53562719],[-91.96871794,14.53429127],[-91.94597853,14.52885409],[-91.921732,14.52983542],[-91.90006642,14.51205451],[-91.88899747,14.50769588],[-91.87955372,14.5139994],[-91.87227137,14.51393965],[-91.8673336,14.50833928],[-91.85655879,14.50572306],[-91.84789714,14.49914592],[-91.83703099,14.49739397],[-91.83165523,14.49394906],[-91.81766826,14.49628596],[-91.80682849,14.49381072],[-91.80371407,14.50154998],[-91.79782401,14.50473696],[-91.78087323,14.50188901],[-91.74685268,14.5137124],[-91.73861497,14.51364792],[-91.73477716,14.51013455],[-91.72520034,14.51274377],[-91.72580341,14.51782168],[-91.71871732,14.52401476],[-91.71959384,14.52881846],[-91.71566696,14.54265015],[-91.70811989,14.5491273],[-91.70184542,14.55047226],[-91.68757041,14.56664566],[-91.68166786,14.56953673],[-91.67333683,14.58649617],[-91.66843766,14.59085127],[-91.66374878,14.58060771],[-91.66335885,14.55135622],[-91.65575324,14.5345378],[-91.65456129,14.521321]]]}},{"type":"Feature","properties":{"m":"Santa Bárbara","d":"Suchitepéquez","cod":1015,"pop":26346,"iv":0.301,"exp":0.097,"sen":0.246,"cap":0.042,"inat":5.2,"isoc":5.7,"ides":7.4,"nfp":2,"nfph":0,"pfph":0,"ncr":0},"geometry":{"type":"Polygon","coordinates":[[[-91.18965175,14.57265375],[-91.19436566,14.56297139],[-91.1878784,14.54244426],[-91.19143767,14.53140633],[-91.18619125,14.50022214],[-91.19255052,14.49246264],[-91.19049332,14.48748851],[-91.20253458,14.4871313],[-91.20581151,14.4829233],[-91.20731443,14.46353977],[-91.20250807,14.4498663],[-91.20740885,14.44409801],[-91.20638666,14.43711873],[-91.21206641,14.43667158],[-91.22135888,14.42469557],[-91.24304205,14.40922354],[-91.24731884,14.39523744],[-91.24445766,14.3723253],[-91.2491904,14.3675962],[-91.25318409,14.36519108],[-91.25873688,14.36736495],[-91.2615377,14.37069572],[-91.26662443,14.37186843],[-91.27811541,14.38319457],[-91.28661452,14.3778447],[-91.29861283,14.37822049],[-91.30007275,14.39221647],[-91.29091135,14.44122298],[-91.28882296,14.44454741],[-91.28406367,14.44352878],[-91.28250599,14.44657004],[-91.28569944,14.44988543],[-91.29028773,14.44720508],[-91.29868823,14.44972314],[-91.30086603,14.45125388],[-91.30037613,14.45812725],[-91.29155554,14.46691736],[-91.28824604,14.47446949],[-91.29519045,14.47981627],[-91.30459646,14.46827138],[-91.32537095,14.48094716],[-91.31552642,14.48289348],[-91.29889163,14.49531973],[-91.29230528,14.50749142],[-91.26454219,14.52358773],[-91.26090039,14.53697417],[-91.24040876,14.55324516],[-91.22398486,14.56025527],[-91.20784142,14.57973374],[-91.19835376,14.57954892],[-91.18965175,14.57265375]]]}},{"type":"Feature","properties":{"m":"Agua Blanca","d":"Jutiapa","cod":2204,"pop":16353,"iv":0.782,"exp":0.239,"sen":0.546,"cap":0.002,"inat":2.5,"isoc":4,"ides":3,"nfp":0,"nfph":0,"pfph":0,"ncr":0},"geometry":{"type":"Polygon","coordinates":[[[-89.54702487,14.51849622],[-89.54265218,14.51623138],[-89.5452063,14.51327881],[-89.52687513,14.51134581],[-89.5186478,14.50204],[-89.52169659,14.49897206],[-89.52049474,14.49379872],[-89.50868929,14.4919128],[-89.51305102,14.48716067],[-89.51284069,14.48376456],[-89.49965016,14.47557848],[-89.49940672,14.47146203],[-89.50326234,14.47086837],[-89.50329243,14.46824653],[-89.49961183,14.46853702],[-89.49901371,14.46429342],[-89.50282244,14.45437435],[-89.50099416,14.45119004],[-89.50193479,14.4452452],[-89.50598592,14.43807486],[-89.51844261,14.43223271],[-89.52150457,14.42678841],[-89.51942158,14.41934764],[-89.51273973,14.41685],[-89.51001557,14.40577431],[-89.51124101,14.39840503],[-89.51573089,14.39751222],[-89.51697352,14.39270903],[-89.52032644,14.3912972],[-89.51830266,14.38672568],[-89.52053321,14.38385749],[-89.53072497,14.37921959],[-89.53611017,14.38483332],[-89.53321711,14.39571595],[-89.53564481,14.40237975],[-89.54119914,14.40817427],[-89.54100389,14.41564816],[-89.57378971,14.41675075],[-89.57952563,14.39841569],[-89.57958573,14.3825451],[-89.57684658,14.37629228],[-89.58344471,14.37630308],[-89.59041609,14.37185832],[-89.61717142,14.36421906],[-89.62500757,14.36430048],[-89.62918393,14.37242081],[-89.63625773,14.37616544],[-89.63602004,14.38504106],[-89.63062943,14.41204349],[-89.61677933,14.42359268],[-89.62856064,14.4251811],[-89.64169767,14.43100887],[-89.65127898,14.42668424],[-89.65438318,14.41953068],[-89.68328488,14.4241315],[-89.68021313,14.47156013],[-89.69094546,14.47410851],[-89.69259036,14.48670593],[-89.67843435,14.49118049],[-89.67696261,14.50624923],[-89.67312903,14.51244465],[-89.68138163,14.52629361],[-89.6816155,14.53076478],[-89.64402296,14.55855534],[-89.62144298,14.54759987],[-89.61981961,14.53936229],[-89.62358656,14.51335119],[-89.60988625,14.50144679],[-89.60590316,14.50534444],[-89.59207319,14.50458868],[-89.59318975,14.48296698],[-89.58970971,14.47715803],[-89.58249957,14.47498033],[-89.56087261,14.47986337],[-89.54968395,14.48657237],[-89.55018033,14.49662581],[-89.55411989,14.50672987],[-89.56545165,14.51029603],[-89.55332976,14.52576568],[-89.54792334,14.52471226],[-89.54702487,14.51849622]]]}},{"type":"Feature","properties":{"m":"Santa Catarina Barahona","d":"Sacatepéquez","cod":316,"pop":4061,"iv":0.419,"exp":0.213,"sen":0.216,"cap":0.009,"inat":1.6,"isoc":3.1,"ides":4.3,"nfp":0,"nfph":0,"pfph":0,"ncr":0},"geometry":{"type":"Polygon","coordinates":[[[-90.8067375,14.57179593],[-90.79447937,14.56028206],[-90.77989401,14.55162122],[-90.78000103,14.54984787],[-90.78802199,14.54277323],[-90.79424451,14.54085199],[-90.80177998,14.54614889],[-90.8273132,14.5475337],[-90.83008649,14.55937948],[-90.82408489,14.56037527],[-90.8144511,14.57109677],[-90.8067375,14.57179593]]]}},{"type":"Feature","properties":{"m":"San Antonio Suchitepéquez","d":"Suchitepéquez","cod":1010,"pop":59184,"iv":0.294,"exp":0.06,"sen":0.252,"cap":0.018,"inat":5.2,"isoc":4.5,"ides":3.8,"nfp":4,"nfph":0,"pfph":0,"ncr":0},"geometry":{"type":"Polygon","coordinates":[[[-91.37387122,14.53546387],[-91.37987419,14.52770756],[-91.38120803,14.50752379],[-91.37879254,14.4949098],[-91.38403414,14.48433363],[-91.38914995,14.48083018],[-91.38616254,14.46909244],[-91.3898671,14.46266094],[-91.39516689,14.45904218],[-91.40196744,14.46036513],[-91.4059652,14.45281001],[-91.41131763,14.45207902],[-91.41785748,14.45418837],[-91.41672665,14.46234715],[-91.42138692,14.46377605],[-91.42275359,14.46900051],[-91.42616939,14.45996214],[-91.42824149,14.45953083],[-91.43370703,14.46997867],[-91.43251831,14.47595548],[-91.43833187,14.47784257],[-91.43754245,14.48766123],[-91.44436379,14.51118787],[-91.44140999,14.51524019],[-91.43562044,14.51392494],[-91.42863424,14.52162774],[-91.44100985,14.53965319],[-91.44475498,14.55193564],[-91.44345424,14.56184012],[-91.4343973,14.56630915],[-91.42571348,14.56106384],[-91.42298927,14.56913839],[-91.40475567,14.57691433],[-91.39741608,14.56525986],[-91.3843548,14.56522196],[-91.37178696,14.56133868],[-91.37544969,14.5443573],[-91.37387122,14.53546387]]]}},{"type":"Feature","properties":{"m":"Patulul","d":"Suchitepéquez","cod":1014,"pop":40683,"iv":0.271,"exp":0.117,"sen":0.222,"cap":0.067,"inat":5.3,"isoc":5.1,"ides":6.1,"nfp":19,"nfph":11,"pfph":1930,"ncr":0},"geometry":{"type":"Polygon","coordinates":[[[-91.18965175,14.57265375],[-91.16123212,14.55311204],[-91.15101556,14.54912171],[-91.13475312,14.5474665],[-91.1315939,14.54388398],[-91.12927126,14.5253784],[-91.12499731,14.52256753],[-91.12466608,14.51618677],[-91.12242696,14.51494204],[-91.12367244,14.50756963],[-91.11904968,14.49626307],[-91.11960905,14.48767869],[-91.12432794,14.47858189],[-91.12419493,14.47095441],[-91.12845026,14.4591335],[-91.10160237,14.45324197],[-91.09555287,14.45384719],[-91.09337057,14.44895281],[-91.09813457,14.43044909],[-91.09710392,14.42473825],[-91.10029841,14.41797021],[-91.11556348,14.40665353],[-91.1227805,14.39566163],[-91.12230645,14.39053704],[-91.12892279,14.38282067],[-91.13461423,14.3826058],[-91.13616992,14.3801079],[-91.13554199,14.37330675],[-91.13104437,14.37247938],[-91.13419437,14.36483591],[-91.12545311,14.35736069],[-91.12937097,14.33955957],[-91.12647402,14.33352227],[-91.13009965,14.32321987],[-91.13702444,14.32050317],[-91.13903862,14.32247446],[-91.13865531,14.31816507],[-91.14195687,14.31631111],[-91.14089623,14.31257821],[-91.14533613,14.30964406],[-91.14703872,14.30001988],[-91.14505393,14.2883301],[-91.14904735,14.28560133],[-91.15198223,14.28822245],[-91.15470115,14.28615247],[-91.15471989,14.27916313],[-91.15166231,14.27299043],[-91.15498276,14.26089103],[-91.15054688,14.24954831],[-91.15481916,14.2436188],[-91.15363086,14.23528253],[-91.16471453,14.22595744],[-91.16732531,14.22785056],[-91.1708585,14.22630168],[-91.16876824,14.21427111],[-91.17289314,14.20923925],[-91.18012408,14.2101654],[-91.17893817,14.20134113],[-91.21819566,14.20812478],[-91.19963487,14.29361503],[-91.26725438,14.30558315],[-91.27231316,14.31098862],[-91.26566869,14.33991748],[-91.25975425,14.35081473],[-91.25358205,14.3538513],[-91.25318409,14.36519108],[-91.24445766,14.3723253],[-91.24731884,14.39523744],[-91.24339398,14.40395026],[-91.21101708,14.39762259],[-91.20119834,14.39263603],[-91.18285858,14.4163078],[-91.1611351,14.43341489],[-91.18000634,14.44715167],[-91.17667599,14.45416284],[-91.17039608,14.45444287],[-91.16741361,14.46167572],[-91.1624044,14.4625585],[-91.16368516,14.46809722],[-91.16937956,14.47437301],[-91.17241352,14.46766812],[-91.17716178,14.46531676],[-91.1769047,14.45966739],[-91.17911314,14.45747139],[-91.18564562,14.45858036],[-91.1940594,14.4642586],[-91.20639863,14.46677734],[-91.20451256,14.48627993],[-91.19049332,14.48748851],[-91.19255052,14.49246264],[-91.18619125,14.50022214],[-91.19143767,14.53140633],[-91.1878784,14.54244426],[-91.19383117,14.5581005],[-91.19318379,14.56730822],[-91.18965175,14.57265375]]]}},{"type":"Feature","properties":{"m":"San Miguel Dueñas","d":"Sacatepéquez","cod":313,"pop":12696,"iv":0.404,"exp":0.197,"sen":0.261,"cap":0.054,"inat":3.4,"isoc":3.7,"ides":6.4,"nfp":5,"nfph":3,"pfph":7399,"ncr":0},"geometry":{"type":"Polygon","coordinates":[[[-90.83008649,14.55937948],[-90.82901391,14.54964919],[-90.82441607,14.54628469],[-90.80177998,14.54614889],[-90.79424451,14.54085199],[-90.78802199,14.54277323],[-90.78698582,14.53999288],[-90.79210575,14.53805449],[-90.78559006,14.53362197],[-90.78715264,14.51781189],[-90.81576449,14.50650751],[-90.81634187,14.49698233],[-90.83723882,14.49825327],[-90.85106961,14.50576383],[-90.8756039,14.5041122],[-90.87176518,14.53248472],[-90.8583406,14.54225685],[-90.85390219,14.56314698],[-90.84467977,14.56381892],[-90.83008649,14.55937948]]]}},{"type":"Feature","properties":{"m":"Villa Canales","d":"Guatemala","cod":116,"pop":155422,"iv":0.321,"exp":0.122,"sen":0.233,"cap":0.034,"inat":8.7,"isoc":2.7,"ides":3.3,"nfp":0,"nfph":0,"pfph":0,"ncr":0},"geometry":{"type":"Polygon","coordinates":[[[-90.4742333,14.51983011],[-90.48429665,14.47768992],[-90.48374012,14.460638],[-90.47573619,14.45845302],[-90.47869404,14.45245344],[-90.47316161,14.44703815],[-90.47776657,14.42164339],[-90.47759929,14.41045869],[-90.46801832,14.39839071],[-90.46541054,14.37543808],[-90.45944513,14.36453231],[-90.48672217,14.36122001],[-90.49533764,14.34063447],[-90.4997229,14.33597849],[-90.49591183,14.32579861],[-90.5142053,14.30881908],[-90.50455494,14.29139485],[-90.5088817,14.29098736],[-90.51725474,14.28333478],[-90.52116631,14.28334281],[-90.52154948,14.28055181],[-90.52671591,14.2790539],[-90.52753961,14.26926019],[-90.54252522,14.2660217],[-90.54950214,14.2600845],[-90.56817511,14.25747165],[-90.58075365,14.2429386],[-90.58892459,14.24254021],[-90.57945895,14.25625839],[-90.58245017,14.27006438],[-90.58932593,14.27432956],[-90.58467566,14.28961317],[-90.5892531,14.29443106],[-90.60293421,14.29935213],[-90.60495667,14.30292432],[-90.60481715,14.31368109],[-90.61259507,14.3238671],[-90.61444415,14.33345922],[-90.59855127,14.36218176],[-90.59935646,14.38761926],[-90.59095379,14.38179452],[-90.55243474,14.39638939],[-90.5492196,14.4134706],[-90.54239943,14.42271827],[-90.53935148,14.42033972],[-90.53531723,14.4232521],[-90.53634209,14.43883604],[-90.52879907,14.44644532],[-90.53896277,14.44861095],[-90.54843866,14.44542828],[-90.56001235,14.45371078],[-90.56162461,14.44992395],[-90.56590264,14.45372631],[-90.56314068,14.45491112],[-90.56395645,14.45761704],[-90.56819408,14.4578336],[-90.56740392,14.46948292],[-90.57574724,14.4721137],[-90.57070602,14.47875775],[-90.57687246,14.48118695],[-90.57178624,14.48298797],[-90.57364761,14.48745011],[-90.54717236,14.4717526],[-90.54364008,14.47351808],[-90.53782662,14.48517926],[-90.54268922,14.49770654],[-90.53772884,14.51180788],[-90.53967084,14.52922713],[-90.53185578,14.55383995],[-90.52441398,14.5600457],[-90.51794379,14.55932666],[-90.51989502,14.55445651],[-90.51837475,14.54328211],[-90.51320674,14.54532996],[-90.50801378,14.53858952],[-90.49406082,14.53661462],[-90.4931066,14.53267011],[-90.48630718,14.53168255],[-90.4838385,14.52912881],[-90.48069887,14.52108425],[-90.4742333,14.51983011]]]}},{"type":"Feature","properties":{"m":"Magdalena Milpas Altas","d":"Sacatepéquez","cod":310,"pop":11856,"iv":0.242,"exp":0.095,"sen":0.18,"cap":0.034,"inat":4.2,"isoc":2.7,"ides":4.1,"nfp":0,"nfph":0,"pfph":0,"ncr":0},"geometry":{"type":"Polygon","coordinates":[[[-90.65498758,14.55488641],[-90.65836497,14.55265247],[-90.65761277,14.54234624],[-90.66622531,14.52431821],[-90.6777511,14.52252403],[-90.68821603,14.52529961],[-90.69007319,14.5375865],[-90.70407227,14.54941006],[-90.70205368,14.55432911],[-90.6912982,14.55910218],[-90.65978868,14.55887824],[-90.65498758,14.55488641]]]}},{"type":"Feature","properties":{"m":"Ciudad Vieja","d":"Sacatepéquez","cod":312,"pop":33405,"iv":0.158,"exp":0.221,"sen":0.1,"cap":0.163,"inat":7,"isoc":2.1,"ides":4.5,"nfp":4,"nfph":3,"pfph":94,"ncr":0},"geometry":{"type":"Polygon","coordinates":[[[-90.74676912,14.46184111],[-90.76121021,14.47096029],[-90.77589707,14.48473781],[-90.78640065,14.4883643],[-90.79742464,14.48675902],[-90.80134668,14.49160392],[-90.81634187,14.49698233],[-90.81721425,14.50000051],[-90.81576449,14.50650751],[-90.78715264,14.51781189],[-90.78559006,14.53362197],[-90.79210575,14.53805449],[-90.78418173,14.53974273],[-90.77759067,14.53491963],[-90.77465396,14.53524414],[-90.76995613,14.5513799],[-90.76463616,14.54388725],[-90.75353723,14.54057455],[-90.74676912,14.46184111]]]}},{"type":"Feature","properties":{"m":"Fraijanes","d":"Guatemala","cod":113,"pop":58922,"iv":0.362,"exp":0.097,"sen":0.275,"cap":0.009,"inat":2.6,"isoc":2.4,"ides":4.5,"nfp":0,"nfph":0,"pfph":0,"ncr":0},"geometry":{"type":"Polygon","coordinates":[[[-90.38091257,14.48020792],[-90.38558371,14.47543951],[-90.3914544,14.47570008],[-90.40312642,14.48895831],[-90.41042731,14.45668654],[-90.4160604,14.44488739],[-90.41608838,14.43428681],[-90.42137613,14.43010231],[-90.41940805,14.42694273],[-90.42170516,14.41988777],[-90.4236394,14.41742353],[-90.43038517,14.41794313],[-90.4324024,14.40432648],[-90.45494516,14.40025912],[-90.45489128,14.38702511],[-90.44905779,14.37427312],[-90.45043386,14.36539303],[-90.45944513,14.36453231],[-90.46541054,14.37543808],[-90.46801832,14.39839071],[-90.47759929,14.41045869],[-90.47776657,14.42164339],[-90.47316161,14.44703815],[-90.47869404,14.45245344],[-90.47573619,14.45845302],[-90.48374012,14.460638],[-90.48453515,14.47390724],[-90.48176795,14.49333109],[-90.47359354,14.52155659],[-90.46522827,14.52547955],[-90.450412,14.52291247],[-90.44701159,14.52846619],[-90.44618895,14.53952914],[-90.43367464,14.54331403],[-90.42939499,14.54704085],[-90.42687018,14.54598215],[-90.41645963,14.52906401],[-90.41119777,14.52556304],[-90.39582858,14.52166196],[-90.38873949,14.48982861],[-90.38091257,14.48020792]]]}},{"type":"Feature","properties":{"m":"San Bernardino","d":"Suchitepéquez","cod":1004,"pop":15849,"iv":0.293,"exp":0.057,"sen":0.241,"cap":0.006,"inat":3.9,"isoc":4.6,"ides":5,"nfp":1,"nfph":1,"pfph":1195,"ncr":0},"geometry":{"type":"Polygon","coordinates":[[[-91.44100985,14.53965319],[-91.42863424,14.52162774],[-91.43562044,14.51392494],[-91.44140999,14.51524019],[-91.44436379,14.51118787],[-91.44946853,14.51133577],[-91.45494857,14.51313898],[-91.45582795,14.51752968],[-91.47483461,14.521404],[-91.47651294,14.53883152],[-91.47203305,14.54023273],[-91.46974916,14.54436547],[-91.46435058,14.54197328],[-91.46461391,14.54952235],[-91.46243642,14.55157115],[-91.45467009,14.55321362],[-91.45129336,14.5498967],[-91.44848726,14.54087335],[-91.44100985,14.53965319]]]}},{"type":"Feature","properties":{"m":"Petapa","d":"Guatemala","cod":117,"pop":135447,"iv":0.281,"exp":0.216,"sen":0.085,"cap":0.02,"inat":4.6,"isoc":3,"ides":5.4,"nfp":0,"nfph":0,"pfph":0,"ncr":2},"geometry":{"type":"Polygon","coordinates":[[[-90.53750738,14.53715115],[-90.5399473,14.52650507],[-90.53772884,14.51180788],[-90.54268922,14.49770654],[-90.53782662,14.48517926],[-90.54364008,14.47351808],[-90.54717236,14.4717526],[-90.55632582,14.47822393],[-90.56805331,14.48253642],[-90.56780922,14.48670328],[-90.56532237,14.48453941],[-90.56683292,14.48675663],[-90.57709014,14.4880979],[-90.58028967,14.4980011],[-90.57330543,14.51734862],[-90.56331575,14.52460129],[-90.55657754,14.54437399],[-90.54689755,14.54347546],[-90.53750738,14.53715115]]]}},{"type":"Feature","properties":{"m":"Santa Catarina Mita","d":"Jutiapa","cod":2203,"pop":28983,"iv":0.439,"exp":0.12,"sen":0.342,"cap":0.023,"inat":2.8,"isoc":4.4,"ides":3.5,"nfp":6,"nfph":1,"pfph":0,"ncr":0},"geometry":{"type":"Polygon","coordinates":[[[-89.68328488,14.4241315],[-89.69552438,14.4227268],[-89.69179353,14.41209658],[-89.69700453,14.41242013],[-89.70489019,14.4075952],[-89.71456795,14.40652255],[-89.71731982,14.40093715],[-89.7235779,14.39635288],[-89.73215123,14.39953241],[-89.74860092,14.4009547],[-89.75343626,14.37136919],[-89.77227617,14.36425366],[-89.78532596,14.3648376],[-89.78579681,14.35716469],[-89.80297095,14.3718678],[-89.81096638,14.3755254],[-89.82532028,14.37133133],[-89.82188126,14.37786085],[-89.82763147,14.39562456],[-89.82430717,14.40698182],[-89.81868471,14.40782259],[-89.81705142,14.41055002],[-89.81554702,14.41936045],[-89.82784783,14.41847317],[-89.828677,14.4221548],[-89.83933014,14.42003255],[-89.83620137,14.42951449],[-89.8559707,14.44110902],[-89.85438941,14.46318686],[-89.86342411,14.46250614],[-89.86360534,14.46708662],[-89.85356896,14.48715633],[-89.83955264,14.48966907],[-89.83530749,14.49423837],[-89.84463227,14.50424111],[-89.84420785,14.51211368],[-89.84023831,14.51323405],[-89.8366705,14.51127733],[-89.83367182,14.51305065],[-89.82748354,14.50990828],[-89.82075383,14.5126072],[-89.8225104,14.50837366],[-89.80916811,14.49835849],[-89.80832829,14.49220829],[-89.79994669,14.48872403],[-89.79845746,14.49034366],[-89.7920373,14.4890732],[-89.7957704,14.48358252],[-89.79440633,14.48205716],[-89.7890714,14.48105768],[-89.77588498,14.48432616],[-89.76072885,14.4819913],[-89.75880882,14.48486647],[-89.74769578,14.48569472],[-89.71198463,14.48161875],[-89.70108869,14.49183513],[-89.69114536,14.49739433],[-89.68855195,14.51630707],[-89.68138163,14.52629361],[-89.67314071,14.51352256],[-89.67696261,14.50624923],[-89.67843435,14.49118049],[-89.69259036,14.48670593],[-89.69094546,14.47410851],[-89.68021313,14.47156013],[-89.68328488,14.4241315]]]}},{"type":"Feature","properties":{"m":"San Carlos Alzatate","d":"Jalapa","cod":2105,"pop":18977,"iv":0.596,"exp":0.136,"sen":0.462,"cap":0.003,"inat":6.5,"isoc":6.6,"ides":6.9,"nfp":0,"nfph":0,"pfph":0,"ncr":0},"geometry":{"type":"Polygon","coordinates":[[[-90.03204181,14.43037672],[-90.03193066,14.423251],[-90.05794209,14.42024899],[-90.12154673,14.46460118],[-90.12984705,14.50078178],[-90.12844706,14.51041042],[-90.11777311,14.51837401],[-90.11615276,14.53001039],[-90.09850766,14.52890515],[-90.09681413,14.5274256],[-90.09810717,14.52109819],[-90.08878274,14.52244789],[-90.05582992,14.51933703],[-90.04778464,14.51774119],[-90.0448095,14.51455188],[-90.03468506,14.49399263],[-90.0223195,14.47832105],[-90.02904526,14.47107871],[-90.03394817,14.47155943],[-90.03626233,14.46728535],[-90.03575936,14.46083991],[-90.0397886,14.4555488],[-90.03849534,14.43948779],[-90.03204181,14.43037672]]]}},{"type":"Feature","properties":{"m":"San Miguel Panán","d":"Suchitepéquez","cod":1011,"pop":10320,"iv":0.326,"exp":0.102,"sen":0.255,"cap":0.03,"inat":5.9,"isoc":4.9,"ides":3.9,"nfp":7,"nfph":2,"pfph":78,"ncr":0},"geometry":{"type":"Polygon","coordinates":[[[-91.37696924,14.46977035],[-91.38616254,14.46909244],[-91.38932789,14.47979198],[-91.37938048,14.49203624],[-91.38074393,14.51800065],[-91.37987419,14.52770756],[-91.37650955,14.53280341],[-91.37387122,14.53546387],[-91.3688409,14.5312125],[-91.36120345,14.53020793],[-91.36316047,14.52187243],[-91.35956705,14.51950187],[-91.35405453,14.52220411],[-91.35261698,14.52996132],[-91.34673855,14.53027807],[-91.34780621,14.53502844],[-91.34571928,14.53757946],[-91.32404834,14.53676224],[-91.32560816,14.52738383],[-91.3341761,14.51853317],[-91.33901015,14.50060729],[-91.34639054,14.48912989],[-91.35422614,14.48216775],[-91.36428095,14.47839774],[-91.37696924,14.46977035]]]}},{"type":"Feature","properties":{"m":"Amatitlán","d":"Guatemala","cod":114,"pop":116711,"iv":0.452,"exp":0.281,"sen":0.204,"cap":0.033,"inat":7.7,"isoc":1.3,"ides":2.9,"nfp":0,"nfph":0,"pfph":0,"ncr":0},"geometry":{"type":"Polygon","coordinates":[[[-90.61065922,14.49069223],[-90.61151227,14.48688989],[-90.60665225,14.48147144],[-90.60536598,14.47282705],[-90.5969041,14.47848354],[-90.58779174,14.47075061],[-90.58862377,14.46589016],[-90.58577218,14.46197691],[-90.57741876,14.46537354],[-90.57386126,14.45675316],[-90.56751238,14.45272885],[-90.55851297,14.44034358],[-90.55767994,14.43444429],[-90.55048294,14.42770804],[-90.55099847,14.42504448],[-90.54239943,14.42271827],[-90.5492196,14.4134706],[-90.55013137,14.40377486],[-90.55474135,14.39448781],[-90.59222967,14.38225021],[-90.5997263,14.38878849],[-90.59921337,14.417779],[-90.60132548,14.42148438],[-90.60538154,14.42421116],[-90.62925998,14.42492219],[-90.64318099,14.42813697],[-90.64410871,14.44194823],[-90.64930099,14.45414759],[-90.66132596,14.46493206],[-90.67355401,14.48075513],[-90.67200014,14.49797298],[-90.66477609,14.51266896],[-90.66622531,14.52431821],[-90.66304205,14.52925687],[-90.6433103,14.51969347],[-90.62818682,14.51598916],[-90.62376332,14.51015535],[-90.62224535,14.4983688],[-90.61065922,14.49069223]]]}},{"type":"Feature","properties":{"m":"Santa María de Jesús","d":"Sacatepéquez","cod":311,"pop":21938,"iv":0.16,"exp":0.077,"sen":0.185,"cap":0.103,"inat":5.9,"isoc":2.7,"ides":3.7,"nfp":0,"nfph":0,"pfph":0,"ncr":0},"geometry":{"type":"Polygon","coordinates":[[[-90.66622531,14.52431821],[-90.66477609,14.51266896],[-90.67200014,14.49797298],[-90.67355401,14.48075513],[-90.65983547,14.46360377],[-90.67477553,14.4514348],[-90.66789429,14.43853019],[-90.67338375,14.43074649],[-90.6804131,14.42803293],[-90.69376193,14.43495157],[-90.70754569,14.43457214],[-90.72863975,14.45452999],[-90.73892825,14.46073134],[-90.74676912,14.46184111],[-90.73912922,14.48049266],[-90.72876137,14.49458276],[-90.72835789,14.50800654],[-90.69700948,14.51188762],[-90.69119551,14.51698389],[-90.68821603,14.52529961],[-90.6777511,14.52252403],[-90.66622531,14.52431821]]]}},{"type":"Feature","properties":{"m":"Yepocapa","d":"Chimaltenango","cod":412,"pop":34948,"iv":0.335,"exp":0.109,"sen":0.322,"cap":0.096,"inat":8.5,"isoc":5.4,"ides":5.3,"nfp":0,"nfph":0,"pfph":0,"ncr":0},"geometry":{"type":"Polygon","coordinates":[[[-90.87643948,14.50268753],[-90.88083219,14.47067249],[-90.90836415,14.45915814],[-90.92190351,14.448405],[-90.93759049,14.42588723],[-90.94867839,14.41542016],[-90.95391268,14.40527682],[-90.96856051,14.39353245],[-90.97407146,14.37701995],[-90.97729753,14.37424842],[-90.98229649,14.37314794],[-90.98250534,14.40853429],[-90.98798092,14.4142064],[-90.99037835,14.42085756],[-91.00071696,14.41967232],[-91.0061226,14.42306395],[-91.00353556,14.43067933],[-91.00509083,14.43603891],[-91.00247757,14.43994103],[-91.00436366,14.44284427],[-91.00992426,14.43891282],[-91.01725269,14.42334979],[-91.03288709,14.41054422],[-91.03846985,14.41141868],[-91.0336773,14.42180298],[-91.03406623,14.42793782],[-91.03690942,14.43072004],[-91.04247052,14.42789928],[-91.04851381,14.43211318],[-91.06006873,14.42766625],[-91.08287925,14.40924174],[-91.0901723,14.40986227],[-91.09804046,14.40294334],[-91.10262671,14.4041641],[-91.10187846,14.4163675],[-91.09710392,14.42473825],[-91.09813457,14.43044909],[-91.09337057,14.44895281],[-91.09591464,14.45465444],[-91.09599737,14.46589971],[-91.08916639,14.46830584],[-91.08381553,14.47458836],[-91.06909874,14.46781666],[-91.06106299,14.47068762],[-91.06191146,14.4751804],[-91.05931735,14.48105569],[-91.05107728,14.49211775],[-91.04128367,14.49152005],[-91.03777185,14.49553139],[-91.03830738,14.49864232],[-91.03198586,14.50004324],[-91.02806191,14.50558495],[-91.0194123,14.50485582],[-91.0127583,14.50015238],[-90.99547696,14.50993347],[-90.98842166,14.51703807],[-90.98080076,14.51415992],[-90.97741192,14.51539585],[-90.97736943,14.52223962],[-90.96898445,14.52742418],[-90.9605186,14.52229357],[-90.94783132,14.51988082],[-90.9094157,14.5220208],[-90.89353624,14.51451527],[-90.87643948,14.50268753]]]}},{"type":"Feature","properties":{"m":"San Gabriel","d":"Suchitepéquez","cod":1012,"pop":7383,"iv":0.216,"exp":0.062,"sen":0.164,"cap":0.011,"inat":6.5,"isoc":4.5,"ides":5.8,"nfp":3,"nfph":0,"pfph":0,"ncr":0},"geometry":{"type":"Polygon","coordinates":[[[-91.50407435,14.49788557],[-91.52220582,14.49358708],[-91.52736528,14.49806214],[-91.52358305,14.51579885],[-91.51891591,14.52348417],[-91.50192061,14.51740037],[-91.50215327,14.51014024],[-91.50498532,14.5054027],[-91.50407435,14.49788557]]]}},{"type":"Feature","properties":{"m":"Santo Domingo Suchitepéquez","d":"Suchitepéquez","cod":1006,"pop":42291,"iv":0.455,"exp":0.292,"sen":0.261,"cap":0.098,"inat":6.9,"isoc":4.5,"ides":4,"nfp":64,"nfph":21,"pfph":3419,"ncr":0},"geometry":{"type":"Polygon","coordinates":[[[-91.44436379,14.51118787],[-91.43754245,14.48766123],[-91.44119161,14.47057975],[-91.43919041,14.45121463],[-91.44275463,14.4488633],[-91.45008483,14.45583758],[-91.44856225,14.45912669],[-91.44373413,14.46063818],[-91.44491408,14.47393854],[-91.45573321,14.48500771],[-91.46420515,14.48966621],[-91.47325281,14.45105034],[-91.46896713,14.44585458],[-91.46342568,14.44425818],[-91.46050193,14.43806787],[-91.45185659,14.4351245],[-91.45382243,14.42997965],[-91.45239412,14.42486338],[-91.45860538,14.41815658],[-91.46254548,14.39848329],[-91.46558623,14.3975133],[-91.46071212,14.39402313],[-91.46364061,14.3920864],[-91.46360707,14.38342924],[-91.45565522,14.37312744],[-91.46244866,14.36637558],[-91.46433316,14.35389045],[-91.46893716,14.34935221],[-91.46903542,14.33488271],[-91.47669657,14.32148435],[-91.48098058,14.31975823],[-91.48469948,14.31287508],[-91.48447827,14.30110719],[-91.48608161,14.29673237],[-91.48945568,14.29646118],[-91.48743072,14.28548627],[-91.48182876,14.28274569],[-91.47911986,14.27319116],[-91.47197804,14.26547138],[-91.47290455,14.26138493],[-91.46349468,14.25672027],[-91.44896884,14.25726574],[-91.45126595,14.24989138],[-91.44793606,14.24058342],[-91.44985278,14.22552125],[-91.44536888,14.21555839],[-91.44629358,14.21167541],[-91.45238696,14.20697739],[-91.44802905,14.20404315],[-91.44765924,14.1998467],[-91.45369814,14.19305235],[-91.46098764,14.17618062],[-91.48331247,14.15494438],[-91.48646297,14.14614437],[-91.48674107,14.13333207],[-91.5022679,14.12184675],[-91.50810092,14.10126798],[-91.52349976,14.08811468],[-91.53296977,14.08337375],[-91.52944682,14.07312433],[-91.53732599,14.06195666],[-91.5302784,14.05529031],[-91.53288277,14.04927691],[-91.53859513,14.04436134],[-91.56816928,14.06173132],[-91.56309089,14.07838793],[-91.56217015,14.09446242],[-91.55858701,14.10721028],[-91.54342242,14.13556803],[-91.53437992,14.13885985],[-91.51043446,14.14067751],[-91.50443724,14.14573269],[-91.49433986,14.16182138],[-91.49046376,14.18420606],[-91.49085259,14.19308489],[-91.49774872,14.21037146],[-91.49393756,14.22271633],[-91.49462469,14.23159702],[-91.5119695,14.27099421],[-91.51132067,14.27884852],[-91.51542771,14.28964198],[-91.51430702,14.3239756],[-91.50946067,14.33471299],[-91.51032894,14.3387928],[-91.51956357,14.33886755],[-91.51927957,14.3357021],[-91.52502634,14.33269737],[-91.52809436,14.33465869],[-91.52989119,14.34301406],[-91.52802743,14.34491315],[-91.5217213,14.34189102],[-91.52435079,14.34942227],[-91.51742284,14.35643855],[-91.52065222,14.3637736],[-91.51674943,14.36444972],[-91.51214151,14.36975046],[-91.51687684,14.37158458],[-91.51575176,14.38198034],[-91.518537,14.38735795],[-91.51449332,14.38955618],[-91.5121591,14.39992394],[-91.51009284,14.39948609],[-91.50779062,14.40429161],[-91.50442502,14.4025258],[-91.50246072,14.40470079],[-91.5036168,14.41855243],[-91.50851444,14.4186049],[-91.51043179,14.43214046],[-91.51210642,14.43415768],[-91.51407543,14.43287413],[-91.51503691,14.43570487],[-91.51120047,14.43771784],[-91.51142293,14.44523515],[-91.50697713,14.45365619],[-91.50462726,14.4678132],[-91.50037087,14.47381507],[-91.50075021,14.48061136],[-91.50366091,14.48518326],[-91.50213371,14.49199904],[-91.50407435,14.49788557],[-91.49881137,14.50025068],[-91.49674474,14.50661552],[-91.48784768,14.50236096],[-91.48174332,14.50570999],[-91.47644282,14.50519546],[-91.47366621,14.51986546],[-91.45582795,14.51752968],[-91.45354057,14.51222809],[-91.44436379,14.51118787]]]}},{"type":"Feature","properties":{"m":"Santa Rosa de Lima","d":"Santa Rosa","cod":603,"pop":19702,"iv":0.341,"exp":0.093,"sen":0.264,"cap":0.015,"inat":3.4,"isoc":3.8,"ides":3.4,"nfp":1,"nfph":0,"pfph":0,"ncr":0},"geometry":{"type":"Polygon","coordinates":[[[-90.26667767,14.48080727],[-90.27919177,14.47328265],[-90.27830968,14.4616587],[-90.28162965,14.45773173],[-90.29606013,14.45633531],[-90.29624861,14.45081167],[-90.30250319,14.43672896],[-90.29609628,14.43091632],[-90.29387321,14.39106634],[-90.30150877,14.37928108],[-90.3025957,14.37070096],[-90.30929529,14.36956908],[-90.31211785,14.36613815],[-90.33281723,14.37035928],[-90.33190098,14.37451206],[-90.33816698,14.37655299],[-90.34754993,14.38509198],[-90.35772524,14.40530145],[-90.3686267,14.41738325],[-90.38332501,14.42405752],[-90.39771565,14.42718198],[-90.40743076,14.43318675],[-90.41608838,14.43428681],[-90.4160604,14.44488739],[-90.41042731,14.45668654],[-90.40247493,14.48966813],[-90.39389189,14.47735538],[-90.38938512,14.47491717],[-90.38393151,14.47625107],[-90.3780257,14.48263053],[-90.36986662,14.48483153],[-90.35356335,14.47891353],[-90.34773308,14.47921139],[-90.33235107,14.4932112],[-90.32728173,14.49337712],[-90.32199135,14.48729526],[-90.30550722,14.50361988],[-90.29995106,14.5043509],[-90.2965979,14.50027238],[-90.27572725,14.50304795],[-90.27003609,14.49957314],[-90.2680345,14.49467226],[-90.26667767,14.48080727]]]}},{"type":"Feature","properties":{"m":"Alotenango","d":"Sacatepéquez","cod":314,"pop":23986,"iv":0.239,"exp":0.133,"sen":0.223,"cap":0.117,"inat":8.9,"isoc":3,"ides":4.8,"nfp":2,"nfph":1,"pfph":40,"ncr":0},"geometry":{"type":"Polygon","coordinates":[[[-90.81634187,14.49698233],[-90.80134668,14.49160392],[-90.79742464,14.48675902],[-90.78640065,14.4883643],[-90.77589707,14.48473781],[-90.76121021,14.47096029],[-90.74676912,14.46184111],[-90.76824249,14.45124818],[-90.78065248,14.43971847],[-90.7916863,14.41941262],[-90.80665414,14.39965642],[-90.80896007,14.38950908],[-90.80835459,14.37644436],[-90.81639269,14.38773339],[-90.81775115,14.40455951],[-90.83268943,14.42154239],[-90.83959421,14.43476893],[-90.85859688,14.45477994],[-90.87102755,14.46089042],[-90.88083219,14.47067249],[-90.8756039,14.5041122],[-90.85106961,14.50576383],[-90.83723882,14.49825327],[-90.81634187,14.49698233]]]}},{"type":"Feature","properties":{"m":"San Rafael Las Flores","d":"Santa Rosa","cod":605,"pop":12641,"iv":0.514,"exp":0.13,"sen":0.393,"cap":0.009,"inat":2.3,"isoc":4.7,"ides":5.2,"nfp":1,"nfph":0,"pfph":0,"ncr":0},"geometry":{"type":"Polygon","coordinates":[[[-90.12837985,14.48879241],[-90.12610844,14.4867946],[-90.12154673,14.46460118],[-90.09897176,14.4485933],[-90.1045625,14.43696747],[-90.12152735,14.42046572],[-90.12709958,14.41635878],[-90.15804074,14.4044942],[-90.16139062,14.41546875],[-90.17156458,14.4159285],[-90.19063691,14.41102162],[-90.19232116,14.42623142],[-90.19663976,14.42508266],[-90.19983874,14.42749726],[-90.20354992,14.42378279],[-90.20791289,14.42594577],[-90.21557519,14.44241186],[-90.20844747,14.45584645],[-90.21404778,14.45932135],[-90.22439423,14.45957347],[-90.21887887,14.47349819],[-90.21312612,14.47097104],[-90.20815776,14.471655],[-90.21290574,14.48379079],[-90.20209685,14.48461972],[-90.1884238,14.49071004],[-90.18000228,14.48531292],[-90.1686649,14.48565411],[-90.15971212,14.49041532],[-90.12837985,14.48879241]]]}},{"type":"Feature","properties":{"m":"Casillas","d":"Santa Rosa","cod":604,"pop":24956,"iv":0.544,"exp":0.177,"sen":0.377,"cap":0.01,"inat":3.6,"isoc":3.7,"ides":3.8,"nfp":4,"nfph":2,"pfph":0,"ncr":0},"geometry":{"type":"Polygon","coordinates":[[[-90.21350205,14.48322432],[-90.20815776,14.471655],[-90.21312612,14.47097104],[-90.21887887,14.47349819],[-90.22439423,14.45957347],[-90.21404778,14.45932135],[-90.20844747,14.45584645],[-90.21485119,14.44584685],[-90.21474771,14.43838612],[-90.20518376,14.42411941],[-90.19983874,14.42749726],[-90.19663976,14.42508266],[-90.19135983,14.42529305],[-90.19063691,14.41102162],[-90.17156458,14.4159285],[-90.16139062,14.41546875],[-90.15804074,14.4044942],[-90.12709958,14.41635878],[-90.1045625,14.43696747],[-90.09897176,14.4485933],[-90.05939038,14.42259935],[-90.0591158,14.41611831],[-90.07023977,14.4044314],[-90.07739434,14.38311358],[-90.0784456,14.3645141],[-90.07142327,14.36105074],[-90.06602652,14.33722377],[-90.07997937,14.3396516],[-90.10178191,14.34822815],[-90.11518496,14.35043286],[-90.12821411,14.34888981],[-90.13339301,14.35086387],[-90.13508282,14.34629053],[-90.13177004,14.33804173],[-90.13384305,14.33173441],[-90.18578138,14.33419888],[-90.18810485,14.30185298],[-90.19138496,14.29411394],[-90.19603889,14.29222355],[-90.20838641,14.29902562],[-90.20625147,14.30829249],[-90.21051778,14.32682835],[-90.21716326,14.34212134],[-90.21944015,14.36892102],[-90.22624506,14.37009154],[-90.23082131,14.37928592],[-90.23752119,14.38474761],[-90.24319138,14.38329635],[-90.24068583,14.3963687],[-90.24263166,14.40543178],[-90.25149327,14.40926441],[-90.27121538,14.40988276],[-90.27624311,14.40591339],[-90.28261857,14.40791308],[-90.28110489,14.41418581],[-90.26010883,14.4205548],[-90.2568783,14.4508598],[-90.25242591,14.45489509],[-90.24642473,14.45606804],[-90.25131642,14.47297871],[-90.24102054,14.46715866],[-90.23846484,14.46960918],[-90.23681906,14.48428666],[-90.21350205,14.48322432]]]}},{"type":"Feature","properties":{"m":"Nueva Santa Rosa","d":"Santa Rosa","cod":614,"pop":36454,"iv":0.437,"exp":0.106,"sen":0.338,"cap":0.006,"inat":3.1,"isoc":4.1,"ides":3.8,"nfp":3,"nfph":1,"pfph":0,"ncr":0},"geometry":{"type":"Polygon","coordinates":[[[-90.25131642,14.47297871],[-90.24642473,14.45606804],[-90.25242591,14.45489509],[-90.2568783,14.4508598],[-90.26010883,14.4205548],[-90.28110489,14.41418581],[-90.28261857,14.40791308],[-90.27624311,14.40591339],[-90.27121538,14.40988276],[-90.25149327,14.40926441],[-90.24263166,14.40543178],[-90.24068583,14.3963687],[-90.24319138,14.38329635],[-90.23752119,14.38474761],[-90.23082131,14.37928592],[-90.22624506,14.37009154],[-90.21944015,14.36892102],[-90.21716326,14.34212134],[-90.2143965,14.33403428],[-90.22223908,14.32956379],[-90.23791257,14.30541441],[-90.24182032,14.30375831],[-90.26002247,14.30720256],[-90.27036786,14.30081471],[-90.27662266,14.30047999],[-90.29247451,14.30787946],[-90.30033581,14.30670432],[-90.30252455,14.31191859],[-90.30229939,14.32291134],[-90.30598313,14.3265878],[-90.33994566,14.33827254],[-90.33281723,14.37035928],[-90.31059759,14.36667641],[-90.30929529,14.36956908],[-90.3025957,14.37070096],[-90.30150877,14.37928108],[-90.29439554,14.38929511],[-90.29609628,14.43091632],[-90.30250319,14.43672896],[-90.29624861,14.45081167],[-90.29606013,14.45633531],[-90.28162965,14.45773173],[-90.27830968,14.4616587],[-90.27919177,14.47328265],[-90.26667767,14.48080727],[-90.25451779,14.47634234],[-90.25131642,14.47297871]]]}},{"type":"Feature","properties":{"m":"San José El Ídolo","d":"Suchitepéquez","cod":1005,"pop":10212,"iv":0.375,"exp":0.159,"sen":0.23,"cap":0.014,"inat":5.7,"isoc":4.8,"ides":4.5,"nfp":29,"nfph":7,"pfph":317,"ncr":0},"geometry":{"type":"Polygon","coordinates":[[[-91.43833187,14.47784257],[-91.43251831,14.47595548],[-91.43370703,14.46997867],[-91.42824149,14.45953083],[-91.42482893,14.46253032],[-91.42382504,14.46890939],[-91.42138692,14.46377605],[-91.41672665,14.46234715],[-91.41692343,14.45363413],[-91.40660137,14.45228894],[-91.40329213,14.45955274],[-91.39184387,14.46042047],[-91.38616254,14.46909244],[-91.37696924,14.46977035],[-91.37367976,14.46292135],[-91.37390903,14.45690559],[-91.38346242,14.44130203],[-91.39561276,14.43065404],[-91.39351242,14.42543805],[-91.39718269,14.42073472],[-91.40165318,14.40367421],[-91.39709678,14.389185],[-91.40264855,14.38122905],[-91.40131692,14.37347058],[-91.40931236,14.36641668],[-91.41435058,14.35602775],[-91.41483211,14.34383666],[-91.42314666,14.3351765],[-91.42237082,14.32424014],[-91.41106654,14.28995782],[-91.42797487,14.28279164],[-91.43498642,14.32037707],[-91.43835952,14.32172006],[-91.44552999,14.31918539],[-91.44939524,14.31205981],[-91.4598466,14.30971666],[-91.4596713,14.30585479],[-91.46397421,14.30020733],[-91.46040993,14.29318027],[-91.45421851,14.29136286],[-91.45378691,14.28110319],[-91.46139528,14.26871833],[-91.45399745,14.26739822],[-91.44930017,14.25794016],[-91.46207251,14.25649191],[-91.47290455,14.26138493],[-91.47197804,14.26547138],[-91.47911986,14.27319116],[-91.48182876,14.28274569],[-91.48743072,14.28548627],[-91.48945568,14.29646118],[-91.48608161,14.29673237],[-91.48447827,14.30110719],[-91.48469948,14.31287508],[-91.48098058,14.31975823],[-91.47669657,14.32148435],[-91.46903542,14.33488271],[-91.46893716,14.34935221],[-91.46433316,14.35389045],[-91.46244866,14.36637558],[-91.45565522,14.37312744],[-91.46360707,14.38342924],[-91.46364061,14.3920864],[-91.46071212,14.39402313],[-91.46558623,14.3975133],[-91.46254548,14.39848329],[-91.45860538,14.41815658],[-91.45239412,14.42486338],[-91.45382243,14.42997965],[-91.45185659,14.4351245],[-91.46050193,14.43806787],[-91.46342568,14.44425818],[-91.46896713,14.44585458],[-91.47325281,14.45105034],[-91.46420515,14.48966621],[-91.45573321,14.48500771],[-91.44491408,14.47393854],[-91.44373413,14.46063818],[-91.44856225,14.45912669],[-91.45008483,14.45583758],[-91.44173257,14.44845206],[-91.43919041,14.45121463],[-91.44119161,14.47057975],[-91.43833187,14.47784257]]]}},{"type":"Feature","properties":{"m":"El Progreso","d":"Jutiapa","cod":2202,"pop":22114,"iv":0.325,"exp":0.064,"sen":0.266,"cap":0.006,"inat":3.2,"isoc":3.8,"ides":2.5,"nfp":0,"nfph":0,"pfph":0,"ncr":0},"geometry":{"type":"Polygon","coordinates":[[[-89.79457515,14.36496645],[-89.81782825,14.34991221],[-89.8233499,14.3438824],[-89.81872914,14.32258881],[-89.82125711,14.31088889],[-89.81608416,14.3053929],[-89.82425876,14.30296955],[-89.83105429,14.29632424],[-89.83983701,14.29499756],[-89.84324618,14.29910507],[-89.86226586,14.30877051],[-89.87183959,14.32015139],[-89.87223927,14.35811927],[-89.88551188,14.38544047],[-89.86868852,14.39441729],[-89.86752772,14.39727337],[-89.88215507,14.42379243],[-89.8930221,14.43292634],[-89.88953029,14.45872391],[-89.87904614,14.4670178],[-89.86891605,14.46459408],[-89.86360534,14.46708662],[-89.86342411,14.46250614],[-89.85438941,14.46318686],[-89.8559707,14.44110902],[-89.83620137,14.42951449],[-89.83933014,14.42003255],[-89.828677,14.4221548],[-89.82784783,14.41847317],[-89.81554702,14.41936045],[-89.81705142,14.41055002],[-89.81868471,14.40782259],[-89.82430717,14.40698182],[-89.82763147,14.39562456],[-89.82188126,14.37786085],[-89.82532028,14.37133133],[-89.81096638,14.3755254],[-89.79457515,14.36496645]]]}},{"type":"Feature","properties":{"m":"Río Bravo","d":"Suchitepéquez","cod":1020,"pop":27606,"iv":0.352,"exp":0.13,"sen":0.234,"cap":0.012,"inat":7.5,"isoc":5.1,"ides":6.3,"nfp":18,"nfph":7,"pfph":6654,"ncr":0},"geometry":{"type":"Polygon","coordinates":[[[-91.25318409,14.36519108],[-91.25358205,14.3538513],[-91.25975425,14.35081473],[-91.26609783,14.33760574],[-91.28112567,14.34011925],[-91.27999199,14.33287938],[-91.28390874,14.33162997],[-91.29698678,14.33439271],[-91.31232503,14.32085787],[-91.3221444,14.32810162],[-91.3255199,14.33511209],[-91.35656409,14.31896274],[-91.36369109,14.33457171],[-91.36921249,14.33436229],[-91.36354605,14.31629826],[-91.36859837,14.31062405],[-91.38097675,14.30952804],[-91.3962842,14.29715737],[-91.41106654,14.28995782],[-91.42341952,14.33145211],[-91.4194895,14.33185982],[-91.41032627,14.32536647],[-91.39961704,14.33190064],[-91.39404924,14.34001247],[-91.38856865,14.34008151],[-91.38576084,14.34266778],[-91.38405678,14.35971194],[-91.37513497,14.36482773],[-91.37459198,14.37565892],[-91.37153849,14.38063395],[-91.3737927,14.39041894],[-91.37138417,14.40024301],[-91.36293142,14.40673521],[-91.35881235,14.4152129],[-91.36091612,14.42791972],[-91.35874237,14.43015178],[-91.34591646,14.4316823],[-91.34553856,14.43991585],[-91.34762504,14.4428623],[-91.33860104,14.45196031],[-91.33471149,14.47457713],[-91.32537095,14.48094716],[-91.30459646,14.46827138],[-91.29519045,14.47981627],[-91.28824604,14.47446949],[-91.29155554,14.46691736],[-91.30037613,14.45812725],[-91.30086603,14.45125388],[-91.29868823,14.44972314],[-91.29028773,14.44720508],[-91.28569944,14.44988543],[-91.28250599,14.44657004],[-91.28406367,14.44352878],[-91.28882296,14.44454741],[-91.29091135,14.44122298],[-91.29620594,14.4050748],[-91.29921136,14.39897761],[-91.29892079,14.37864637],[-91.28795431,14.37753806],[-91.27811541,14.38319457],[-91.26662443,14.37186843],[-91.25318409,14.36519108]]]}},{"type":"Feature","properties":{"m":"Jutiapa","d":"Jutiapa","cod":2201,"pop":145880,"iv":0.377,"exp":0.093,"sen":0.287,"cap":0.003,"inat":5.1,"isoc":4.1,"ides":2.5,"nfp":7,"nfph":2,"pfph":23,"ncr":0},"geometry":{"type":"Polygon","coordinates":[[[-89.93396235,14.46165843],[-89.88215507,14.42379243],[-89.86752772,14.39727337],[-89.86868852,14.39441729],[-89.88551188,14.38544047],[-89.87223927,14.35811927],[-89.87183959,14.32015139],[-89.86226586,14.30877051],[-89.84324618,14.29910507],[-89.83983701,14.29499756],[-89.83105429,14.29632424],[-89.82425876,14.30296955],[-89.81608416,14.3053929],[-89.82125711,14.31088889],[-89.81872914,14.32258881],[-89.8233499,14.3438824],[-89.81782825,14.34991221],[-89.79457515,14.36496645],[-89.78579681,14.35716469],[-89.78664226,14.33568332],[-89.79782104,14.3059702],[-89.78766544,14.30406561],[-89.78403234,14.29071985],[-89.77268348,14.27318052],[-89.78695362,14.23673633],[-89.78812232,14.23485253],[-89.7976535,14.23659801],[-89.80014192,14.23404788],[-89.80994567,14.22134041],[-89.81657034,14.20381453],[-89.82284143,14.19815064],[-89.82919753,14.20015039],[-89.84485277,14.1894676],[-89.85831786,14.18885462],[-89.8657686,14.19085987],[-89.87312566,14.18807218],[-89.87960394,14.18849083],[-89.90266818,14.15936222],[-89.91033174,14.17685782],[-89.90904491,14.18127844],[-89.92138439,14.19252322],[-89.9214072,14.1961853],[-89.92602355,14.1970969],[-89.93396501,14.20653059],[-89.94210069,14.20487836],[-89.94674828,14.19705866],[-89.95057569,14.19512189],[-89.9492143,14.18800543],[-89.95185891,14.18127977],[-89.9568593,14.18318899],[-89.96251335,14.19187937],[-89.96161085,14.19938137],[-89.97114541,14.19844796],[-89.97363994,14.18809537],[-89.98080199,14.18813502],[-89.98886476,14.1649608],[-89.99710935,14.16744047],[-90.01587229,14.16791863],[-90.02314531,14.17290278],[-90.02400933,14.1762471],[-90.0207847,14.18258181],[-90.0193967,14.19656601],[-90.01504136,14.20525709],[-90.02840792,14.20718803],[-90.03254555,14.21529291],[-90.02196721,14.22785441],[-90.01854457,14.22838404],[-90.01529166,14.2247152],[-89.99989133,14.22622906],[-89.99732531,14.22976286],[-89.9988104,14.23700622],[-89.99210391,14.25529267],[-89.98525957,14.25700218],[-89.98081726,14.25441508],[-89.97712094,14.25621388],[-89.98235307,14.26358829],[-89.97796093,14.27662371],[-89.9922833,14.29602374],[-90.00059611,14.28659109],[-90.02259656,14.28748612],[-90.03103376,14.29117804],[-90.03693491,14.31053979],[-90.03031206,14.33113927],[-90.02226402,14.33728441],[-90.02337336,14.34262096],[-90.05119276,14.33676091],[-90.06602652,14.33722377],[-90.07142327,14.36105074],[-90.0784456,14.3645141],[-90.07696324,14.38687205],[-90.07023977,14.4044314],[-90.06705628,14.40970902],[-90.06132245,14.41270718],[-90.05794209,14.42024899],[-90.03193066,14.423251],[-90.03204181,14.43037672],[-90.02323173,14.43620344],[-89.99130662,14.44087656],[-89.98413809,14.44569755],[-89.98136249,14.45476031],[-89.94023623,14.46246255],[-89.93396235,14.46165843]]]}},{"type":"Feature","properties":{"m":"San Juan Bautista","d":"Suchitepéquez","cod":1016,"pop":7826,"iv":0.308,"exp":0.146,"sen":0.197,"cap":0.036,"inat":3.4,"isoc":5.5,"ides":7.4,"nfp":5,"nfph":1,"pfph":54,"ncr":0},"geometry":{"type":"Polygon","coordinates":[[[-91.24339398,14.40395026],[-91.24106097,14.41227604],[-91.22135888,14.42469557],[-91.21206641,14.43667158],[-91.20638666,14.43711873],[-91.20740885,14.44409801],[-91.20250807,14.4498663],[-91.20731443,14.46353977],[-91.20639863,14.46677734],[-91.1940594,14.4642586],[-91.18242238,14.45712077],[-91.17744751,14.45842892],[-91.17716178,14.46531676],[-91.17241352,14.46766812],[-91.17078767,14.47415915],[-91.16368516,14.46809722],[-91.1624044,14.4625585],[-91.16741361,14.46167572],[-91.17039608,14.45444287],[-91.17667599,14.45416284],[-91.18000634,14.44715167],[-91.1611351,14.43341489],[-91.18285858,14.4163078],[-91.20119834,14.39263603],[-91.21101708,14.39762259],[-91.24339398,14.40395026]]]}},{"type":"Feature","properties":{"m":"Escuintla","d":"Escuintla","cod":501,"pop":156313,"iv":0.135,"exp":0.1,"sen":0.126,"cap":0.092,"inat":8.4,"isoc":2.2,"ides":2.8,"nfp":23,"nfph":14,"pfph":4103,"ncr":0},"geometry":{"type":"Polygon","coordinates":[[[-90.74676912,14.46184111],[-90.74307233,14.45954004],[-90.74173448,14.45400654],[-90.73820739,14.41789182],[-90.74878178,14.38797801],[-90.74919414,14.38041579],[-90.75376054,14.3766315],[-90.76192484,14.36242805],[-90.76386202,14.34702249],[-90.75694406,14.34231508],[-90.74965618,14.34307278],[-90.75043216,14.33264178],[-90.73605027,14.33192784],[-90.72793205,14.33517077],[-90.72476378,14.33213273],[-90.72399195,14.32516351],[-90.71853738,14.32859204],[-90.71845227,14.33666211],[-90.72275824,14.34415547],[-90.7202774,14.34690663],[-90.71125537,14.35403217],[-90.69916088,14.3496594],[-90.71625791,14.3230235],[-90.68492935,14.32991776],[-90.68330306,14.31631742],[-90.69240157,14.31442275],[-90.69276305,14.3122578],[-90.6902781,14.29468149],[-90.68458489,14.29250059],[-90.68397627,14.28933458],[-90.68953971,14.28635283],[-90.68917937,14.27922161],[-90.69323229,14.27084565],[-90.70973449,14.2534265],[-90.68603581,14.25108571],[-90.66377264,14.25987333],[-90.66638654,14.24773759],[-90.6752758,14.22851157],[-90.67670165,14.2078844],[-90.66794555,14.18428389],[-90.65539223,14.16366281],[-90.6587527,14.16148653],[-90.6730961,14.16085585],[-90.68300564,14.16383968],[-90.68068263,14.15630888],[-90.68505066,14.1553007],[-90.68671983,14.14665415],[-90.71665203,14.14918487],[-90.73633802,14.15571996],[-90.7523761,14.15697307],[-90.76180485,14.17165057],[-90.77305104,14.18349057],[-90.76900978,14.18815158],[-90.76623727,14.20602559],[-90.78195368,14.21491176],[-90.7798006,14.22132755],[-90.78166133,14.23715753],[-90.78491066,14.24141535],[-90.79658859,14.24369659],[-90.81931688,14.24425101],[-90.82241541,14.24156397],[-90.82522177,14.23285847],[-90.83335977,14.22642645],[-90.83595227,14.22047369],[-90.84360898,14.21508279],[-90.85334246,14.2027614],[-90.8919651,14.18129538],[-90.89418735,14.18718861],[-90.88812024,14.19042558],[-90.88551332,14.1987443],[-90.88665894,14.20804158],[-90.89086364,14.21104829],[-90.88978521,14.21640188],[-90.89170873,14.22149732],[-90.88622676,14.22975333],[-90.88737852,14.23502947],[-90.89999106,14.25910538],[-90.89901983,14.26543136],[-90.90094083,14.26853762],[-90.90902183,14.27527308],[-90.91881742,14.27603549],[-90.92563541,14.28304522],[-90.92263576,14.29298409],[-90.91258665,14.29601483],[-90.9167313,14.30360342],[-90.91626708,14.31330792],[-90.90751243,14.31280062],[-90.90528734,14.31646222],[-90.88952329,14.31748272],[-90.88023994,14.32541749],[-90.88170477,14.34262776],[-90.89013014,14.35427502],[-90.89254173,14.3729034],[-90.89850609,14.38345103],[-90.89942561,14.3915648],[-90.8953209,14.39795424],[-90.88819518,14.42214402],[-90.88517141,14.46978307],[-90.88083219,14.47067249],[-90.87102755,14.46089042],[-90.85859688,14.45477994],[-90.85349439,14.44778587],[-90.84548383,14.44233516],[-90.83268943,14.42154239],[-90.81775115,14.40455951],[-90.81639269,14.38773339],[-90.80835459,14.37644436],[-90.80896007,14.38950908],[-90.80665414,14.39965642],[-90.7916863,14.41941262],[-90.78065248,14.43971847],[-90.76824249,14.45124818],[-90.74676912,14.46184111]]]}},{"type":"Feature","properties":{"m":"Siquinalá","d":"Escuintla","cod":504,"pop":22968,"iv":0.198,"exp":0.074,"sen":0.192,"cap":0.068,"inat":7.5,"isoc":2.2,"ides":1.7,"nfp":4,"nfph":0,"pfph":0,"ncr":0},"geometry":{"type":"Polygon","coordinates":[[[-90.90338597,14.27057879],[-90.91366361,14.25549336],[-90.91580567,14.25800165],[-90.92533304,14.2569292],[-90.92722099,14.25823898],[-90.92973533,14.27541903],[-90.93158751,14.27590728],[-90.93411455,14.27059875],[-90.9437635,14.26537772],[-90.94631096,14.25840644],[-90.95144375,14.25771863],[-90.95452277,14.26053628],[-90.95397342,14.26654549],[-90.95736512,14.26867675],[-90.9590831,14.27371702],[-90.98327089,14.27761122],[-90.98505461,14.27273174],[-90.9950119,14.27485132],[-91.00551553,14.28756074],[-91.01902243,14.31512457],[-91.00867195,14.32661434],[-91.00117263,14.3289122],[-91.00210221,14.33291998],[-90.98558019,14.35401679],[-90.98229649,14.37314794],[-90.97407146,14.37701995],[-90.96856051,14.39353245],[-90.95391268,14.40527682],[-90.94867839,14.41542016],[-90.93759049,14.42588723],[-90.92190351,14.448405],[-90.90836415,14.45915814],[-90.88517141,14.46978307],[-90.88819518,14.42214402],[-90.8953209,14.39795424],[-90.89942561,14.3915648],[-90.89850609,14.38345103],[-90.89254173,14.3729034],[-90.89013014,14.35427502],[-90.88170477,14.34262776],[-90.88023994,14.32541749],[-90.88952329,14.31748272],[-90.90528734,14.31646222],[-90.90751243,14.31280062],[-90.91626708,14.31330792],[-90.9167313,14.30360342],[-90.91258665,14.29601483],[-90.92263576,14.29298409],[-90.92563541,14.28304522],[-90.91881742,14.27603549],[-90.90902183,14.27527308],[-90.90338597,14.27057879]]]}},{"type":"Feature","properties":{"m":"Palín","d":"Escuintla","cod":511,"pop":65873,"iv":0.099,"exp":0.132,"sen":0.123,"cap":0.156,"inat":9.1,"isoc":2,"ides":2.7,"nfp":8,"nfph":6,"pfph":5276,"ncr":0},"geometry":{"type":"Polygon","coordinates":[[[-90.65983547,14.46360377],[-90.64930099,14.45414759],[-90.64410871,14.44194823],[-90.64318099,14.42813697],[-90.64516272,14.42161886],[-90.65825425,14.40502533],[-90.65866607,14.40237086],[-90.65067044,14.39949739],[-90.65072475,14.38267589],[-90.6595587,14.37619838],[-90.65586927,14.36969616],[-90.66917738,14.36203028],[-90.68456412,14.36196664],[-90.69116645,14.35411848],[-90.69916088,14.3496594],[-90.71125537,14.35403217],[-90.72275824,14.34415547],[-90.71845227,14.33666211],[-90.71853738,14.32859204],[-90.72125431,14.3254964],[-90.72501525,14.3255754],[-90.72476378,14.33213273],[-90.72793205,14.33517077],[-90.73605027,14.33192784],[-90.75043216,14.33264178],[-90.74965618,14.34307278],[-90.75901062,14.34296937],[-90.76421077,14.34970259],[-90.76033827,14.36637743],[-90.74919414,14.38041579],[-90.74878178,14.38797801],[-90.73820739,14.41789182],[-90.74173448,14.45400654],[-90.74307233,14.45954004],[-90.74676912,14.46184111],[-90.73892825,14.46073134],[-90.72863975,14.45452999],[-90.70754569,14.43457214],[-90.69376193,14.43495157],[-90.6804131,14.42803293],[-90.66808703,14.43582609],[-90.67477553,14.4514348],[-90.65983547,14.46360377]]]}},{"type":"Feature","properties":{"m":"Asunción Mita","d":"Jutiapa","cod":2205,"pop":48297,"iv":0.542,"exp":0.249,"sen":0.294,"cap":0.0,"inat":3.2,"isoc":4.2,"ides":3.6,"nfp":64,"nfph":17,"pfph":2101,"ncr":0},"geometry":{"type":"Polygon","coordinates":[[[-89.57684658,14.37629228],[-89.57608196,14.36744218],[-89.56750483,14.35942455],[-89.5644981,14.35128449],[-89.57470124,14.35176743],[-89.58035729,14.34715148],[-89.58427707,14.34806114],[-89.58830787,14.34485576],[-89.59259421,14.31148248],[-89.58895247,14.3108953],[-89.58170805,14.31620313],[-89.56369051,14.31440942],[-89.55968681,14.3118012],[-89.56020971,14.30904076],[-89.5573656,14.30791739],[-89.55544158,14.3027676],[-89.54555616,14.29513481],[-89.54447361,14.29052082],[-89.5502834,14.27144249],[-89.5447892,14.26557181],[-89.54429547,14.26718278],[-89.54240551,14.26597052],[-89.52210926,14.24142706],[-89.52321217,14.23671633],[-89.51875473,14.234583],[-89.52359478,14.22695233],[-89.52967864,14.22442636],[-89.52203345,14.22436363],[-89.52524268,14.21945899],[-89.53742752,14.21715687],[-89.54291305,14.22128167],[-89.54829133,14.22155356],[-89.55812349,14.20985154],[-89.56858407,14.20833302],[-89.58257418,14.20224462],[-89.62797607,14.20448383],[-89.66559066,14.18548097],[-89.67351609,14.19401923],[-89.69015285,14.20395223],[-89.69035216,14.20651344],[-89.68724253,14.20818577],[-89.6880662,14.21060892],[-89.698098,14.21733519],[-89.70526575,14.21748495],[-89.71150345,14.21235121],[-89.73002011,14.21537378],[-89.74100354,14.22097392],[-89.78812232,14.23485253],[-89.77268348,14.27318052],[-89.78403234,14.29071985],[-89.78766544,14.30406561],[-89.79782104,14.3059702],[-89.78664226,14.33568332],[-89.78532596,14.3648376],[-89.77227617,14.36425366],[-89.75343626,14.37136919],[-89.74860092,14.4009547],[-89.73215123,14.39953241],[-89.7235779,14.39635288],[-89.71731982,14.40093715],[-89.71456795,14.40652255],[-89.70489019,14.4075952],[-89.69700453,14.41242013],[-89.69179353,14.41209658],[-89.69552438,14.4227268],[-89.68328488,14.4241315],[-89.65438318,14.41953068],[-89.65127898,14.42668424],[-89.64551269,14.43038047],[-89.63839699,14.43058263],[-89.62856064,14.4251811],[-89.61677933,14.42359268],[-89.63062943,14.41204349],[-89.63602004,14.38504106],[-89.63625773,14.37616544],[-89.62918393,14.37242081],[-89.62500757,14.36430048],[-89.61717142,14.36421906],[-89.59041609,14.37185832],[-89.58344471,14.37630308],[-89.57684658,14.37629228]]]}},{"type":"Feature","properties":{"m":"Santa Lucía Cotzumalguapa","d":"Escuintla","cod":502,"pop":112780,"iv":0.249,"exp":0.086,"sen":0.171,"cap":0.009,"inat":5.8,"isoc":2.9,"ides":3.8,"nfp":20,"nfph":11,"pfph":6349,"ncr":0},"geometry":{"type":"Polygon","coordinates":[[[-90.98229649,14.37314794],[-90.98707332,14.35094905],[-90.9914158,14.34888822],[-91.00210221,14.33291998],[-91.00117263,14.3289122],[-91.00867195,14.32661434],[-91.01902243,14.31512457],[-91.00551553,14.28756074],[-90.99273294,14.27368331],[-90.98573175,14.25361773],[-90.98528091,14.24282503],[-90.98096773,14.23303555],[-90.98318861,14.20309142],[-90.98726132,14.19400634],[-90.98530668,14.18597078],[-90.987008,14.18158636],[-90.98963113,14.18399865],[-91.0509991,14.19504094],[-91.05257347,14.18810525],[-91.05992968,14.17650122],[-91.06148547,14.16535841],[-91.077424,14.16656327],[-91.10397943,14.14576024],[-91.15179069,14.17948999],[-91.1549991,14.17133671],[-91.16116121,14.17391236],[-91.17393453,14.16865058],[-91.17118827,14.17578871],[-91.17490808,14.17888201],[-91.17443493,14.19719462],[-91.17672505,14.20150842],[-91.17893817,14.20134113],[-91.1804074,14.20934624],[-91.17793094,14.21100729],[-91.17289314,14.20923925],[-91.16905033,14.21361125],[-91.1708585,14.22630168],[-91.16732531,14.22785056],[-91.16471453,14.22595744],[-91.15363086,14.23528253],[-91.15481916,14.2436188],[-91.15054688,14.24954831],[-91.15498276,14.26089103],[-91.15166231,14.27299043],[-91.15471989,14.27916313],[-91.15470115,14.28615247],[-91.15198223,14.28822245],[-91.14904735,14.28560133],[-91.14505393,14.2883301],[-91.14703872,14.30001988],[-91.14533613,14.30964406],[-91.14089623,14.31257821],[-91.14195687,14.31631111],[-91.13865531,14.31816507],[-91.13903862,14.32247446],[-91.13702444,14.32050317],[-91.13009965,14.32321987],[-91.12647402,14.33352227],[-91.12937097,14.33955957],[-91.12545311,14.35736069],[-91.13419437,14.36483591],[-91.13104437,14.37247938],[-91.13497005,14.3725431],[-91.13647829,14.37911733],[-91.13461423,14.3826058],[-91.12930966,14.38242834],[-91.12271268,14.38984099],[-91.1227805,14.39566163],[-91.11556348,14.40665353],[-91.10187846,14.4163675],[-91.10262671,14.4041641],[-91.09804046,14.40294334],[-91.0901723,14.40986227],[-91.08287925,14.40924174],[-91.06006873,14.42766625],[-91.04851381,14.43211318],[-91.04247052,14.42789928],[-91.03690942,14.43072004],[-91.03406623,14.42793782],[-91.0336773,14.42180298],[-91.03846985,14.41141868],[-91.03288709,14.41054422],[-91.01725269,14.42334979],[-91.00992426,14.43891282],[-91.00436366,14.44284427],[-91.00247757,14.43994103],[-91.00509083,14.43603891],[-91.00353556,14.43067933],[-91.0061226,14.42306395],[-91.00071696,14.41967232],[-90.99037835,14.42085756],[-90.98798092,14.4142064],[-90.98250534,14.40853429],[-90.98229649,14.37314794]]]}},{"type":"Feature","properties":{"m":"Santa Cruz Naranjo","d":"Santa Rosa","cod":612,"pop":16385,"iv":0.362,"exp":0.081,"sen":0.285,"cap":0.004,"inat":2.8,"isoc":3.8,"ides":3.5,"nfp":0,"nfph":0,"pfph":0,"ncr":0},"geometry":{"type":"Polygon","coordinates":[[[-90.33190098,14.37451206],[-90.33994566,14.33827254],[-90.35201524,14.3392432],[-90.3636147,14.33249812],[-90.37411007,14.33921226],[-90.37739119,14.33900694],[-90.38889022,14.33363586],[-90.39396504,14.340661],[-90.39865583,14.34124775],[-90.4016859,14.35066456],[-90.39872748,14.35394852],[-90.38133405,14.35918709],[-90.38361453,14.36552439],[-90.38962106,14.37663521],[-90.40809429,14.39579412],[-90.40662697,14.40477541],[-90.41431843,14.41070108],[-90.4204815,14.40887711],[-90.4225388,14.41071647],[-90.43186447,14.41053129],[-90.43038517,14.41794313],[-90.4236394,14.41742353],[-90.41950938,14.42558993],[-90.42137613,14.43010231],[-90.41608838,14.43428681],[-90.40743076,14.43318675],[-90.39771565,14.42718198],[-90.38332501,14.42405752],[-90.3686267,14.41738325],[-90.35772524,14.40530145],[-90.34754993,14.38509198],[-90.33816698,14.37655299],[-90.33190098,14.37451206]]]}},{"type":"Feature","properties":{"m":"San Vicente Pacaya","d":"Escuintla","cod":512,"pop":16705,"iv":0.285,"exp":0.107,"sen":0.306,"cap":0.127,"inat":8.4,"isoc":2.3,"ides":2.1,"nfp":1,"nfph":1,"pfph":54,"ncr":0},"geometry":{"type":"Polygon","coordinates":[[[-90.59921337,14.417779],[-90.59855127,14.36218176],[-90.61444415,14.33345922],[-90.61259507,14.3238671],[-90.60481715,14.31368109],[-90.60495667,14.30292432],[-90.60131813,14.29857917],[-90.60383058,14.28951551],[-90.60929235,14.28285871],[-90.61062541,14.26610456],[-90.61658881,14.26055363],[-90.62928335,14.25534622],[-90.63704558,14.25633807],[-90.6371645,14.26248192],[-90.64414541,14.25968467],[-90.65815581,14.26459215],[-90.66377264,14.25987333],[-90.68603581,14.25108571],[-90.70973449,14.2534265],[-90.69323229,14.27084565],[-90.68917937,14.27922161],[-90.68953971,14.28635283],[-90.68397627,14.28933458],[-90.68458489,14.29250059],[-90.6902781,14.29468149],[-90.69276305,14.3122578],[-90.69240157,14.31442275],[-90.68330306,14.31631742],[-90.68492935,14.32991776],[-90.71526636,14.3222245],[-90.71599648,14.3239042],[-90.70642179,14.3364851],[-90.70292529,14.34596659],[-90.69726273,14.35204097],[-90.69116645,14.35411848],[-90.68684903,14.36046879],[-90.66917738,14.36203028],[-90.65586927,14.36969616],[-90.6595587,14.37619838],[-90.65072475,14.38267589],[-90.65067044,14.39949739],[-90.65866607,14.40237086],[-90.65825425,14.40502533],[-90.64516272,14.42161886],[-90.64318099,14.42813697],[-90.62925998,14.42492219],[-90.60538154,14.42421116],[-90.60132548,14.42148438],[-90.59921337,14.417779]]]}},{"type":"Feature","properties":{"m":"Champerico","d":"Retalhuleu","cod":1107,"pop":32815,"iv":0.484,"exp":0.335,"sen":0.216,"cap":0.066,"inat":7.8,"isoc":3.7,"ides":3.7,"nfp":45,"nfph":13,"pfph":1533,"ncr":0},"geometry":{"type":"Polygon","coordinates":[[[-91.83107823,14.23207585],[-91.94913402,14.31859111],[-92.00143449,14.36343623],[-92.03805662,14.39093669],[-92.03761125,14.39368548],[-92.04499925,14.40255939],[-92.03014748,14.40518169],[-92.01679067,14.400752],[-92.00988381,14.40346131],[-92.00343873,14.40279799],[-91.99643298,14.40800277],[-91.98348487,14.40882772],[-91.96508381,14.40565826],[-91.95969038,14.40838511],[-91.9534713,14.40353234],[-91.94484639,14.4123377],[-91.93257838,14.41052988],[-91.92964692,14.41305467],[-91.92991608,14.41605614],[-91.92514952,14.41740409],[-91.92024651,14.41312827],[-91.91745126,14.41670559],[-91.89024771,14.41756579],[-91.88395399,14.42577511],[-91.87541364,14.42581931],[-91.86614335,14.42908362],[-91.86084514,14.42769869],[-91.85675812,14.43232892],[-91.84892675,14.42997657],[-91.84175755,14.43537568],[-91.83212709,14.42694808],[-91.82420919,14.42350519],[-91.81869814,14.41540157],[-91.79008429,14.39635647],[-91.78833445,14.39397114],[-91.79040573,14.38833179],[-91.79246789,14.38620212],[-91.79701353,14.38691458],[-91.80633533,14.37572624],[-91.80687155,14.37111742],[-91.80410861,14.35858423],[-91.78986789,14.35167999],[-91.79194621,14.34030362],[-91.78034801,14.31758227],[-91.77967624,14.30044811],[-91.78187902,14.29540945],[-91.79344839,14.28635494],[-91.80978584,14.28075099],[-91.81431445,14.27636202],[-91.82005487,14.2511449],[-91.83107823,14.23207585]]]}},{"type":"Feature","properties":{"m":"Barberena","d":"Santa Rosa","cod":602,"pop":58276,"iv":0.429,"exp":0.114,"sen":0.337,"cap":0.022,"inat":5.8,"isoc":3.7,"ides":3.2,"nfp":2,"nfph":1,"pfph":0,"ncr":0},"geometry":{"type":"Polygon","coordinates":[[[-90.33994566,14.33827254],[-90.31285408,14.32855247],[-90.31683928,14.32642965],[-90.32273967,14.32782979],[-90.32789764,14.32411437],[-90.34723241,14.30562802],[-90.35391873,14.29388369],[-90.34151799,14.28188368],[-90.34188272,14.26861575],[-90.33243396,14.25683704],[-90.35471171,14.24784765],[-90.35975121,14.25360239],[-90.35964026,14.24254325],[-90.40101859,14.22559211],[-90.40178869,14.21842441],[-90.39845598,14.20542721],[-90.41981211,14.20274067],[-90.42872589,14.19480223],[-90.43776098,14.19686399],[-90.45187847,14.21663756],[-90.43998548,14.2489442],[-90.43981735,14.25460886],[-90.44568197,14.26509797],[-90.43947425,14.27631796],[-90.44498779,14.28732056],[-90.44483521,14.29191036],[-90.4492328,14.29055732],[-90.45185835,14.29673527],[-90.44676801,14.30830044],[-90.44604809,14.31906893],[-90.44049051,14.32518142],[-90.44339835,14.3304151],[-90.44289702,14.3344862],[-90.44523007,14.32529347],[-90.4529722,14.3194482],[-90.45344672,14.31670361],[-90.46025171,14.31423457],[-90.46555791,14.31662427],[-90.47038366,14.3142038],[-90.47325322,14.30060656],[-90.48865384,14.30223441],[-90.49330898,14.29672192],[-90.49722196,14.29656439],[-90.50455494,14.29139485],[-90.51427604,14.30638961],[-90.51355466,14.30969424],[-90.49539732,14.32681404],[-90.4997229,14.33597849],[-90.49533764,14.34063447],[-90.48672217,14.36122001],[-90.45043386,14.36539303],[-90.44948502,14.37842763],[-90.45489128,14.38702511],[-90.45494516,14.40025912],[-90.4324024,14.40432648],[-90.43186447,14.41053129],[-90.4225388,14.41071647],[-90.4204815,14.40887711],[-90.41431843,14.41070108],[-90.40864745,14.40692951],[-90.40644023,14.402891],[-90.40809429,14.39579412],[-90.38962106,14.37663521],[-90.38361453,14.36552439],[-90.38133405,14.35918709],[-90.39872748,14.35394852],[-90.4016859,14.35066456],[-90.39865583,14.34124775],[-90.39396504,14.340661],[-90.38889022,14.33363586],[-90.37739119,14.33900694],[-90.37411007,14.33921226],[-90.3636147,14.33249812],[-90.35201524,14.3392432],[-90.33994566,14.33827254]]]}},{"type":"Feature","properties":{"m":"Quesada","d":"Jutiapa","cod":2217,"pop":22588,"iv":0.465,"exp":0.119,"sen":0.357,"cap":0.011,"inat":2.2,"isoc":4.6,"ides":3.5,"nfp":3,"nfph":0,"pfph":0,"ncr":0},"geometry":{"type":"Polygon","coordinates":[[[-90.07997937,14.3396516],[-90.05119276,14.33676091],[-90.02337336,14.34262096],[-90.02226402,14.33728441],[-90.03031206,14.33113927],[-90.03693491,14.31053979],[-90.03103376,14.29117804],[-90.02259656,14.28748612],[-90.00059611,14.28659109],[-89.9922833,14.29602374],[-89.97796093,14.27662371],[-89.98235307,14.26358829],[-89.97712094,14.25621388],[-89.98081726,14.25441508],[-89.98525957,14.25700218],[-89.99210391,14.25529267],[-89.9988104,14.23700622],[-89.99732531,14.22976286],[-89.99989133,14.22622906],[-90.01529166,14.2247152],[-90.01854457,14.22838404],[-90.02196721,14.22785441],[-90.03387741,14.2144131],[-90.04014456,14.22181734],[-90.05013431,14.22380361],[-90.05344285,14.22956914],[-90.06842202,14.23929516],[-90.06601082,14.24604015],[-90.09848236,14.25906014],[-90.12450823,14.27367398],[-90.12169355,14.30964595],[-90.11774583,14.32517204],[-90.13250649,14.33267111],[-90.13179498,14.34099542],[-90.13508282,14.34629053],[-90.13472017,14.35049269],[-90.10178191,14.34822815],[-90.07997937,14.3396516]]]}},{"type":"Feature","properties":{"m":"San José Acatempa","d":"Jutiapa","cod":2216,"pop":13206,"iv":0.406,"exp":0.073,"sen":0.351,"cap":0.018,"inat":2.3,"isoc":4.8,"ides":3.7,"nfp":1,"nfph":0,"pfph":0,"ncr":0},"geometry":{"type":"Polygon","coordinates":[[[-90.13250649,14.33267111],[-90.11774583,14.32517204],[-90.12169355,14.30964595],[-90.12450823,14.27367398],[-90.09848236,14.25906014],[-90.06601082,14.24604015],[-90.07596652,14.2267449],[-90.0988856,14.22194306],[-90.09424838,14.21527786],[-90.09091539,14.20193162],[-90.16522046,14.23812559],[-90.19369499,14.2614977],[-90.20610088,14.25089506],[-90.2115032,14.25663851],[-90.21123879,14.2621824],[-90.20725408,14.2673643],[-90.20976066,14.27077176],[-90.21295469,14.28816366],[-90.21090182,14.2954061],[-90.20838641,14.29902562],[-90.19603889,14.29222355],[-90.19138496,14.29411394],[-90.18810485,14.30185298],[-90.18578138,14.33419888],[-90.13250649,14.33267111]]]}},{"type":"Feature","properties":{"m":"Cuilapa","d":"Santa Rosa","cod":601,"pop":41359,"iv":0.497,"exp":0.103,"sen":0.423,"cap":0.029,"inat":6.2,"isoc":4.1,"ides":3.6,"nfp":12,"nfph":8,"pfph":1781,"ncr":0},"geometry":{"type":"Polygon","coordinates":[[[-90.20625147,14.30829249],[-90.21295469,14.28816366],[-90.20976066,14.27077176],[-90.20725408,14.2673643],[-90.21179582,14.26075277],[-90.20955052,14.25314386],[-90.20610088,14.25089506],[-90.2107747,14.24410101],[-90.22316634,14.24809904],[-90.2278205,14.23547726],[-90.22481848,14.23259264],[-90.21658015,14.2323093],[-90.20689195,14.22799612],[-90.19632851,14.22068716],[-90.19771537,14.20939052],[-90.2058238,14.19349369],[-90.20620382,14.16280734],[-90.21220205,14.16206762],[-90.22456465,14.1685394],[-90.25087435,14.17320874],[-90.25302651,14.18797247],[-90.26089512,14.19194556],[-90.25392713,14.19947121],[-90.25158128,14.22475597],[-90.2571891,14.23233899],[-90.29699262,14.23342529],[-90.29618214,14.2229368],[-90.3018774,14.21836842],[-90.30410331,14.20849678],[-90.31008663,14.2048245],[-90.30314487,14.19423983],[-90.31582101,14.1928964],[-90.32152152,14.19545905],[-90.3383532,14.18436888],[-90.34450827,14.18642226],[-90.34338629,14.19013942],[-90.34000499,14.19158333],[-90.34430586,14.19946743],[-90.35770566,14.19549321],[-90.3704412,14.19895101],[-90.38080326,14.19647319],[-90.38344316,14.20117465],[-90.39845598,14.20542721],[-90.40178869,14.21842441],[-90.39943947,14.22747762],[-90.37891434,14.23303691],[-90.35964026,14.24254325],[-90.35975121,14.25360239],[-90.35471171,14.24784765],[-90.33243396,14.25683704],[-90.34188272,14.26861575],[-90.34151799,14.28188368],[-90.35391873,14.29388369],[-90.34434949,14.30894374],[-90.32273967,14.32782979],[-90.31683928,14.32642965],[-90.31144331,14.32857487],[-90.30403998,14.32503578],[-90.30202621,14.3095305],[-90.29876484,14.305563],[-90.29247451,14.30787946],[-90.27388256,14.30014372],[-90.26002247,14.30720256],[-90.24182032,14.30375831],[-90.23791257,14.30541441],[-90.22223908,14.32956379],[-90.2143965,14.33403428],[-90.21051778,14.32682835],[-90.20625147,14.30829249]]]}},{"type":"Feature","properties":{"m":"Pueblo Nuevo Viñas","d":"Santa Rosa","cod":613,"pop":25529,"iv":0.384,"exp":0.084,"sen":0.421,"cap":0.121,"inat":5,"isoc":4.8,"ides":4.5,"nfp":2,"nfph":1,"pfph":0,"ncr":0},"geometry":{"type":"Polygon","coordinates":[[[-90.39845598,14.20542721],[-90.38344316,14.20117465],[-90.38080326,14.19647319],[-90.3704412,14.19895101],[-90.35770566,14.19549321],[-90.34430586,14.19946743],[-90.34000499,14.19158333],[-90.34969681,14.18123254],[-90.36024515,14.18094252],[-90.37093224,14.18413029],[-90.37938872,14.1821464],[-90.38344452,14.18503292],[-90.39266164,14.18550608],[-90.40449575,14.17875778],[-90.41358611,14.17065235],[-90.41622183,14.16426909],[-90.41537011,14.15813052],[-90.40536626,14.15389867],[-90.40111001,14.14600914],[-90.40116075,14.13808267],[-90.40787563,14.13221444],[-90.41949378,14.13549453],[-90.43117293,14.14383936],[-90.43447513,14.14676662],[-90.43329933,14.15429506],[-90.43523778,14.15578492],[-90.44062589,14.15099125],[-90.45428877,14.14523963],[-90.45659841,14.1471285],[-90.45662486,14.15473427],[-90.46463125,14.1606979],[-90.47597263,14.15994121],[-90.4786929,14.16575843],[-90.48562287,14.16546531],[-90.49278786,14.15863143],[-90.5004787,14.16055128],[-90.49709578,14.17416899],[-90.49775501,14.18634497],[-90.50170381,14.19388463],[-90.51118573,14.19980376],[-90.52028772,14.19845841],[-90.52398968,14.18864928],[-90.53932231,14.17226182],[-90.54315807,14.16408541],[-90.55497554,14.16123042],[-90.56328399,14.15481568],[-90.57467361,14.15279661],[-90.59307774,14.15556811],[-90.60741374,14.17026105],[-90.59985081,14.18846857],[-90.6035816,14.20656999],[-90.59988572,14.20893845],[-90.59498267,14.22550416],[-90.59171303,14.22847189],[-90.60411474,14.23491423],[-90.59622754,14.25784539],[-90.59373155,14.25862091],[-90.58937662,14.25535603],[-90.59105662,14.24418687],[-90.58214269,14.24237333],[-90.56817511,14.25747165],[-90.54950214,14.2600845],[-90.54252522,14.2660217],[-90.528009,14.26895451],[-90.52671591,14.2790539],[-90.52154948,14.28055181],[-90.52116631,14.28334281],[-90.51725474,14.28333478],[-90.5088817,14.29098736],[-90.49330898,14.29672192],[-90.48865384,14.30223441],[-90.47276235,14.30080122],[-90.47038366,14.3142038],[-90.46555791,14.31662427],[-90.46025171,14.31423457],[-90.45344672,14.31670361],[-90.4529722,14.3194482],[-90.44523007,14.32529347],[-90.44397106,14.33470668],[-90.44049051,14.32518142],[-90.44604809,14.31906893],[-90.44676801,14.30830044],[-90.45185835,14.29673527],[-90.4492328,14.29055732],[-90.44483521,14.29191036],[-90.44498779,14.28732056],[-90.43947425,14.27631796],[-90.44568197,14.26509797],[-90.43981735,14.25460886],[-90.43998548,14.2489442],[-90.45187847,14.21663756],[-90.43616761,14.19615358],[-90.42872589,14.19480223],[-90.41981211,14.20274067],[-90.39845598,14.20542721]]]}},{"type":"Feature","properties":{"m":"Tiquisate","d":"Escuintla","cod":506,"pop":57292,"iv":0.475,"exp":0.345,"sen":0.223,"cap":0.093,"inat":7.9,"isoc":2.5,"ides":3.5,"nfp":93,"nfph":13,"pfph":434,"ncr":0},"geometry":{"type":"Polygon","coordinates":[[[-91.26609783,14.33760574],[-91.27231316,14.31098862],[-91.2676148,14.30715728],[-91.26743908,14.30181673],[-91.27479021,14.29551184],[-91.27636594,14.28751319],[-91.28174055,14.28502701],[-91.28338931,14.27598037],[-91.28178148,14.27299068],[-91.28824787,14.2681532],[-91.29827747,14.2535514],[-91.29660185,14.24353068],[-91.30702852,14.23789038],[-91.30611861,14.23440756],[-91.30943849,14.2312462],[-91.30790504,14.22587222],[-91.31784631,14.22268408],[-91.3177684,14.21920375],[-91.32020202,14.21775099],[-91.32137901,14.20821132],[-91.31536794,14.19746987],[-91.31883306,14.19218304],[-91.31771888,14.18804466],[-91.32085586,14.18396662],[-91.32538975,14.18376335],[-91.33355462,14.1779995],[-91.33461532,14.16823966],[-91.33818291,14.16178945],[-91.33787812,14.150444],[-91.34623868,14.14670441],[-91.35607632,14.14627031],[-91.36762121,14.13706976],[-91.36753571,14.13428414],[-91.37747682,14.12416259],[-91.38996191,14.12108519],[-91.42295096,14.0765454],[-91.4235169,14.05079272],[-91.42491344,14.04170979],[-91.42849347,14.03570749],[-91.42605945,14.01427613],[-91.43706438,14.0053773],[-91.52631051,14.04129476],[-91.53801753,14.04382452],[-91.5302784,14.05529031],[-91.53732599,14.06195666],[-91.52944682,14.07312433],[-91.53296977,14.08337375],[-91.52349976,14.08811468],[-91.50810092,14.10126798],[-91.5022679,14.12184675],[-91.48674107,14.13333207],[-91.48646297,14.14614437],[-91.48331247,14.15494438],[-91.46098764,14.17618062],[-91.45369814,14.19305235],[-91.44765924,14.1998467],[-91.44802905,14.20404315],[-91.45238696,14.20697739],[-91.44629358,14.21167541],[-91.44536888,14.21555839],[-91.44985278,14.22552125],[-91.44793606,14.24058342],[-91.45126595,14.24989138],[-91.44872263,14.25634104],[-91.45399745,14.26739822],[-91.45943297,14.26715661],[-91.46149164,14.26937088],[-91.45373318,14.28159207],[-91.45436601,14.29182028],[-91.45999346,14.29291658],[-91.46390956,14.29744327],[-91.4598466,14.30971666],[-91.44939524,14.31205981],[-91.44471426,14.3196851],[-91.43558798,14.32093805],[-91.43009206,14.28714423],[-91.42722067,14.2826217],[-91.3962842,14.29715737],[-91.38097675,14.30952804],[-91.36859837,14.31062405],[-91.36354605,14.31629826],[-91.36921249,14.33436229],[-91.36369109,14.33457171],[-91.35812211,14.32069647],[-91.35401218,14.31894507],[-91.3255199,14.33511209],[-91.3221444,14.32810162],[-91.31232503,14.32085787],[-91.29698678,14.33439271],[-91.28390874,14.33162997],[-91.27999199,14.33287938],[-91.28112567,14.34011925],[-91.26609783,14.33760574]]]}},{"type":"Feature","properties":{"m":"Guanagazapa","d":"Escuintla","cod":508,"pop":15958,"iv":0.398,"exp":0.17,"sen":0.243,"cap":0.016,"inat":7.2,"isoc":3.1,"ides":4.1,"nfp":24,"nfph":12,"pfph":1447,"ncr":0},"geometry":{"type":"Polygon","coordinates":[[[-90.58892459,14.24254021],[-90.59105662,14.24418687],[-90.58937662,14.25535603],[-90.59513024,14.25862712],[-90.60411474,14.23491423],[-90.59171303,14.22847189],[-90.59498267,14.22550416],[-90.59988572,14.20893845],[-90.6035816,14.20656999],[-90.60034402,14.18697599],[-90.60681927,14.17104454],[-90.6115388,14.1686183],[-90.61410767,14.16204047],[-90.61911036,14.15962815],[-90.62157113,14.15467316],[-90.64446778,14.13510532],[-90.64209223,14.11691466],[-90.63793873,14.11059226],[-90.64613619,14.10017373],[-90.64990538,14.0996289],[-90.65044662,14.09649445],[-90.6474027,14.0840267],[-90.63545271,14.06545897],[-90.63679881,14.05070311],[-90.66363139,14.0502932],[-90.65957036,14.02850939],[-90.66687444,14.02341173],[-90.68533322,14.01902155],[-90.71118734,14.01905275],[-90.70125957,14.0395687],[-90.70217314,14.04238969],[-90.70667312,14.04434118],[-90.71241144,14.06546535],[-90.71045058,14.07322297],[-90.71769704,14.08081488],[-90.71546562,14.08366141],[-90.71682343,14.0898354],[-90.72162088,14.09549755],[-90.74065465,14.1042641],[-90.75667442,14.11513144],[-90.76406416,14.11550858],[-90.76075216,14.12655678],[-90.75394968,14.12727718],[-90.75265177,14.12974649],[-90.75480339,14.15408742],[-90.7523761,14.15697307],[-90.73633802,14.15571996],[-90.71665203,14.14918487],[-90.68671983,14.14665415],[-90.68505066,14.1553007],[-90.68068263,14.15630888],[-90.68300564,14.16383968],[-90.6730961,14.16085585],[-90.65600362,14.16194759],[-90.65564566,14.16468287],[-90.67303853,14.19520848],[-90.67670165,14.2078844],[-90.6752758,14.22851157],[-90.66638654,14.24773759],[-90.66377264,14.25987333],[-90.65815581,14.26459215],[-90.64414541,14.25968467],[-90.63810547,14.26274875],[-90.63704558,14.25633807],[-90.63315751,14.25498153],[-90.61658881,14.26055363],[-90.61004179,14.26753299],[-90.60929235,14.28285871],[-90.60383058,14.28951551],[-90.60131813,14.29857917],[-90.5892531,14.29443106],[-90.58467566,14.28961317],[-90.58932593,14.27432956],[-90.58245017,14.27006438],[-90.57945895,14.25625839],[-90.58892459,14.24254021]]]}},{"type":"Feature","properties":{"m":"Oratorio","d":"Santa Rosa","cod":606,"pop":24954,"iv":0.296,"exp":0.073,"sen":0.297,"cap":0.073,"inat":3.2,"isoc":4.4,"ides":4.1,"nfp":8,"nfph":4,"pfph":53,"ncr":0},"geometry":{"type":"Polygon","coordinates":[[[-90.09091539,14.20193162],[-90.07823733,14.18640104],[-90.06660001,14.17954504],[-90.08320183,14.17356574],[-90.08444488,14.1688732],[-90.07892791,14.16075786],[-90.09034383,14.15576898],[-90.07628659,14.12741878],[-90.06361168,14.11301386],[-90.08237224,14.06651412],[-90.14297743,14.07755274],[-90.14517374,14.06485043],[-90.18174654,14.02982309],[-90.12954314,14.00546545],[-90.12947533,14.00329247],[-90.16484495,13.97202635],[-90.16715396,13.97568988],[-90.16287285,13.98846442],[-90.16568429,13.99047873],[-90.19550218,13.99155025],[-90.21559339,14.00946293],[-90.24509565,14.00997531],[-90.25598165,14.006479],[-90.25769428,14.01178145],[-90.25735095,14.02422586],[-90.25470613,14.02821093],[-90.25477643,14.0579261],[-90.23895655,14.06118262],[-90.21595939,14.06015411],[-90.20949985,14.06763515],[-90.20987495,14.0765624],[-90.20589225,14.08034151],[-90.19610685,14.07829272],[-90.19022991,14.07956222],[-90.16534295,14.097054],[-90.16625232,14.10574682],[-90.16906776,14.10988167],[-90.18843775,14.11183734],[-90.19683056,14.1161432],[-90.2045942,14.12467995],[-90.20080676,14.13160997],[-90.2002006,14.14110266],[-90.20739649,14.15138175],[-90.20413805,14.15905517],[-90.20720548,14.16728439],[-90.20723123,14.17921756],[-90.20542696,14.19504262],[-90.19771537,14.20939052],[-90.19632851,14.22068716],[-90.20022919,14.22465969],[-90.21658015,14.2323093],[-90.22751946,14.23453665],[-90.22316634,14.24809904],[-90.2107747,14.24410101],[-90.19369499,14.2614977],[-90.16522046,14.23812559],[-90.09091539,14.20193162]]]}},{"type":"Feature","properties":{"m":"Yupiltepeque","d":"Jutiapa","cod":2206,"pop":17389,"iv":0.458,"exp":0.074,"sen":0.39,"cap":0.006,"inat":2.8,"isoc":5,"ides":2.2,"nfp":0,"nfph":0,"pfph":0,"ncr":0},"geometry":{"type":"Polygon","coordinates":[[[-89.7976535,14.23659801],[-89.76186958,14.22771126],[-89.7700217,14.16383562],[-89.76131516,14.13765343],[-89.76055015,14.11775653],[-89.77231729,14.11926579],[-89.77366422,14.10820729],[-89.78076327,14.09603613],[-89.79541053,14.09930265],[-89.80133345,14.10689842],[-89.78938176,14.13336671],[-89.77969702,14.13934082],[-89.78570554,14.15845393],[-89.78002362,14.17134367],[-89.7898727,14.16880316],[-89.81435765,14.17237713],[-89.81810257,14.18080516],[-89.81751574,14.20012051],[-89.80994567,14.22134041],[-89.7976535,14.23659801]]]}},{"type":"Feature","properties":{"m":"Jalpatagua","d":"Jutiapa","cod":2212,"pop":28832,"iv":0.339,"exp":0.116,"sen":0.238,"cap":0.015,"inat":3.6,"isoc":4.6,"ides":3.5,"nfp":6,"nfph":3,"pfph":1426,"ncr":0},"geometry":{"type":"Polygon","coordinates":[[[-90.04014456,14.22181734],[-90.02840792,14.20718803],[-90.01504136,14.20525709],[-90.0193967,14.19656601],[-90.0207847,14.18258181],[-90.02398641,14.1772504],[-90.02314531,14.17290278],[-90.01587229,14.16791863],[-89.99710935,14.16744047],[-89.98886476,14.1649608],[-89.97349405,14.1546156],[-89.95824697,14.14982618],[-89.94976626,14.13496715],[-89.94187893,14.10414738],[-89.94875401,14.10402807],[-89.95284768,14.10803307],[-89.9529363,14.11341529],[-89.95553699,14.11415374],[-89.96978504,14.10859917],[-89.97159915,14.10002138],[-89.97926606,14.09655619],[-89.97003363,14.07444475],[-89.95895788,14.07273851],[-89.95609601,14.06568787],[-89.94647491,14.06529651],[-89.9416593,14.06102843],[-89.92187447,14.05665454],[-89.90791051,14.04545803],[-89.90771405,14.04157588],[-89.90325384,14.03960661],[-89.90689865,14.03492255],[-89.90460294,14.03329481],[-89.90448612,14.02326747],[-89.9071429,14.01421134],[-89.91434762,14.00984343],[-89.91884863,14.01158603],[-89.92113432,14.00572503],[-89.92819624,14.00549524],[-89.93081331,13.99389604],[-89.93552359,13.99541067],[-89.93672243,13.98759862],[-89.94648185,13.98457229],[-89.9499651,13.98069118],[-89.95278271,13.99152836],[-89.96210486,14.00660358],[-89.97974461,14.02869007],[-89.98072401,14.04315613],[-89.97870422,14.05718733],[-89.98049582,14.06112234],[-90.01760895,14.07083276],[-90.03965861,14.0853997],[-90.04420191,14.08245596],[-90.0671383,14.05353865],[-90.07424675,14.0538676],[-90.08237224,14.06651412],[-90.06361168,14.11301386],[-90.07628659,14.12741878],[-90.09034383,14.15576898],[-90.07892791,14.16075786],[-90.08444488,14.1688732],[-90.08320183,14.17356574],[-90.06660001,14.17954504],[-90.07823733,14.18640104],[-90.08757385,14.19565356],[-90.09424838,14.21527786],[-90.09912514,14.22140069],[-90.07708031,14.22594458],[-90.06842202,14.23929516],[-90.05344285,14.22956914],[-90.05013431,14.22380361],[-90.04014456,14.22181734]]]}},{"type":"Feature","properties":{"m":"Masagua","d":"Escuintla","cod":505,"pop":45323,"iv":0.309,"exp":0.128,"sen":0.183,"cap":0.001,"inat":9.1,"isoc":3.2,"ides":3.6,"nfp":45,"nfph":15,"pfph":1265,"ncr":0},"geometry":{"type":"Polygon","coordinates":[[[-90.7523761,14.15697307],[-90.75480339,14.15408742],[-90.75265177,14.12974649],[-90.75394968,14.12727718],[-90.76075216,14.12655678],[-90.76406416,14.11550858],[-90.75667442,14.11513144],[-90.71802867,14.09192386],[-90.71546562,14.08366141],[-90.71769704,14.08081488],[-90.71045058,14.07322297],[-90.71241144,14.06546535],[-90.70667312,14.04434118],[-90.70217314,14.04238969],[-90.70125957,14.0395687],[-90.70378159,14.03143585],[-90.71099638,14.02180341],[-90.70970626,14.00229696],[-90.70634406,13.99474645],[-90.71048274,13.99192692],[-90.71039746,13.98242858],[-90.71453459,13.96942466],[-90.72177441,13.95914118],[-90.76486744,13.95338668],[-90.76707652,13.95877206],[-90.77681209,13.95708685],[-90.77730003,13.95275404],[-90.78507976,13.95130472],[-90.78764331,13.96904093],[-90.79459062,13.97065153],[-90.79689174,13.97866934],[-90.82769866,13.97569618],[-90.83094673,14.00213591],[-90.86569623,14.00238112],[-90.8657448,14.00858279],[-90.86216812,14.01436618],[-90.87337557,14.02130205],[-90.87485255,14.0296342],[-90.89511689,14.03201174],[-90.89726655,14.02198402],[-90.90326273,14.0211753],[-90.9279928,14.02368015],[-90.91735561,14.04374855],[-90.91806206,14.05615632],[-90.91449237,14.06075454],[-90.91614303,14.06662906],[-90.90434216,14.06709394],[-90.90242,14.06926409],[-90.90313961,14.08729039],[-90.90823293,14.09971137],[-90.90473461,14.12273095],[-90.90623878,14.13057084],[-90.90185544,14.14659842],[-90.8970277,14.15120886],[-90.89459159,14.15880864],[-90.8975392,14.16518713],[-90.89741084,14.17321605],[-90.89239034,14.17561858],[-90.8919651,14.18129538],[-90.85268972,14.20334741],[-90.84360898,14.21508279],[-90.83595227,14.22047369],[-90.83335977,14.22642645],[-90.82522177,14.23285847],[-90.82185242,14.24236982],[-90.81697541,14.24443178],[-90.79658859,14.24369659],[-90.78285793,14.23948408],[-90.7798006,14.22132755],[-90.78195368,14.21491176],[-90.76623727,14.20602559],[-90.76900978,14.18815158],[-90.77305104,14.18349057],[-90.76180485,14.17165057],[-90.7523761,14.15697307]]]}},{"type":"Feature","properties":{"m":"Atescatempa","d":"Jutiapa","cod":2207,"pop":18402,"iv":0.404,"exp":0.103,"sen":0.309,"cap":0.007,"inat":2.6,"isoc":4,"ides":2.6,"nfp":10,"nfph":5,"pfph":36,"ncr":0},"geometry":{"type":"Polygon","coordinates":[[[-89.66559066,14.18548097],[-89.67208761,14.17365622],[-89.71356716,14.13808698],[-89.71967824,14.12860796],[-89.73773879,14.12931209],[-89.74677803,14.11490364],[-89.76055015,14.11775653],[-89.76131516,14.13765343],[-89.7700217,14.16383562],[-89.76186958,14.22771126],[-89.73002011,14.21537378],[-89.71150345,14.21235121],[-89.70526575,14.21748495],[-89.698098,14.21733519],[-89.6880662,14.21060892],[-89.68724253,14.20818577],[-89.69035216,14.20651344],[-89.69015285,14.20395223],[-89.67351609,14.19401923],[-89.66559066,14.18548097]]]}},{"type":"Feature","properties":{"m":"Santa María Ixhuatán","d":"Santa Rosa","cod":610,"pop":23801,"iv":0.35,"exp":0.094,"sen":0.408,"cap":0.152,"inat":3.3,"isoc":4.9,"ides":6.7,"nfp":0,"nfph":0,"pfph":0,"ncr":0},"geometry":{"type":"Polygon","coordinates":[[[-90.20620382,14.16280734],[-90.20420853,14.15603806],[-90.20739649,14.15138175],[-90.2002006,14.14110266],[-90.20080676,14.13160997],[-90.2045942,14.12467995],[-90.19683056,14.1161432],[-90.18843775,14.11183734],[-90.16906776,14.10988167],[-90.16625232,14.10574682],[-90.16534295,14.097054],[-90.19022991,14.07956222],[-90.19610685,14.07829272],[-90.20589225,14.08034151],[-90.20987495,14.0765624],[-90.20949985,14.06763515],[-90.21595939,14.06015411],[-90.23465511,14.06017028],[-90.23440447,14.06600925],[-90.23109368,14.07013191],[-90.23669407,14.08067734],[-90.24711578,14.08451803],[-90.24366473,14.08889443],[-90.24538541,14.09217264],[-90.26077357,14.09488857],[-90.27218519,14.10532567],[-90.27769075,14.10581368],[-90.29887288,14.09947065],[-90.31131576,14.10315765],[-90.30904991,14.12567436],[-90.31238767,14.14524235],[-90.3276318,14.17093122],[-90.33743084,14.1712311],[-90.34231025,14.17934291],[-90.33340815,14.18830766],[-90.32218646,14.19521017],[-90.31582101,14.1928964],[-90.30314487,14.19423983],[-90.31008663,14.2048245],[-90.30410331,14.20849678],[-90.3018774,14.21836842],[-90.29618214,14.2229368],[-90.29699262,14.23342529],[-90.2571891,14.23233899],[-90.25158128,14.22475597],[-90.25392713,14.19947121],[-90.26089512,14.19194556],[-90.25302651,14.18797247],[-90.25087435,14.17320874],[-90.22456465,14.1685394],[-90.21220205,14.16206762],[-90.20620382,14.16280734]]]}},{"type":"Feature","properties":{"m":"Comapa","d":"Jutiapa","cod":2211,"pop":32207,"iv":0.449,"exp":0.205,"sen":0.273,"cap":0.029,"inat":1.7,"isoc":5.3,"ides":4.6,"nfp":5,"nfph":1,"pfph":278,"ncr":0},"geometry":{"type":"Polygon","coordinates":[[[-89.90266818,14.15936222],[-89.89889845,14.15695438],[-89.89330385,14.15893632],[-89.88999723,14.15672173],[-89.87889831,14.15885311],[-89.87648892,14.15351099],[-89.86815985,14.14683651],[-89.8683212,14.13928058],[-89.85379851,14.13037921],[-89.8437797,14.12033314],[-89.84187184,14.11400984],[-89.84311929,14.10774603],[-89.83532867,14.11142712],[-89.8327605,14.10478699],[-89.83160981,14.07748532],[-89.85899176,14.0761844],[-89.86402117,14.07318647],[-89.86374153,14.06702894],[-89.86835694,14.06325003],[-89.85923889,14.05636136],[-89.86119887,14.04795856],[-89.85908141,14.04392401],[-89.86794462,14.03959633],[-89.87577914,14.04191912],[-89.89146817,14.04183137],[-89.90460294,14.03329481],[-89.90689865,14.03492255],[-89.90325384,14.03960661],[-89.90771405,14.04157588],[-89.90791051,14.04545803],[-89.92187447,14.05665454],[-89.9416593,14.06102843],[-89.94647491,14.06529651],[-89.95609601,14.06568787],[-89.95895788,14.07273851],[-89.97108772,14.07593678],[-89.97926606,14.09655619],[-89.97159915,14.10002138],[-89.96978504,14.10859917],[-89.95553699,14.11415374],[-89.9529363,14.11341529],[-89.95284768,14.10803307],[-89.94875401,14.10402807],[-89.94231017,14.10316177],[-89.94222453,14.10737115],[-89.9466571,14.12750343],[-89.95759305,14.14937201],[-89.97349405,14.1546156],[-89.98886476,14.1649608],[-89.98080199,14.18813502],[-89.97363994,14.18809537],[-89.97114541,14.19844796],[-89.96161085,14.19938137],[-89.96251335,14.19187937],[-89.95365287,14.1807111],[-89.94997764,14.18348748],[-89.95057569,14.19512189],[-89.94674828,14.19705866],[-89.94210069,14.20487836],[-89.93396501,14.20653059],[-89.92602355,14.1970969],[-89.9214072,14.1961853],[-89.92138439,14.19252322],[-89.90904491,14.18127844],[-89.91033174,14.17685782],[-89.90266818,14.15936222]]]}},{"type":"Feature","properties":{"m":"El Adelanto","d":"Jutiapa","cod":2209,"pop":6500,"iv":0.443,"exp":0.164,"sen":0.285,"cap":0.006,"inat":3.3,"isoc":5.1,"ides":2.4,"nfp":0,"nfph":0,"pfph":0,"ncr":0},"geometry":{"type":"Polygon","coordinates":[[[-89.81810257,14.18080516],[-89.80969954,14.16358818],[-89.87580565,14.15728903],[-89.87962744,14.15912334],[-89.88433763,14.15664037],[-89.89330385,14.15893632],[-89.89889845,14.15695438],[-89.90266818,14.15936222],[-89.87960394,14.18849083],[-89.87312566,14.18807218],[-89.8657686,14.19085987],[-89.85831786,14.18885462],[-89.84485277,14.1894676],[-89.83223899,14.19866469],[-89.82919753,14.20015039],[-89.82284143,14.19815064],[-89.81657034,14.20381453],[-89.81810257,14.18080516]]]}},{"type":"Feature","properties":{"m":"Taxisco","d":"Santa Rosa","cod":609,"pop":29846,"iv":0.405,"exp":0.223,"sen":0.301,"cap":0.12,"inat":5.5,"isoc":4,"ides":2.7,"nfp":117,"nfph":71,"pfph":5169,"ncr":0},"geometry":{"type":"Polygon","coordinates":[[[-90.41949378,14.13549453],[-90.4246867,14.12694103],[-90.42660896,14.10924855],[-90.43825547,14.11158724],[-90.43696623,14.12448971],[-90.43906138,14.1247808],[-90.45339607,14.12308449],[-90.45817045,14.11832778],[-90.46173595,14.10935171],[-90.44397469,14.10546885],[-90.44494084,14.09492181],[-90.44239445,14.09304509],[-90.44198951,14.08172691],[-90.44755342,14.07190044],[-90.44460227,14.06435746],[-90.45361669,14.02863278],[-90.45556481,14.00263178],[-90.45190181,14.00114332],[-90.45591214,13.99634657],[-90.46625679,13.99191863],[-90.47007442,13.98333989],[-90.47031429,13.9790105],[-90.46392425,13.9708097],[-90.45784492,13.97737605],[-90.4513706,13.97766952],[-90.44273812,13.97579903],[-90.43963555,13.9704182],[-90.44344459,13.94257029],[-90.45665767,13.93755594],[-90.46284347,13.92800928],[-90.46014946,13.92633699],[-90.45835645,13.91215275],[-90.44406445,13.90413241],[-90.45603648,13.87932333],[-90.54802214,13.90700541],[-90.65924684,13.9249447],[-90.67525692,14.02181294],[-90.66687444,14.02341173],[-90.65957036,14.02850939],[-90.66363139,14.0502932],[-90.63679881,14.05070311],[-90.63545271,14.06545897],[-90.6474027,14.0840267],[-90.65044662,14.09649445],[-90.64990538,14.0996289],[-90.64613619,14.10017373],[-90.63793873,14.11059226],[-90.64209223,14.11691466],[-90.64446778,14.13510532],[-90.62157113,14.15467316],[-90.61911036,14.15962815],[-90.61410767,14.16204047],[-90.6115388,14.1686183],[-90.60741374,14.17026105],[-90.60447223,14.16864379],[-90.59603029,14.15754246],[-90.58965815,14.15448123],[-90.56995759,14.15277827],[-90.56328399,14.15481568],[-90.55497554,14.16123042],[-90.54315807,14.16408541],[-90.53932231,14.17226182],[-90.52398968,14.18864928],[-90.52028772,14.19845841],[-90.51118573,14.19980376],[-90.50170381,14.19388463],[-90.49775501,14.18634497],[-90.49709578,14.17416899],[-90.5004787,14.16055128],[-90.49278786,14.15863143],[-90.48562287,14.16546531],[-90.4786929,14.16575843],[-90.47597263,14.15994121],[-90.46463125,14.1606979],[-90.45662486,14.15473427],[-90.45659841,14.1471285],[-90.45428877,14.14523963],[-90.44062589,14.15099125],[-90.43523778,14.15578492],[-90.43329933,14.15429506],[-90.43447513,14.14676662],[-90.41949378,14.13549453]]]}},{"type":"Feature","properties":{"m":"Chiquimulilla","d":"Santa Rosa","cod":608,"pop":53727,"iv":0.444,"exp":0.255,"sen":0.315,"cap":0.125,"inat":6.4,"isoc":3.6,"ides":3,"nfp":128,"nfph":73,"pfph":6614,"ncr":0},"geometry":{"type":"Polygon","coordinates":[[[-90.3383532,14.18436888],[-90.34231025,14.17934291],[-90.33884771,14.17293492],[-90.33500322,14.17051082],[-90.3276318,14.17093122],[-90.31213548,14.1445485],[-90.30904991,14.12567436],[-90.31131576,14.10315765],[-90.2975727,14.09916475],[-90.28962504,14.09348854],[-90.28818174,14.0748407],[-90.29521687,14.06870726],[-90.30171361,14.04966606],[-90.29102543,14.05020133],[-90.28749254,14.04357665],[-90.28393329,14.04312681],[-90.2815459,14.03986279],[-90.27349822,14.04434618],[-90.26880552,14.04014711],[-90.26596211,14.04253915],[-90.25618497,14.04183557],[-90.25459333,14.03360447],[-90.25735095,14.02422586],[-90.25639689,14.00685969],[-90.28198935,14.00168325],[-90.29102765,13.98849463],[-90.29696262,13.98580124],[-90.2903618,13.95339951],[-90.28542844,13.9528725],[-90.28396255,13.94625187],[-90.27678634,13.94234843],[-90.2749927,13.9366884],[-90.2696476,13.93262692],[-90.26558821,13.93312671],[-90.26325468,13.92950879],[-90.24980142,13.92877911],[-90.23171113,13.9203002],[-90.23042103,13.91463335],[-90.23604837,13.91347104],[-90.23670109,13.90931662],[-90.22876517,13.90634288],[-90.23060776,13.89928445],[-90.21914262,13.89833546],[-90.2208901,13.88531116],[-90.21086339,13.88359582],[-90.20185622,13.86868289],[-90.21115573,13.86963483],[-90.20714138,13.85666458],[-90.21341334,13.8574316],[-90.22158135,13.84821864],[-90.22332276,13.84296445],[-90.20527665,13.84078782],[-90.20991296,13.82907237],[-90.24120737,13.83110896],[-90.24042262,13.8187241],[-90.23623077,13.80770661],[-90.24173529,13.79996081],[-90.23612815,13.7942568],[-90.23844084,13.78838214],[-90.23951096,13.79400014],[-90.24329904,13.79518984],[-90.24244701,13.79258448],[-90.24651262,13.79217617],[-90.34705689,13.83609092],[-90.34912197,13.83991072],[-90.34377362,13.83570643],[-90.33892241,13.83718721],[-90.3427739,13.84243228],[-90.342643,13.8384426],[-90.34995359,13.84219165],[-90.35181804,13.83817271],[-90.44733407,13.8764478],[-90.43808887,13.90021219],[-90.42712318,13.90937241],[-90.41266428,13.93321897],[-90.42202656,13.93744002],[-90.42507327,13.96184351],[-90.43306685,13.96500754],[-90.43292802,13.973935],[-90.42707154,13.97582547],[-90.4269261,13.98604692],[-90.4300146,13.9876301],[-90.42954636,13.99105464],[-90.42280156,13.99499298],[-90.40131981,13.99729652],[-90.40893867,14.00232858],[-90.40387403,14.00787644],[-90.40710281,14.01751842],[-90.41651314,14.01704425],[-90.41422311,14.02907202],[-90.40219931,14.02894998],[-90.39815377,14.0477282],[-90.39256066,14.05094261],[-90.38713212,14.05844621],[-90.39427156,14.0666593],[-90.3932441,14.07351603],[-90.40348264,14.07872598],[-90.40298251,14.08428423],[-90.3976939,14.08724217],[-90.39811462,14.09987803],[-90.4019783,14.10579841],[-90.40787563,14.13221444],[-90.40116075,14.13808267],[-90.40111001,14.14600914],[-90.40536626,14.15389867],[-90.41537011,14.15813052],[-90.41582614,14.16748083],[-90.40449575,14.17875778],[-90.39266164,14.18550608],[-90.38344452,14.18503292],[-90.37938872,14.1821464],[-90.36708668,14.18380236],[-90.36024515,14.18094252],[-90.34969681,14.18123254],[-90.34450827,14.18642226],[-90.3383532,14.18436888]]]}},{"type":"Feature","properties":{"m":"Zapotitlán","d":"Jutiapa","cod":2210,"pop":9126,"iv":0.427,"exp":0.139,"sen":0.312,"cap":0.024,"inat":2.1,"isoc":5.6,"ides":4.8,"nfp":2,"nfph":2,"pfph":132,"ncr":0},"geometry":{"type":"Polygon","coordinates":[[[-89.78076327,14.09603613],[-89.7844295,14.07350284],[-89.78630693,14.07162494],[-89.79898599,14.07153284],[-89.80615517,14.05594368],[-89.80970077,14.05543299],[-89.81814199,14.06183914],[-89.82195864,14.0603386],[-89.82401267,14.06230701],[-89.82608434,14.05801471],[-89.83148335,14.06036338],[-89.83588807,14.05851252],[-89.8360187,14.05565632],[-89.855719,14.057398],[-89.85783046,14.0501474],[-89.8602006,14.0496037],[-89.85923889,14.05636136],[-89.86835694,14.06325003],[-89.86374153,14.06702894],[-89.86402117,14.07318647],[-89.85899176,14.0761844],[-89.83160981,14.07748532],[-89.8327605,14.10478699],[-89.83619627,14.11195548],[-89.84051043,14.10756505],[-89.84311929,14.10774603],[-89.84187184,14.11400984],[-89.8437797,14.12033314],[-89.85379851,14.13037921],[-89.8683212,14.13928058],[-89.86815985,14.14683651],[-89.87648892,14.15351099],[-89.87767511,14.15728065],[-89.80969954,14.16358818],[-89.81435765,14.17237713],[-89.7898727,14.16880316],[-89.78002362,14.17134367],[-89.78570554,14.15845393],[-89.77969702,14.13934082],[-89.78938176,14.13336671],[-89.80133345,14.10689842],[-89.79541053,14.09930265],[-89.78076327,14.09603613]]]}},{"type":"Feature","properties":{"m":"Jerez","d":"Jutiapa","cod":2208,"pop":6309,"iv":0.365,"exp":0.066,"sen":0.306,"cap":0.007,"inat":3.2,"isoc":4.2,"ides":2.4,"nfp":0,"nfph":0,"pfph":0,"ncr":0},"geometry":{"type":"Polygon","coordinates":[[[-89.71967824,14.12860796],[-89.72601847,14.11887561],[-89.7329473,14.09380411],[-89.73643255,14.08440373],[-89.73938672,14.0824156],[-89.73912658,14.07760981],[-89.74622342,14.06091965],[-89.74320834,14.05584532],[-89.74493889,14.04825608],[-89.74188818,14.04084842],[-89.73596614,14.03682397],[-89.73673241,14.031979],[-89.74681235,14.03540705],[-89.75406991,14.03150925],[-89.7607353,14.03390897],[-89.77515256,14.03223718],[-89.78659166,14.03832742],[-89.79048337,14.04622565],[-89.80504608,14.05384207],[-89.80474009,14.0603889],[-89.79898599,14.07153284],[-89.78630693,14.07162494],[-89.7844295,14.07350284],[-89.78076327,14.09603613],[-89.77366422,14.10820729],[-89.77231729,14.11926579],[-89.74677803,14.11490364],[-89.73773879,14.12931209],[-89.71967824,14.12860796]]]}},{"type":"Feature","properties":{"m":"Guazacapán","d":"Santa Rosa","cod":611,"pop":18855,"iv":0.264,"exp":0.236,"sen":0.315,"cap":0.288,"inat":4,"isoc":3.8,"ides":2.5,"nfp":24,"nfph":11,"pfph":1328,"ncr":0},"geometry":{"type":"Polygon","coordinates":[[[-90.40787563,14.13221444],[-90.4019783,14.10579841],[-90.39811462,14.09987803],[-90.3976939,14.08724217],[-90.40298251,14.08428423],[-90.40348264,14.07872598],[-90.3932441,14.07351603],[-90.39427156,14.0666593],[-90.38713212,14.05844621],[-90.39256066,14.05094261],[-90.39815377,14.0477282],[-90.40219931,14.02894998],[-90.41422311,14.02907202],[-90.41651314,14.01704425],[-90.40710281,14.01751842],[-90.40387403,14.00787644],[-90.40893867,14.00232858],[-90.40131981,13.99729652],[-90.42280156,13.99499298],[-90.42954636,13.99105464],[-90.4300146,13.9876301],[-90.4269261,13.98604692],[-90.42707154,13.97582547],[-90.43292802,13.973935],[-90.43306685,13.96500754],[-90.42507327,13.96184351],[-90.42202656,13.93744002],[-90.41266428,13.93321897],[-90.42712318,13.90937241],[-90.43808887,13.90021219],[-90.44733407,13.8764478],[-90.45603648,13.87932333],[-90.44406445,13.90413241],[-90.45835645,13.91215275],[-90.46014946,13.92633699],[-90.46284347,13.92800928],[-90.45665767,13.93755594],[-90.44344459,13.94257029],[-90.43963555,13.9704182],[-90.44273812,13.97579903],[-90.4513706,13.97766952],[-90.45784492,13.97737605],[-90.46392425,13.9708097],[-90.47031429,13.9790105],[-90.46841496,13.98952228],[-90.46340146,13.99450417],[-90.45591214,13.99634657],[-90.45190181,14.00114332],[-90.45556481,14.00263178],[-90.45361669,14.02863278],[-90.44460227,14.06435746],[-90.44767195,14.07122754],[-90.4427897,14.07801906],[-90.44239445,14.09304509],[-90.44494084,14.09492181],[-90.44469845,14.10629524],[-90.46173595,14.10935171],[-90.46121351,14.11301064],[-90.45339607,14.12308449],[-90.43906138,14.1247808],[-90.43696623,14.12448971],[-90.43825547,14.11158724],[-90.42660896,14.10924855],[-90.4246867,14.12694103],[-90.41949378,14.13549453],[-90.40787563,14.13221444]]]}},{"type":"Feature","properties":{"m":"San Juan Tecuaco","d":"Santa Rosa","cod":607,"pop":10122,"iv":0.552,"exp":0.072,"sen":0.493,"cap":0.013,"inat":6.9,"isoc":4.3,"ides":3.3,"nfp":1,"nfph":1,"pfph":247,"ncr":0},"geometry":{"type":"Polygon","coordinates":[[[-90.23544897,14.06066488],[-90.25477643,14.0579261],[-90.25474341,14.04449854],[-90.25899784,14.04094615],[-90.26596211,14.04253915],[-90.26880552,14.04014711],[-90.27349822,14.04434618],[-90.2815459,14.03986279],[-90.28393329,14.04312681],[-90.28749254,14.04357665],[-90.29102543,14.05020133],[-90.30085131,14.04863343],[-90.30187975,14.05182343],[-90.29635089,14.06133999],[-90.29563883,14.06779401],[-90.28756606,14.07770739],[-90.28962504,14.09348854],[-90.29887288,14.09947065],[-90.27769075,14.10581368],[-90.27218519,14.10532567],[-90.26077357,14.09488857],[-90.24538541,14.09217264],[-90.24366473,14.08889443],[-90.24711578,14.08451803],[-90.23669407,14.08067734],[-90.23109368,14.07013191],[-90.23544897,14.06066488]]]}},{"type":"Feature","properties":{"m":"Conguaco","d":"Jutiapa","cod":2213,"pop":23452,"iv":0.56,"exp":0.129,"sen":0.463,"cap":0.033,"inat":1.9,"isoc":6.3,"ides":6.2,"nfp":0,"nfph":0,"pfph":0,"ncr":0},"geometry":{"type":"Polygon","coordinates":[[[-89.9499651,13.98069118],[-89.9575881,13.97857775],[-89.96101998,13.96973905],[-89.96864333,13.96482905],[-89.9744679,13.9648712],[-89.97696985,13.95964415],[-89.98101526,13.96080863],[-89.99228647,13.95482884],[-89.99958071,13.95566631],[-90.00230993,13.95082323],[-90.00754929,13.94850471],[-90.00920204,13.94376115],[-90.01549593,13.94300986],[-90.02510886,13.93652581],[-90.02789956,13.9284431],[-90.03106424,13.92666417],[-90.02937352,13.9182445],[-90.03562223,13.91640597],[-90.03872765,13.95952981],[-90.04317183,13.97350458],[-90.05449371,13.99207869],[-90.07210103,14.0013212],[-90.06659324,14.05515656],[-90.04160231,14.08543712],[-90.01760895,14.07083276],[-89.99199369,14.06528692],[-89.97932133,14.06003524],[-89.97974461,14.02869007],[-89.96210486,14.00660358],[-89.95278271,13.99152836],[-89.9499651,13.98069118]]]}},{"type":"Feature","properties":{"m":"Moyuta","d":"Jutiapa","cod":2214,"pop":39781,"iv":0.466,"exp":0.233,"sen":0.341,"cap":0.107,"inat":7.4,"isoc":6,"ides":6.7,"nfp":62,"nfph":35,"pfph":8850,"ncr":0},"geometry":{"type":"Polygon","coordinates":[[[-90.08237224,14.06651412],[-90.07424675,14.0538676],[-90.0671383,14.05353865],[-90.07210103,14.0013212],[-90.05449371,13.99207869],[-90.04317183,13.97350458],[-90.03872765,13.95952981],[-90.03592802,13.89861917],[-90.0420231,13.89227186],[-90.04757493,13.89288435],[-90.06708174,13.88663831],[-90.06712296,13.88005708],[-90.08125623,13.87533913],[-90.08619228,13.86237548],[-90.09498266,13.85680587],[-90.10090302,13.84183365],[-90.11289899,13.83261608],[-90.10741651,13.80972452],[-90.10921501,13.80632377],[-90.11460269,13.80588137],[-90.11276029,13.8002825],[-90.11760095,13.79818638],[-90.11509125,13.79386788],[-90.11795841,13.78412896],[-90.11422602,13.77685624],[-90.10654343,13.78085065],[-90.09748825,13.7654937],[-90.10124098,13.76211486],[-90.1015488,13.75784868],[-90.09336552,13.75641891],[-90.09270762,13.75451334],[-90.09480077,13.7506013],[-90.10257329,13.74677525],[-90.1032374,13.73977659],[-90.10926426,13.74184676],[-90.11577889,13.73950928],[-90.11539593,13.74578991],[-90.11760139,13.74752727],[-90.12239701,13.74221153],[-90.12782176,13.74306058],[-90.12884418,13.74137786],[-90.13064006,13.74545755],[-90.13669149,13.74554825],[-90.19453572,13.77152593],[-90.19483695,13.77314505],[-90.18796409,13.76911828],[-90.17868493,13.77110194],[-90.18156919,13.77433585],[-90.18436448,13.77309429],[-90.18399553,13.77568802],[-90.18649594,13.77524582],[-90.18769876,13.77830802],[-90.1895173,13.77789638],[-90.18932067,13.77400566],[-90.19932691,13.77625484],[-90.20047222,13.77441509],[-90.19773893,13.77317248],[-90.19942285,13.7723234],[-90.21884155,13.78003401],[-90.21663826,13.79053888],[-90.21970975,13.79602712],[-90.21895601,13.79835917],[-90.21209385,13.79897011],[-90.21159406,13.80583147],[-90.20307087,13.81912749],[-90.19916502,13.82005391],[-90.19956879,13.83295016],[-90.19190439,13.84462494],[-90.19274973,13.8492344],[-90.18975706,13.85398047],[-90.1914221,13.86508463],[-90.19024319,13.8705244],[-90.1870155,13.87033599],[-90.18641293,13.87234101],[-90.1963423,13.88376488],[-90.1960772,13.89023696],[-90.19212212,13.89404044],[-90.19324183,13.899571],[-90.19043835,13.90097262],[-90.1892417,13.91841843],[-90.18487064,13.92773676],[-90.1801115,13.93095139],[-90.18455668,13.93318302],[-90.17842691,13.95494308],[-90.17304756,13.96496959],[-90.12852251,14.00450839],[-90.18174654,14.02982309],[-90.14517374,14.06485043],[-90.14297743,14.07755274],[-90.08237224,14.06651412]]]}},{"type":"Feature","properties":{"m":"Iztapa","d":"Escuintla","cod":510,"pop":18342,"iv":0.482,"exp":0.397,"sen":0.218,"cap":0.133,"inat":7.9,"isoc":1.8,"ides":0.8,"nfp":41,"nfph":30,"pfph":6281,"ncr":0},"geometry":{"type":"Polygon","coordinates":[[[-90.65924684,13.9249447],[-90.69200751,13.92620149],[-90.74773729,13.9239706],[-90.75468907,13.95357867],[-90.71983894,13.96073703],[-90.71039746,13.98242858],[-90.71048274,13.99192692],[-90.70634406,13.99474645],[-90.70970626,14.00229696],[-90.71118734,14.01905275],[-90.68533322,14.01902155],[-90.67525692,14.02181294],[-90.65924684,13.9249447]]]}},{"type":"Feature","properties":{"m":"Pasaco","d":"Jutiapa","cod":2215,"pop":8854,"iv":0.423,"exp":0.193,"sen":0.33,"cap":0.099,"inat":4.7,"isoc":5.6,"ides":6.2,"nfp":38,"nfph":28,"pfph":1356,"ncr":0},"geometry":{"type":"Polygon","coordinates":[[[-90.16484495,13.97202635],[-90.17537094,13.96191549],[-90.18455668,13.93318302],[-90.1801115,13.93095139],[-90.18487064,13.92773676],[-90.1892417,13.91841843],[-90.19043835,13.90097262],[-90.19324183,13.899571],[-90.19212212,13.89404044],[-90.19579164,13.89154113],[-90.1963423,13.88376488],[-90.18641293,13.87234101],[-90.1870155,13.87033599],[-90.19024319,13.8705244],[-90.1914221,13.86508463],[-90.18997481,13.85240117],[-90.19274973,13.8492344],[-90.19190439,13.84462494],[-90.19563415,13.83673944],[-90.19956879,13.83295016],[-90.19916502,13.82005391],[-90.20307087,13.81912749],[-90.21159406,13.80583147],[-90.21209385,13.79897011],[-90.2193853,13.7979124],[-90.21663826,13.79053888],[-90.21884155,13.78003401],[-90.23844084,13.78838214],[-90.23612815,13.7942568],[-90.24173529,13.79996081],[-90.23623077,13.80770661],[-90.24042262,13.8187241],[-90.24120737,13.83110896],[-90.20991296,13.82907237],[-90.20527665,13.84078782],[-90.22332276,13.84296445],[-90.22158135,13.84821864],[-90.21341334,13.8574316],[-90.20714138,13.85666458],[-90.21115573,13.86963483],[-90.20185622,13.86868289],[-90.21086339,13.88359582],[-90.2208901,13.88531116],[-90.21914262,13.89833546],[-90.23060776,13.89928445],[-90.22876517,13.90634288],[-90.23670109,13.90931662],[-90.23604837,13.91347104],[-90.23042103,13.91463335],[-90.23171113,13.9203002],[-90.24980142,13.92877911],[-90.26325468,13.92950879],[-90.26558821,13.93312671],[-90.2696476,13.93262692],[-90.2749927,13.9366884],[-90.27678634,13.94234843],[-90.28396255,13.94625187],[-90.28542844,13.9528725],[-90.2903618,13.95339951],[-90.29696262,13.98580124],[-90.29102765,13.98849463],[-90.28198935,14.00168325],[-90.2496638,14.00726434],[-90.24509565,14.00997531],[-90.22611191,14.01092045],[-90.21559339,14.00946293],[-90.19550218,13.99155025],[-90.16568429,13.99047873],[-90.16287285,13.98846442],[-90.16715396,13.97568988],[-90.16484495,13.97202635]]]}},{"type":"Feature","properties":{"m":"Santa Catalina La Tinta","d":"Alta Verapaz","cod":1616,"pop":40516,"iv":0.229,"exp":0.15,"sen":0.282,"cap":0.203,"inat":2.7,"isoc":6.8,"ides":9,"nfp":4,"nfph":3,"pfph":2266,"ncr":0},"geometry":{"type":"Polygon","coordinates":[[[-89.79994879,15.34011118],[-89.79832888,15.23289045],[-89.78145056,15.23600649],[-89.77303708,15.2312088],[-89.76765115,15.23247089],[-89.75761041,15.22755671],[-89.74383179,15.23166037],[-89.75158106,15.19927818],[-89.77447026,15.17646059],[-89.7873757,15.16931492],[-89.80378967,15.16935322],[-89.80882141,15.16327814],[-89.82491827,15.1716554],[-89.85169539,15.16123127],[-89.86380654,15.16701302],[-89.86366386,15.19087103],[-89.86816989,15.19566971],[-89.86546306,15.19880919],[-89.8660748,15.20727255],[-89.86337079,15.21099215],[-89.86401802,15.21551922],[-89.86705238,15.21748482],[-89.8613944,15.23089331],[-89.86376603,15.23718941],[-89.86150571,15.2389027],[-89.86276622,15.25019453],[-89.85978939,15.25829384],[-89.86072449,15.27284517],[-89.86519946,15.27563699],[-89.88652315,15.27496173],[-89.89598607,15.27740586],[-89.89596434,15.28673868],[-89.89308016,15.28696613],[-89.89148969,15.29014272],[-89.8932998,15.29474244],[-89.88729877,15.30128657],[-89.89039975,15.30375302],[-89.89764888,15.30042145],[-89.92767442,15.3035034],[-89.93161723,15.30091524],[-89.93461168,15.30435266],[-89.93890697,15.30431223],[-89.94307958,15.31355834],[-89.95901082,15.31959566],[-89.91738165,15.32967403],[-89.90208022,15.31987611],[-89.90098708,15.32314542],[-89.87592112,15.32349912],[-89.88344919,15.33129742],[-89.88466586,15.34022642],[-89.82709133,15.33648349],[-89.80941925,15.3404478],[-89.79994879,15.34011118]]]}},{"type":"Feature","properties":{"m":"Santiago Chimaltenango","d":"Huehuetenango","cod":1330,"pop":10507,"iv":0.304,"exp":0.248,"sen":0.259,"cap":0.202,"inat":7.6,"isoc":5.3,"ides":5.5,"nfp":0,"nfph":0,"pfph":0,"ncr":0},"geometry":{"type":"Polygon","coordinates":[[[-91.64962199,15.53736972],[-91.65207506,15.52447303],[-91.65889298,15.51370995],[-91.66132313,15.50484869],[-91.66100574,15.49279931],[-91.65589758,15.47749633],[-91.65912923,15.46622205],[-91.67473519,15.4742475],[-91.68466051,15.47531451],[-91.70412556,15.47291989],[-91.71366059,15.47769265],[-91.71787835,15.48570638],[-91.7176353,15.49470318],[-91.70604575,15.54145903],[-91.7065095,15.54988789],[-91.64962199,15.53736972]]]}},{"type":"Feature","properties":{"m":"San Pedro Necta","d":"Huehuetenango","cod":1306,"pop":38510,"iv":0.379,"exp":0.232,"sen":0.368,"cap":0.221,"inat":8.8,"isoc":5.5,"ides":5.5,"nfp":0,"nfph":0,"pfph":0,"ncr":0},"geometry":{"type":"Polygon","coordinates":[[[-91.73494248,15.55613862],[-91.7065095,15.54988789],[-91.70604575,15.54145903],[-91.71637473,15.50373699],[-91.71785262,15.48950368],[-91.73856893,15.48568632],[-91.74760755,15.48084081],[-91.77178706,15.49025151],[-91.77890123,15.49647362],[-91.78840833,15.49795408],[-91.79965006,15.50407613],[-91.79439456,15.53931239],[-91.79512214,15.56970795],[-91.78433267,15.57661772],[-91.77845651,15.58340278],[-91.7763124,15.57896522],[-91.7727296,15.57858936],[-91.7552893,15.56349695],[-91.73494248,15.55613862]]]}},{"type":"Feature","properties":{"m":"Todos Santos Cuchumatán","d":"Huehuetenango","cod":1315,"pop":30186,"iv":0.311,"exp":0.138,"sen":0.329,"cap":0.157,"inat":5.3,"isoc":5.4,"ides":6,"nfp":1,"nfph":0,"pfph":0,"ncr":0},"geometry":{"type":"Polygon","coordinates":[[[-91.53618225,15.6387723],[-91.4969272,15.63015674],[-91.4896515,15.6211998],[-91.4893251,15.59588202],[-91.49261685,15.58223003],[-91.48610467,15.56066797],[-91.48786803,15.55587748],[-91.50550261,15.54483118],[-91.51056126,15.53740441],[-91.51228217,15.52314701],[-91.5094948,15.48759006],[-91.51226965,15.47875129],[-91.53033766,15.48660086],[-91.56533554,15.49497417],[-91.58700826,15.50616211],[-91.61226741,15.50799091],[-91.64160655,15.53744028],[-91.64962199,15.53736972],[-91.73494248,15.55613862],[-91.70933915,15.56808528],[-91.69174268,15.5896566],[-91.68003601,15.59747818],[-91.67157024,15.61045975],[-91.64734486,15.63366478],[-91.64064142,15.63686101],[-91.62795882,15.64045938],[-91.55145878,15.64481298],[-91.53618225,15.6387723]]]}},{"type":"Feature","properties":{"m":"Chisec","d":"Alta Verapaz","cod":1613,"pop":84553,"iv":0.346,"exp":0.1,"sen":0.283,"cap":0.038,"inat":8.1,"isoc":6.9,"ides":9.3,"nfp":48,"nfph":12,"pfph":695,"ncr":0},"geometry":{"type":"Polygon","coordinates":[[[-90.12651242,16.01783817],[-90.12778311,16.01000198],[-90.13486652,15.99805754],[-90.13083868,15.98111314],[-90.15514425,15.96305761],[-90.19111649,15.99500207],[-90.21003148,15.97560992],[-90.21640526,15.97541605],[-90.21801993,15.97238974],[-90.23554835,15.98050366],[-90.23250544,15.97361309],[-90.24167208,15.96569648],[-90.23944957,15.95839089],[-90.22417205,15.95194648],[-90.24611648,15.89819645],[-90.21675536,15.89122419],[-90.22972762,15.87889088],[-90.20487134,15.86961735],[-90.18444982,15.85111308],[-90.15403314,15.84916864],[-90.15111579,15.84691507],[-90.1488052,15.84322532],[-90.15102815,15.83928935],[-90.14261082,15.82552619],[-90.13861652,15.80375201],[-90.12861308,15.80444681],[-90.09986644,15.81416867],[-90.10747792,15.80932411],[-90.1093999,15.80484179],[-90.08968838,15.80140668],[-90.08215484,15.79702903],[-90.05337897,15.79609915],[-90.05354804,15.79123281],[-90.04725863,15.79123337],[-90.04051331,15.78344344],[-90.03889344,15.77592127],[-90.0292225,15.7737572],[-90.02646554,15.76952573],[-90.01788335,15.76845052],[-90.0177831,15.76486307],[-89.95557892,15.77413929],[-89.95627128,15.76962035],[-89.94602843,15.7599133],[-89.94959467,15.74522245],[-89.95542339,15.74417981],[-89.95269084,15.73747207],[-89.95661134,15.7405947],[-89.95986039,15.73813432],[-89.96160648,15.74073892],[-89.96929565,15.73454775],[-89.97124283,15.73735261],[-89.976739,15.7346263],[-89.98095999,15.73711723],[-89.98663696,15.73251606],[-89.99104226,15.73721944],[-89.99365236,15.73221788],[-89.99911997,15.73403488],[-89.99898017,15.73923084],[-90.00392639,15.73381882],[-90.01160383,15.74021931],[-90.02424167,15.73977034],[-90.02692618,15.74514721],[-90.03034827,15.74076458],[-90.04476737,15.74634496],[-90.0691496,15.75033741],[-90.0707415,15.75283431],[-90.08381259,15.75347598],[-90.08446038,15.75627171],[-90.0913667,15.75671969],[-90.08723333,15.75958356],[-90.08788013,15.76163538],[-90.09973454,15.7632149],[-90.10203862,15.76082537],[-90.10399252,15.7636825],[-90.11153839,15.76595809],[-90.11118183,15.76277791],[-90.11717141,15.762425],[-90.12052075,15.76636614],[-90.12323123,15.76440844],[-90.12040485,15.76239556],[-90.12828411,15.76054562],[-90.12825568,15.76823955],[-90.13100265,15.76857495],[-90.13201957,15.7631145],[-90.13712025,15.76725687],[-90.13872114,15.76511277],[-90.14282916,15.7681481],[-90.1497005,15.76377466],[-90.15605354,15.76758987],[-90.15920078,15.7748073],[-90.16652287,15.76995829],[-90.17872632,15.77458284],[-90.2314025,15.70495696],[-90.2499785,15.71382829],[-90.30618872,15.72182051],[-90.40778764,15.79063288],[-90.50843788,15.98285328],[-90.49878197,15.98653391],[-90.49013057,16.01303414],[-90.48687678,16.01621632],[-90.47756481,16.01731634],[-90.47439122,16.00528895],[-90.46893974,16.0040708],[-90.46392401,16.00680954],[-90.45823905,16.01523428],[-90.44266437,16.01968979],[-90.43993558,16.03024808],[-90.43500386,16.02990008],[-90.42554645,16.02268259],[-90.42585478,16.03263232],[-90.42911252,16.03819938],[-90.43560151,16.04063126],[-90.44279579,16.03996188],[-90.44480616,16.0425839],[-90.43284544,16.04610365],[-90.42772952,16.0564772],[-90.41921725,16.0631469],[-90.41929661,16.06767655],[-90.42543458,16.06890554],[-90.43161462,16.06327347],[-90.43526881,16.0630068],[-90.44452293,16.0738235],[-90.21347108,16.04513467],[-90.12651242,16.01783817]]]}},{"type":"Feature","properties":{"m":"San Antonio Aguas Calientes","d":"Sacatepéquez","cod":315,"pop":11347,"iv":0.443,"exp":0.256,"sen":0.217,"cap":0.03,"inat":6.3,"isoc":3.3,"ides":4.1,"nfp":2,"nfph":1,"pfph":638,"ncr":0},"geometry":{"type":"Polygon","coordinates":[[[-90.76995613,14.5513799],[-90.77245606,14.54763023],[-90.77259255,14.53760204],[-90.77759067,14.53491963],[-90.78698582,14.53999288],[-90.78802199,14.54277323],[-90.77989401,14.55162122],[-90.79774878,14.56280672],[-90.79913894,14.56657076],[-90.78539242,14.56901384],[-90.76995613,14.5513799]]]}},{"type":"Feature","properties":{"m":"Raxruhá","d":"Alta Verapaz","cod":1617,"pop":36832,"iv":0.0,"exp":0.0,"sen":0.0,"cap":0.0,"inat":5.2,"isoc":6.8,"ides":7.8,"nfp":0,"nfph":0,"pfph":0,"ncr":0},"geometry":{"type":"Polygon","coordinates":[[[-90.04680222,15.99156284],[-90.04323993,15.99249753],[-90.03869837,16.00047544],[-90.03916381,16.01121545],[-90.03553242,16.01564125],[-90.02665339,16.00750368],[-90.01260368,16.00953723],[-90.0102762,16.00262847],[-90.01663464,15.99577987],[-90.01430281,15.99194349],[-90.01157945,15.99185868],[-90.00420175,15.99998111],[-89.99916507,15.99831798],[-89.99192101,16.00152524],[-89.98951421,16.0001777],[-89.9867622,15.98826311],[-89.99074905,15.98666887],[-89.99792343,15.99063051],[-90.00392228,15.98454294],[-90.00872514,15.98425902],[-90.01254507,15.98067317],[-90.00418028,15.96489335],[-90.00535928,15.95809407],[-90.00995416,15.95688795],[-90.01624182,15.96484705],[-90.02192074,15.96454637],[-90.0133935,15.95287722],[-90.01127723,15.94557272],[-90.00020063,15.94842296],[-90.00429548,15.94128017],[-89.99982175,15.93543666],[-89.99425577,15.94790161],[-89.99505537,15.95651211],[-89.99110995,15.95855195],[-89.98871229,15.95681768],[-89.98894335,15.94501572],[-89.99218533,15.94030696],[-89.98689181,15.93286491],[-89.98922872,15.9304321],[-89.99511324,15.93101834],[-89.99498977,15.92835074],[-89.99076099,15.92568495],[-89.99683103,15.92060498],[-89.992294,15.91354259],[-89.98428465,15.91368388],[-89.98156728,15.9076788],[-89.98635746,15.90383238],[-89.99238384,15.90650248],[-89.99791227,15.90491272],[-89.99869046,15.90117114],[-89.99377836,15.90299441],[-89.9896068,15.90064617],[-89.99369311,15.88911651],[-89.98540763,15.89123767],[-89.98580605,15.89737457],[-89.98308801,15.90096266],[-89.97196485,15.89652588],[-89.9751928,15.89250416],[-89.98163001,15.89160388],[-89.97739289,15.88744199],[-89.96966884,15.88994675],[-89.96120347,15.88251792],[-89.95378629,15.8881977],[-89.95028525,15.88424067],[-89.95649453,15.88201771],[-89.95660589,15.87969793],[-89.94441588,15.86981692],[-89.95026412,15.86877358],[-89.94836223,15.85680212],[-89.94546853,15.85394554],[-89.93571328,15.8538186],[-89.93390943,15.84473718],[-89.92769363,15.84122604],[-89.92904688,15.83482474],[-89.93717014,15.83460568],[-89.94193854,15.83114628],[-89.93894774,15.82007709],[-89.94466734,15.80568378],[-89.94239397,15.79612354],[-89.94669873,15.78970477],[-89.94008863,15.77644637],[-90.0177831,15.76486307],[-90.01788335,15.76845052],[-90.02646554,15.76952573],[-90.0292225,15.7737572],[-90.03889344,15.77592127],[-90.04051331,15.78344344],[-90.04725863,15.79123337],[-90.05354804,15.79123281],[-90.05337897,15.79609915],[-90.08215484,15.79702903],[-90.08968838,15.80140668],[-90.1093999,15.80484179],[-90.10747792,15.80932411],[-90.09986644,15.81416867],[-90.12861308,15.80444681],[-90.13861652,15.80375201],[-90.14261082,15.82552619],[-90.15102815,15.83928935],[-90.1488052,15.84322532],[-90.15111579,15.84691507],[-90.15403314,15.84916864],[-90.18444982,15.85111308],[-90.20487134,15.86961735],[-90.22972762,15.87889088],[-90.21675536,15.89122419],[-90.24611648,15.89819645],[-90.22417205,15.95194648],[-90.23944957,15.95839089],[-90.24167208,15.96569648],[-90.23250544,15.97361309],[-90.23554835,15.98050366],[-90.21801993,15.97238974],[-90.21640526,15.97541605],[-90.21003148,15.97560992],[-90.19111649,15.99500207],[-90.15514425,15.96305761],[-90.13083868,15.98111314],[-90.13486652,15.99805754],[-90.12778311,16.01000198],[-90.12611646,16.02027985],[-90.04680222,15.99156284]]]}},{"type":"Feature","properties":{"m":"Flores","d":"Petén","cod":1701,"pop":38186,"iv":0.261,"exp":0.097,"sen":0.175,"cap":0.011,"inat":4.5,"isoc":5.1,"ides":4.8,"nfp":31,"nfph":13,"pfph":1261,"ncr":0},"geometry":{"type":"Polygon","coordinates":[[[-89.33288676,17.01626942],[-89.38539253,16.98814096],[-89.41086485,16.98896968],[-89.45638168,16.96053602],[-89.49077673,16.9553334],[-89.5009147,16.94837298],[-89.51492448,16.95188239],[-89.52419832,16.94976055],[-89.55144949,16.9496489],[-89.62749241,16.95997187],[-89.65920081,16.98208033],[-89.67782649,16.97645328],[-89.68475091,16.97829025],[-89.69412218,16.96918199],[-89.69939852,16.95003086],[-89.70189823,16.92226107],[-89.71736526,16.90948281],[-89.74577546,16.90609593],[-89.75534676,16.90729864],[-89.80668823,16.89920558],[-89.83978356,16.90584862],[-89.89676458,16.90579037],[-89.89371547,16.92219064],[-89.9017919,16.92794035],[-89.89793949,16.93596805],[-89.91033974,16.94107332],[-89.89474189,16.96876288],[-89.86573388,16.99482584],[-89.85453496,16.99820565],[-89.81112291,16.99161443],[-89.75914372,16.99838781],[-89.74994345,16.99774342],[-89.73568408,16.98925065],[-89.7205176,16.98367518],[-89.71370717,16.98450645],[-89.70719485,16.98861012],[-89.70214478,16.99682311],[-89.70170801,17.8192826],[-89.3374416,17.81808994],[-89.33288676,17.01626942]]]}},{"type":"Feature","properties":{"m":"San José","d":"Petén","cod":1702,"pop":6989,"iv":0.215,"exp":0.089,"sen":0.138,"cap":0.011,"inat":4,"isoc":5.4,"ides":5.3,"nfp":4,"nfph":0,"pfph":0,"ncr":0},"geometry":{"type":"Polygon","coordinates":[[[-89.89474189,16.96876288],[-89.91694518,16.98359661],[-89.91607201,17.81945588],[-89.70170801,17.8192826],[-89.70214478,16.99682311],[-89.70719485,16.98861012],[-89.71370717,16.98450645],[-89.7205176,16.98367518],[-89.73568408,16.98925065],[-89.74994345,16.99774342],[-89.75914372,16.99838781],[-89.81112291,16.99161443],[-89.85868086,16.99761515],[-89.87128535,16.99038469],[-89.89474189,16.96876288]]]}},{"type":"Feature","properties":{"m":"San Andrés","d":"Petén","cod":1704,"pop":32878,"iv":0.281,"exp":0.096,"sen":0.236,"cap":0.052,"inat":3.7,"isoc":6.2,"ides":6.4,"nfp":44,"nfph":17,"pfph":530,"ncr":0},"geometry":{"type":"Polygon","coordinates":[[[-89.89474189,16.96876288],[-89.91033974,16.94107332],[-89.93271638,16.94615435],[-89.9493149,16.94333676],[-89.97658135,16.94547162],[-90.33138828,17.22884549],[-90.35546962,17.22045956],[-90.36857513,17.21185957],[-90.37852766,17.21083112],[-90.39029047,17.19881727],[-90.41871886,17.19076818],[-90.43142678,17.19388056],[-90.43827484,17.19364485],[-90.43971891,17.18967788],[-90.4430647,17.19146802],[-90.44322402,17.18662217],[-90.44911478,17.18521556],[-90.4528941,17.16796486],[-90.45576693,17.16876882],[-90.45678879,17.17448654],[-90.47466081,17.17400431],[-90.47861095,17.18066185],[-90.47672681,17.18427596],[-90.46113314,17.18487389],[-90.45811433,17.18674386],[-90.45650274,17.19221272],[-90.46078708,17.19845142],[-90.45814455,17.20130607],[-90.46075728,17.21492088],[-90.48531691,17.24112992],[-90.49356173,17.2430969],[-90.49961971,17.24985278],[-90.50886045,17.25378141],[-90.51120815,17.2600834],[-90.51495881,17.26101162],[-90.51454955,17.26414865],[-90.51992034,17.264932],[-90.52587346,17.27368098],[-90.54284737,17.27864168],[-90.5505365,17.28380741],[-90.58379664,17.28874176],[-90.59639027,17.29459272],[-90.60630922,17.30406027],[-90.63431244,17.30743687],[-90.63846184,17.30429946],[-90.63849627,17.30970268],[-90.65008252,17.30778164],[-90.66776848,17.29953219],[-90.6879772,17.29687228],[-90.70559136,17.28165481],[-90.71278942,17.26753546],[-90.72505905,17.2626918],[-90.7324602,17.26411696],[-90.74841901,17.25920612],[-90.75550304,17.25416901],[-90.75426365,17.23898329],[-90.75986086,17.2385229],[-90.75883613,17.23395064],[-90.77085601,17.22933363],[-90.77379912,17.23186403],[-90.77947424,17.22634167],[-90.79046823,17.23188747],[-90.7973816,17.23229528],[-90.80126474,17.24107007],[-90.81455375,17.23283264],[-90.81758329,17.24051837],[-90.82275359,17.24189789],[-90.83123939,17.25019357],[-90.83880005,17.25382989],[-90.84717171,17.2497912],[-90.8613027,17.25033957],[-90.85858465,17.25520597],[-90.8647449,17.25835894],[-90.865579,17.26568996],[-90.87165946,17.26385732],[-90.87352966,17.26890576],[-90.87727055,17.26292407],[-90.8890482,17.26062251],[-90.89350246,17.26451786],[-90.8946008,17.25877343],[-90.89836251,17.25896753],[-90.89839987,17.25162418],[-90.90980427,17.25186395],[-90.91333197,17.24636481],[-90.91781838,17.24537463],[-90.94029159,17.25323689],[-90.94853577,17.25907734],[-90.96355809,17.26231774],[-90.96739895,17.26791518],[-90.9699536,17.26727924],[-90.97189924,17.26149867],[-90.9744654,17.26189951],[-90.97947263,17.26792636],[-90.98166961,17.27697972],[-90.98730436,17.27857546],[-90.98771447,17.81705044],[-89.91607201,17.81945588],[-89.91694518,16.98359661],[-89.89474189,16.96876288]]]}},{"type":"Feature","properties":{"m":"San Benito","d":"Petén","cod":1703,"pop":43841,"iv":0.272,"exp":0.104,"sen":0.179,"cap":0.011,"inat":2.7,"isoc":4.8,"ides":5.4,"nfp":13,"nfph":6,"pfph":563,"ncr":0},"geometry":{"type":"Polygon","coordinates":[[[-89.93271638,16.94615435],[-89.89793949,16.93596805],[-89.9017919,16.92794035],[-89.89371547,16.92219064],[-89.89380296,16.91921595],[-89.89676458,16.90579037],[-89.9113169,16.9122766],[-89.91561256,16.91039804],[-89.91690359,16.88100315],[-89.92389243,16.86774459],[-89.92458731,16.85989886],[-89.91552144,16.84289021],[-89.91728611,16.83668578],[-90.18337879,16.8360463],[-90.1828635,17.10998589],[-89.97658135,16.94547162],[-89.9493149,16.94333676],[-89.93271638,16.94615435]]]}},{"type":"Feature","properties":{"m":"San Luis","d":"Petén","cod":1709,"pop":67038,"iv":0.335,"exp":0.142,"sen":0.215,"cap":0.021,"inat":3.8,"isoc":6.7,"ides":7.2,"nfp":73,"nfph":35,"pfph":3064,"ncr":0},"geometry":{"type":"Polygon","coordinates":[[[-89.20280786,16.26751343],[-89.22579861,15.89661363],[-89.23031312,15.89806526],[-89.23194019,15.90616319],[-89.2379791,15.91120913],[-89.24906177,15.91653228],[-89.25893899,15.91642415],[-89.26346094,15.91987869],[-89.27327474,15.91510787],[-89.29253006,15.91447873],[-89.30710315,15.91784674],[-89.31455709,15.91640967],[-89.31736091,15.91911755],[-89.3307537,15.91439478],[-89.33804014,15.92032152],[-89.355643,15.92038294],[-89.36622963,15.91690655],[-89.3775321,15.90567781],[-89.38102697,15.89243462],[-89.38000355,15.88764433],[-89.38376177,15.88287886],[-89.38988716,15.88138273],[-89.38753319,15.8773633],[-89.38211091,15.87507046],[-89.38578569,15.87172834],[-89.39173025,15.87388427],[-89.38812093,15.86901696],[-89.39270163,15.86797093],[-89.39192064,15.86188733],[-89.3953036,15.86192118],[-89.40104624,15.8676294],[-89.40687979,15.85909596],[-89.41230073,15.85619741],[-89.41480539,15.85936397],[-89.42667669,15.85892636],[-89.43790256,15.85409891],[-89.4428418,15.84860346],[-89.45852564,15.84870494],[-89.46406266,15.85571487],[-89.46402085,15.86071786],[-89.46729602,15.8620993],[-89.47766177,15.86083436],[-89.48275262,15.85421881],[-89.48898616,15.85516397],[-89.49998667,15.84442061],[-89.50074602,16.04053072],[-89.50241264,16.04564073],[-89.50394549,16.04044195],[-89.50744968,16.04024076],[-89.50837474,16.03653372],[-89.51079317,16.03653928],[-89.51046432,16.04339374],[-89.51875227,16.04425977],[-89.52363347,16.05248071],[-89.52784455,16.05307823],[-89.53666163,16.04558486],[-89.54814264,16.04206494],[-89.54672599,16.03385405],[-89.54908766,16.03309439],[-89.54732814,16.02927609],[-89.55670792,16.03225004],[-89.55787018,16.03023325],[-89.56176239,16.03179075],[-89.56359337,16.02877254],[-89.56584945,16.03079906],[-89.57025406,16.02621415],[-89.56829586,16.02239278],[-89.57325378,16.02145998],[-89.57678824,16.01605646],[-89.58161773,16.0144692],[-89.58258313,16.01104316],[-89.58736392,16.01364901],[-89.58765431,16.01776982],[-89.59505281,16.02102536],[-89.58965961,16.01335379],[-89.59063672,16.00923056],[-89.59395588,16.00812109],[-89.5939124,16.01288202],[-89.59653425,16.01461052],[-89.60062193,16.01149227],[-89.60557397,16.01433742],[-89.6119854,16.01405628],[-89.6160674,16.01129754],[-89.61941328,16.01836313],[-89.63306936,16.01743042],[-89.63826491,16.01341249],[-89.63675644,16.00073733],[-89.64002597,16.00059107],[-89.64132048,15.99336026],[-89.64747894,15.9913588],[-89.64628926,15.98771129],[-89.65152383,15.97452402],[-89.66347625,15.98242374],[-89.66621412,15.97425811],[-89.67184953,15.97530798],[-89.67779851,15.97280799],[-89.6802632,15.97730225],[-89.68705116,15.98169168],[-89.69132915,15.9779175],[-89.69842309,15.97637228],[-89.7032293,15.96109112],[-89.71211212,15.96717634],[-89.71480031,15.96428002],[-89.72163553,15.96687711],[-89.73026908,15.96560132],[-89.73293094,15.96197645],[-89.74084845,15.95844248],[-89.74701408,15.95116554],[-89.74252994,15.94675302],[-89.74269965,15.94336107],[-89.74727422,15.94296076],[-89.75021369,15.93469821],[-89.75717035,15.93132157],[-89.76034812,15.92172282],[-89.76709399,15.92029266],[-89.77233962,15.92493952],[-89.78156972,15.92292879],[-89.78629041,15.91808667],[-89.79184364,15.91705773],[-89.79487461,15.90935079],[-89.82306026,15.9113973],[-89.82434665,15.90586928],[-89.83470709,15.90898854],[-89.84059863,15.90756257],[-89.84086205,15.9110786],[-89.84371957,15.91107076],[-89.84939417,15.90961091],[-89.85118652,15.90592059],[-89.85683421,15.90531785],[-89.86391988,15.90911262],[-89.86448912,15.9135033],[-89.8683768,15.91291759],[-89.87157184,15.91913637],[-89.86760591,15.92396797],[-89.87017308,15.93446189],[-89.87373245,15.93284659],[-89.87925324,15.93887785],[-89.88633409,15.93810337],[-89.88365538,15.94300239],[-89.89619544,15.94731994],[-89.88743024,15.95553852],[-89.89317856,15.96673301],[-89.89945526,15.9660087],[-89.89721536,15.9573344],[-89.90136605,15.95381415],[-89.90525935,15.95454848],[-89.90588249,15.96216904],[-89.9142652,15.96058516],[-89.91529698,15.96904457],[-89.92230713,15.96629287],[-89.92956588,15.97400271],[-89.93312122,15.96513919],[-89.93745695,15.96534882],[-89.93683775,15.97080957],[-89.93910674,15.97266921],[-89.94729116,15.96737803],[-89.94811785,15.97848925],[-89.96232757,15.9807267],[-89.95396679,15.99174515],[-89.96636805,15.98785282],[-89.9647583,15.99554587],[-89.96060536,16.00040373],[-89.96496687,16.0050265],[-89.97821074,16.00765476],[-89.9804236,16.01442432],[-89.98379259,16.01393218],[-89.98774249,16.00805288],[-89.98175937,16.0060342],[-89.98231681,15.99930249],[-89.97960729,15.99440642],[-89.98191765,15.99099406],[-89.98343033,15.99528185],[-89.98852253,15.99501758],[-89.98951421,16.0001777],[-89.99192101,16.00152524],[-89.99916507,15.99831798],[-90.00420175,15.99998111],[-90.01157945,15.99185868],[-90.01430281,15.99194349],[-90.01663464,15.99577987],[-90.0102762,16.00262847],[-90.01260368,16.00953723],[-90.02665339,16.00750368],[-90.03553242,16.01564125],[-90.03916381,16.01121545],[-90.03869837,16.00047544],[-90.04323993,15.99249753],[-90.04680222,15.99156284],[-90.05033069,16.00101633],[-90.04968019,16.0155821],[-90.04630028,16.0220452],[-90.05879883,16.01879566],[-90.06365032,16.0231944],[-90.05639025,16.0326477],[-90.05159061,16.04657849],[-90.05376861,16.04888746],[-90.05904994,16.04861353],[-90.06048238,16.05436514],[-90.07151389,16.06511452],[-90.07255885,16.07088677],[-90.07010673,16.08139491],[-90.05914794,16.07815608],[-90.05651884,16.08191935],[-90.05190565,16.08309967],[-90.05058686,16.08994664],[-90.05970693,16.09482675],[-90.06718875,16.09390694],[-90.06877445,16.10172746],[-90.0724536,16.10471053],[-90.07814703,16.10825391],[-90.0907204,16.10809268],[-90.09610159,16.11418701],[-90.09546495,16.1168886],[-90.0923194,16.11506788],[-90.08765631,16.11961429],[-90.08900568,16.11221312],[-90.08683644,16.10967307],[-90.07845308,16.11402396],[-90.0732067,16.11290793],[-90.06568434,16.11649233],[-90.0564604,16.11236603],[-90.04803994,16.11918143],[-90.04469938,16.11664739],[-90.03892939,16.11672201],[-90.03019075,16.1248212],[-90.024644,16.13456279],[-90.01370696,16.13587604],[-90.01837777,16.14014034],[-90.02751957,16.13902421],[-90.0352177,16.14376386],[-90.03779673,16.14188876],[-90.03362068,16.13832024],[-90.03578962,16.13621822],[-90.04729026,16.14961824],[-90.04725267,16.15215066],[-90.0406061,16.15545705],[-90.04097122,16.1633713],[-90.03646073,16.16986317],[-90.04614612,16.1724631],[-90.05149164,16.17009352],[-90.05085576,16.17421709],[-90.04208176,16.18138246],[-90.03112511,16.17769674],[-90.02736275,16.18024366],[-90.03621048,16.1943298],[-90.03927999,16.19352943],[-90.04112106,16.18568994],[-90.05367877,16.1915737],[-90.05115646,16.19576026],[-90.03353321,16.20115745],[-90.03614442,16.211014],[-90.02279276,16.21207097],[-90.02430746,16.21684644],[-90.02177005,16.21738875],[-90.01440223,16.20888182],[-90.01340974,16.21373266],[-90.00873513,16.21342301],[-90.00637866,16.2088354],[-90.00196454,16.21108357],[-90.00038422,16.20871464],[-89.98489004,16.21398283],[-89.98391266,16.21779184],[-89.97687601,16.22287464],[-89.97197294,16.21775606],[-89.96513462,16.21746759],[-89.96057063,16.21380402],[-89.96033942,16.22582113],[-89.9639637,16.23082119],[-89.96005623,16.23292435],[-89.95714814,16.24038153],[-89.95219478,16.24498302],[-89.94367886,16.2426312],[-89.93674472,16.24414841],[-89.9319913,16.24840686],[-89.92491592,16.24408085],[-89.92317671,16.25335899],[-89.92082004,16.25040268],[-89.91190906,16.24920635],[-89.9012733,16.24163367],[-89.89665593,16.24139453],[-89.89267496,16.23221696],[-89.88939006,16.24019434],[-89.88334021,16.24567962],[-89.88367071,16.25490971],[-89.88907909,16.2586121],[-89.88867874,16.26559344],[-89.20280786,16.26751343]]]}},{"type":"Feature","properties":{"m":"La Libertad","d":"Petén","cod":1705,"pop":71939,"iv":0.326,"exp":0.102,"sen":0.242,"cap":0.018,"inat":3.9,"isoc":6.7,"ides":6,"nfp":65,"nfph":16,"pfph":7445,"ncr":0},"geometry":{"type":"Polygon","coordinates":[[[-90.1828635,17.10998589],[-90.18337879,16.8360463],[-90.01450783,16.83653412],[-90.01730154,16.83187944],[-90.03303671,16.82843697],[-90.04354424,16.81799567],[-90.06392383,16.81692447],[-90.07890016,16.81315241],[-90.11965166,16.78083311],[-90.15142908,16.72699592],[-90.15398501,16.70146488],[-90.15798567,16.68851379],[-90.21533876,16.68689113],[-90.21778318,16.71361335],[-90.23556093,16.71389109],[-90.23500542,16.73305779],[-90.23056092,16.73305773],[-90.22972761,16.74944667],[-90.22611655,16.7494467],[-90.22583869,16.76472449],[-90.27944981,16.76805781],[-90.28167207,16.7686133],[-90.28222767,16.77277999],[-90.30556101,16.7736133],[-90.30833877,16.78000226],[-90.31333877,16.78055781],[-90.31250538,16.7863911],[-90.3291721,16.79500226],[-90.32944987,16.79222443],[-90.33563161,16.79183167],[-90.33528318,16.79555783],[-90.33806096,16.7958356],[-90.33889432,16.78750223],[-90.37883615,16.79329563],[-90.37811031,16.79875473],[-90.41778327,16.7984745],[-90.41897852,16.73722113],[-90.50806098,16.73777999],[-90.59139438,16.74500222],[-90.58861664,16.74666885],[-90.58583878,16.78750226],[-90.60528325,16.78778002],[-90.60528324,16.78180776],[-90.61444992,16.78180775],[-90.61611658,16.72958558],[-90.63917213,16.7619467],[-90.63778326,16.76583557],[-90.64208882,16.76944664],[-90.64806108,16.75972441],[-90.6513944,16.76055782],[-90.65875555,16.76555776],[-90.65778333,16.77528005],[-90.67861663,16.78583558],[-90.72944995,16.79944668],[-90.73000554,16.80500226],[-90.72806108,16.80500225],[-90.71611666,16.82444671],[-90.72222774,16.82750221],[-90.73194996,16.83861333],[-90.77333885,16.83944668],[-90.77028336,16.88278001],[-90.84500558,16.89528004],[-90.87496312,16.92955348],[-90.88680861,16.93806145],[-90.89577887,16.94250819],[-90.89910394,16.94092955],[-90.9001384,16.94336357],[-90.90520274,16.93854567],[-90.90811673,16.93995728],[-90.91221482,16.93370476],[-90.91453316,16.93391552],[-90.91270659,16.93059021],[-90.91823315,16.92358833],[-90.92647617,16.92192568],[-90.93306117,16.91611336],[-91.00611673,16.92305781],[-91.09417234,16.98666898],[-91.19639455,17.06916901],[-91.23889452,17.16528007],[-91.34607011,17.25115142],[-90.98726675,17.25132527],[-90.98702459,17.27859198],[-90.98166961,17.27697972],[-90.97947263,17.26792636],[-90.97325698,17.2611589],[-90.9699536,17.26727924],[-90.96739895,17.26791518],[-90.96355809,17.26231774],[-90.94853577,17.25907734],[-90.94029159,17.25323689],[-90.91781838,17.24537463],[-90.91333197,17.24636481],[-90.90980427,17.25186395],[-90.89839987,17.25162418],[-90.89836251,17.25896753],[-90.8946008,17.25877343],[-90.89350246,17.26451786],[-90.8890482,17.26062251],[-90.87727055,17.26292407],[-90.87352966,17.26890576],[-90.87165946,17.26385732],[-90.865579,17.26568996],[-90.8647449,17.25835894],[-90.85858465,17.25520597],[-90.8613027,17.25033957],[-90.84717171,17.2497912],[-90.83880005,17.25382989],[-90.83123939,17.25019357],[-90.82275359,17.24189789],[-90.81758329,17.24051837],[-90.81455375,17.23283264],[-90.80126474,17.24107007],[-90.7973816,17.23229528],[-90.79046823,17.23188747],[-90.78057669,17.22622058],[-90.77379912,17.23186403],[-90.77085601,17.22933363],[-90.75883613,17.23395064],[-90.75986086,17.2385229],[-90.75426365,17.23898329],[-90.75550304,17.25416901],[-90.74841901,17.25920612],[-90.7324602,17.26411696],[-90.72505905,17.2626918],[-90.71278942,17.26753546],[-90.70559136,17.28165481],[-90.68910964,17.29621914],[-90.66776848,17.29953219],[-90.65008252,17.30778164],[-90.63849627,17.30970268],[-90.63846184,17.30429946],[-90.63431244,17.30743687],[-90.60630922,17.30406027],[-90.59639027,17.29459272],[-90.58379664,17.28874176],[-90.5505365,17.28380741],[-90.54284737,17.27864168],[-90.52587346,17.27368098],[-90.51992034,17.264932],[-90.51454955,17.26414865],[-90.51495881,17.26101162],[-90.51120815,17.2600834],[-90.50886045,17.25378141],[-90.49961971,17.24985278],[-90.49356173,17.2430969],[-90.48531691,17.24112992],[-90.46075728,17.21492088],[-90.45814455,17.20130607],[-90.46078708,17.19845142],[-90.45650274,17.19221272],[-90.45811433,17.18674386],[-90.46113314,17.18487389],[-90.47672681,17.18427596],[-90.47861095,17.18066185],[-90.47466081,17.17400431],[-90.45678879,17.17448654],[-90.45576693,17.16876882],[-90.4528941,17.16796486],[-90.44911478,17.18521556],[-90.44322402,17.18662217],[-90.4430647,17.19146802],[-90.43971891,17.18967788],[-90.43827484,17.19364485],[-90.43142678,17.19388056],[-90.41871886,17.19076818],[-90.39029047,17.19881727],[-90.37852766,17.21083112],[-90.36857513,17.21185957],[-90.35546962,17.22045956],[-90.33138828,17.22884549],[-90.1828635,17.10998589]]]}},{"type":"Feature","properties":{"m":"Melchor de Mencos","d":"Petén","cod":1711,"pop":28238,"iv":0.221,"exp":0.084,"sen":0.162,"cap":0.025,"inat":5.7,"isoc":4.8,"ides":3.5,"nfp":12,"nfph":1,"pfph":72,"ncr":0},"geometry":{"type":"Polygon","coordinates":[[[-89.15692374,17.81683799],[-89.15155611,17.09734341],[-89.15369574,17.01243919],[-89.16628088,16.81888379],[-89.32919587,16.81860619],[-89.33351913,17.04653749],[-89.3374416,17.81808994],[-89.15692374,17.81683799]]]}},{"type":"Feature","properties":{"m":"Las Cruces","d":"Petén","cod":1713,"pop":32715,"iv":0.0,"exp":0.0,"sen":0.0,"cap":0.0,"inat":3.9,"isoc":6,"ides":6,"nfp":0,"nfph":0,"pfph":0,"ncr":0},"geometry":{"type":"Polygon","coordinates":[[[-91.34607011,17.25115142],[-91.23889452,17.16528007],[-91.19639455,17.06916901],[-91.09417234,16.98666898],[-91.00611673,16.92305781],[-90.93306117,16.91611336],[-90.92647617,16.92192568],[-90.91823315,16.92358833],[-90.91270659,16.93059021],[-90.91453316,16.93391552],[-90.91221482,16.93370476],[-90.90811673,16.93995728],[-90.90520274,16.93854567],[-90.9001384,16.94336357],[-90.89910394,16.94092955],[-90.89577887,16.94250819],[-90.88680861,16.93806145],[-90.87496312,16.92955348],[-90.84500558,16.89528004],[-90.77028336,16.88278001],[-90.77333885,16.83944668],[-90.73194996,16.83861333],[-90.72222774,16.82750221],[-90.71611666,16.82444671],[-90.72806108,16.80500225],[-90.73000554,16.80500226],[-90.72944995,16.79944668],[-90.67861663,16.78583558],[-90.65778333,16.77528005],[-90.65875555,16.76555776],[-90.6513944,16.76055782],[-90.64806108,16.75972441],[-90.64208882,16.76944664],[-90.63778326,16.76583557],[-90.63917213,16.7619467],[-90.61611658,16.72958558],[-90.61444992,16.78180775],[-90.60528324,16.78180776],[-90.60528325,16.78778002],[-90.58583878,16.78750226],[-90.58861664,16.74666885],[-90.59139438,16.74500222],[-90.50806098,16.73777999],[-90.41897852,16.73722113],[-90.41778327,16.7984745],[-90.37811031,16.79875473],[-90.37883615,16.79329563],[-90.33889432,16.78750223],[-90.33806096,16.7958356],[-90.33528318,16.79555783],[-90.33563161,16.79183167],[-90.32944987,16.79222443],[-90.3291721,16.79500226],[-90.31250538,16.7863911],[-90.31333877,16.78055781],[-90.30833877,16.78000226],[-90.30556101,16.7736133],[-90.28222767,16.77277999],[-90.28167207,16.7686133],[-90.27944981,16.76805781],[-90.22583869,16.76472449],[-90.22611655,16.7494467],[-90.22972761,16.74944667],[-90.23056092,16.73305773],[-90.23500542,16.73305779],[-90.23556093,16.71389109],[-90.21778318,16.71361335],[-90.21533876,16.68689113],[-90.15967957,16.68703246],[-90.16620825,16.6784881],[-90.16496207,16.66596331],[-90.16680519,16.65974674],[-90.18347229,16.63660421],[-90.1998724,16.63380736],[-90.20222255,16.63156718],[-90.21328753,16.63348402],[-90.24015088,16.62226613],[-90.24169618,16.61178723],[-90.23901305,16.59650743],[-90.23923418,16.5939785],[-90.24100622,16.59553004],[-90.2422026,16.59336229],[-90.24032904,16.59115775],[-90.24171439,16.58998765],[-90.23919783,16.59068318],[-90.23804162,16.58431826],[-90.23950679,16.57930246],[-90.24111934,16.58036495],[-90.2419133,16.57127163],[-90.24442642,16.56995191],[-90.24485727,16.57194184],[-90.24832782,16.57063309],[-90.25680935,16.57371294],[-90.25947,16.56763047],[-90.25899653,16.56368771],[-90.25698771,16.56437753],[-90.25610489,16.56227803],[-90.26140873,16.56026067],[-90.27168782,16.56512015],[-90.30081826,16.5716108],[-90.30493627,16.56995576],[-90.30877944,16.56435876],[-90.30814281,16.55537569],[-90.31289696,16.55325223],[-90.3408832,16.57677744],[-90.34486511,16.57751494],[-90.35235656,16.57291377],[-90.35667369,16.57485411],[-90.35762646,16.57923874],[-90.35492581,16.58545626],[-90.3464554,16.58574396],[-90.34170168,16.58968628],[-90.3456612,16.59910194],[-90.34917736,16.60159292],[-90.36262598,16.60009645],[-90.37603111,16.60338209],[-90.37977447,16.60241057],[-90.38116141,16.59894923],[-90.3707838,16.5796503],[-90.37166213,16.57466573],[-90.3835084,16.57832344],[-90.41804021,16.57616403],[-90.42103515,16.57331613],[-90.42442755,16.56086227],[-90.43173673,16.55760504],[-90.44501529,16.56179853],[-90.46334885,16.55177222],[-90.46708124,16.54697094],[-90.4651539,16.54269373],[-90.45663433,16.53983058],[-90.45335914,16.54049177],[-90.44989793,16.54548068],[-90.443216,16.54423155],[-90.45227863,16.50635892],[-90.45176792,16.4979735],[-90.44543811,16.48877689],[-90.44834793,16.4830605],[-90.46244062,16.48813341],[-90.46621655,16.52204605],[-90.47883456,16.52594514],[-90.48948552,16.50555828],[-90.49763584,16.51053035],[-90.49966542,16.51416896],[-90.49832745,16.520729],[-90.50069023,16.52075645],[-90.5028252,16.51562368],[-90.51097889,16.51426179],[-90.5184932,16.50591709],[-90.52060165,16.48878872],[-90.51931482,16.4795807],[-90.53128316,16.48437963],[-90.54398938,16.48017114],[-90.56298902,16.47787988],[-90.58986067,16.46910934],[-90.59513977,16.4736404],[-90.59425835,16.48720616],[-90.59725734,16.48905294],[-90.61250284,16.48795386],[-90.62230781,16.47656376],[-90.63219371,16.47738838],[-90.63651438,16.48158813],[-90.63522142,16.48884323],[-90.6184468,16.48982856],[-90.61271902,16.49283512],[-90.6075335,16.5007628],[-90.61096312,16.5149302],[-90.61686355,16.52085464],[-90.62248459,16.52096156],[-90.63899911,16.51325832],[-90.6470788,16.51802775],[-90.64480709,16.53402309],[-90.6498778,16.54498715],[-90.64863324,16.56029398],[-90.64468218,16.56603868],[-90.6288156,16.57550856],[-90.62797853,16.57822259],[-90.63598192,16.59142455],[-90.64250874,16.59605602],[-90.64413446,16.59511465],[-90.6423757,16.58449168],[-90.64703857,16.57855752],[-90.6607756,16.57762192],[-90.66835078,16.58237584],[-90.66878175,16.58922137],[-90.65858025,16.59157633],[-90.65571218,16.595512],[-90.65710768,16.6108023],[-90.66385569,16.62851067],[-90.65939726,16.63691921],[-90.65947549,16.64152267],[-90.67809095,16.6627757],[-90.68392883,16.69036085],[-90.70959891,16.70630778],[-90.70842868,16.71890566],[-90.7110122,16.72483034],[-90.75179194,16.74847959],[-90.75787558,16.75356305],[-90.76083201,16.76249521],[-90.8025368,16.77735323],[-90.80456938,16.78464397],[-90.80137055,16.79495168],[-90.80395874,16.79949488],[-90.85169133,16.79748662],[-90.85657772,16.80021285],[-90.86068714,16.81259335],[-90.87579038,16.82398099],[-90.88576445,16.82607938],[-90.91586207,16.8217417],[-90.92229772,16.82301965],[-90.92702819,16.83460816],[-90.93339451,16.84287861],[-90.93195357,16.85509489],[-90.93391656,16.86009006],[-90.95398612,16.86564268],[-90.96874244,16.86105852],[-90.97414267,16.86382807],[-90.97269233,16.87131273],[-90.95874013,16.87867209],[-90.95545921,16.88455489],[-90.95676829,16.89365135],[-90.96432365,16.90105503],[-90.97244726,16.9028783],[-90.98407657,16.89941076],[-90.98612957,16.89054107],[-90.98050378,16.87343062],[-90.9845097,16.86449932],[-90.98841528,16.86363399],[-90.99075078,16.86481708],[-90.99426907,16.87674388],[-91.00693593,16.88524527],[-91.0664531,16.90277064],[-91.07347733,16.91000194],[-91.0741184,16.91353289],[-91.06423946,16.92130938],[-91.06447882,16.92486704],[-91.0795446,16.94263264],[-91.09529076,16.9531302],[-91.10284145,16.96787974],[-91.12121578,16.97751116],[-91.12300053,16.98374631],[-91.12161444,17.00159333],[-91.13206374,17.00653554],[-91.140706,17.00689741],[-91.15217201,17.00381678],[-91.17776343,17.01696519],[-91.19436524,17.03839589],[-91.20935778,17.05164859],[-91.21457246,17.0536101],[-91.21894425,17.08093339],[-91.22659325,17.09467515],[-91.23378348,17.10119969],[-91.25539028,17.10152023],[-91.26858902,17.1094519],[-91.27349254,17.14041054],[-91.26482499,17.15566133],[-91.26364573,17.16289013],[-91.26620378,17.1693717],[-91.27941753,17.1797237],[-91.28695395,17.17808002],[-91.3100068,17.17943859],[-91.32440296,17.18287082],[-91.33198003,17.17772199],[-91.3397951,17.15885325],[-91.35072518,17.15954372],[-91.35203183,17.16372012],[-91.34874001,17.1770127],[-91.35640781,17.19039594],[-91.37926909,17.20501547],[-91.40717829,17.20443605],[-91.42462178,17.21089989],[-91.43143906,17.21870419],[-91.44376434,17.25090962],[-91.34607011,17.25115142]]]}},{"type":"Feature","properties":{"m":"Ocós","d":"San Marcos","cod":1218,"pop":10841,"iv":0.757,"exp":0.568,"sen":0.238,"cap":0.049,"inat":5.6,"isoc":4.2,"ides":5.9,"nfp":46,"nfph":25,"pfph":13930,"ncr":0},"geometry":{"type":"Polygon","coordinates":[[[-92.18677008,14.50184174],[-92.24006708,14.54424261],[-92.23060665,14.54412697],[-92.22609544,14.53740152],[-92.22086822,14.53611057],[-92.21736397,14.54072781],[-92.21508635,14.55605232],[-92.20271853,14.56399467],[-92.19386368,14.56481303],[-92.18785872,14.57934902],[-92.18115321,14.58257464],[-92.18199685,14.59026449],[-92.17644171,14.60731385],[-92.15765561,14.6045018],[-92.14978031,14.60575927],[-92.13757055,14.61599158],[-92.14071736,14.60996894],[-92.15103574,14.60027687],[-92.14804915,14.58764838],[-92.15176514,14.57985226],[-92.14539495,14.57483945],[-92.14483431,14.57173334],[-92.15312304,14.55863782],[-92.14775834,14.55285348],[-92.14976587,14.54233636],[-92.15290611,14.53815702],[-92.16647966,14.53048996],[-92.17684447,14.51223759],[-92.18461754,14.50678913],[-92.18677008,14.50184174]]]}},{"type":"Feature","properties":{"m":"La Blanca","d":"San Marcos","cod":1230,"pop":29112,"iv":0.0,"exp":0.0,"sen":0.0,"cap":0.0,"inat":5.6,"isoc":4.5,"ides":5.9,"nfp":0,"nfph":0,"pfph":0,"ncr":0},"geometry":{"type":"Polygon","coordinates":[[[-92.13713101,14.61682478],[-92.08609279,14.5903068],[-92.0804781,14.6009461],[-92.05894771,14.59041304],[-92.05081311,14.5853366],[-92.05108591,14.57418999],[-92.04861705,14.56605718],[-92.05630608,14.56134939],[-92.06078697,14.56726813],[-92.06733922,14.56444608],[-92.06717259,14.55864052],[-92.07664813,14.5542627],[-92.07930797,14.54691757],[-92.08358161,14.54555923],[-92.08053372,14.54466829],[-92.0812741,14.54293047],[-92.0844226,14.54383494],[-92.0848115,14.54136275],[-92.08717259,14.54386277],[-92.0871285,14.5382998],[-92.09686267,14.53660348],[-92.0959406,14.53324782],[-92.09954348,14.53115187],[-92.10372337,14.53220124],[-92.10523042,14.52233632],[-92.10202114,14.52254087],[-92.10134319,14.51991839],[-92.10561799,14.51546732],[-92.10455586,14.50935495],[-92.10838021,14.50929433],[-92.10804573,14.50076376],[-92.13470193,14.50913062],[-92.13698308,14.50637196],[-92.1393799,14.50719329],[-92.1398036,14.50404486],[-92.14293031,14.50385974],[-92.14378369,14.49766827],[-92.14151701,14.4937973],[-92.14398458,14.49464919],[-92.14982412,14.49002378],[-92.15541114,14.49440698],[-92.15515036,14.49016434],[-92.15955819,14.49193901],[-92.16372778,14.48591313],[-92.18756777,14.50048656],[-92.18461754,14.50678913],[-92.17684447,14.51223759],[-92.16647966,14.53048996],[-92.15290611,14.53815702],[-92.14976587,14.54233636],[-92.14775834,14.55285348],[-92.15312304,14.55863782],[-92.14483431,14.57173334],[-92.14539495,14.57483945],[-92.15176514,14.57985226],[-92.14804915,14.58764838],[-92.15103574,14.60027687],[-92.14071736,14.60996894],[-92.13713101,14.61682478]]]}},{"type":"Feature","properties":{"m":"San Andrés Villa Seca","d":"Retalhuleu","cod":1106,"pop":47820,"iv":0.475,"exp":0.323,"sen":0.223,"cap":0.071,"inat":7.3,"isoc":3.3,"ides":2.4,"nfp":7,"nfph":3,"pfph":1001,"ncr":0},"geometry":{"type":"Polygon","coordinates":[[[-91.54187904,14.62922833],[-91.56143352,14.5909024],[-91.57169519,14.5805309],[-91.577031,14.56947021],[-91.57799072,14.55919517],[-91.58828581,14.53753865],[-91.58123524,14.50157893],[-91.58378939,14.49403533],[-91.57950614,14.48736454],[-91.58254957,14.47652345],[-91.58072165,14.4710132],[-91.58277064,14.46397723],[-91.58073878,14.44429453],[-91.58481159,14.42554565],[-91.58361165,14.40682382],[-91.58849007,14.40181023],[-91.58914461,14.39292966],[-91.59595627,14.38881213],[-91.59173083,14.37713041],[-91.59605408,14.37266257],[-91.5939226,14.36982179],[-91.59786358,14.36464176],[-91.59696439,14.35807569],[-91.6006476,14.35725772],[-91.59832379,14.35202345],[-91.59558923,14.35164948],[-91.59860504,14.35078727],[-91.5967073,14.34721872],[-91.60081807,14.34431922],[-91.59510663,14.34238467],[-91.59376864,14.3391604],[-91.59233661,14.34201552],[-91.58890038,14.3416143],[-91.58862644,14.33888626],[-91.59210468,14.33898505],[-91.59396605,14.33278316],[-91.59555741,14.33308578],[-91.59310471,14.32890178],[-91.59742667,14.32878188],[-91.59439614,14.3247828],[-91.59718587,14.32202303],[-91.59632214,14.32013422],[-91.59877053,14.3201993],[-91.59972993,14.31760007],[-91.60344236,14.31838261],[-91.60407374,14.31414482],[-91.60697478,14.31366071],[-91.60780042,14.31017661],[-91.60579669,14.30844178],[-91.60771071,14.3066855],[-91.60552368,14.30063126],[-91.61010039,14.29960218],[-91.61038447,14.2953271],[-91.60823195,14.2948033],[-91.61097982,14.29338926],[-91.61023679,14.28951039],[-91.61569513,14.292615],[-91.61261722,14.28662316],[-91.61866639,14.28590792],[-91.61992821,14.28290307],[-91.61694638,14.28087853],[-91.62003874,14.27707232],[-91.61771898,14.27209124],[-91.62108184,14.27391025],[-91.62086416,14.26989152],[-91.62467514,14.26728692],[-91.62244082,14.26286993],[-91.62551346,14.26336205],[-91.6261257,14.26150463],[-91.62261079,14.25691653],[-91.6242384,14.25500457],[-91.62237219,14.24993374],[-91.62605373,14.24513079],[-91.62142996,14.24527061],[-91.62312176,14.23566144],[-91.62032369,14.23413321],[-91.62261836,14.23125453],[-91.62029872,14.2280104],[-91.62141233,14.22373817],[-91.62305447,14.22387068],[-91.62056491,14.22114578],[-91.62074063,14.21657688],[-91.62334038,14.21482933],[-91.62192945,14.21170907],[-91.62487232,14.21135939],[-91.62334881,14.20716007],[-91.62652039,14.20437691],[-91.62632553,14.20113818],[-91.63327557,14.1975784],[-91.63168861,14.19502395],[-91.64172287,14.19196341],[-91.64192461,14.18574137],[-91.64002902,14.184458],[-91.64346602,14.18339612],[-91.6448525,14.17886373],[-91.64196042,14.17888628],[-91.64166997,14.17649429],[-91.64474913,14.17581363],[-91.64035928,14.1724792],[-91.64773642,14.16890776],[-91.64766234,14.16585036],[-91.65061649,14.16460595],[-91.64856383,14.1620303],[-91.65354095,14.15944348],[-91.65055313,14.15448887],[-91.66140849,14.14486198],[-91.66413351,14.13557091],[-91.65875539,14.12878943],[-91.66570909,14.12380429],[-91.73505749,14.16613896],[-91.78662548,14.19086776],[-91.75232417,14.21755713],[-91.75140242,14.22288248],[-91.75621492,14.2384495],[-91.75078198,14.24861251],[-91.75147156,14.25783118],[-91.74452331,14.27023697],[-91.73710852,14.27650421],[-91.72970891,14.29568465],[-91.71210676,14.3088389],[-91.70467497,14.31758852],[-91.69520394,14.321252],[-91.68848586,14.33443664],[-91.68145841,14.34072544],[-91.68055146,14.3542979],[-91.6758044,14.36537544],[-91.6760153,14.37395406],[-91.6737224,14.37496044],[-91.67577239,14.37819905],[-91.67380221,14.38353831],[-91.67612905,14.38790504],[-91.67513793,14.3934091],[-91.66885402,14.39893652],[-91.66703413,14.40457371],[-91.66097709,14.40482647],[-91.65234739,14.41273892],[-91.65490604,14.42191503],[-91.65282906,14.43039577],[-91.64722926,14.43420662],[-91.63776682,14.44969429],[-91.63258983,14.45193544],[-91.6330668,14.46656619],[-91.62725667,14.47241361],[-91.62815599,14.47505157],[-91.62100209,14.48670775],[-91.62051951,14.49432733],[-91.61126485,14.51070508],[-91.61138856,14.52415738],[-91.59890023,14.5424553],[-91.59325261,14.56383188],[-91.58716924,14.6034793],[-91.57026169,14.62158323],[-91.56411598,14.63226009],[-91.55663513,14.63734009],[-91.5477389,14.63472561],[-91.54187904,14.62922833]]]}},{"type":"Feature","properties":{"m":"Cuyotenango","d":"Suchitepéquez","cod":1002,"pop":33436,"iv":0.309,"exp":0.101,"sen":0.218,"cap":0.01,"inat":7.6,"isoc":5,"ides":5.3,"nfp":63,"nfph":24,"pfph":320,"ncr":0},"geometry":{"type":"Polygon","coordinates":[[[-91.53062133,14.56457102],[-91.5341787,14.54057791],[-91.54349288,14.52439401],[-91.55279421,14.49496276],[-91.55022652,14.46748505],[-91.56062,14.44861864],[-91.55748727,14.44184837],[-91.55859846,14.43358435],[-91.555939,14.43193764],[-91.55673321,14.42041194],[-91.54995622,14.4169457],[-91.54499346,14.40905113],[-91.54161121,14.40826647],[-91.5463422,14.4026168],[-91.5440707,14.40190228],[-91.54507678,14.39619688],[-91.53832972,14.38871381],[-91.53767427,14.38398569],[-91.54058981,14.38096348],[-91.58129134,14.38621859],[-91.58236173,14.37696377],[-91.5917475,14.37757487],[-91.59595627,14.38881213],[-91.58914461,14.39292966],[-91.58849007,14.40181023],[-91.58361165,14.40682382],[-91.58481159,14.42554565],[-91.58041708,14.45031723],[-91.58254957,14.47652345],[-91.57950614,14.48736454],[-91.58378939,14.49403533],[-91.58123524,14.50157893],[-91.58828581,14.53753865],[-91.57799072,14.55919517],[-91.577031,14.56947021],[-91.57169519,14.5805309],[-91.56143352,14.5909024],[-91.550724,14.61334215],[-91.54668374,14.60539885],[-91.55365545,14.58983859],[-91.54913072,14.58699712],[-91.54625881,14.57813573],[-91.55061303,14.57331109],[-91.53581271,14.56394035],[-91.53062133,14.56457102]]]}},{"type":"Feature","properties":{"m":"San José La Máquina","d":"Suchitepéquez","cod":1021,"pop":23062,"iv":0.0,"exp":0.0,"sen":0.0,"cap":0.0,"inat":3.5,"isoc":4.9,"ides":5.3,"nfp":0,"nfph":0,"pfph":0,"ncr":0},"geometry":{"type":"Polygon","coordinates":[[[-91.54058981,14.38096348],[-91.54343,14.37460931],[-91.54111592,14.37124722],[-91.54137291,14.35842771],[-91.53287937,14.35638099],[-91.53642046,14.35330772],[-91.53532224,14.3483749],[-91.53888948,14.34038125],[-91.5389425,14.33573966],[-91.53667605,14.33541906],[-91.53533459,14.33119346],[-91.53936743,14.33079391],[-91.53921496,14.32887221],[-91.53546951,14.32929596],[-91.52709294,14.31670877],[-91.53139386,14.31430104],[-91.53368386,14.30758178],[-91.5249426,14.30318923],[-91.5261494,14.30060387],[-91.5331265,14.29989468],[-91.53492367,14.29582267],[-91.53407383,14.2864328],[-91.52996718,14.28669956],[-91.52877591,14.28388188],[-91.53300273,14.27958376],[-91.53997367,14.28147156],[-91.53868403,14.27002691],[-91.54322178,14.26895466],[-91.5411495,14.26492375],[-91.54451134,14.26233645],[-91.54245143,14.25701476],[-91.55186004,14.26136705],[-91.55417993,14.25747622],[-91.55743661,14.25856067],[-91.56017639,14.24989146],[-91.55805664,14.24584088],[-91.55966807,14.24198491],[-91.56301654,14.24029447],[-91.56782039,14.24390949],[-91.56947499,14.23649169],[-91.57252233,14.23876146],[-91.57444941,14.23763262],[-91.57237555,14.2333982],[-91.58170209,14.23254833],[-91.58151322,14.22998571],[-91.574358,14.22997491],[-91.58406529,14.2233285],[-91.58674327,14.22456577],[-91.58761571,14.22228914],[-91.58468392,14.22107458],[-91.58839755,14.21953901],[-91.58824642,14.21333566],[-91.60239365,14.20952262],[-91.60116012,14.20558617],[-91.60511271,14.20331684],[-91.59869291,14.19779033],[-91.60066231,14.19395593],[-91.60774863,14.18970786],[-91.60848544,14.18457753],[-91.61388112,14.18402474],[-91.61349196,14.18119382],[-91.61781928,14.1789118],[-91.62051515,14.1726306],[-91.62548429,14.17071167],[-91.62585526,14.16521109],[-91.64117204,14.14949534],[-91.63933623,14.14667598],[-91.64614065,14.14821559],[-91.64794331,14.14563322],[-91.65623627,14.15028043],[-91.65055313,14.15448887],[-91.65354095,14.15944348],[-91.64856383,14.1620303],[-91.65061649,14.16460595],[-91.64766234,14.16585036],[-91.64773642,14.16890776],[-91.64035928,14.1724792],[-91.64474913,14.17581363],[-91.64166997,14.17649429],[-91.64196042,14.17888628],[-91.6448525,14.17886373],[-91.64346602,14.18339612],[-91.64002902,14.184458],[-91.64192461,14.18574137],[-91.64172287,14.19196341],[-91.63168861,14.19502395],[-91.63241715,14.19876403],[-91.62610786,14.20137284],[-91.62652039,14.20437691],[-91.62316496,14.20834076],[-91.62487232,14.21135939],[-91.62192945,14.21170907],[-91.62334038,14.21482933],[-91.62074063,14.21657688],[-91.62056491,14.22114578],[-91.62305447,14.22387068],[-91.62029872,14.2280104],[-91.62261836,14.23125453],[-91.62032369,14.23413321],[-91.62312176,14.23566144],[-91.62090534,14.24310328],[-91.62157503,14.24533733],[-91.62605373,14.24513079],[-91.62237219,14.24993374],[-91.6242384,14.25500457],[-91.62261079,14.25691653],[-91.6261257,14.26150463],[-91.62551346,14.26336205],[-91.62244082,14.26286993],[-91.62467514,14.26728692],[-91.62086416,14.26989152],[-91.62108184,14.27391025],[-91.61771898,14.27209124],[-91.62003874,14.27707232],[-91.61694638,14.28087853],[-91.61992821,14.28290307],[-91.61866639,14.28590792],[-91.61261722,14.28662316],[-91.61569513,14.292615],[-91.61023679,14.28951039],[-91.61097982,14.29338926],[-91.60823195,14.2948033],[-91.61038447,14.2953271],[-91.61010039,14.29960218],[-91.60538757,14.3013814],[-91.60771071,14.3066855],[-91.60579669,14.30844178],[-91.60780042,14.31017661],[-91.60697478,14.31366071],[-91.60407374,14.31414482],[-91.60344236,14.31838261],[-91.59972993,14.31760007],[-91.59877053,14.3201993],[-91.59632214,14.32013422],[-91.59718587,14.32202303],[-91.59439614,14.3247828],[-91.59742667,14.32878188],[-91.59310471,14.32890178],[-91.59555741,14.33308578],[-91.59396605,14.33278316],[-91.59210468,14.33898505],[-91.58862644,14.33888626],[-91.58890038,14.3416143],[-91.59233661,14.34201552],[-91.59376864,14.3391604],[-91.59510663,14.34238467],[-91.60081807,14.34431922],[-91.5967073,14.34721872],[-91.59860504,14.35078727],[-91.59558923,14.35164948],[-91.59832379,14.35202345],[-91.6006476,14.35725772],[-91.59638983,14.35967088],[-91.59786358,14.36464176],[-91.5939226,14.36982179],[-91.59605408,14.37266257],[-91.5917475,14.37757487],[-91.58236173,14.37696377],[-91.58129134,14.38621859],[-91.54058981,14.38096348]]]}},{"type":"Feature","properties":{"m":"San Lorenzo","d":"Suchitepéquez","cod":1007,"pop":13282,"iv":0.686,"exp":0.27,"sen":0.495,"cap":0.079,"inat":7.5,"isoc":5.3,"ides":6.3,"nfp":40,"nfph":13,"pfph":1329,"ncr":0},"geometry":{"type":"Polygon","coordinates":[[[-91.56816928,14.06173132],[-91.66376449,14.12221493],[-91.66546385,14.1244617],[-91.66208412,14.12504971],[-91.65868333,14.13002069],[-91.66419005,14.13699385],[-91.65739867,14.1492496],[-91.64664226,14.14518679],[-91.64614065,14.14821559],[-91.63933623,14.14667598],[-91.64117204,14.14949534],[-91.62585526,14.16521109],[-91.62548429,14.17071167],[-91.62051515,14.1726306],[-91.61781928,14.1789118],[-91.61349196,14.18119382],[-91.61388112,14.18402474],[-91.60848544,14.18457753],[-91.60774863,14.18970786],[-91.60140849,14.19301543],[-91.59868073,14.19729388],[-91.6050438,14.20276785],[-91.60116012,14.20558617],[-91.60239365,14.20952262],[-91.58824642,14.21333566],[-91.58839755,14.21953901],[-91.58468392,14.22107458],[-91.58761571,14.22228914],[-91.58674327,14.22456577],[-91.58406529,14.2233285],[-91.574358,14.22997491],[-91.58151322,14.22998571],[-91.58170209,14.23254833],[-91.57237555,14.2333982],[-91.57444941,14.23763262],[-91.57252233,14.23876146],[-91.56947499,14.23649169],[-91.56782039,14.24390949],[-91.56301654,14.24029447],[-91.55966807,14.24198491],[-91.55805664,14.24584088],[-91.56017639,14.24989146],[-91.55743661,14.25856067],[-91.55417993,14.25747622],[-91.55186004,14.26136705],[-91.54245143,14.25701476],[-91.54451134,14.26233645],[-91.5411495,14.26492375],[-91.54322178,14.26895466],[-91.53868403,14.27002691],[-91.53997367,14.28147156],[-91.53300273,14.27958376],[-91.52877591,14.28388188],[-91.52996718,14.28669956],[-91.53407383,14.2864328],[-91.53504693,14.2949437],[-91.5331265,14.29989468],[-91.52487013,14.30256148],[-91.53403527,14.30829319],[-91.53139386,14.31430104],[-91.52709294,14.31670877],[-91.53546951,14.32929596],[-91.53868905,14.32808519],[-91.53945655,14.33029701],[-91.53533459,14.33119346],[-91.53667605,14.33541906],[-91.5389425,14.33573966],[-91.53888948,14.34038125],[-91.53532224,14.3483749],[-91.53642046,14.35330772],[-91.53287937,14.35638099],[-91.54137291,14.35842771],[-91.54111592,14.37124722],[-91.54343,14.37460931],[-91.5376413,14.38575829],[-91.54507678,14.39619688],[-91.54366563,14.4005507],[-91.5463422,14.4026168],[-91.54161121,14.40826647],[-91.54499346,14.40905113],[-91.54844002,14.41512969],[-91.54498594,14.42843094],[-91.53394997,14.44048513],[-91.53478969,14.45026722],[-91.53030561,14.45633159],[-91.52639346,14.47303723],[-91.52802085,14.48993002],[-91.525769,14.49270331],[-91.50407435,14.49788557],[-91.50213371,14.49199904],[-91.50366091,14.48518326],[-91.50075021,14.48061136],[-91.50037087,14.47381507],[-91.50462726,14.4678132],[-91.50697713,14.45365619],[-91.51142293,14.44523515],[-91.51120047,14.43771784],[-91.51503691,14.43570487],[-91.51407543,14.43287413],[-91.51210642,14.43415768],[-91.51043179,14.43214046],[-91.50851444,14.4186049],[-91.5036168,14.41855243],[-91.50246072,14.40470079],[-91.50442502,14.4025258],[-91.50779062,14.40429161],[-91.51009284,14.39948609],[-91.5121591,14.39992394],[-91.51449332,14.38955618],[-91.518537,14.38735795],[-91.51575176,14.38198034],[-91.51687684,14.37158458],[-91.51214151,14.36975046],[-91.51674943,14.36444972],[-91.52065222,14.3637736],[-91.51742284,14.35643855],[-91.52435079,14.34942227],[-91.5217213,14.34189102],[-91.52802743,14.34491315],[-91.52989119,14.34301406],[-91.52809436,14.33465869],[-91.52502634,14.33269737],[-91.51927957,14.3357021],[-91.51956357,14.33886755],[-91.51032894,14.3387928],[-91.50946067,14.33471299],[-91.51430702,14.3239756],[-91.51542771,14.28964198],[-91.51132067,14.27884852],[-91.5119695,14.27099421],[-91.49462469,14.23159702],[-91.49393756,14.22271633],[-91.49774872,14.21037146],[-91.49085259,14.19308489],[-91.4917504,14.17009962],[-91.49887179,14.15297335],[-91.51043446,14.14067751],[-91.5381864,14.13822768],[-91.54552152,14.13376158],[-91.56139786,14.09882385],[-91.56309089,14.07838793],[-91.56816928,14.06173132]]]}},{"type":"Feature","properties":{"m":"Chiquimula","d":"Chiquimula","cod":2001,"pop":111505,"iv":0.754,"exp":0.341,"sen":0.497,"cap":0.084,"inat":6.7,"isoc":5,"ides":5.8,"nfp":24,"nfph":11,"pfph":1600,"ncr":0},"geometry":{"type":"Polygon","coordinates":[[[-89.61392223,14.86930772],[-89.51320433,14.86804826],[-89.49761975,14.85950789],[-89.46984686,14.85945567],[-89.46639356,14.84932914],[-89.4612274,14.84418242],[-89.45934409,14.83315602],[-89.44697516,14.82599125],[-89.44619552,14.81595677],[-89.45272513,14.80199471],[-89.46201385,14.80813224],[-89.47395819,14.80891582],[-89.47940036,14.80479056],[-89.48047433,14.79825378],[-89.47732226,14.79014158],[-89.47365284,14.79022874],[-89.46843391,14.78194834],[-89.45646768,14.78035885],[-89.45616694,14.77717021],[-89.46157596,14.77451154],[-89.46468394,14.76639601],[-89.4539374,14.76022412],[-89.48220709,14.73538139],[-89.48254605,14.73073563],[-89.49710422,14.72380641],[-89.49565987,14.71193821],[-89.49740167,14.70569443],[-89.51831895,14.70950322],[-89.53701845,14.70912468],[-89.54471578,14.71754004],[-89.54873224,14.7402489],[-89.55806859,14.74417953],[-89.56819025,14.74246033],[-89.56805197,14.74939118],[-89.59524145,14.75861564],[-89.60699983,14.76729609],[-89.62368289,14.75635102],[-89.65134751,14.75609148],[-89.67276967,14.7513274],[-89.68060462,14.75322206],[-89.68933986,14.74771159],[-89.7204119,14.75086896],[-89.71993991,14.75430887],[-89.71257245,14.7579554],[-89.71122127,14.7657457],[-89.70349688,14.78140004],[-89.7045348,14.79300497],[-89.71275371,14.81747641],[-89.70629111,14.8445535],[-89.67256974,14.87359127],[-89.66440283,14.87905776],[-89.64412483,14.86602975],[-89.63134682,14.86575175],[-89.62023582,14.87122376],[-89.61392223,14.86930772]]]}},{"type":"Feature","properties":{"m":"Estanzuela","d":"Zacapa","cod":1902,"pop":9797,"iv":0.578,"exp":0.213,"sen":0.377,"cap":0.012,"inat":1.6,"isoc":3.3,"ides":5.4,"nfp":4,"nfph":1,"pfph":0,"ncr":0},"geometry":{"type":"Polygon","coordinates":[[[-89.55570049,15.03158809],[-89.55801505,15.02131323],[-89.5552609,15.01749595],[-89.5591054,14.99793397],[-89.55481601,14.99268079],[-89.55697021,14.98718999],[-89.55179253,14.97863643],[-89.55344508,14.97499874],[-89.56828696,14.96950187],[-89.57526821,14.96250525],[-89.58501052,14.96218956],[-89.60058894,14.96655775],[-89.60569994,14.95502975],[-89.62070354,14.95882405],[-89.61992909,14.95078503],[-89.61494339,14.94721855],[-89.62212639,14.92969703],[-89.62218891,14.91470557],[-89.63218082,14.91019577],[-89.65111433,14.91135145],[-89.65066163,14.92277516],[-89.66156977,14.9318261],[-89.65845397,14.94356754],[-89.66297719,14.95451909],[-89.67407307,14.96830436],[-89.66323309,14.96752977],[-89.66831149,14.99464944],[-89.65102212,14.99892083],[-89.6389992,15.00463295],[-89.62003585,15.0063594],[-89.61215453,15.0219228],[-89.60091927,15.02289693],[-89.59214989,15.03382171],[-89.5852201,15.03369839],[-89.57165416,15.03960302],[-89.56346712,15.03729013],[-89.5626685,15.03090382],[-89.55570049,15.03158809]]]}},{"type":"Feature","properties":{"m":"Huité","d":"Zacapa","cod":1910,"pop":11470,"iv":0.535,"exp":0.313,"sen":0.456,"cap":0.234,"inat":2,"isoc":3.6,"ides":3.9,"nfp":2,"nfph":0,"pfph":0,"ncr":0},"geometry":{"type":"Polygon","coordinates":[[[-89.65111433,14.91135145],[-89.65879183,14.91114076],[-89.66440283,14.87905776],[-89.69625119,14.85482672],[-89.72899539,14.87407155],[-89.72164571,14.88292499],[-89.71744177,14.89278809],[-89.71745752,14.90380291],[-89.72286044,14.91111435],[-89.74285342,14.92007523],[-89.74262773,14.9283873],[-89.74949175,14.94078198],[-89.74816971,14.95282984],[-89.74008908,14.95967437],[-89.72773024,14.96398787],[-89.71709746,14.96059047],[-89.71114254,14.96324361],[-89.69247522,14.96195679],[-89.67407307,14.96830436],[-89.66297719,14.95451909],[-89.65845397,14.94356754],[-89.66156977,14.9318261],[-89.65066163,14.92277516],[-89.65111433,14.91135145]]]}},{"type":"Feature","properties":{"m":"San Jorge","d":"Zacapa","cod":1911,"pop":12304,"iv":0.0,"exp":0.0,"sen":0.0,"cap":0.0,"inat":2.7,"isoc":3.5,"ides":5.6,"nfp":0,"nfph":0,"pfph":0,"ncr":0},"geometry":{"type":"Polygon","coordinates":[[[-89.58501052,14.96218956],[-89.57036719,14.96164513],[-89.56233893,14.95186275],[-89.56444737,14.94757625],[-89.56222686,14.94338202],[-89.56363969,14.93652562],[-89.55550593,14.92658474],[-89.55464422,14.91758473],[-89.56017222,14.90614073],[-89.56956122,14.90083473],[-89.57253322,14.89641873],[-89.56297722,14.86944572],[-89.61392223,14.86930772],[-89.62023582,14.87122376],[-89.63134682,14.86575175],[-89.64412483,14.86602975],[-89.66440283,14.87905776],[-89.65879183,14.91114076],[-89.63218082,14.91019577],[-89.62218891,14.91470557],[-89.62212639,14.92969703],[-89.61494339,14.94721855],[-89.61992909,14.95078503],[-89.62070354,14.95882405],[-89.60559389,14.95505731],[-89.60058894,14.96655775],[-89.58501052,14.96218956]]]}},{"type":"Feature","properties":{"m":"Zacapa","d":"Zacapa","cod":1901,"pop":60424,"iv":0.488,"exp":0.268,"sen":0.261,"cap":0.041,"inat":2.7,"isoc":3.5,"ides":5.6,"nfp":26,"nfph":8,"pfph":2695,"ncr":0},"geometry":{"type":"Polygon","coordinates":[[[-89.32887267,15.01038302],[-89.32889922,14.99667213],[-89.32601551,14.98425225],[-89.32910215,14.97611292],[-89.36296896,14.95291951],[-89.37189796,14.94301186],[-89.38534375,14.93958791],[-89.39754745,14.93134519],[-89.40090005,14.91582529],[-89.40829916,14.90247405],[-89.42784654,14.90603957],[-89.44594842,14.90004951],[-89.46642862,14.9001681],[-89.47614818,14.89762811],[-89.48865021,14.88959261],[-89.50145857,14.86254318],[-89.51320433,14.86804826],[-89.56297722,14.86944572],[-89.57253322,14.89641873],[-89.56956122,14.90083473],[-89.56017222,14.90614073],[-89.55464422,14.91758473],[-89.55550593,14.92658474],[-89.56363969,14.93652562],[-89.56222686,14.94338202],[-89.56444737,14.94757625],[-89.56233893,14.95186275],[-89.57036719,14.96164513],[-89.57526821,14.96250525],[-89.56828696,14.96950187],[-89.55455784,14.97379016],[-89.55179253,14.97863643],[-89.55697021,14.98718999],[-89.55481601,14.99268079],[-89.55902709,14.99709666],[-89.5552609,15.01749595],[-89.55801505,15.02131323],[-89.55570049,15.03158809],[-89.53887779,15.04915235],[-89.53107791,15.0483291],[-89.50933151,15.05381873],[-89.5067103,15.05869106],[-89.5025101,15.05963613],[-89.4996062,15.06356747],[-89.49012789,15.06479174],[-89.48449731,15.06988558],[-89.47275276,15.07346469],[-89.46394772,15.08011958],[-89.44942754,15.07881706],[-89.44442223,15.08314319],[-89.43724885,15.07057004],[-89.43517479,15.05696351],[-89.43032561,15.05428435],[-89.42142889,15.05683717],[-89.40215986,15.05600527],[-89.39737331,15.06098698],[-89.38297401,15.06820816],[-89.3789319,15.06813229],[-89.37336643,15.06155511],[-89.37236956,15.05570761],[-89.37667363,15.04464355],[-89.37501228,15.03576079],[-89.36148613,15.02890283],[-89.35398343,15.03332443],[-89.34817907,15.03384597],[-89.32229844,15.02573091],[-89.32284756,15.01915719],[-89.32887267,15.01038302]]]}},{"type":"Feature","properties":{"m":"El Chal","d":"Petén","cod":1714,"pop":13819,"iv":0.0,"exp":0.0,"sen":0.0,"cap":0.0,"inat":2.2,"isoc":5.1,"ides":4.6,"nfp":0,"nfph":0,"pfph":0,"ncr":0},"geometry":{"type":"Polygon","coordinates":[[[-89.5334252,16.6540822],[-89.54228521,16.6464222],[-89.53595432,16.63449046],[-89.53425521,16.62242219],[-89.56819522,16.59214218],[-89.56442521,16.58975218],[-89.56108521,16.57983218],[-89.56365565,16.57489583],[-89.55733521,16.57517218],[-89.55639521,16.57131218],[-89.54706521,16.57042218],[-89.55153521,16.54397217],[-89.54578521,16.54419217],[-89.54711521,16.53569217],[-89.55581521,16.53478217],[-89.55613421,16.52952636],[-89.55578521,16.52533216],[-89.54882873,16.52006549],[-89.54261521,16.50969216],[-89.54575521,16.50386216],[-89.55050521,16.50439216],[-89.54794521,16.49558216],[-89.57431522,16.49686216],[-89.57519522,16.48633215],[-89.57817522,16.48478215],[-89.57814473,16.449505],[-89.58317956,16.45268701],[-89.58258055,16.45962282],[-89.59072373,16.46541375],[-89.59764978,16.46461293],[-89.61099117,16.45465192],[-89.61264276,16.45692462],[-89.61999584,16.45501083],[-89.61666693,16.45881731],[-89.61823448,16.46449562],[-89.62241182,16.4657713],[-89.62758751,16.45652781],[-89.63615162,16.45663341],[-89.6395951,16.45847221],[-89.63829218,16.46343496],[-89.64078075,16.4675758],[-89.63967524,16.41744214],[-89.64121592,16.41617183],[-89.64674827,16.41788555],[-89.64895992,16.42316839],[-89.65141164,16.42374466],[-89.64978751,16.42540362],[-89.6532562,16.42541764],[-89.6531682,16.42854405],[-89.65584172,16.42681331],[-89.65543269,16.42903362],[-89.65898525,16.42976003],[-89.6590899,16.43175192],[-89.66531134,16.43143045],[-89.66502822,16.43428473],[-89.66918997,16.4382184],[-89.6859502,16.43501327],[-89.68994506,16.43630012],[-89.69149532,16.43307157],[-89.6949686,16.43539168],[-89.69994496,16.43189628],[-89.70412938,16.43337022],[-89.70384234,16.43099211],[-89.710696,16.42895083],[-89.72532614,16.42969797],[-89.7254836,16.43341861],[-89.73470257,16.43669489],[-89.75120468,16.43228353],[-89.75385518,16.43387245],[-89.75898023,16.4282749],[-89.76834579,16.42558432],[-89.77538657,16.42622536],[-89.77716648,16.4218868],[-89.77905999,16.42217853],[-89.77899824,16.41784448],[-89.78280762,16.42055199],[-89.78625079,16.41463207],[-89.78985394,16.41503309],[-89.7920209,16.40909583],[-89.79430837,16.41092564],[-89.8003644,16.40791139],[-89.80737696,16.4091276],[-89.80981114,16.40705333],[-89.80955718,16.40277222],[-89.81423915,16.40280313],[-89.81213529,16.40215814],[-89.81546502,16.39922572],[-89.8137605,16.3951505],[-89.81521379,16.39604671],[-89.81623837,16.39243206],[-89.81897114,16.39168365],[-89.81499876,16.3851317],[-89.81974938,16.37383341],[-89.81887688,16.36960558],[-89.82105524,16.37117312],[-89.82420712,16.36123363],[-89.82787741,16.3602833],[-89.83723795,16.3488168],[-89.84106906,16.34889568],[-89.84224832,16.34189561],[-89.84687135,16.34194848],[-89.84907703,16.33783766],[-89.85634098,16.33466589],[-89.8577161,16.32851287],[-89.8650555,16.32649551],[-89.87708566,16.33022813],[-89.87810053,16.32775759],[-89.88325204,16.32954302],[-89.8866453,16.32792211],[-89.9121565,16.34572717],[-89.90664531,16.35883212],[-89.90483531,16.35703212],[-89.90217531,16.40569213],[-89.90370791,16.4045665],[-89.90568948,16.40867281],[-89.90662673,16.4043461],[-89.91364433,16.40191844],[-89.91219144,16.39856245],[-89.91525946,16.39628949],[-89.9155313,16.39155131],[-89.91997531,16.38986213],[-89.91726021,16.45178071],[-89.91365834,16.45166397],[-89.91347531,16.45389215],[-89.9220098,16.45539357],[-89.90589531,16.53219217],[-89.90308531,16.53350217],[-89.902917,16.542748],[-89.91131531,16.54269217],[-89.91156157,16.5499699],[-89.90279175,16.5495633],[-89.90247442,16.55553955],[-89.906551,16.55510083],[-89.90741371,16.56450644],[-89.90206531,16.56978218],[-89.83317529,16.56869218],[-89.83289529,16.57725218],[-89.82261528,16.57686218],[-89.82208528,16.58583218],[-89.83164529,16.58633218],[-89.83084143,16.60476743],[-89.82961531,16.61958218],[-89.82656529,16.61936219],[-89.82587529,16.63844219],[-89.82130528,16.63841219],[-89.81731528,16.6521122],[-89.81347127,16.64799177],[-89.80065386,16.64634854],[-89.79508281,16.6484619],[-89.79015476,16.6540039],[-89.78383494,16.65505548],[-89.77764343,16.64503145],[-89.77123153,16.64400563],[-89.76778799,16.64075601],[-89.76103289,16.64234689],[-89.75821701,16.64710662],[-89.75403231,16.64814576],[-89.75509628,16.64619189],[-89.75293979,16.64584212],[-89.74510524,16.64790672],[-89.73317198,16.65958556],[-89.71784912,16.64974089],[-89.7172885,16.63495412],[-89.70222525,16.62522219],[-89.70042525,16.62661219],[-89.69542525,16.62389219],[-89.69436525,16.62575219],[-89.68985525,16.62319219],[-89.68661525,16.62797219],[-89.68328525,16.62614219],[-89.67781525,16.63031219],[-89.67194524,16.62931219],[-89.66694524,16.63769219],[-89.66288777,16.63551955],[-89.6612244,16.63990906],[-89.65483524,16.6444222],[-89.65206524,16.6487522],[-89.65355485,16.64995653],[-89.64810769,16.65539299],[-89.6478764,16.66036018],[-89.64575524,16.6597822],[-89.62783523,16.68989221],[-89.62536526,16.68855225],[-89.62199523,16.69428221],[-89.62470233,16.69676743],[-89.62143695,16.70384951],[-89.60764523,16.69983221],[-89.61233523,16.69203221],[-89.60145444,16.69028032],[-89.59486522,16.68353221],[-89.59219522,16.68367221],[-89.58869522,16.69031221],[-89.58252993,16.68558318],[-89.57158522,16.68333221],[-89.56797521,16.69156221],[-89.55554543,16.68413347],[-89.55253701,16.67642183],[-89.53972521,16.6742822],[-89.5203152,16.6638322],[-89.5264252,16.6584222],[-89.5288352,16.6520822],[-89.5334252,16.6540822]]]}},{"type":"Feature","properties":{"m":"Sayaxché","d":"Petén","cod":1710,"pop":93414,"iv":0.3,"exp":0.107,"sen":0.209,"cap":0.016,"inat":3.7,"isoc":6.7,"ides":7.1,"nfp":63,"nfph":15,"pfph":2069,"ncr":0},"geometry":{"type":"Polygon","coordinates":[[[-90.26140873,16.56026067],[-90.24996422,16.56459154],[-90.24349705,16.56290752],[-90.2234601,16.54450596],[-90.21837815,16.54263991],[-90.21351943,16.54442862],[-90.20492149,16.5549688],[-90.20043339,16.55497514],[-90.19181387,16.54624601],[-90.18809195,16.53152308],[-90.18242407,16.53835059],[-90.16383313,16.54600032],[-90.15643897,16.54332473],[-90.15855802,16.53536269],[-90.15556659,16.53062715],[-90.14746548,16.53071632],[-90.1309737,16.5364389],[-90.11023413,16.53533189],[-90.1007297,16.54154706],[-90.09811651,16.55620504],[-90.09495953,16.55651547],[-90.09453239,16.55120543],[-90.09152929,16.55043096],[-90.08521414,16.56028596],[-90.06663225,16.55334401],[-90.04903116,16.53795915],[-90.04488645,16.53814425],[-90.0411328,16.54284068],[-90.03587558,16.54054693],[-90.03364871,16.53270227],[-90.05028224,16.51469336],[-90.05618439,16.4956231],[-90.05189162,16.47984831],[-90.0415805,16.47870378],[-90.03922314,16.4764062],[-90.03822468,16.46109443],[-90.04084798,16.45117613],[-90.03360161,16.445237],[-90.03287572,16.44155385],[-90.03732232,16.42661257],[-90.04339313,16.41676537],[-90.03905251,16.40955704],[-90.03907595,16.40043608],[-90.04144229,16.39826049],[-90.05320687,16.39730502],[-90.05500977,16.39436734],[-90.05178722,16.38849556],[-90.03962002,16.37964683],[-90.03853316,16.37280268],[-90.03498288,16.37156863],[-90.03284716,16.36532373],[-90.03466379,16.36150939],[-90.02936722,16.35980369],[-90.03132992,16.35622509],[-90.02740452,16.35508161],[-90.02900852,16.35164244],[-90.02327567,16.34688857],[-90.01637643,16.3349778],[-90.00925749,16.34285578],[-90.00268976,16.34621403],[-90.00198556,16.35168048],[-89.99655967,16.35480303],[-89.99186687,16.36237053],[-89.98934617,16.36039991],[-89.98225742,16.3639418],[-89.98110941,16.36769965],[-89.98336912,16.37078855],[-89.9810593,16.37330737],[-89.97846307,16.3724834],[-89.97512386,16.37677518],[-89.96910009,16.37841983],[-89.96668798,16.37623832],[-89.95705534,16.3830585],[-89.94351218,16.38137785],[-89.94136217,16.38631602],[-89.94316916,16.38919892],[-89.93286253,16.39279245],[-89.93063274,16.39686362],[-89.92630387,16.3928659],[-89.9264105,16.38979758],[-89.92165639,16.38843458],[-89.9155313,16.39155131],[-89.91525946,16.39628949],[-89.91219144,16.39856245],[-89.91364433,16.40191844],[-89.90662673,16.4043461],[-89.90568948,16.40867281],[-89.90370791,16.4045665],[-89.90217531,16.40569213],[-89.90483531,16.35703212],[-89.90664531,16.35883212],[-89.9121565,16.34572717],[-89.88684688,16.32807386],[-89.88799418,16.32443798],[-89.8851765,16.31483035],[-89.88007109,16.31442198],[-89.88162575,16.30315332],[-89.89282501,16.2983232],[-89.89640854,16.29969637],[-89.90921964,16.289414],[-89.91088994,16.28536182],[-89.91908516,16.28194882],[-89.92728383,16.28321147],[-89.92911863,16.27986123],[-89.93446613,16.28063297],[-89.94570082,16.27318164],[-89.94657078,16.25928232],[-89.9522095,16.25383876],[-89.95219478,16.24498302],[-89.95931044,16.23751188],[-89.96005623,16.23292435],[-89.96380174,16.23151639],[-89.96033942,16.22582113],[-89.96057063,16.21380402],[-89.96513462,16.21746759],[-89.97197294,16.21775606],[-89.97687601,16.22287464],[-89.98391266,16.21779184],[-89.98489004,16.21398283],[-90.00038422,16.20871464],[-90.00196454,16.21108357],[-90.00637866,16.2088354],[-90.00873513,16.21342301],[-90.01340974,16.21373266],[-90.01440223,16.20888182],[-90.01937577,16.21606611],[-90.02391176,16.21717387],[-90.02279276,16.21207097],[-90.03647409,16.21052985],[-90.03353321,16.20115745],[-90.05283252,16.19436129],[-90.05314014,16.19067789],[-90.04266342,16.18557822],[-90.04019435,16.18618836],[-90.03927999,16.19352943],[-90.03621048,16.1943298],[-90.02744717,16.18228899],[-90.02921721,16.17769267],[-90.03909293,16.18140744],[-90.04406912,16.18072156],[-90.05085576,16.17421709],[-90.05149164,16.17009352],[-90.04614612,16.1724631],[-90.03646073,16.16986317],[-90.04097122,16.1633713],[-90.0406061,16.15545705],[-90.04725267,16.15215066],[-90.04597034,16.14715618],[-90.03578962,16.13621822],[-90.03362068,16.13832024],[-90.03779673,16.14188876],[-90.0352177,16.14376386],[-90.02751957,16.13902421],[-90.01837777,16.14014034],[-90.01370696,16.13587604],[-90.024644,16.13456279],[-90.03744812,16.11743514],[-90.0432314,16.11642612],[-90.04882418,16.11901394],[-90.05057815,16.11541712],[-90.0564604,16.11236603],[-90.06568434,16.11649233],[-90.0732067,16.11290793],[-90.07845308,16.11402396],[-90.08683644,16.10967307],[-90.08900568,16.11221312],[-90.08681058,16.11931489],[-90.0923194,16.11506788],[-90.09588309,16.11656129],[-90.09530421,16.11213189],[-90.0907204,16.10809268],[-90.07814703,16.10825391],[-90.07020211,16.1031016],[-90.06718875,16.09390694],[-90.05970693,16.09482675],[-90.05058686,16.08994664],[-90.05190565,16.08309967],[-90.05651884,16.08191935],[-90.05914794,16.07815608],[-90.07010673,16.08139491],[-90.07255885,16.07088677],[-90.07151389,16.06511452],[-90.06048238,16.05436514],[-90.05904994,16.04861353],[-90.05376861,16.04888746],[-90.05159061,16.04657849],[-90.05639025,16.0326477],[-90.06365032,16.0231944],[-90.05879883,16.01879566],[-90.04630028,16.0220452],[-90.04968019,16.0155821],[-90.05033069,16.00101633],[-90.04680222,15.99156284],[-90.12611646,16.02027985],[-90.12651242,16.01783817],[-90.21347108,16.04513467],[-90.44452293,16.0738235],[-90.44709019,16.08310816],[-90.43772938,16.09496215],[-90.42715909,16.09903187],[-90.42712178,16.10369335],[-90.43114378,16.10702851],[-90.4432699,16.10165625],[-90.44945314,16.09404788],[-90.45771026,16.09485763],[-90.45911415,16.11090409],[-90.45508148,16.1245553],[-90.45089454,16.12505968],[-90.43899612,16.11792362],[-90.43472479,16.11787231],[-90.43171369,16.12163316],[-90.4322154,16.13082985],[-90.42997361,16.13546589],[-90.43132643,16.13921152],[-90.4355739,16.14115049],[-90.44900683,16.14335424],[-90.45116088,16.15092796],[-90.4478288,16.15459596],[-90.43943283,16.15545035],[-90.42686767,16.16251473],[-90.42990932,16.17420684],[-90.45392684,16.18606317],[-90.45701675,16.20488362],[-90.45257783,16.22307974],[-90.44179795,16.23038833],[-90.43118945,16.22974861],[-90.42977921,16.23215223],[-90.43738289,16.23768299],[-90.4409633,16.24517584],[-90.44814171,16.24097646],[-90.45423932,16.24222743],[-90.45520401,16.24582384],[-90.45177321,16.25524088],[-90.44643576,16.26098227],[-90.4414542,16.26052243],[-90.42986384,16.25392155],[-90.42596287,16.25522904],[-90.42346985,16.25957155],[-90.42799625,16.27360884],[-90.43379208,16.27398972],[-90.44042133,16.27811661],[-90.44058451,16.2850454],[-90.43406814,16.29118301],[-90.43902766,16.29514973],[-90.43937278,16.2986845],[-90.43559177,16.30305665],[-90.41319418,16.30706822],[-90.4092801,16.3144798],[-90.41226947,16.32578204],[-90.40467045,16.33107418],[-90.40028171,16.33779204],[-90.39535572,16.33821897],[-90.38791676,16.33395293],[-90.38264577,16.33781767],[-90.38408373,16.34385206],[-90.39919897,16.34839043],[-90.4032132,16.35954059],[-90.40794459,16.35649066],[-90.40763714,16.34669588],[-90.41102009,16.34647102],[-90.41333439,16.3540482],[-90.41109111,16.3620131],[-90.4013304,16.37150651],[-90.39527672,16.37365245],[-90.38725622,16.37076658],[-90.38192712,16.36072099],[-90.3770024,16.35930488],[-90.37164697,16.36407814],[-90.37120218,16.36995584],[-90.37507823,16.37420075],[-90.38743428,16.37715113],[-90.39713188,16.38459195],[-90.40279234,16.39303256],[-90.40174204,16.39765875],[-90.39010701,16.40437446],[-90.38819096,16.41007927],[-90.39119092,16.41277991],[-90.39781168,16.41479384],[-90.40255971,16.40712672],[-90.40913229,16.4040771],[-90.41346388,16.40870421],[-90.41707993,16.42053812],[-90.42253316,16.42389067],[-90.44589333,16.42299986],[-90.45844662,16.41995477],[-90.47367274,16.42369069],[-90.48569317,16.42272518],[-90.48716257,16.42831596],[-90.4799474,16.44014009],[-90.47933864,16.45878291],[-90.48503587,16.45945095],[-90.49482696,16.45308506],[-90.50175444,16.46549073],[-90.51293656,16.46913086],[-90.52001731,16.46604095],[-90.52337551,16.45886456],[-90.52739728,16.45742391],[-90.54640643,16.46624011],[-90.5479429,16.472142],[-90.54398938,16.48017114],[-90.53704257,16.48319986],[-90.53128316,16.48437963],[-90.51931482,16.4795807],[-90.52060165,16.48878872],[-90.5184932,16.50591709],[-90.51097889,16.51426179],[-90.5028252,16.51562368],[-90.50069023,16.52075645],[-90.49832745,16.520729],[-90.49966542,16.51416896],[-90.49763584,16.51053035],[-90.48948552,16.50555828],[-90.47883456,16.52594514],[-90.46621655,16.52204605],[-90.46244062,16.48813341],[-90.44834793,16.4830605],[-90.44543811,16.48877689],[-90.45176792,16.4979735],[-90.45227863,16.50635892],[-90.443216,16.54423155],[-90.44989793,16.54548068],[-90.45335914,16.54049177],[-90.45663433,16.53983058],[-90.4651539,16.54269373],[-90.46626202,16.54946567],[-90.44501529,16.56179853],[-90.43173673,16.55760504],[-90.42442755,16.56086227],[-90.42103515,16.57331613],[-90.41804021,16.57616403],[-90.3835084,16.57832344],[-90.37166213,16.57466573],[-90.3707838,16.5796503],[-90.3806767,16.59691267],[-90.37850142,16.6032393],[-90.36262598,16.60009645],[-90.34917736,16.60159292],[-90.3456612,16.59910194],[-90.34170168,16.58968628],[-90.3464554,16.58574396],[-90.35492581,16.58545626],[-90.35762646,16.57923874],[-90.35667369,16.57485411],[-90.35235656,16.57291377],[-90.34486511,16.57751494],[-90.3408832,16.57677744],[-90.31289696,16.55325223],[-90.30814281,16.55537569],[-90.30877944,16.56435876],[-90.30493627,16.56995576],[-90.30081826,16.5716108],[-90.27168782,16.56512015],[-90.26140873,16.56026067]]]}},{"type":"Feature","properties":{"m":"Poptún","d":"Petén","cod":1712,"pop":52282,"iv":0.324,"exp":0.132,"sen":0.232,"cap":0.04,"inat":2.1,"isoc":5.5,"ides":4.4,"nfp":38,"nfph":20,"pfph":4992,"ncr":0},"geometry":{"type":"Polygon","coordinates":[[[-89.6451818,16.41654161],[-89.63606229,16.41696939],[-89.63781944,16.4080282],[-89.63510487,16.4043322],[-89.6240877,16.40325152],[-89.61834128,16.39958557],[-89.61233017,16.39332908],[-89.60868012,16.38473433],[-89.60253275,16.38068137],[-89.5931392,16.37818355],[-89.58796562,16.38250798],[-89.56516469,16.37263862],[-89.56419612,16.36962041],[-89.55694381,16.37264183],[-89.54350338,16.3714939],[-89.53669643,16.3861633],[-89.53115479,16.38519975],[-89.5240668,16.38822819],[-89.51752174,16.39597465],[-89.51575232,16.39435673],[-89.51428977,16.39595262],[-89.51176114,16.39122506],[-89.4915199,16.39584311],[-89.48794502,16.399432],[-89.48098141,16.40046392],[-89.478805,16.39744898],[-89.4702365,16.40315707],[-89.46388893,16.40324091],[-89.46030228,16.40279801],[-89.45808465,16.39743107],[-89.44637087,16.39678077],[-89.44032276,16.39330286],[-89.43224791,16.40401534],[-89.42723427,16.40085811],[-89.42835862,16.40536954],[-89.41821125,16.40419145],[-89.41726042,16.40071634],[-89.41340131,16.40029847],[-89.40841947,16.40396435],[-89.40013246,16.40396453],[-89.39701118,16.4006101],[-89.39274487,16.40180936],[-89.38970796,16.40044741],[-89.39196752,16.39627275],[-89.38959061,16.39604012],[-89.38778239,16.38760122],[-89.37963479,16.38725002],[-89.37963852,16.38407786],[-89.3752862,16.38258706],[-89.37293855,16.38693823],[-89.36373246,16.3859838],[-89.36241756,16.37957946],[-89.35104418,16.37775451],[-89.35409486,16.37158836],[-89.34921715,16.37198654],[-89.34299086,16.3681343],[-89.33807376,16.37120956],[-89.33622004,16.36954948],[-89.33409329,16.37399192],[-89.32948134,16.37514216],[-89.31976113,16.36808779],[-89.31542863,16.37078802],[-89.30808696,16.37040206],[-89.29355887,16.3806742],[-89.29101887,16.37930172],[-89.29259692,16.38460865],[-89.28957929,16.3932681],[-89.2802296,16.3983445],[-89.2736135,16.39679125],[-89.26705833,16.39857545],[-89.26676801,16.40203094],[-89.26277938,16.40556046],[-89.25798732,16.40474753],[-89.25234536,16.40813227],[-89.24812781,16.41711442],[-89.23133307,16.42787276],[-89.21231246,16.43465837],[-89.19187369,16.43524886],[-89.20280786,16.26751343],[-89.88867874,16.26559344],[-89.88907909,16.2586121],[-89.88367071,16.25490971],[-89.88334021,16.24567962],[-89.88939006,16.24019434],[-89.89267496,16.23221696],[-89.89665593,16.24139453],[-89.9012733,16.24163367],[-89.91190906,16.24920635],[-89.92082004,16.25040268],[-89.92241264,16.25320681],[-89.92436426,16.25291576],[-89.92491592,16.24408085],[-89.9319913,16.24840686],[-89.93674472,16.24414841],[-89.94367886,16.2426312],[-89.95219478,16.24498302],[-89.9522095,16.25383876],[-89.94657078,16.25928232],[-89.94570082,16.27318164],[-89.94193051,16.27688333],[-89.93499331,16.27862935],[-89.93446613,16.28063297],[-89.92911863,16.27986123],[-89.92728383,16.28321147],[-89.91908516,16.28194882],[-89.91429208,16.28379984],[-89.89640854,16.29969637],[-89.89282501,16.2983232],[-89.88162575,16.30315332],[-89.88007109,16.31442198],[-89.8851765,16.31483035],[-89.88719833,16.32793958],[-89.88325204,16.32954302],[-89.87810053,16.32775759],[-89.87708566,16.33022813],[-89.8650555,16.32649551],[-89.8577161,16.32851287],[-89.85634098,16.33466589],[-89.84907703,16.33783766],[-89.84687135,16.34194848],[-89.84224832,16.34189561],[-89.84106906,16.34889568],[-89.83723795,16.3488168],[-89.82787741,16.3602833],[-89.82420712,16.36123363],[-89.82105524,16.37117312],[-89.81887688,16.36960558],[-89.81974938,16.37383341],[-89.81499876,16.3851317],[-89.81897114,16.39168365],[-89.81623837,16.39243206],[-89.81521379,16.39604671],[-89.8137605,16.3951505],[-89.81546502,16.39922572],[-89.81213529,16.40215814],[-89.81439418,16.40261884],[-89.80955718,16.40277222],[-89.80981114,16.40705333],[-89.80737696,16.4091276],[-89.8003644,16.40791139],[-89.79430837,16.41092564],[-89.79216188,16.40902544],[-89.78985394,16.41503309],[-89.78625079,16.41463207],[-89.78280762,16.42055199],[-89.77899824,16.41784448],[-89.77905999,16.42217853],[-89.77716648,16.4218868],[-89.77538657,16.42622536],[-89.76834579,16.42558432],[-89.75898023,16.4282749],[-89.75385518,16.43387245],[-89.75120468,16.43228353],[-89.73524263,16.43671599],[-89.7254836,16.43341861],[-89.72532614,16.42969797],[-89.710696,16.42895083],[-89.70384234,16.43099211],[-89.70412938,16.43337022],[-89.69994496,16.43189628],[-89.6949686,16.43539168],[-89.69149532,16.43307157],[-89.68994506,16.43630012],[-89.6859502,16.43501327],[-89.66918997,16.4382184],[-89.66502822,16.43428473],[-89.66531134,16.43143045],[-89.6590899,16.43175192],[-89.65898525,16.42976003],[-89.65543269,16.42903362],[-89.65584172,16.42681331],[-89.6531682,16.42854405],[-89.6532562,16.42541764],[-89.65071478,16.42640601],[-89.65141164,16.42374466],[-89.6451818,16.41654161]]]}},{"type":"Feature","properties":{"m":"Dolores","d":"Petén","cod":1708,"pop":26920,"iv":0.288,"exp":0.104,"sen":0.209,"cap":0.025,"inat":3.5,"isoc":5.5,"ides":4.6,"nfp":63,"nfph":26,"pfph":2289,"ncr":0},"geometry":{"type":"Polygon","coordinates":[[[-89.33059783,16.92233457],[-89.32997292,16.81900361],[-89.16628088,16.81888379],[-89.19187369,16.43524886],[-89.21231246,16.43465837],[-89.23133307,16.42787276],[-89.24812781,16.41711442],[-89.25234536,16.40813227],[-89.25798732,16.40474753],[-89.26277938,16.40556046],[-89.26676801,16.40203094],[-89.26705833,16.39857545],[-89.2736135,16.39679125],[-89.2802296,16.3983445],[-89.28957929,16.3932681],[-89.29259692,16.38460865],[-89.29101887,16.37930172],[-89.29355887,16.3806742],[-89.30808696,16.37040206],[-89.31542863,16.37078802],[-89.31976113,16.36808779],[-89.32948134,16.37514216],[-89.33409329,16.37399192],[-89.33622004,16.36954948],[-89.33807376,16.37120956],[-89.34299086,16.3681343],[-89.34921715,16.37198654],[-89.35409486,16.37158836],[-89.35104418,16.37775451],[-89.36241756,16.37957946],[-89.36373246,16.3859838],[-89.37293855,16.38693823],[-89.3752862,16.38258706],[-89.37963852,16.38407786],[-89.37963479,16.38725002],[-89.38778239,16.38760122],[-89.38959061,16.39604012],[-89.39196752,16.39627275],[-89.39026867,16.40084174],[-89.40841947,16.40396435],[-89.41232735,16.4004516],[-89.41726042,16.40071634],[-89.41821125,16.40419145],[-89.42584133,16.405259],[-89.42901533,16.40483356],[-89.4277013,16.40049941],[-89.43224791,16.40401534],[-89.44089709,16.39324378],[-89.44637087,16.39678077],[-89.45808465,16.39743107],[-89.46030228,16.40279801],[-89.46388893,16.40324091],[-89.4702365,16.40315707],[-89.478805,16.39744898],[-89.48098141,16.40046392],[-89.48794502,16.399432],[-89.4915199,16.39584311],[-89.51176114,16.39122506],[-89.51428977,16.39595262],[-89.51575232,16.39435673],[-89.51752174,16.39597465],[-89.5240668,16.38822819],[-89.53115479,16.38519975],[-89.53569499,16.38707648],[-89.54350338,16.3714939],[-89.54659299,16.37052357],[-89.55694381,16.37264183],[-89.56419612,16.36962041],[-89.56516469,16.37263862],[-89.58796562,16.38250798],[-89.5931392,16.37818355],[-89.60253275,16.38068137],[-89.60868012,16.38473433],[-89.61233017,16.39332908],[-89.61834128,16.39958557],[-89.6240877,16.40325152],[-89.63294333,16.40314774],[-89.63781944,16.4080282],[-89.63575968,16.41322289],[-89.63606229,16.41696939],[-89.63968296,16.41778855],[-89.64078075,16.4675758],[-89.63829218,16.46343496],[-89.6395951,16.45847221],[-89.63615162,16.45663341],[-89.62758751,16.45652781],[-89.62241182,16.4657713],[-89.61823448,16.46449562],[-89.61666693,16.45881731],[-89.61999584,16.45501083],[-89.61264276,16.45692462],[-89.61099117,16.45465192],[-89.59764978,16.46461293],[-89.59072373,16.46541375],[-89.58258055,16.45962282],[-89.58317956,16.45268701],[-89.57814473,16.449505],[-89.57817522,16.48478215],[-89.57519522,16.48633215],[-89.57431522,16.49686216],[-89.54794521,16.49558216],[-89.55050521,16.50439216],[-89.54575521,16.50386216],[-89.54261521,16.50969216],[-89.54882873,16.52006549],[-89.55578521,16.52533216],[-89.55613421,16.52952636],[-89.55581521,16.53478217],[-89.54711521,16.53569217],[-89.54578521,16.54419217],[-89.55153521,16.54397217],[-89.54706521,16.57042218],[-89.55639521,16.57131218],[-89.55733521,16.57517218],[-89.56365565,16.57489583],[-89.56108521,16.57983218],[-89.56442521,16.58975218],[-89.56819522,16.59214218],[-89.53425521,16.62242219],[-89.53595432,16.63449046],[-89.54228521,16.6464222],[-89.53984491,16.64811634],[-89.51748345,16.64769238],[-89.49626699,16.65425398],[-89.48814558,16.65830995],[-89.47806091,16.66931223],[-89.46316585,16.67466635],[-89.46119175,16.68309498],[-89.44314287,16.67986343],[-89.42954128,16.68579886],[-89.41786766,16.67901097],[-89.41347641,16.67940756],[-89.41081555,16.68450786],[-89.40748103,16.68575406],[-89.40813701,16.69057572],[-89.3908558,16.69061766],[-89.38632423,16.69348281],[-89.38207701,16.70227525],[-89.3815531,16.70842428],[-89.38404025,16.71256956],[-89.37823331,16.71995259],[-89.37341319,16.73494916],[-89.37613032,16.74049179],[-89.37441948,16.74523797],[-89.38067427,16.74815682],[-89.38301483,16.75821189],[-89.38024664,16.75964669],[-89.38447591,16.76422654],[-89.38080768,16.76452195],[-89.38036576,16.76936943],[-89.37424165,16.76937334],[-89.37160015,16.77762599],[-89.36813584,16.78070089],[-89.37210517,16.78115222],[-89.37544243,16.78661676],[-89.37459507,16.79007403],[-89.37709557,16.79172561],[-89.37267575,16.79715378],[-89.36843538,16.79745004],[-89.37058799,16.79956709],[-89.36934676,16.80226493],[-89.37193089,16.80072563],[-89.37284148,16.80253985],[-89.37213123,16.80675305],[-89.36827963,16.80989885],[-89.36955249,16.81657918],[-89.36534247,16.82259623],[-89.36545755,16.83000397],[-89.36153806,16.83299154],[-89.36318696,16.84072878],[-89.35454759,16.84338535],[-89.35333282,16.8507468],[-89.35660502,16.85234478],[-89.35589186,16.85850139],[-89.36117859,16.86401225],[-89.35775453,16.8745934],[-89.36208561,16.88181662],[-89.35783768,16.88179746],[-89.35258385,16.8891546],[-89.34866217,16.88977049],[-89.34624795,16.9048137],[-89.34833285,16.90746913],[-89.34503715,16.90765726],[-89.33684447,16.91902881],[-89.3341174,16.91819365],[-89.33059783,16.92233457]]]}},{"type":"Feature","properties":{"m":"Santa Ana","d":"Petén","cod":1707,"pop":21970,"iv":0.393,"exp":0.142,"sen":0.259,"cap":0.008,"inat":3,"isoc":5.9,"ides":5.8,"nfp":8,"nfph":4,"pfph":369,"ncr":0},"geometry":{"type":"Polygon","coordinates":[[[-89.33059783,16.92233457],[-89.3341174,16.91819365],[-89.33684447,16.91902881],[-89.34503715,16.90765726],[-89.34833285,16.90746913],[-89.34624795,16.9048137],[-89.34866217,16.88977049],[-89.35258385,16.8891546],[-89.35783768,16.88179746],[-89.36208561,16.88181662],[-89.35775453,16.8745934],[-89.36117859,16.86401225],[-89.35589186,16.85850139],[-89.35660502,16.85234478],[-89.35333282,16.8507468],[-89.35454759,16.84338535],[-89.36318696,16.84072878],[-89.36153806,16.83299154],[-89.36545755,16.83000397],[-89.36534247,16.82259623],[-89.36955249,16.81657918],[-89.36827963,16.80989885],[-89.37213123,16.80675305],[-89.37284148,16.80253985],[-89.37193089,16.80072563],[-89.36934676,16.80226493],[-89.37058799,16.79956709],[-89.36843538,16.79745004],[-89.37267575,16.79715378],[-89.37709557,16.79172561],[-89.37459507,16.79007403],[-89.37544243,16.78661676],[-89.37210517,16.78115222],[-89.36813584,16.78070089],[-89.37160015,16.77762599],[-89.37424165,16.76937334],[-89.38036576,16.76936943],[-89.38080768,16.76452195],[-89.38447591,16.76422654],[-89.38024664,16.75964669],[-89.38301483,16.75821189],[-89.38067427,16.74815682],[-89.37441948,16.74523797],[-89.37613032,16.74049179],[-89.37341319,16.73494916],[-89.37823331,16.71995259],[-89.38404025,16.71256956],[-89.3815531,16.70842428],[-89.38207701,16.70227525],[-89.38632423,16.69348281],[-89.3908558,16.69061766],[-89.40813701,16.69057572],[-89.40748103,16.68575406],[-89.41081555,16.68450786],[-89.41347641,16.67940756],[-89.41786766,16.67901097],[-89.42954128,16.68579886],[-89.44314287,16.67986343],[-89.46119175,16.68309498],[-89.46316585,16.67466635],[-89.47806091,16.66931223],[-89.48814558,16.65830995],[-89.51748345,16.64769238],[-89.53984491,16.64811634],[-89.5334252,16.6540822],[-89.5288352,16.6520822],[-89.5264252,16.6584222],[-89.5203152,16.6638322],[-89.53972521,16.6742822],[-89.55253701,16.67642183],[-89.55554543,16.68413347],[-89.56797521,16.69156221],[-89.57158522,16.68333221],[-89.58252993,16.68558318],[-89.58869522,16.69031221],[-89.59219522,16.68367221],[-89.59486522,16.68353221],[-89.60145444,16.69028032],[-89.61233523,16.69203221],[-89.60764523,16.69983221],[-89.62143695,16.70384951],[-89.62470233,16.69676743],[-89.62199523,16.69428221],[-89.62536526,16.68855225],[-89.62783523,16.68989221],[-89.64575524,16.6597822],[-89.6478764,16.66036018],[-89.64810769,16.65539299],[-89.65355485,16.64995653],[-89.65206524,16.6487522],[-89.65440996,16.64518159],[-89.67466263,16.65828495],[-89.68251951,16.66962262],[-89.71309823,16.67415358],[-89.74153157,16.69255],[-89.80862136,16.77695781],[-89.85836779,16.82106251],[-89.86240274,16.83578172],[-89.86396084,16.8552842],[-89.85232693,16.86864602],[-89.85409991,16.8746432],[-89.86103457,16.87790162],[-89.86096128,16.88087983],[-89.85534933,16.88564414],[-89.85374667,16.90583262],[-89.82396484,16.90401796],[-89.80668823,16.89920558],[-89.75534676,16.90729864],[-89.74577546,16.90609593],[-89.71736526,16.90948281],[-89.70189823,16.92226107],[-89.69636825,16.96374916],[-89.69412218,16.96918199],[-89.68475091,16.97829025],[-89.67782649,16.97645328],[-89.65622937,16.98146287],[-89.63367204,16.962703],[-89.62749241,16.95997187],[-89.55144949,16.9496489],[-89.52419832,16.94976055],[-89.51492448,16.95188239],[-89.5009147,16.94837298],[-89.49077673,16.9553334],[-89.45638168,16.96053602],[-89.41086485,16.98896968],[-89.38539253,16.98814096],[-89.33288676,17.01626942],[-89.33059783,16.92233457]]]}},{"type":"Feature","properties":{"m":"San Francisco","d":"Petén","cod":1706,"pop":15371,"iv":0.284,"exp":0.179,"sen":0.16,"cap":0.055,"inat":3.1,"isoc":5.5,"ides":5.1,"nfp":57,"nfph":19,"pfph":411,"ncr":0},"geometry":{"type":"Polygon","coordinates":[[[-89.89676458,16.90579037],[-89.85374667,16.90583262],[-89.85534933,16.88564414],[-89.86096128,16.88087983],[-89.86103457,16.87790162],[-89.85409991,16.8746432],[-89.85232693,16.86864602],[-89.86212169,16.85867667],[-89.86434118,16.85094739],[-89.85836779,16.82106251],[-89.80862136,16.77695781],[-89.74153157,16.69255],[-89.71309823,16.67415358],[-89.68251951,16.66962262],[-89.67466263,16.65828495],[-89.65440996,16.64518159],[-89.6612244,16.63990906],[-89.66288777,16.63551955],[-89.66694524,16.63769219],[-89.67194524,16.62931219],[-89.67781525,16.63031219],[-89.68328525,16.62614219],[-89.68661525,16.62797219],[-89.68985525,16.62319219],[-89.69436525,16.62575219],[-89.69542525,16.62389219],[-89.70042525,16.62661219],[-89.70222525,16.62522219],[-89.7172885,16.63495412],[-89.71784912,16.64974089],[-89.73317198,16.65958556],[-89.74510524,16.64790672],[-89.75293979,16.64584212],[-89.75509628,16.64619189],[-89.75403231,16.64814576],[-89.75821701,16.64710662],[-89.76103289,16.64234689],[-89.76778799,16.64075601],[-89.77123153,16.64400563],[-89.77764343,16.64503145],[-89.78383494,16.65505548],[-89.79015476,16.6540039],[-89.79508281,16.6484619],[-89.80065386,16.64634854],[-89.81347127,16.64799177],[-89.81731528,16.6521122],[-89.82130528,16.63841219],[-89.82587529,16.63844219],[-89.82656529,16.61936219],[-89.82961531,16.61958218],[-89.83084143,16.60476743],[-89.83164529,16.58633218],[-89.82208528,16.58583218],[-89.82261528,16.57686218],[-89.83289529,16.57725218],[-89.83317529,16.56869218],[-89.90206531,16.56978218],[-89.90741371,16.56450644],[-89.906551,16.55510083],[-89.90247442,16.55553955],[-89.90279175,16.5495633],[-89.91156157,16.5499699],[-89.91131531,16.54269217],[-89.902917,16.542748],[-89.90308531,16.53350217],[-89.90589531,16.53219217],[-89.9220098,16.45539357],[-89.91347531,16.45389215],[-89.91365834,16.45166397],[-89.91726021,16.45178071],[-89.91997414,16.38990737],[-89.9264105,16.38979758],[-89.92630387,16.3928659],[-89.93063274,16.39686362],[-89.93286253,16.39279245],[-89.94316916,16.38919892],[-89.94136217,16.38631602],[-89.94351218,16.38137785],[-89.95705534,16.3830585],[-89.96668798,16.37623832],[-89.96910009,16.37841983],[-89.97512386,16.37677518],[-89.97846307,16.3724834],[-89.98051939,16.37355809],[-89.98336912,16.37078855],[-89.98110941,16.36769965],[-89.98225742,16.3639418],[-89.98934617,16.36039991],[-89.99186687,16.36237053],[-89.99655967,16.35480303],[-90.00198556,16.35168048],[-90.00268976,16.34621403],[-90.00925749,16.34285578],[-90.01637643,16.3349778],[-90.02327567,16.34688857],[-90.02900852,16.35164244],[-90.02740452,16.35508161],[-90.03132992,16.35622509],[-90.02936722,16.35980369],[-90.03466379,16.36150939],[-90.03284716,16.36532373],[-90.03498288,16.37156863],[-90.03853316,16.37280268],[-90.03962002,16.37964683],[-90.05178722,16.38849556],[-90.05500977,16.39436734],[-90.05320687,16.39730502],[-90.04144229,16.39826049],[-90.03907595,16.40043608],[-90.03905251,16.40955704],[-90.04339313,16.41676537],[-90.03732232,16.42661257],[-90.03287572,16.44155385],[-90.03360161,16.445237],[-90.04084798,16.45117613],[-90.03822468,16.46109443],[-90.03922314,16.4764062],[-90.0415805,16.47870378],[-90.05189162,16.47984831],[-90.05618439,16.4956231],[-90.05028224,16.51469336],[-90.03364871,16.53270227],[-90.03587558,16.54054693],[-90.0411328,16.54284068],[-90.04488645,16.53814425],[-90.04903116,16.53795915],[-90.06663225,16.55334401],[-90.08521414,16.56028596],[-90.09152929,16.55043096],[-90.09453239,16.55120543],[-90.09495953,16.55651547],[-90.09811651,16.55620504],[-90.1007297,16.54154706],[-90.11023413,16.53533189],[-90.1309737,16.5364389],[-90.14746548,16.53071632],[-90.15556659,16.53062715],[-90.15855802,16.53536269],[-90.15643897,16.54332473],[-90.16383313,16.54600032],[-90.18242407,16.53835059],[-90.18809195,16.53152308],[-90.19089775,16.54436881],[-90.1989241,16.55428883],[-90.20492149,16.5549688],[-90.21351943,16.54442862],[-90.2203062,16.54297607],[-90.24349705,16.56290752],[-90.24996422,16.56459154],[-90.25656167,16.56121963],[-90.25947,16.56763047],[-90.25680935,16.57371294],[-90.24832782,16.57063309],[-90.24485727,16.57194184],[-90.24442642,16.56995191],[-90.2419133,16.57127163],[-90.24111934,16.58036495],[-90.23950679,16.57930246],[-90.23804162,16.58431826],[-90.23919783,16.59068318],[-90.24171439,16.58998765],[-90.24032904,16.59115775],[-90.2422026,16.59336229],[-90.24100622,16.59553004],[-90.23923418,16.5939785],[-90.23901305,16.59650743],[-90.24169618,16.61178723],[-90.24015088,16.62226613],[-90.21328753,16.63348402],[-90.20222255,16.63156718],[-90.1998724,16.63380736],[-90.18347229,16.63660421],[-90.16680519,16.65974674],[-90.16496207,16.66596331],[-90.16620825,16.6784881],[-90.15798567,16.68851379],[-90.1553124,16.6963437],[-90.15142908,16.72699592],[-90.11965166,16.78083311],[-90.07890016,16.81315241],[-90.06392383,16.81692447],[-90.04354424,16.81799567],[-90.03303671,16.82843697],[-90.01730154,16.83187944],[-90.01450783,16.83653412],[-89.91728611,16.83668578],[-89.91552144,16.84289021],[-89.92458731,16.85989886],[-89.92389243,16.86774459],[-89.91690359,16.88100315],[-89.91561256,16.91039804],[-89.9113169,16.9122766],[-89.89676458,16.90579037]]]}},{"type":"Feature","properties":{"m":"Lago de Amatitlán","d":"Guatemala","cod":0,"pop":0,"iv":null,"exp":null,"sen":null,"cap":null,"inat":null,"isoc":null,"ides":null,"nfp":0,"nfph":0,"pfph":0,"ncr":0},"geometry":{"type":"Polygon","coordinates":[[[-90.57709014,14.4880979],[-90.57110004,14.48843584],[-90.56683292,14.48675663],[-90.56534757,14.48467627],[-90.57382632,14.4874436],[-90.57178624,14.48298797],[-90.57687246,14.48118695],[-90.57070602,14.47875775],[-90.57574724,14.4721137],[-90.57403599,14.4701972],[-90.56917247,14.47158898],[-90.56731222,14.46932488],[-90.56819408,14.4578336],[-90.56537441,14.45883612],[-90.56304314,14.45568065],[-90.56517769,14.45274949],[-90.56111252,14.44970094],[-90.56124026,14.45335815],[-90.55737639,14.45311998],[-90.55651485,14.45011828],[-90.54843866,14.44542828],[-90.53896277,14.44861095],[-90.52879908,14.44653239],[-90.53605933,14.43966801],[-90.53464756,14.42527881],[-90.53788262,14.42098809],[-90.54150668,14.42046625],[-90.54215092,14.42270523],[-90.55099847,14.42504448],[-90.55048294,14.42770804],[-90.55767994,14.43444429],[-90.55851297,14.44034358],[-90.56751238,14.45272885],[-90.57386126,14.45675316],[-90.57622852,14.46439275],[-90.5793239,14.46586266],[-90.58577218,14.46197691],[-90.58862377,14.46589016],[-90.58779174,14.47075061],[-90.5969041,14.47848354],[-90.60522078,14.47270193],[-90.60665225,14.48147144],[-90.61152023,14.48693468],[-90.60846452,14.49138546],[-90.59780071,14.48510504],[-90.58160105,14.48113203],[-90.57709014,14.4880979]]]}},{"type":"Feature","properties":{"m":"Lago de Atitlán","d":"Sololá","cod":0,"pop":0,"iv":null,"exp":null,"sen":null,"cap":null,"inat":null,"isoc":null,"ides":null,"nfp":0,"nfph":0,"pfph":0,"ncr":0},"geometry":{"type":"Polygon","coordinates":[[[-91.16983972,14.74791793],[-91.1635955,14.74597537],[-91.16326744,14.74040876],[-91.15773012,14.73370356],[-91.14324763,14.73009643],[-91.13967004,14.7213562],[-91.13357009,14.71947106],[-91.13001028,14.70798759],[-91.13095456,14.70295364],[-91.11712717,14.69558645],[-91.11942818,14.68655088],[-91.11798046,14.67663792],[-91.11541657,14.6745054],[-91.11735764,14.67093636],[-91.1164953,14.66103512],[-91.12598292,14.66188692],[-91.12839541,14.6541768],[-91.13535805,14.65144577],[-91.13239459,14.64684593],[-91.13874484,14.63426829],[-91.13995246,14.63858582],[-91.14462598,14.63868626],[-91.14215209,14.64290812],[-91.13907255,14.64326041],[-91.14268706,14.64716732],[-91.14214604,14.65166349],[-91.14497795,14.65117485],[-91.14451574,14.65456844],[-91.15192723,14.65700741],[-91.14988118,14.65898044],[-91.15233593,14.65838933],[-91.15328421,14.66218214],[-91.15040036,14.66454758],[-91.15299674,14.66726842],[-91.15862005,14.66146213],[-91.15782906,14.66510071],[-91.16495425,14.66825253],[-91.16407582,14.67298293],[-91.16634943,14.67620146],[-91.17010248,14.67404236],[-91.17268105,14.67615994],[-91.17711457,14.67143759],[-91.1840177,14.67446206],[-91.18797591,14.67223952],[-91.19722407,14.67236315],[-91.19961174,14.66474524],[-91.20590792,14.66670907],[-91.20637547,14.66287777],[-91.21077741,14.66444686],[-91.2092158,14.66724981],[-91.21713221,14.66467027],[-91.21308175,14.66402627],[-91.21410384,14.66290332],[-91.22185078,14.66434775],[-91.2198015,14.66259723],[-91.22125027,14.65858369],[-91.22411095,14.65787358],[-91.22754731,14.66184718],[-91.22887801,14.65516443],[-91.22939704,14.65693114],[-91.23210959,14.65615552],[-91.22690485,14.65208279],[-91.23212282,14.64848689],[-91.2286675,14.64670978],[-91.23067878,14.64231956],[-91.23594723,14.6404615],[-91.23576455,14.63546108],[-91.23140848,14.63314876],[-91.24765447,14.6160906],[-91.25418742,14.61358918],[-91.25465059,14.6279761],[-91.24494184,14.63619761],[-91.24406403,14.64016359],[-91.24021237,14.64005709],[-91.2402978,14.6489155],[-91.23470598,14.65122403],[-91.23973304,14.65732009],[-91.23686765,14.66283214],[-91.24065087,14.66607293],[-91.24158669,14.67270504],[-91.24468061,14.67632669],[-91.25486629,14.68053682],[-91.26160736,14.68621006],[-91.26955258,14.69793505],[-91.27470312,14.6935863],[-91.27781115,14.69637519],[-91.28241094,14.69567878],[-91.28672519,14.70267012],[-91.28633787,14.70641622],[-91.28298245,14.71136496],[-91.27314178,14.7133612],[-91.263817,14.72428106],[-91.26035677,14.71995794],[-91.25478068,14.72365743],[-91.2488729,14.72182085],[-91.24302749,14.72380014],[-91.2431978,14.72852365],[-91.23848849,14.73127757],[-91.23240863,14.7278605],[-91.22071317,14.73614084],[-91.21302807,14.73605901],[-91.20820609,14.7407299],[-91.19925554,14.74144942],[-91.19363805,14.73911245],[-91.19294307,14.74176912],[-91.18732526,14.74284003],[-91.17949018,14.73951431],[-91.16983972,14.74791793]]]}},{"type":"Feature","properties":{"m":"Lago de Izabal","d":"Izabal","cod":0,"pop":0,"iv":null,"exp":null,"sen":null,"cap":null,"inat":null,"isoc":null,"ides":null,"nfp":0,"nfph":0,"pfph":0,"ncr":0},"geometry":{"type":"Polygon","coordinates":[[[-88.73090904,15.81677488],[-88.73949978,15.80978276],[-88.74441419,15.80946426],[-88.75208362,15.81320211],[-88.7607032,15.80515179],[-88.76943809,15.80200168],[-88.77924316,15.80173098],[-88.77965711,15.79817323],[-88.77114534,15.79071427],[-88.77438469,15.78662943],[-88.77505116,15.77662397],[-88.77738491,15.77394315],[-88.78047901,15.77453518],[-88.78343343,15.78223835],[-88.78912422,15.78325497],[-88.79709778,15.78054923],[-88.80280369,15.77204341],[-88.81203179,15.77159205],[-88.81852565,15.77542096],[-88.82157911,15.77369756],[-88.82239973,15.77659226],[-88.82569885,15.77186485],[-88.83058503,15.77119953],[-88.82782236,15.76759953],[-88.82785711,15.77059049],[-88.82622472,15.77095806],[-88.82414701,15.7660293],[-88.83028964,15.76837869],[-88.83221755,15.76391794],[-88.83710469,15.76408713],[-88.83181289,15.7604665],[-88.83499107,15.7576254],[-88.83921249,15.76038063],[-88.83921799,15.7571254],[-88.84149521,15.75995238],[-88.84097123,15.75492846],[-88.83804819,15.75425978],[-88.84062356,15.75148026],[-88.84809165,15.75602614],[-88.84240568,15.74838732],[-88.84337035,15.74478737],[-88.84864928,15.73889257],[-88.85291135,15.73866645],[-88.85342563,15.73236964],[-88.85895616,15.72756332],[-88.85898252,15.72169377],[-88.8649699,15.71925264],[-88.8622455,15.71903326],[-88.86772018,15.71250207],[-88.87149549,15.71390492],[-88.87681807,15.70793134],[-88.88092896,15.70881113],[-88.88296021,15.70552102],[-88.88161943,15.69898041],[-88.88966672,15.68489986],[-88.89790071,15.68345211],[-88.90097252,15.68886037],[-88.90456842,15.68591972],[-88.90644543,15.6896008],[-88.91583071,15.69481824],[-88.92335311,15.6959686],[-88.9300754,15.69241677],[-88.93829606,15.69455939],[-88.94732127,15.68483443],[-88.95071065,15.66882197],[-88.95322996,15.66879305],[-88.95351598,15.67322606],[-88.95808154,15.67191998],[-88.9581323,15.67488586],[-88.96373384,15.67332069],[-88.9614067,15.67222448],[-88.96236233,15.66981976],[-88.96644892,15.6727267],[-88.97116146,15.66857489],[-88.97662425,15.67188811],[-88.97522448,15.66727449],[-88.97870771,15.67133573],[-88.98204154,15.67028618],[-88.98090899,15.66866214],[-88.98364132,15.67049296],[-88.98764865,15.66817529],[-88.98699833,15.66481205],[-88.99278858,15.66562329],[-88.99353714,15.65655554],[-88.99512888,15.65482294],[-88.99665278,15.65830915],[-88.99843892,15.65637901],[-88.99752079,15.64999873],[-88.99514323,15.65149614],[-88.99708473,15.64754681],[-88.99509072,15.64265642],[-88.98586012,15.63313648],[-88.98341838,15.63530924],[-88.98019675,15.63519473],[-88.97632838,15.6301234],[-88.98037731,15.63066927],[-88.98359584,15.63381085],[-88.98542848,15.63270567],[-88.98163066,15.62439961],[-88.98223642,15.61804963],[-88.98542385,15.61397949],[-88.98827603,15.61440909],[-88.99180793,15.60790253],[-88.99322095,15.61051753],[-89.00455037,15.60815711],[-89.00054098,15.60128959],[-89.00574998,15.59027838],[-89.0001127,15.57756578],[-89.00158081,15.57301615],[-88.99279706,15.57129327],[-88.98906189,15.5632183],[-88.9831943,15.52682694],[-88.9837013,15.51008251],[-88.98764357,15.50412672],[-89.00087495,15.50127698],[-89.0114649,15.48845267],[-89.02190958,15.48503118],[-89.02167044,15.47670825],[-89.02387073,15.47361342],[-89.03129833,15.47116533],[-89.03439156,15.46409807],[-89.05348613,15.4521736],[-89.0630031,15.44111262],[-89.07314903,15.43923755],[-89.07906089,15.43195068],[-89.07850828,15.42834419],[-89.08089097,15.42563669],[-89.08586635,15.42526795],[-89.08778955,15.42153235],[-89.0965534,15.41629727],[-89.11113197,15.41860506],[-89.12754944,15.40622816],[-89.14339306,15.40639927],[-89.15181768,15.40346821],[-89.16603994,15.40446774],[-89.17170182,15.40711267],[-89.17848105,15.4048005],[-89.1872441,15.40874485],[-89.1888283,15.40680434],[-89.20302995,15.4075532],[-89.21614514,15.41532655],[-89.23416673,15.41286467],[-89.25075197,15.41609991],[-89.26097607,15.41545508],[-89.26978778,15.40710521],[-89.24885868,15.41517544],[-89.24427274,15.4083342],[-89.2638415,15.39738026],[-89.26682678,15.39334002],[-89.2652523,15.39235715],[-89.26709922,15.39311957],[-89.26540473,15.39021656],[-89.27113167,15.38266316],[-89.27115437,15.3753607],[-89.27463549,15.37124801],[-89.29145538,15.369919],[-89.30711344,15.35657524],[-89.30443971,15.35527926],[-89.30752992,15.35440152],[-89.30852573,15.35718925],[-89.32598781,15.36493883],[-89.33378577,15.3750798],[-89.3371141,15.37193412],[-89.33728901,15.37374859],[-89.34022762,15.37087953],[-89.34155834,15.37075249],[-89.33629402,15.37657326],[-89.33855583,15.38015958],[-89.33919131,15.37909741],[-89.33998817,15.37866813],[-89.3389664,15.38111386],[-89.34174964,15.38287484],[-89.34250929,15.39264101],[-89.34440984,15.39359406],[-89.34110882,15.39306808],[-89.33303855,15.39978361],[-89.32702301,15.40081242],[-89.32514326,15.40416806],[-89.32913788,15.41679147],[-89.33431644,15.41834271],[-89.34540661,15.40939729],[-89.3524851,15.4078279],[-89.3624947,15.39313028],[-89.36022672,15.38199364],[-89.3616368,15.38404748],[-89.36254771,15.38212555],[-89.36208799,15.38463146],[-89.36316498,15.3821572],[-89.36270366,15.38943285],[-89.36339636,15.38874693],[-89.364221,15.38844558],[-89.36402643,15.38475108],[-89.36489255,15.38218229],[-89.36608851,15.38156091],[-89.3644252,15.38395418],[-89.36443872,15.38820249],[-89.36282978,15.39164159],[-89.36462779,15.38964296],[-89.36475229,15.3880582],[-89.36619323,15.38632918],[-89.36724935,15.38035704],[-89.36755462,15.38318209],[-89.36786912,15.38147112],[-89.3697948,15.37992645],[-89.37037887,15.37718234],[-89.37087988,15.37656064],[-89.37082691,15.37860221],[-89.3690435,15.38096542],[-89.36791456,15.38173545],[-89.36774165,15.38531764],[-89.36928913,15.38184811],[-89.37117855,15.37987947],[-89.37168587,15.37491525],[-89.37249708,15.37383163],[-89.37399404,15.37288016],[-89.3747204,15.37181826],[-89.37618387,15.37105202],[-89.3775007,15.37069967],[-89.37180256,15.3749622],[-89.37125207,15.38013089],[-89.36867261,15.38486507],[-89.37357239,15.37927181],[-89.37673091,15.37792933],[-89.36489749,15.38814391],[-89.36494623,15.38959432],[-89.36180705,15.395266],[-89.36628611,15.39779013],[-89.37166884,15.3858155],[-89.37155311,15.38822443],[-89.37294522,15.38773244],[-89.37306156,15.38693406],[-89.37346828,15.38617282],[-89.37381559,15.38596805],[-89.37429535,15.3850591],[-89.37487581,15.38458184],[-89.37331096,15.38821194],[-89.37098334,15.38887371],[-89.36738292,15.39562535],[-89.3675099,15.3990309],[-89.37128344,15.39789331],[-89.36514088,15.40013657],[-89.3635919,15.40516674],[-89.34587862,15.41001408],[-89.33277637,15.42272957],[-89.32945186,15.42080406],[-89.32533006,15.42499329],[-89.32919181,15.43728728],[-89.33974817,15.44698893],[-89.34566751,15.45910548],[-89.35068687,15.46020622],[-89.3558271,15.45068197],[-89.36473472,15.45013449],[-89.36410503,15.45668001],[-89.35408171,15.46628265],[-89.35308179,15.47234947],[-89.35908114,15.47571808],[-89.35853797,15.46634945],[-89.36175134,15.46215712],[-89.36876387,15.46091945],[-89.36883194,15.46785845],[-89.36387775,15.47229504],[-89.36591573,15.47566987],[-89.36425928,15.48167997],[-89.3663831,15.48329898],[-89.37253955,15.48227951],[-89.36928425,15.47242314],[-89.3747987,15.46626403],[-89.37672038,15.45891507],[-89.37913605,15.45947249],[-89.37600649,15.45688133],[-89.37774096,15.45619428],[-89.38110473,15.46034359],[-89.38958388,15.45377407],[-89.39446208,15.45162724],[-89.39701679,15.45152997],[-89.385383,15.46110352],[-89.39079668,15.47378736],[-89.39519838,15.47198533],[-89.4050623,15.46033562],[-89.4095164,15.4574218],[-89.40141081,15.4668874],[-89.40309327,15.46772325],[-89.40960998,15.46623651],[-89.41392259,15.4673414],[-89.41493937,15.46678285],[-89.41566474,15.46708324],[-89.41245851,15.46792325],[-89.41297778,15.46968595],[-89.41068645,15.46749711],[-89.40615166,15.46895091],[-89.39924316,15.47858312],[-89.39984782,15.48081294],[-89.39099399,15.47881096],[-89.38150274,15.50386658],[-89.37521776,15.50503613],[-89.37219924,15.50907656],[-89.36319148,15.51082586],[-89.35636007,15.5186285],[-89.35023402,15.51628417],[-89.33854616,15.52238827],[-89.32648993,15.52438816],[-89.32332387,15.52757203],[-89.32024647,15.52675078],[-89.31379387,15.53141923],[-89.30569186,15.52827645],[-89.30261807,15.52328865],[-89.3029483,15.51777173],[-89.29184892,15.5201837],[-89.28624134,15.51630326],[-89.28639496,15.51828872],[-89.28346472,15.51710574],[-89.28157351,15.52167429],[-89.27412782,15.51882702],[-89.26738054,15.52234173],[-89.26243229,15.5290603],[-89.25425424,15.53243591],[-89.24611659,15.54346519],[-89.24412774,15.55189007],[-89.24670393,15.55822662],[-89.24481458,15.56355458],[-89.23394817,15.56586549],[-89.22610376,15.57324194],[-89.2139708,15.56916745],[-89.20200954,15.56901246],[-89.1941664,15.57120157],[-89.18808084,15.57973612],[-89.17918836,15.58052909],[-89.16834227,15.57124107],[-89.15799209,15.56840291],[-89.16036388,15.56344342],[-89.15357154,15.56289526],[-89.15072205,15.5679719],[-89.13118659,15.57096071],[-89.12470395,15.58123992],[-89.10767333,15.5831904],[-89.09702412,15.57807294],[-89.09452804,15.58210205],[-89.08529344,15.58492819],[-89.08135874,15.58888198],[-89.07554256,15.58950397],[-89.07167234,15.58721055],[-89.07043969,15.59040214],[-89.06627972,15.58992045],[-89.06745481,15.59503706],[-89.06155391,15.59949267],[-89.06144593,15.60386627],[-89.05667158,15.60425797],[-89.05732875,15.60765083],[-89.05215543,15.60920827],[-89.05686403,15.61218517],[-89.0546317,15.61553285],[-89.04594236,15.61928316],[-89.04103813,15.61719169],[-89.03381236,15.61877292],[-89.02683588,15.62372042],[-89.02955061,15.62623573],[-89.02801389,15.62860451],[-89.01114112,15.62779678],[-88.99389735,15.63677647],[-89.00448668,15.63959379],[-89.00139236,15.64770673],[-89.00192955,15.65486707],[-88.99928552,15.65735357],[-89.00389091,15.66132639],[-89.00020622,15.66421408],[-89.00132336,15.66800491],[-88.99411006,15.6727836],[-88.99157251,15.67183639],[-88.99263715,15.67379107],[-88.98912025,15.6778044],[-88.98696542,15.67280513],[-88.9842354,15.67403906],[-88.98528111,15.67669503],[-88.98101274,15.67536522],[-88.97855822,15.67982368],[-88.97104422,15.67768049],[-88.97068169,15.68042739],[-88.96713363,15.68126954],[-88.96491582,15.67763419],[-88.96405508,15.68252195],[-88.95077157,15.68676289],[-88.94267889,15.69648895],[-88.9465116,15.6976077],[-88.95181,15.71181955],[-88.94317317,15.71589937],[-88.94252705,15.71798562],[-88.94533032,15.7188084],[-88.94207679,15.71957307],[-88.94220588,15.72142582],[-88.94025858,15.71888107],[-88.94168326,15.71810886],[-88.93658934,15.71653877],[-88.93123798,15.72134372],[-88.92502852,15.72291818],[-88.92984776,15.73421646],[-88.92304272,15.73659829],[-88.92173076,15.73285136],[-88.91761247,15.73104272],[-88.91761446,15.73396505],[-88.91448324,15.7338629],[-88.91124288,15.73044448],[-88.90482502,15.73331487],[-88.90359937,15.74071118],[-88.89041761,15.74446412],[-88.88208761,15.74927016],[-88.87789165,15.75506939],[-88.87501126,15.75461924],[-88.87707953,15.74843692],[-88.88254776,15.74862362],[-88.88837458,15.74419264],[-88.8734424,15.74918908],[-88.86908248,15.75735301],[-88.87239574,15.76131886],[-88.86239031,15.77244958],[-88.86130406,15.78004974],[-88.86381873,15.77898636],[-88.86399361,15.7806021],[-88.86238849,15.78391258],[-88.86192087,15.78140025],[-88.86050159,15.78304142],[-88.862629,15.78456855],[-88.86559771,15.78087362],[-88.86645073,15.78272703],[-88.87320844,15.77369809],[-88.87444139,15.77918164],[-88.86991475,15.77883463],[-88.87001378,15.78126821],[-88.87359841,15.78271902],[-88.87141586,15.78500238],[-88.86819706,15.78579014],[-88.8665495,15.78372527],[-88.86002762,15.78551386],[-88.85536555,15.7878681],[-88.86021899,15.78584555],[-88.86620368,15.78720616],[-88.85956653,15.79100229],[-88.85221742,15.78792648],[-88.84827575,15.78510742],[-88.84792467,15.7842115],[-88.84716508,15.78585816],[-88.85030184,15.7869418],[-88.84903165,15.78854098],[-88.84142331,15.7869754],[-88.83252252,15.79222533],[-88.82730809,15.78923981],[-88.81921334,15.77815322],[-88.81280727,15.77461328],[-88.80809406,15.7746434],[-88.79972682,15.78296434],[-88.78937081,15.78474383],[-88.7828,15.783844],[-88.77759763,15.77667226],[-88.77561879,15.7881539],[-88.77254743,15.79099421],[-88.78070298,15.79764734],[-88.78106856,15.80267728],[-88.76379418,15.80571901],[-88.75517566,15.81811515],[-88.75245933,15.81868348],[-88.74744069,15.82822531],[-88.73090904,15.81677488]],[[-88.83207826,15.78791295],[-88.82953017,15.77914843],[-88.82610937,15.77977506],[-88.82530605,15.78202737],[-88.83207826,15.78791295]],[[-88.85339903,15.78794381],[-88.8580566,15.78649955],[-88.86074265,15.7842373],[-88.85102783,15.78643164],[-88.84845565,15.78398469],[-88.84942749,15.78553373],[-88.85339903,15.78794381]],[[-88.9390849,15.70052956],[-88.92661357,15.70674901],[-88.9325403,15.70631347],[-88.9390849,15.70052956]],[[-88.97835843,15.63056055],[-88.98108823,15.63470079],[-88.9831725,15.63479326],[-88.98055161,15.63117927],[-88.97835843,15.63056055]]]}},{"type":"Feature","properties":{"m":"Petatán","d":"Huehuetenango","cod":1333,"pop":6366,"iv":0.0,"exp":0.0,"sen":0.0,"cap":0.0,"inat":5.9,"isoc":5.5,"ides":5,"nfp":0,"nfph":0,"pfph":0,"ncr":0},"geometry":{"type":"Polygon","coordinates":[[[-91.70281135,15.61933527],[-91.69158913,15.60319637],[-91.69161691,15.58986304],[-91.69589733,15.59449491],[-91.70261467,15.59584372],[-91.7118171,15.61575116],[-91.73359187,15.61612918],[-91.74201816,15.61238719],[-91.75994129,15.61060637],[-91.77187171,15.61448794],[-91.77296705,15.61876267],[-91.77620026,15.61925194],[-91.76008915,15.61986304],[-91.75167248,15.63569638],[-91.73975581,15.63802972],[-91.69856135,15.62433527],[-91.70281135,15.61933527]]]}},{"type":"Feature","properties":{"m":"Concepción Huista","d":"Huehuetenango","cod":1322,"pop":18915,"iv":0.395,"exp":0.189,"sen":0.335,"cap":0.129,"inat":5.9,"isoc":5.7,"ides":5,"nfp":0,"nfph":0,"pfph":0,"ncr":0},"geometry":{"type":"Polygon","coordinates":[[[-91.69174268,15.5896566],[-91.69158913,15.60319637],[-91.70281135,15.61933527],[-91.69856135,15.62433527],[-91.73697814,15.63710662],[-91.73734548,15.6414069],[-91.7502745,15.66152916],[-91.74936428,15.66757546],[-91.74564412,15.67055056],[-91.73670099,15.67239388],[-91.71753099,15.66308322],[-91.70526416,15.66415331],[-91.69830458,15.66720781],[-91.6780632,15.68488469],[-91.64384999,15.69318611],[-91.62840115,15.69403651],[-91.59651933,15.68076923],[-91.55603095,15.66957514],[-91.53062787,15.67189837],[-91.53236886,15.64911132],[-91.53618225,15.6387723],[-91.55145878,15.64481298],[-91.62795882,15.64045938],[-91.64064142,15.63686101],[-91.64734486,15.63366478],[-91.67157024,15.61045975],[-91.68003601,15.59747818],[-91.69174268,15.5896566]]]}},{"type":"Feature","properties":{"m":"San Antonio Huista","d":"Huehuetenango","cod":1324,"pop":16697,"iv":0.425,"exp":0.144,"sen":0.408,"cap":0.127,"inat":6.7,"isoc":5.2,"ides":5.8,"nfp":0,"nfph":0,"pfph":0,"ncr":0},"geometry":{"type":"Polygon","coordinates":[[[-91.73670099,15.67239388],[-91.74564412,15.67055056],[-91.75048748,15.66361269],[-91.73734548,15.6414069],[-91.73697814,15.63710662],[-91.75167248,15.63569638],[-91.76008915,15.61986304],[-91.77620026,15.61925194],[-91.77422382,15.6175014],[-91.77778654,15.61095219],[-91.77680109,15.60382513],[-91.78382696,15.59302637],[-91.78249803,15.58708718],[-91.77845651,15.58340278],[-91.78433267,15.57661772],[-91.79512214,15.56970795],[-91.8037874,15.5932884],[-91.81986808,15.62477482],[-91.82138549,15.6351847],[-91.81989016,15.65256216],[-91.8220769,15.66086048],[-91.78739706,15.70217692],[-91.76315507,15.74466932],[-91.7295867,15.72839638],[-91.72059935,15.71822276],[-91.71946451,15.70784645],[-91.72292189,15.69535934],[-91.73670099,15.67239388]]]}},{"type":"Feature","properties":{"m":"Unión Cantinil","d":"Huehuetenango","cod":1332,"pop":15900,"iv":0.227,"exp":0.18,"sen":0.245,"cap":0.198,"inat":4.3,"isoc":4.8,"ides":4.3,"nfp":0,"nfph":0,"pfph":0,"ncr":0},"geometry":{"type":"Polygon","coordinates":[[[-91.69161691,15.58986304],[-91.70933915,15.56808528],[-91.73494248,15.55613862],[-91.7552893,15.56349695],[-91.7727296,15.57858936],[-91.7763124,15.57896522],[-91.78388777,15.59091611],[-91.77680109,15.60382513],[-91.77766063,15.61154354],[-91.77311574,15.61885542],[-91.77187171,15.61448794],[-91.75994129,15.61060637],[-91.74201816,15.61238719],[-91.73359187,15.61612918],[-91.7118171,15.61575116],[-91.70261467,15.59584372],[-91.69589733,15.59449491],[-91.69161691,15.58986304]]]}}]}