{"type":"FeatureCollection","features":[{"type":"Feature","properties":{"n":"LAS CHAMPAS MONTE RICO","m":"MOYUTA","a":"Alta","p":229},"geometry":{"type":"Point","coordinates":[-90.10189,13.75023]}},{"type":"Feature","properties":{"n":"GARITA CHAPINA","m":"MOYUTA","a":"Media","p":482},"geometry":{"type":"Point","coordinates":[-90.12032,13.7517]}},{"type":"Feature","properties":{"n":"LA PLAYA","m":"MOYUTA","a":"Muy Alta","p":23},"geometry":{"type":"Point","coordinates":[-90.15286,13.7571]}},{"type":"Feature","properties":{"n":"LA BLANCA","m":"MOYUTA","a":"Muy Alta","p":212},"geometry":{"type":"Point","coordinates":[-90.142,13.76013]}},{"type":"Feature","properties":{"n":"LA BARRITA","m":"MOYUTA","a":"Muy Alta","p":398},"geometry":{"type":"Point","coordinates":[-90.15858,13.7652]}},{"type":"Feature","properties":{"n":"MONTE RICO","m":"MOYUTA","a":"Alta","p":580},"geometry":{"type":"Point","coordinates":[-90.1131,13.77352]}},{"type":"Feature","properties":{"n":"MONTA-A VERDE","m":"MOYUTA","a":"Muy Alta","p":31},"geometry":{"type":"Point","coordinates":[-90.15116,13.77947]}},{"type":"Feature","properties":{"n":"BARRA DEL JIOTE","m":"MOYUTA","a":"Media","p":228},"geometry":{"type":"Point","coordinates":[-90.21683,13.78281]}},{"type":"Feature","properties":{"n":"MONTA-A VERDE","m":"MOYUTA","a":"Alta","p":0},"geometry":{"type":"Point","coordinates":[-90.13611,13.78659]}},{"type":"Feature","properties":{"n":"EL BIJAGUAL","m":"MOYUTA","a":"Media","p":185},"geometry":{"type":"Point","coordinates":[-90.11733,13.79473]}},{"type":"Feature","properties":{"n":"LAS LISONAS","m":"CHIQUIMULILLA","a":"Alta","p":0},"geometry":{"type":"Point","coordinates":[-90.24792,13.79504]}},{"type":"Feature","properties":{"n":"LOS BORDOS","m":"MOYUTA","a":"Media","p":0},"geometry":{"type":"Point","coordinates":[-90.13388,13.79613]}},{"type":"Feature","properties":{"n":"EL PAREDON","m":"CHIQUIMULILLA","a":"Alta","p":0},"geometry":{"type":"Point","coordinates":[-90.25652,13.79882]}},{"type":"Feature","properties":{"n":"EL EMBARCADERO","m":"MOYUTA","a":"Alta","p":138},"geometry":{"type":"Point","coordinates":[-90.21118,13.80139]}},{"type":"Feature","properties":{"n":"LAS LISAS","m":"CHIQUIMULILLA","a":"Muy Alta","p":1227},"geometry":{"type":"Point","coordinates":[-90.2631,13.80238]}},{"type":"Feature","properties":{"n":"SANTA TERESA","m":"MOYUTA","a":"Muy Alta","p":0},"geometry":{"type":"Point","coordinates":[-90.18138,13.80664]}},{"type":"Feature","properties":{"n":"EL PARAISO","m":"MOYUTA","a":"Muy Alta","p":1218},"geometry":{"type":"Point","coordinates":[-90.19496,13.8068]}},{"type":"Feature","properties":{"n":"VALLE NUEVO","m":"MOYUTA","a":"Alta","p":549},"geometry":{"type":"Point","coordinates":[-90.17454,13.80709]}},{"type":"Feature","properties":{"n":"MARIA MAGDALENA","m":"MOYUTA","a":"Media","p":0},"geometry":{"type":"Point","coordinates":[-90.16479,13.80764]}},{"type":"Feature","properties":{"n":"LOS NARANJOS","m":"MOYUTA","a":"Alta","p":0},"geometry":{"type":"Point","coordinates":[-90.16817,13.80874]}},{"type":"Feature","properties":{"n":"LA GINEBRA","m":"CHIQUIMULILLA","a":"Muy Alta","p":690},"geometry":{"type":"Point","coordinates":[-90.2407,13.81125]}},{"type":"Feature","properties":{"n":"SARAMPANA","m":"CHIQUIMULILLA","a":"Muy Alta","p":57},"geometry":{"type":"Point","coordinates":[-90.26371,13.81163]}},{"type":"Feature","properties":{"n":"SAN PEDRO","m":"CHIQUIMULILLA","a":"Alta","p":0},"geometry":{"type":"Point","coordinates":[-90.28929,13.8131]}},{"type":"Feature","properties":{"n":"EL ARENAL","m":"MOYUTA","a":"Media","p":573},"geometry":{"type":"Point","coordinates":[-90.11986,13.81339]}},{"type":"Feature","properties":{"n":"LA VINA DE SENOR","m":"CHIQUIMULILLA","a":"Muy Alta","p":325},"geometry":{"type":"Point","coordinates":[-90.27582,13.81791]}},{"type":"Feature","properties":{"n":"LA CEIBA","m":"CHIQUIMULILLA","a":"Alta","p":0},"geometry":{"type":"Point","coordinates":[-90.25875,13.81796]}},{"type":"Feature","properties":{"n":"LA PROVIDENCIA","m":"MOYUTA","a":"Media","p":0},"geometry":{"type":"Point","coordinates":[-90.11774,13.81787]}},{"type":"Feature","properties":{"n":"LAS CASONAS","m":"CHIQUIMULILLA","a":"Alta","p":0},"geometry":{"type":"Point","coordinates":[-90.30398,13.81964]}},{"type":"Feature","properties":{"n":"SALITRILLO","m":"PASACO","a":"Alta","p":106},"geometry":{"type":"Point","coordinates":[-90.22581,13.82087]}},{"type":"Feature","properties":{"n":"LA UNION","m":"PASACO","a":"Muy Alta","p":28},"geometry":{"type":"Point","coordinates":[-90.21074,13.82169]}},{"type":"Feature","properties":{"n":"CASAS VIEJAS","m":"CHIQUIMULILLA","a":"Alta","p":1095},"geometry":{"type":"Point","coordinates":[-90.26536,13.82203]}},{"type":"Feature","properties":{"n":"CUILAPITA","m":"CHIQUIMULILLA","a":"Alta","p":96},"geometry":{"type":"Point","coordinates":[-90.26508,13.82301]}},{"type":"Feature","properties":{"n":"SAN JOSE BUENA VISTA","m":"CHIQUIMULILLA","a":"Media","p":0},"geometry":{"type":"Point","coordinates":[-90.31175,13.82305]}},{"type":"Feature","properties":{"n":"JUNTO AL MAR","m":"PASACO","a":"Muy Alta","p":0},"geometry":{"type":"Point","coordinates":[-90.20646,13.82299]}},{"type":"Feature","properties":{"n":"EL SACRAMENTO","m":"CHIQUIMULILLA","a":"Alta","p":64},"geometry":{"type":"Point","coordinates":[-90.26953,13.8235]}},{"type":"Feature","properties":{"n":"ENTRE RIOS","m":"CHIQUIMULILLA","a":"Alta","p":0},"geometry":{"type":"Point","coordinates":[-90.26294,13.82452]}},{"type":"Feature","properties":{"n":"LA ESPERANZA","m":"CHIQUIMULILLA","a":"Alta","p":0},"geometry":{"type":"Point","coordinates":[-90.27555,13.82567]}},{"type":"Feature","properties":{"n":"LA PROVIDENCIA","m":"PASACO","a":"Alta","p":0},"geometry":{"type":"Point","coordinates":[-90.22509,13.82646]}},{"type":"Feature","properties":{"n":"MONTUFAR CENTRO ADMINISTRATIVO","m":"MOYUTA","a":"Media","p":1215},"geometry":{"type":"Point","coordinates":[-90.14488,13.82648]}},{"type":"Feature","properties":{"n":"LA MARINA","m":"CHIQUIMULILLA","a":"Alta","p":0},"geometry":{"type":"Point","coordinates":[-90.27628,13.82693]}},{"type":"Feature","properties":{"n":"GUADALUPANA","m":"CHIQUIMULILLA","a":"Muy Alta","p":0},"geometry":{"type":"Point","coordinates":[-90.25184,13.82743]}},{"type":"Feature","properties":{"n":"LA PROVIDENCIA","m":"MOYUTA","a":"Media","p":0},"geometry":{"type":"Point","coordinates":[-90.12938,13.8273]}},{"type":"Feature","properties":{"n":"PANTALEON LA FE","m":"CHIQUIMULILLA","a":"Muy Alta","p":27},"geometry":{"type":"Point","coordinates":[-90.23785,13.82794]}},{"type":"Feature","properties":{"n":"EL SALITRILLO BARRERA","m":"PASACO","a":"Muy Alta","p":0},"geometry":{"type":"Point","coordinates":[-90.20806,13.82865]}},{"type":"Feature","properties":{"n":"SAN BENITO","m":"CHIQUIMULILLA","a":"Muy Alta","p":0},"geometry":{"type":"Point","coordinates":[-90.25806,13.82914]}},{"type":"Feature","properties":{"n":"LAS ILUCIONES","m":"MOYUTA","a":"Baja","p":0},"geometry":{"type":"Point","coordinates":[-90.12416,13.82921]}},{"type":"Feature","properties":{"n":"LOS MACIZOS","m":"CHIQUIMULILLA","a":"Alta","p":179},"geometry":{"type":"Point","coordinates":[-90.31264,13.82957]}},{"type":"Feature","properties":{"n":"LA PONDEROSA","m":"CHIQUIMULILLA","a":"Muy Alta","p":0},"geometry":{"type":"Point","coordinates":[-90.24705,13.82967]}},{"type":"Feature","properties":{"n":"SANTA MARIA","m":"CHIQUIMULILLA","a":"Muy Alta","p":0},"geometry":{"type":"Point","coordinates":[-90.28377,13.83019]}},{"type":"Feature","properties":{"n":"SANTA ANA","m":"MOYUTA","a":"Alta","p":0},"geometry":{"type":"Point","coordinates":[-90.1718,13.8304]}},{"type":"Feature","properties":{"n":"EL MAGUEY","m":"CHIQUIMULILLA","a":"Alta","p":0},"geometry":{"type":"Point","coordinates":[-90.3253,13.83071]}},{"type":"Feature","properties":{"n":"SANTO DOMINGO","m":"CHIQUIMULILLA","a":"Alta","p":0},"geometry":{"type":"Point","coordinates":[-90.31102,13.83094]}},{"type":"Feature","properties":{"n":"SAN BENITO","m":"CHIQUIMULILLA","a":"Muy Alta","p":0},"geometry":{"type":"Point","coordinates":[-90.26026,13.83101]}},{"type":"Feature","properties":{"n":"EL PALOMO","m":"CHIQUIMULILLA","a":"Muy Alta","p":0},"geometry":{"type":"Point","coordinates":[-90.21431,13.83123]}},{"type":"Feature","properties":{"n":"PICHILINGO","m":"CHIQUIMULILLA","a":"Muy Alta","p":0},"geometry":{"type":"Point","coordinates":[-90.2123,13.83204]}},{"type":"Feature","properties":{"n":"EL NARANJO","m":"MOYUTA","a":"Baja","p":369},"geometry":{"type":"Point","coordinates":[-90.11415,13.83215]}},{"type":"Feature","properties":{"n":"LA ESPERANZA","m":"CHIQUIMULILLA","a":"Alta","p":0},"geometry":{"type":"Point","coordinates":[-90.23307,13.83269]}},{"type":"Feature","properties":{"n":"SAN BERNARDO","m":"CHIQUIMULILLA","a":"Muy Alta","p":107},"geometry":{"type":"Point","coordinates":[-90.25322,13.83313]}},{"type":"Feature","properties":{"n":"CHAPETON","m":"CHIQUIMULILLA","a":"Muy Alta","p":607},"geometry":{"type":"Point","coordinates":[-90.33262,13.83325]}},{"type":"Feature","properties":{"n":"SAN CRISTOBAL","m":"CHIQUIMULILLA","a":"Alta","p":629},"geometry":{"type":"Point","coordinates":[-90.29411,13.83333]}},{"type":"Feature","properties":{"n":"SANTA HERMINIA","m":"CHIQUIMULILLA","a":"Muy Alta","p":0},"geometry":{"type":"Point","coordinates":[-90.32337,13.83608]}},{"type":"Feature","properties":{"n":"TRES MARIAS","m":"MOYUTA","a":"Baja","p":0},"geometry":{"type":"Point","coordinates":[-90.13458,13.83779]}},{"type":"Feature","properties":{"n":"EL RECUERDO","m":"MOYUTA","a":"Media","p":0},"geometry":{"type":"Point","coordinates":[-90.14855,13.8395]}},{"type":"Feature","properties":{"n":"LA VERDE","m":"PASACO","a":"Muy Alta","p":39},"geometry":{"type":"Point","coordinates":[-90.2209,13.84031]}},{"type":"Feature","properties":{"n":"EL AMATAL","m":"MOYUTA","a":"Media","p":0},"geometry":{"type":"Point","coordinates":[-90.12006,13.84029]}},{"type":"Feature","properties":{"n":"JERICO","m":"CHIQUIMULILLA","a":"Muy Alta","p":0},"geometry":{"type":"Point","coordinates":[-90.26194,13.8416]}},{"type":"Feature","properties":{"n":"EL DURAZNITO","m":"CHIQUIMULILLA","a":"Alta","p":0},"geometry":{"type":"Point","coordinates":[-90.27428,13.84236]}},{"type":"Feature","properties":{"n":"EL ESFUERZO","m":"MOYUTA","a":"Alta","p":0},"geometry":{"type":"Point","coordinates":[-90.15897,13.8423]}},{"type":"Feature","properties":{"n":"EL AGUACATE","m":"CHIQUIMULILLA","a":"Media","p":0},"geometry":{"type":"Point","coordinates":[-90.34709,13.84287]}},{"type":"Feature","properties":{"n":"EL DORMIDO","m":"CHIQUIMULILLA","a":"Alta","p":151},"geometry":{"type":"Point","coordinates":[-90.35325,13.84296]}},{"type":"Feature","properties":{"n":"PANTALEON","m":"CHIQUIMULILLA","a":"Muy Alta","p":0},"geometry":{"type":"Point","coordinates":[-90.2338,13.84287]}},{"type":"Feature","properties":{"n":"PEOR ES NADA","m":"MOYUTA","a":"Media","p":0},"geometry":{"type":"Point","coordinates":[-90.12061,13.84312]}},{"type":"Feature","properties":{"n":"SAN ANTONIO","m":"CHIQUIMULILLA","a":"Muy Alta","p":0},"geometry":{"type":"Point","coordinates":[-90.22272,13.84394]}},{"type":"Feature","properties":{"n":"MARACAY","m":"CHIQUIMULILLA","a":"Alta","p":0},"geometry":{"type":"Point","coordinates":[-90.2888,13.84485]}},{"type":"Feature","properties":{"n":"LA ESPERANZA","m":"MOYUTA","a":"Alta","p":0},"geometry":{"type":"Point","coordinates":[-90.12245,13.84539]}},{"type":"Feature","properties":{"n":"LA NUEVA","m":"MOYUTA","a":"Alta","p":677},"geometry":{"type":"Point","coordinates":[-90.17831,13.8455]}},{"type":"Feature","properties":{"n":"EL RECUERDO","m":"MOYUTA","a":"Media","p":0},"geometry":{"type":"Point","coordinates":[-90.12065,13.84544]}},{"type":"Feature","properties":{"n":"POZA DEL TULE","m":"MOYUTA","a":"Alta","p":0},"geometry":{"type":"Point","coordinates":[-90.13838,13.84593]}},{"type":"Feature","properties":{"n":"SANTA ELENA","m":"CHIQUIMULILLA","a":"Alta","p":29},"geometry":{"type":"Point","coordinates":[-90.24639,13.84634]}},{"type":"Feature","properties":{"n":"EL ROSARIO LA MUERTE","m":"CHIQUIMULILLA","a":"Alta","p":0},"geometry":{"type":"Point","coordinates":[-90.36795,13.84745]}},{"type":"Feature","properties":{"n":"SANTA ROSA","m":"CHIQUIMULILLA","a":"Media","p":362},"geometry":{"type":"Point","coordinates":[-90.28787,13.84757]}},{"type":"Feature","properties":{"n":"SANTA ELENA","m":"CHIQUIMULILLA","a":"Muy Alta","p":0},"geometry":{"type":"Point","coordinates":[-90.26006,13.84794]}},{"type":"Feature","properties":{"n":"LOS ANGELES","m":"CHIQUIMULILLA","a":"Alta","p":0},"geometry":{"type":"Point","coordinates":[-90.24067,13.84892]}},{"type":"Feature","properties":{"n":"SAN JULIAN","m":"CHIQUIMULILLA","a":"Baja","p":0},"geometry":{"type":"Point","coordinates":[-90.2758,13.84943]}},{"type":"Feature","properties":{"n":"SANTA HERMINIA","m":"CHIQUIMULILLA","a":"Alta","p":0},"geometry":{"type":"Point","coordinates":[-90.30816,13.84954]}},{"type":"Feature","properties":{"n":"LOS ANGELES","m":"PASACO","a":"Media","p":53},"geometry":{"type":"Point","coordinates":[-90.23604,13.85024]}},{"type":"Feature","properties":{"n":"SAN ANTONIO","m":"PASACO","a":"Media","p":134},"geometry":{"type":"Point","coordinates":[-90.21731,13.85032]}},{"type":"Feature","properties":{"n":"EL PORVENIR","m":"MOYUTA","a":"Muy Alta","p":0},"geometry":{"type":"Point","coordinates":[-90.14411,13.85209]}},{"type":"Feature","properties":{"n":"SAN LUIS","m":"CHIQUIMULILLA","a":"Media","p":0},"geometry":{"type":"Point","coordinates":[-90.28303,13.85244]}},{"type":"Feature","properties":{"n":"EL ROSARIO","m":"MOYUTA","a":"Media","p":1186},"geometry":{"type":"Point","coordinates":[-90.12464,13.8523]}},{"type":"Feature","properties":{"n":"LAS MANANITAS","m":"CHIQUIMULILLA","a":"Baja","p":204},"geometry":{"type":"Point","coordinates":[-90.38338,13.85464]}},{"type":"Feature","properties":{"n":"EL UJUXTE","m":"MOYUTA","a":"Alta","p":0},"geometry":{"type":"Point","coordinates":[-90.1361,13.85454]}},{"type":"Feature","properties":{"n":"LAS FLORES","m":"PASACO","a":"Muy Alta","p":46},"geometry":{"type":"Point","coordinates":[-90.24162,13.85522]}},{"type":"Feature","properties":{"n":"LAS FLORES","m":"CHIQUIMULILLA","a":"Alta","p":20},"geometry":{"type":"Point","coordinates":[-90.24364,13.85523]}},{"type":"Feature","properties":{"n":"SALAMO","m":"MOYUTA","a":"Muy Alta","p":0},"geometry":{"type":"Point","coordinates":[-90.18824,13.85556]}},{"type":"Feature","properties":{"n":"BALBUENA","m":"CHIQUIMULILLA","a":"Alta","p":113},"geometry":{"type":"Point","coordinates":[-90.26188,13.85721]}},{"type":"Feature","properties":{"n":"SANTA ROSA","m":"CHIQUIMULILLA","a":"Media","p":0},"geometry":{"type":"Point","coordinates":[-90.28718,13.85748]}},{"type":"Feature","properties":{"n":"EL NARANJO","m":"PASACO","a":"Alta","p":0},"geometry":{"type":"Point","coordinates":[-90.19232,13.85767]}},{"type":"Feature","properties":{"n":"LAGUNA TULE EL ROSARIO","m":"MOYUTA","a":"Alta","p":31},"geometry":{"type":"Point","coordinates":[-90.12801,13.85765]}},{"type":"Feature","properties":{"n":"MATAMOROS","m":"CHIQUIMULILLA","a":"Media","p":331},"geometry":{"type":"Point","coordinates":[-90.29637,13.85826]}},{"type":"Feature","properties":{"n":"LAS ILUSIONES","m":"PASACO","a":"Muy Alta","p":0},"geometry":{"type":"Point","coordinates":[-90.19185,13.85948]}},{"type":"Feature","properties":{"n":"LA ESMERALDA","m":"MOYUTA","a":"Alta","p":0},"geometry":{"type":"Point","coordinates":[-90.13766,13.86065]}},{"type":"Feature","properties":{"n":"ENTRE RIOS","m":"MOYUTA","a":"Muy Alta","p":0},"geometry":{"type":"Point","coordinates":[-90.1681,13.8609]}},{"type":"Feature","properties":{"n":"LA PALMITA","m":"PASACO","a":"Muy Alta","p":0},"geometry":{"type":"Point","coordinates":[-90.19215,13.86112]}},{"type":"Feature","properties":{"n":"MORELIA","m":"CHIQUIMULILLA","a":"Muy Alta","p":0},"geometry":{"type":"Point","coordinates":[-90.2114,13.86186]}},{"type":"Feature","properties":{"n":"LOS LIMONES","m":"CHIQUIMULILLA","a":"Media","p":190},"geometry":{"type":"Point","coordinates":[-90.39615,13.86281]}},{"type":"Feature","properties":{"n":"MORELIA","m":"CHIQUIMULILLA","a":"Muy Alta","p":0},"geometry":{"type":"Point","coordinates":[-90.23309,13.86319]}},{"type":"Feature","properties":{"n":"LAS MARIAS","m":"PASACO","a":"Muy Alta","p":0},"geometry":{"type":"Point","coordinates":[-90.1925,13.86369]}},{"type":"Feature","properties":{"n":"SANTA ISABEL","m":"MOYUTA","a":"Muy Alta","p":0},"geometry":{"type":"Point","coordinates":[-90.13167,13.86395]}},{"type":"Feature","properties":{"n":"BALBUENA","m":"CHIQUIMULILLA","a":"Media","p":0},"geometry":{"type":"Point","coordinates":[-90.26172,13.86414]}},{"type":"Feature","properties":{"n":"ENTRE RIOS LOS ALMENDROS","m":"MOYUTA","a":"Muy Alta","p":0},"geometry":{"type":"Point","coordinates":[-90.16042,13.86471]}},{"type":"Feature","properties":{"n":"SAN NICOLAS","m":"CHIQUIMULILLA","a":"Alta","p":114},"geometry":{"type":"Point","coordinates":[-90.26572,13.86491]}},{"type":"Feature","properties":{"n":"LA ESMERALDA","m":"MOYUTA","a":"Media","p":0},"geometry":{"type":"Point","coordinates":[-90.13955,13.86491]}},{"type":"Feature","properties":{"n":"BILBAO","m":"CHIQUIMULILLA","a":"Alta","p":0},"geometry":{"type":"Point","coordinates":[-90.27885,13.86516]}},{"type":"Feature","properties":{"n":"HAWAI","m":"CHIQUIMULILLA","a":"Alta","p":269},"geometry":{"type":"Point","coordinates":[-90.40863,13.86548]}},{"type":"Feature","properties":{"n":"SANTA ISABEL","m":"MOYUTA","a":"Alta","p":0},"geometry":{"type":"Point","coordinates":[-90.14953,13.86536]}},{"type":"Feature","properties":{"n":"GONZALEZ","m":"CHIQUIMULILLA","a":"Baja","p":27},"geometry":{"type":"Point","coordinates":[-90.2748,13.86576]}},{"type":"Feature","properties":{"n":"EL PORVENIR","m":"MOYUTA","a":"Muy Alta","p":0},"geometry":{"type":"Point","coordinates":[-90.15568,13.86579]}},{"type":"Feature","properties":{"n":"SANTA MARTA","m":"CHIQUIMULILLA","a":"Media","p":0},"geometry":{"type":"Point","coordinates":[-90.27724,13.86654]}},{"type":"Feature","properties":{"n":"CUAJILOTE","m":"CHIQUIMULILLA","a":"Baja","p":71},"geometry":{"type":"Point","coordinates":[-90.25899,13.86658]}},{"type":"Feature","properties":{"n":"SANTA FE","m":"MOYUTA","a":"Baja","p":0},"geometry":{"type":"Point","coordinates":[-90.14706,13.86716]}},{"type":"Feature","properties":{"n":"EL CLARON","m":"MOYUTA","a":"Muy Alta","p":0},"geometry":{"type":"Point","coordinates":[-90.1686,13.86791]}},{"type":"Feature","properties":{"n":"SANTA CECILIA","m":"CHIQUIMULILLA","a":"Media","p":0},"geometry":{"type":"Point","coordinates":[-90.24648,13.86843]}},{"type":"Feature","properties":{"n":"COSTA RICA II","m":"CHIQUIMULILLA","a":"Muy Alta","p":0},"geometry":{"type":"Point","coordinates":[-90.29358,13.86853]}},{"type":"Feature","properties":{"n":"MONTA-A HERMOSA","m":"PASACO","a":"Alta","p":0},"geometry":{"type":"Point","coordinates":[-90.19287,13.8695]}},{"type":"Feature","properties":{"n":"LAS DELICIAS","m":"CHIQUIMULILLA","a":"Alta","p":0},"geometry":{"type":"Point","coordinates":[-90.2109,13.87127]}},{"type":"Feature","properties":{"n":"EL CEBOLLITO","m":"CHIQUIMULILLA","a":"Alta","p":340},"geometry":{"type":"Point","coordinates":[-90.42857,13.87239]}},{"type":"Feature","properties":{"n":"CIUDAD PEDRO DE ALVARADO","m":"MOYUTA","a":"Alta","p":3782},"geometry":{"type":"Point","coordinates":[-90.09263,13.87228]}},{"type":"Feature","properties":{"n":"LA RUBIA","m":"CHIQUIMULILLA","a":"Media","p":199},"geometry":{"type":"Point","coordinates":[-90.27589,13.87296]}},{"type":"Feature","properties":{"n":"EL TUMBADOR","m":"MOYUTA","a":"Muy Alta","p":0},"geometry":{"type":"Point","coordinates":[-90.17669,13.87314]}},{"type":"Feature","properties":{"n":"ARGENTINA","m":"PASACO","a":"Muy Alta","p":0},"geometry":{"type":"Point","coordinates":[-90.19533,13.87347]}},{"type":"Feature","properties":{"n":"LLANOS DE LA MORA","m":"MOYUTA","a":"Media","p":0},"geometry":{"type":"Point","coordinates":[-90.12014,13.87474]}},{"type":"Feature","properties":{"n":"SAN LUIS LA DANTA","m":"PASACO","a":"Muy Alta","p":543},"geometry":{"type":"Point","coordinates":[-90.19696,13.87601]}},{"type":"Feature","properties":{"n":"LAS DELICIAS","m":"PASACO","a":"Muy Alta","p":190},"geometry":{"type":"Point","coordinates":[-90.21506,13.87668]}},{"type":"Feature","properties":{"n":"COSTA RICA","m":"CHIQUIMULILLA","a":"Media","p":0},"geometry":{"type":"Point","coordinates":[-90.30015,13.8771]}},{"type":"Feature","properties":{"n":"EL PENSAMIENTO","m":"MOYUTA","a":"Baja","p":0},"geometry":{"type":"Point","coordinates":[-90.13295,13.877]}},{"type":"Feature","properties":{"n":"VILLA ESPA-A","m":"PASACO","a":"Muy Alta","p":0},"geometry":{"type":"Point","coordinates":[-90.19603,13.87724]}},{"type":"Feature","properties":{"n":"SAN ANTONIO","m":"MOYUTA","a":"Alta","p":64},"geometry":{"type":"Point","coordinates":[-90.15598,13.87798]}},{"type":"Feature","properties":{"n":"EL SAUZAL","m":"MOYUTA","a":"Baja","p":0},"geometry":{"type":"Point","coordinates":[-90.12457,13.87796]}},{"type":"Feature","properties":{"n":"SANTA MARTA","m":"PASACO","a":"Alta","p":0},"geometry":{"type":"Point","coordinates":[-90.197,13.87858]}},{"type":"Feature","properties":{"n":"LA MAQUINA","m":"CHIQUIMULILLA","a":"Alta","p":44},"geometry":{"type":"Point","coordinates":[-90.34677,13.8789]}},{"type":"Feature","properties":{"n":"POZA DEL LLANO","m":"MOYUTA","a":"Baja","p":1075},"geometry":{"type":"Point","coordinates":[-90.11282,13.87876]}},{"type":"Feature","properties":{"n":"AMATAL","m":"MOYUTA","a":"Media","p":0},"geometry":{"type":"Point","coordinates":[-90.15512,13.87905]}},{"type":"Feature","properties":{"n":"SAN FRANCISCO","m":"CHIQUIMULILLA","a":"Alta","p":33},"geometry":{"type":"Point","coordinates":[-90.30602,13.87954]}},{"type":"Feature","properties":{"n":"HACIENDA VIEJA","m":"MOYUTA","a":"Baja","p":0},"geometry":{"type":"Point","coordinates":[-90.11013,13.88084]}},{"type":"Feature","properties":{"n":"LAS VICTORIAS","m":"PASACO","a":"Muy Alta","p":0},"geometry":{"type":"Point","coordinates":[-90.19802,13.88103]}},{"type":"Feature","properties":{"n":"GUARDIANIA DE LA CANTARANA","m":"CHIQUIMULILLA","a":"Alta","p":0},"geometry":{"type":"Point","coordinates":[-90.33159,13.88344]}},{"type":"Feature","properties":{"n":"SAN FRANCISCO LAS ESPERANZA","m":"MOYUTA","a":"Baja","p":0},"geometry":{"type":"Point","coordinates":[-90.13287,13.88361]}},{"type":"Feature","properties":{"n":"LAS POZAS","m":"CHIQUIMULILLA","a":"Alta","p":0},"geometry":{"type":"Point","coordinates":[-90.28302,13.88417]}},{"type":"Feature","properties":{"n":"LA CURBINA","m":"CHIQUIMULILLA","a":"Media","p":227},"geometry":{"type":"Point","coordinates":[-90.46004,13.88436]}},{"type":"Feature","properties":{"n":"EL TAMARINDO","m":"MOYUTA","a":"Alta","p":13},"geometry":{"type":"Point","coordinates":[-90.15968,13.88423]}},{"type":"Feature","properties":{"n":"LOS DELIRIOS","m":"PASACO","a":"Muy Alta","p":0},"geometry":{"type":"Point","coordinates":[-90.20326,13.88428]}},{"type":"Feature","properties":{"n":"ARGELIA","m":"CHIQUIMULILLA","a":"Media","p":0},"geometry":{"type":"Point","coordinates":[-90.26886,13.88448]}},{"type":"Feature","properties":{"n":"SAN DIEGO LA DANTA","m":"MOYUTA","a":"Alta","p":0},"geometry":{"type":"Point","coordinates":[-90.19323,13.88474]}},{"type":"Feature","properties":{"n":"COLONIA MONTUFAR","m":"MOYUTA","a":"Alta","p":667},"geometry":{"type":"Point","coordinates":[-90.09031,13.88501]}},{"type":"Feature","properties":{"n":"LA DANTA","m":"MOYUTA","a":"Muy Alta","p":238},"geometry":{"type":"Point","coordinates":[-90.19621,13.8852]}},{"type":"Feature","properties":{"n":"EL RETIRO","m":"PASACO","a":"Baja","p":0},"geometry":{"type":"Point","coordinates":[-90.21648,13.88601]}},{"type":"Feature","properties":{"n":"EL AGUACATE","m":"CHIQUIMULILLA","a":"Media","p":112},"geometry":{"type":"Point","coordinates":[-90.30342,13.88842]}},{"type":"Feature","properties":{"n":"EL PANAL","m":"CHIQUIMULILLA","a":"Media","p":65},"geometry":{"type":"Point","coordinates":[-90.30277,13.88932]}},{"type":"Feature","properties":{"n":"EL PARAISO","m":"CHIQUIMULILLA","a":"Baja","p":0},"geometry":{"type":"Point","coordinates":[-90.27894,13.88955]}},{"type":"Feature","properties":{"n":"LAS PLACETAS","m":"CHIQUIMULILLA","a":"Baja","p":152},"geometry":{"type":"Point","coordinates":[-90.25629,13.88954]}},{"type":"Feature","properties":{"n":"PLACETAS","m":"CHIQUIMULILLA","a":"Baja","p":223},"geometry":{"type":"Point","coordinates":[-90.256,13.88955]}},{"type":"Feature","properties":{"n":"CANTA RANA","m":"CHIQUIMULILLA","a":"Alta","p":52},"geometry":{"type":"Point","coordinates":[-90.33051,13.8897]}},{"type":"Feature","properties":{"n":"EL AGUACATE","m":"CHIQUIMULILLA","a":"Media","p":0},"geometry":{"type":"Point","coordinates":[-90.30345,13.88994]}},{"type":"Feature","properties":{"n":"SAN ANTONIO","m":"CHIQUIMULILLA","a":"Media","p":213},"geometry":{"type":"Point","coordinates":[-90.27745,13.89088]}},{"type":"Feature","properties":{"n":"MONTERRICO","m":"TAXISCO","a":"Alta","p":960},"geometry":{"type":"Point","coordinates":[-90.48022,13.89339]}},{"type":"Feature","properties":{"n":"LA ESPERANZA","m":"CHIQUIMULILLA","a":"Muy Alta","p":0},"geometry":{"type":"Point","coordinates":[-90.38228,13.89416]}},{"type":"Feature","properties":{"n":"CUBA","m":"CHIQUIMULILLA","a":"Baja","p":29},"geometry":{"type":"Point","coordinates":[-90.2656,13.8944]}},{"type":"Feature","properties":{"n":"MOCHA","m":"CHIQUIMULILLA","a":"Media","p":0},"geometry":{"type":"Point","coordinates":[-90.22294,13.89466]}},{"type":"Feature","properties":{"n":"EL PARAISO","m":"CHIQUIMULILLA","a":"Media","p":0},"geometry":{"type":"Point","coordinates":[-90.27851,13.89495]}},{"type":"Feature","properties":{"n":"VERSALLES","m":"CHIQUIMULILLA","a":"Media","p":62},"geometry":{"type":"Point","coordinates":[-90.30351,13.89627]}},{"type":"Feature","properties":{"n":"CANADA","m":"CHIQUIMULILLA","a":"Alta","p":37},"geometry":{"type":"Point","coordinates":[-90.30547,13.89647]}},{"type":"Feature","properties":{"n":"AGUA DULCE","m":"CHIQUIMULILLA","a":"Media","p":85},"geometry":{"type":"Point","coordinates":[-90.45543,13.89721]}},{"type":"Feature","properties":{"n":"EL PUMPO","m":"TAXISCO","a":"Muy Alta","p":874},"geometry":{"type":"Point","coordinates":[-90.49389,13.89735]}},{"type":"Feature","properties":{"n":"LA PALMITA","m":"CHIQUIMULILLA","a":"Baja","p":86},"geometry":{"type":"Point","coordinates":[-90.2552,13.89907]}},{"type":"Feature","properties":{"n":"BUENOS AIRES","m":"CHIQUIMULILLA","a":"Media","p":0},"geometry":{"type":"Point","coordinates":[-90.30926,13.90426]}},{"type":"Feature","properties":{"n":"LA SONRISA","m":"CHIQUIMULILLA","a":"Baja","p":28},"geometry":{"type":"Point","coordinates":[-90.27891,13.90437]}},{"type":"Feature","properties":{"n":"AGUA ZARCA O EL PENSAMIENTO","m":"CHIQUIMULILLA","a":"Alta","p":0},"geometry":{"type":"Point","coordinates":[-90.2311,13.90433]}},{"type":"Feature","properties":{"n":"EL VALPARAISO","m":"PASACO","a":"Baja","p":27},"geometry":{"type":"Point","coordinates":[-90.23402,13.90464]}},{"type":"Feature","properties":{"n":"PAPATURRO","m":"GUAZACAPAN","a":"Muy Alta","p":114},"geometry":{"type":"Point","coordinates":[-90.43172,13.90545]}},{"type":"Feature","properties":{"n":"SAN JOSE","m":"CHIQUIMULILLA","a":"Alta","p":0},"geometry":{"type":"Point","coordinates":[-90.38982,13.90593]}},{"type":"Feature","properties":{"n":"EL CANAL","m":"CHIQUIMULILLA","a":"Media","p":0},"geometry":{"type":"Point","coordinates":[-90.39894,13.90617]}},{"type":"Feature","properties":{"n":"TRINITARIA","m":"CHIQUIMULILLA","a":"Baja","p":164},"geometry":{"type":"Point","coordinates":[-90.27844,13.90615]}},{"type":"Feature","properties":{"n":"EL PAPATURRO","m":"GUAZACAPAN","a":"Alta","p":0},"geometry":{"type":"Point","coordinates":[-90.43071,13.90678]}},{"type":"Feature","properties":{"n":"LAS QUECHAS","m":"TAXISCO","a":"Media","p":270},"geometry":{"type":"Point","coordinates":[-90.51677,13.9073]}},{"type":"Feature","properties":{"n":"COSTA RICA","m":"CHIQUIMULILLA","a":"Alta","p":0},"geometry":{"type":"Point","coordinates":[-90.42579,13.90762]}},{"type":"Feature","properties":{"n":"EL TORO","m":"MOYUTA","a":"Baja","p":539},"geometry":{"type":"Point","coordinates":[-90.16946,13.90742]}},{"type":"Feature","properties":{"n":"LA MOCHA","m":"PASACO","a":"Media","p":120},"geometry":{"type":"Point","coordinates":[-90.23402,13.90884]}},{"type":"Feature","properties":{"n":"EL COROCITO","m":"CHIQUIMULILLA","a":"Media","p":231},"geometry":{"type":"Point","coordinates":[-90.30468,13.90976]}},{"type":"Feature","properties":{"n":"LA ENCANTADORA","m":"CHIQUIMULILLA","a":"Alta","p":84},"geometry":{"type":"Point","coordinates":[-90.24846,13.90985]}},{"type":"Feature","properties":{"n":"EL BANCO","m":"TAXISCO","a":"Alta","p":221},"geometry":{"type":"Point","coordinates":[-90.5317,13.9113]}},{"type":"Feature","properties":{"n":"NUEVE CERROS","m":"CHIQUIMULILLA","a":"Media","p":0},"geometry":{"type":"Point","coordinates":[-90.33659,13.91299]}},{"type":"Feature","properties":{"n":"MEDIO MONTE","m":"GUAZACAPAN","a":"Media","p":0},"geometry":{"type":"Point","coordinates":[-90.45063,13.91338]}},{"type":"Feature","properties":{"n":"EL TESORO","m":"CHIQUIMULILLA","a":"Media","p":0},"geometry":{"type":"Point","coordinates":[-90.4228,13.91466]}},{"type":"Feature","properties":{"n":"LAS NINFAS","m":"PASACO","a":"Muy Alta","p":37},"geometry":{"type":"Point","coordinates":[-90.19324,13.91519]}},{"type":"Feature","properties":{"n":"RIVERAS DE CHULAMAR","m":"SAN JOSE","a":"Media","p":10},"geometry":{"type":"Point","coordinates":[-90.87655,13.91546]}},{"type":"Feature","properties":{"n":"CHULAMAR","m":"SAN JOSE","a":"Media","p":101},"geometry":{"type":"Point","coordinates":[-90.87831,13.91554]}},{"type":"Feature","properties":{"n":"SAN RAFAEL LAS FLORES","m":"CHIQUIMULILLA","a":"Alta","p":0},"geometry":{"type":"Point","coordinates":[-90.3886,13.91584]}},{"type":"Feature","properties":{"n":"EL PORVENIR I","m":"CHIQUIMULILLA","a":"Baja","p":50},"geometry":{"type":"Point","coordinates":[-90.27848,13.91654]}},{"type":"Feature","properties":{"n":"ALTAMIRA","m":"CHIQUIMULILLA","a":"Baja","p":70},"geometry":{"type":"Point","coordinates":[-90.25541,13.91669]}},{"type":"Feature","properties":{"n":"MORENA","m":"SAN JOSE","a":"Media","p":38},"geometry":{"type":"Point","coordinates":[-90.86047,13.91683]}},{"type":"Feature","properties":{"n":"HISGUALLA","m":"PASACO","a":"Muy Alta","p":0},"geometry":{"type":"Point","coordinates":[-90.19501,13.91705]}},{"type":"Feature","properties":{"n":"LINDA MAR","m":"SAN JOSE","a":"Alta","p":419},"geometry":{"type":"Point","coordinates":[-90.88259,13.91695]}},{"type":"Feature","properties":{"n":"AGUA ZARCA","m":"CHIQUIMULILLA","a":"Muy Alta","p":23},"geometry":{"type":"Point","coordinates":[-90.2377,13.91769]}},{"type":"Feature","properties":{"n":"LA CANDELARIA","m":"TAXISCO","a":"Media","p":651},"geometry":{"type":"Point","coordinates":[-90.55394,13.91796]}},{"type":"Feature","properties":{"n":"EL NARANJO","m":"LA GOMERA","a":"Alta","p":85},"geometry":{"type":"Point","coordinates":[-91.02305,13.9177]}},{"type":"Feature","properties":{"n":"SAN GABRIEL","m":"CHIQUIMULILLA","a":"Media","p":0},"geometry":{"type":"Point","coordinates":[-90.41906,13.91889]}},{"type":"Feature","properties":{"n":"EL PRADO","m":"LA GOMERA","a":"Alta","p":0},"geometry":{"type":"Point","coordinates":[-91.03529,13.91876]}},{"type":"Feature","properties":{"n":"LAS MORENAS","m":"PASACO","a":"Muy Alta","p":81},"geometry":{"type":"Point","coordinates":[-90.1904,13.91928]}},{"type":"Feature","properties":{"n":"MILITAR BASE NAVAL","m":"SAN JOSE","a":"Alta","p":98},"geometry":{"type":"Point","coordinates":[-90.80634,13.91929]}},{"type":"Feature","properties":{"n":"QUITA SOMBRERO BALNEARIO","m":"SAN JOSE","a":"Alta","p":80},"geometry":{"type":"Point","coordinates":[-90.82743,13.91935]}},{"type":"Feature","properties":{"n":"EL PAREDON BUENA VISTA","m":"LA GOMERA","a":"Media","p":603},"geometry":{"type":"Point","coordinates":[-91.07251,13.91918]}},{"type":"Feature","properties":{"n":"EL CARRIZAL","m":"SAN JOSE","a":"Media","p":157},"geometry":{"type":"Point","coordinates":[-90.96301,13.91957]}},{"type":"Feature","properties":{"n":"LAS PILAS","m":"CHIQUIMULILLA","a":"Alta","p":0},"geometry":{"type":"Point","coordinates":[-90.37534,13.92003]}},{"type":"Feature","properties":{"n":"LA BARRITA","m":"SAN JOSE","a":"Media","p":865},"geometry":{"type":"Point","coordinates":[-90.91489,13.91978]}},{"type":"Feature","properties":{"n":"LOS COCALITOS","m":"LA GOMERA","a":"Alta","p":0},"geometry":{"type":"Point","coordinates":[-91.04761,13.91969]}},{"type":"Feature","properties":{"n":"LA AVELLANA","m":"TAXISCO","a":"Alta","p":610},"geometry":{"type":"Point","coordinates":[-90.4679,13.92084]}},{"type":"Feature","properties":{"n":"PUERTA DEL MAR","m":"SAN JOSE","a":"Alta","p":18},"geometry":{"type":"Point","coordinates":[-90.85358,13.92058]}},{"type":"Feature","properties":{"n":"LOS COCALES","m":"CHIQUIMULILLA","a":"Baja","p":0},"geometry":{"type":"Point","coordinates":[-90.30315,13.92079]}},{"type":"Feature","properties":{"n":"TIERRA MALA","m":"SAN JOSE","a":"Media","p":212},"geometry":{"type":"Point","coordinates":[-90.86544,13.92165]}},{"type":"Feature","properties":{"n":"EL MILAGRO","m":"SAN JOSE","a":"Media","p":15},"geometry":{"type":"Point","coordinates":[-90.86936,13.92185]}},{"type":"Feature","properties":{"n":"LA ESSO","m":"SAN JOSE","a":"Media","p":649},"geometry":{"type":"Point","coordinates":[-90.84023,13.92224]}},{"type":"Feature","properties":{"n":"LAS ILUSIONES","m":"LA GOMERA","a":"Alta","p":0},"geometry":{"type":"Point","coordinates":[-91.08442,13.92191]}},{"type":"Feature","properties":{"n":"SANTA IRENE","m":"SAN JOSE","a":"Media","p":148},"geometry":{"type":"Point","coordinates":[-90.83705,13.92247]}},{"type":"Feature","properties":{"n":"EL GARITON","m":"TAXISCO","a":"Alta","p":386},"geometry":{"type":"Point","coordinates":[-90.59974,13.92327]}},{"type":"Feature","properties":{"n":"RANCHO CARRILLO","m":"LA GOMERA","a":"Alta","p":0},"geometry":{"type":"Point","coordinates":[-91.14801,13.92248]}},{"type":"Feature","properties":{"n":"BARRITA VIEJA","m":"SAN JOSE","a":"Alta","p":842},"geometry":{"type":"Point","coordinates":[-90.8975,13.92316]}},{"type":"Feature","properties":{"n":"EL SOCORRO","m":"CHIQUIMULILLA","a":"Baja","p":0},"geometry":{"type":"Point","coordinates":[-90.25471,13.92336]}},{"type":"Feature","properties":{"n":"SAN FERNANDO","m":"GUAZACAPAN","a":"Alta","p":0},"geometry":{"type":"Point","coordinates":[-90.43241,13.92349]}},{"type":"Feature","properties":{"n":"LA PATORRILLA","m":"TAXISCO","a":"Alta","p":0},"geometry":{"type":"Point","coordinates":[-90.47441,13.92369]}},{"type":"Feature","properties":{"n":"MORENA NISGUAYA","m":"PASACO","a":"Alta","p":0},"geometry":{"type":"Point","coordinates":[-90.1993,13.92358]}},{"type":"Feature","properties":{"n":"EL SOCORRO","m":"PASACO","a":"Alta","p":286},"geometry":{"type":"Point","coordinates":[-90.25015,13.92372]}},{"type":"Feature","properties":{"n":"EL MANGLAR","m":"SAN JOSE","a":"Alta","p":226},"geometry":{"type":"Point","coordinates":[-90.82433,13.92372]}},{"type":"Feature","properties":{"n":"LAS VICTORIAS","m":"TAXISCO","a":"Alta","p":0},"geometry":{"type":"Point","coordinates":[-90.46584,13.92455]}},{"type":"Feature","properties":{"n":"EL RINCONCITO","m":"GUAZACAPAN","a":"Alta","p":0},"geometry":{"type":"Point","coordinates":[-90.43896,13.92459]}},{"type":"Feature","properties":{"n":"EL ARENAL","m":"TAXISCO","a":"Alta","p":218},"geometry":{"type":"Point","coordinates":[-90.58571,13.92471]}},{"type":"Feature","properties":{"n":"CAPULIN","m":"CHIQUIMULILLA","a":"Alta","p":84},"geometry":{"type":"Point","coordinates":[-90.25736,13.92469]}},{"type":"Feature","properties":{"n":"EL ESFUERZO","m":"SAN JOSE","a":"Alta","p":536},"geometry":{"type":"Point","coordinates":[-90.82484,13.92463]}},{"type":"Feature","properties":{"n":"SALINAS SAN JOSE SIPACATE","m":"LA GOMERA","a":"Muy Alta","p":0},"geometry":{"type":"Point","coordinates":[-91.1163,13.92423]}},{"type":"Feature","properties":{"n":"SABANA GRANDE","m":"SAN JOSE","a":"Alta","p":199},"geometry":{"type":"Point","coordinates":[-90.82759,13.92484]}},{"type":"Feature","properties":{"n":"EL PULIDO","m":"SAN JOSE","a":"Media","p":25},"geometry":{"type":"Point","coordinates":[-90.87984,13.9251]}},{"type":"Feature","properties":{"n":"AREVALO","m":"SAN JOSE","a":"Alta","p":360},"geometry":{"type":"Point","coordinates":[-90.82225,13.92531]}},{"type":"Feature","properties":{"n":"LA LINEA","m":"SAN JOSE","a":"Media","p":242},"geometry":{"type":"Point","coordinates":[-90.87153,13.92542]}},{"type":"Feature","properties":{"n":"BEJUCAL","m":"GUAZACAPAN","a":"Media","p":0},"geometry":{"type":"Point","coordinates":[-90.43286,13.92573]}},{"type":"Feature","properties":{"n":"LA CONQUISTA","m":"SAN JOSE","a":"Alta","p":27},"geometry":{"type":"Point","coordinates":[-90.8462,13.92555]}},{"type":"Feature","properties":{"n":"SAN JOSE","m":"SAN JOSE","a":"Media","p":12315},"geometry":{"type":"Point","coordinates":[-90.82384,13.92564]}},{"type":"Feature","properties":{"n":"EL RECUERDO","m":"PASACO","a":"Muy Alta","p":0},"geometry":{"type":"Point","coordinates":[-90.2354,13.92575]}},{"type":"Feature","properties":{"n":"SANTA CECILIA","m":"LA GOMERA","a":"Alta","p":59},"geometry":{"type":"Point","coordinates":[-91.0748,13.92533]}},{"type":"Feature","properties":{"n":"MEDIO MONTE","m":"GUAZACAPAN","a":"Alta","p":0},"geometry":{"type":"Point","coordinates":[-90.45988,13.92647]}},{"type":"Feature","properties":{"n":"LA CRIBA","m":"LA GOMERA","a":"Alta","p":0},"geometry":{"type":"Point","coordinates":[-91.10452,13.92575]}},{"type":"Feature","properties":{"n":"SALINAS LA CRIBA","m":"LA GOMERA","a":"Alta","p":0},"geometry":{"type":"Point","coordinates":[-91.11151,13.92587]}},{"type":"Feature","properties":{"n":"LA LIMONADA","m":"SAN JOSE","a":"Alta","p":1057},"geometry":{"type":"Point","coordinates":[-90.82305,13.92671]}},{"type":"Feature","properties":{"n":"EL JARDIN","m":"LA GOMERA","a":"Muy Alta","p":265},"geometry":{"type":"Point","coordinates":[-91.13154,13.92627]}},{"type":"Feature","properties":{"n":"EL ZUNZO","m":"TAXISCO","a":"Muy Alta","p":0},"geometry":{"type":"Point","coordinates":[-90.61913,13.9271]}},{"type":"Feature","properties":{"n":"WAIKIKI","m":"IZTAPA","a":"Alta","p":174},"geometry":{"type":"Point","coordinates":[-90.72832,13.92722]}},{"type":"Feature","properties":{"n":"LA BOMBA","m":"CHIQUIMULILLA","a":"Baja","p":777},"geometry":{"type":"Point","coordinates":[-90.29753,13.92733]}},{"type":"Feature","properties":{"n":"TEPISQUE","m":"LA GOMERA","a":"Media","p":59},"geometry":{"type":"Point","coordinates":[-91.06383,13.92703]}},{"type":"Feature","properties":{"n":"EL NARANJO","m":"LA GOMERA","a":"Media","p":161},"geometry":{"type":"Point","coordinates":[-91.0233,13.92722]}},{"type":"Feature","properties":{"n":"SANTA ANITA LAS PEPESCAS","m":"PASACO","a":"Media","p":61},"geometry":{"type":"Point","coordinates":[-90.19993,13.92775]}},{"type":"Feature","properties":{"n":"EL ESFUERZO","m":"GUAZACAPAN","a":"Media","p":0},"geometry":{"type":"Point","coordinates":[-90.44848,13.92797]}},{"type":"Feature","properties":{"n":"SANTA CLARA","m":"CHIQUIMULILLA","a":"Baja","p":81},"geometry":{"type":"Point","coordinates":[-90.3684,13.92804]}},{"type":"Feature","properties":{"n":"JOCOTALES","m":"SAN JOSE","a":"Media","p":33},"geometry":{"type":"Point","coordinates":[-90.86588,13.92784]}},{"type":"Feature","properties":{"n":"NUEVE CERROS","m":"CHIQUIMULILLA","a":"Media","p":0},"geometry":{"type":"Point","coordinates":[-90.33925,13.92807]}},{"type":"Feature","properties":{"n":"EL PROGRESO","m":"LA GOMERA","a":"Alta","p":0},"geometry":{"type":"Point","coordinates":[-91.01859,13.92783]}},{"type":"Feature","properties":{"n":"EL RECUERDO MEDIO MONTE","m":"GUAZACAPAN","a":"Media","p":0},"geometry":{"type":"Point","coordinates":[-90.45159,13.9286]}},{"type":"Feature","properties":{"n":"LAS PILAS","m":"SAN JOSE","a":"Alta","p":79},"geometry":{"type":"Point","coordinates":[-90.97954,13.92834]}},{"type":"Feature","properties":{"n":"LA PLAYA","m":"IZTAPA","a":"Muy Alta","p":71},"geometry":{"type":"Point","coordinates":[-90.70968,13.92875]}},{"type":"Feature","properties":{"n":"EL GUAYABO","m":"IZTAPA","a":"Alta","p":119},"geometry":{"type":"Point","coordinates":[-90.64195,13.92882]}},{"type":"Feature","properties":{"n":"ARENERA","m":"SAN JOSE","a":"Alta","p":303},"geometry":{"type":"Point","coordinates":[-90.80715,13.92873]}},{"type":"Feature","properties":{"n":"EL PROGRESO","m":"SAN JOSE","a":"Alta","p":707},"geometry":{"type":"Point","coordinates":[-90.82308,13.92952]}},{"type":"Feature","properties":{"n":"OJO DE AGUA","m":"GUAZACAPAN","a":"Baja","p":130},"geometry":{"type":"Point","coordinates":[-90.41192,13.92989]}},{"type":"Feature","properties":{"n":"MAGUEYES","m":"SAN JOSE","a":"Media","p":130},"geometry":{"type":"Point","coordinates":[-90.88119,13.92963]}},{"type":"Feature","properties":{"n":"LA DEMOCRACIA","m":"IZTAPA","a":"Alta","p":126},"geometry":{"type":"Point","coordinates":[-90.71313,13.92996]}},{"type":"Feature","properties":{"n":"SANTA ROSA","m":"SAN JOSE","a":"Muy Alta","p":871},"geometry":{"type":"Point","coordinates":[-90.80468,13.92989]}},{"type":"Feature","properties":{"n":"BUENA VISTA","m":"IZTAPA","a":"Media","p":940},"geometry":{"type":"Point","coordinates":[-90.74369,13.92999]}},{"type":"Feature","properties":{"n":"SAN VICENTE LA LECHERA","m":"GUAZACAPAN","a":"Baja","p":0},"geometry":{"type":"Point","coordinates":[-90.46061,13.93024]}},{"type":"Feature","properties":{"n":"COLONIA EL PROGRESO","m":"SAN JOSE","a":"Alta","p":279},"geometry":{"type":"Point","coordinates":[-90.81624,13.93014]}},{"type":"Feature","properties":{"n":"LAS MARIAS","m":"SAN JOSE","a":"Alta","p":0},"geometry":{"type":"Point","coordinates":[-90.87173,13.93011]}},{"type":"Feature","properties":{"n":"SAN JOSE LA EMPALIZADA","m":"LA GOMERA","a":"Alta","p":689},"geometry":{"type":"Point","coordinates":[-91.19385,13.92955]}},{"type":"Feature","properties":{"n":"20 DE OCTUBRE","m":"IZTAPA","a":"Media","p":610},"geometry":{"type":"Point","coordinates":[-90.71434,13.93047]}},{"type":"Feature","properties":{"n":"LOS MAGUEYES","m":"SAN JOSE","a":"Media","p":0},"geometry":{"type":"Point","coordinates":[-90.88817,13.93036]}},{"type":"Feature","properties":{"n":"EL CONACASTE","m":"IZTAPA","a":"Media","p":343},"geometry":{"type":"Point","coordinates":[-90.664,13.93074]}},{"type":"Feature","properties":{"n":"AEROCLUB","m":"IZTAPA","a":"Alta","p":19},"geometry":{"type":"Point","coordinates":[-90.72828,13.93073]}},{"type":"Feature","properties":{"n":"SALINA SAN VICENTE","m":"LA GOMERA","a":"Alta","p":0},"geometry":{"type":"Point","coordinates":[-91.17136,13.92994]}},{"type":"Feature","properties":{"n":"PUERTO VIEJO","m":"IZTAPA","a":"Media","p":516},"geometry":{"type":"Point","coordinates":[-90.70662,13.93082]}},{"type":"Feature","properties":{"n":"SALINAS ESQUIPULAS","m":"LA GOMERA","a":"Muy Alta","p":0},"geometry":{"type":"Point","coordinates":[-91.18375,13.93002]}},{"type":"Feature","properties":{"n":"LA PROTECCION","m":"TAXISCO","a":"Alta","p":0},"geometry":{"type":"Point","coordinates":[-90.47705,13.93111]}},{"type":"Feature","properties":{"n":"EL SOCORRO SEGUNDO","m":"PASACO","a":"Alta","p":0},"geometry":{"type":"Point","coordinates":[-90.24294,13.93103]}},{"type":"Feature","properties":{"n":"IZTAPA","m":"IZTAPA","a":"Alta","p":648},"geometry":{"type":"Point","coordinates":[-90.71416,13.93115]}},{"type":"Feature","properties":{"n":"BARRIO LINDO","m":"IZTAPA","a":"Media","p":381},"geometry":{"type":"Point","coordinates":[-90.7167,13.93136]}},{"type":"Feature","properties":{"n":"SAN RAFAEL LAS FLORES","m":"CHIQUIMULILLA","a":"Baja","p":455},"geometry":{"type":"Point","coordinates":[-90.38832,13.93155]}},{"type":"Feature","properties":{"n":"SAN JUAN","m":"SAN JOSE","a":"Alta","p":294},"geometry":{"type":"Point","coordinates":[-90.80554,13.93156]}},{"type":"Feature","properties":{"n":"SIPACATE","m":"LA GOMERA","a":"Alta","p":7279},"geometry":{"type":"Point","coordinates":[-91.15088,13.93098]}},{"type":"Feature","properties":{"n":"POBLACION DISPERSA","m":"SAN JOSE","a":"Alta","p":416},"geometry":{"type":"Point","coordinates":[-90.83075,13.93186]}},{"type":"Feature","properties":{"n":"RINCON DE CABALLOS","m":"GUAZACAPAN","a":"Media","p":0},"geometry":{"type":"Point","coordinates":[-90.43977,13.93227]}},{"type":"Feature","properties":{"n":"MILAGRO DE DIOS","m":"LA GOMERA","a":"Alta","p":428},"geometry":{"type":"Point","coordinates":[-91.15095,13.93141]}},{"type":"Feature","properties":{"n":"LAS ILUSIONES","m":"PASACO","a":"Baja","p":0},"geometry":{"type":"Point","coordinates":[-90.22568,13.93274]}},{"type":"Feature","properties":{"n":"BAHIA DEL SOL","m":"IZTAPA","a":"Alta","p":8},"geometry":{"type":"Point","coordinates":[-90.74788,13.93288]}},{"type":"Feature","properties":{"n":"EL JARDIN","m":"SAN JOSE","a":"Alta","p":203},"geometry":{"type":"Point","coordinates":[-90.82267,13.93281]}},{"type":"Feature","properties":{"n":"ARCADIA","m":"SAN JOSE","a":"Alta","p":0},"geometry":{"type":"Point","coordinates":[-90.77443,13.93287]}},{"type":"Feature","properties":{"n":"BLANCA CECILIA","m":"IZTAPA","a":"Alta","p":301},"geometry":{"type":"Point","coordinates":[-90.71778,13.93294]}},{"type":"Feature","properties":{"n":"LOS ENCUENTROS","m":"SAN JOSE","a":"Muy Alta","p":811},"geometry":{"type":"Point","coordinates":[-90.80377,13.9331]}},{"type":"Feature","properties":{"n":"ATITANCITO","m":"IZTAPA","a":"Media","p":325},"geometry":{"type":"Point","coordinates":[-90.69201,13.93339]}},{"type":"Feature","properties":{"n":"BARRIO EL LABERINTO","m":"SAN JOSE","a":"Alta","p":728},"geometry":{"type":"Point","coordinates":[-90.81379,13.93329]}},{"type":"Feature","properties":{"n":"EL EDEN","m":"SAN JOSE","a":"Media","p":0},"geometry":{"type":"Point","coordinates":[-90.80261,13.93381]}},{"type":"Feature","properties":{"n":"SANTA EMILIS","m":"SAN JOSE","a":"Media","p":0},"geometry":{"type":"Point","coordinates":[-90.81644,13.93402]}},{"type":"Feature","properties":{"n":"BRISAS DEL SUR","m":"SAN JOSE","a":"Alta","p":310},"geometry":{"type":"Point","coordinates":[-90.76511,13.93417]}},{"type":"Feature","properties":{"n":"POBLACION DISPERSA","m":"IZTAPA","a":"Media","p":228},"geometry":{"type":"Point","coordinates":[-90.70184,13.93456]}},{"type":"Feature","properties":{"n":"SANTA CECILIA","m":"SAN JOSE","a":"Media","p":0},"geometry":{"type":"Point","coordinates":[-90.7534,13.93451]}},{"type":"Feature","properties":{"n":"LAS ILUSIONES","m":"SAN JOSE","a":"Alta","p":540},"geometry":{"type":"Point","coordinates":[-90.8008,13.93491]}},{"type":"Feature","properties":{"n":"SAN MIGUEL","m":"GUAZACAPAN","a":"Media","p":0},"geometry":{"type":"Point","coordinates":[-90.44742,13.93515]}},{"type":"Feature","properties":{"n":"LA ESPERANZA","m":"SAN JOSE","a":"Muy Alta","p":201},"geometry":{"type":"Point","coordinates":[-90.93937,13.93513]}},{"type":"Feature","properties":{"n":"PUERTA DE HIERRO","m":"SAN JOSE","a":"Media","p":1670},"geometry":{"type":"Point","coordinates":[-90.77937,13.93572]}},{"type":"Feature","properties":{"n":"UNECPA PORTUARIA QUETZAL","m":"SAN JOSE","a":"Media","p":25},"geometry":{"type":"Point","coordinates":[-90.78436,13.93572]}},{"type":"Feature","properties":{"n":"SANTA CECILIA","m":"SAN JOSE","a":"Alta","p":1074},"geometry":{"type":"Point","coordinates":[-90.74939,13.93625]}},{"type":"Feature","properties":{"n":"SAN ANTONIO","m":"SAN JOSE","a":"Alta","p":0},"geometry":{"type":"Point","coordinates":[-90.9819,13.93596]}},{"type":"Feature","properties":{"n":"EL CARRIZO","m":"IZTAPA","a":"Alta","p":0},"geometry":{"type":"Point","coordinates":[-90.74562,13.9365]}},{"type":"Feature","properties":{"n":"PENATE","m":"SAN JOSE","a":"Media","p":0},"geometry":{"type":"Point","coordinates":[-90.81652,13.9367]}},{"type":"Feature","properties":{"n":"LA LAGUNA","m":"LA GOMERA","a":"Alta","p":133},"geometry":{"type":"Point","coordinates":[-91.23912,13.93612]}},{"type":"Feature","properties":{"n":"PROVIDENCIA","m":"IZTAPA","a":"Muy Alta","p":254},"geometry":{"type":"Point","coordinates":[-90.71549,13.93762]}},{"type":"Feature","properties":{"n":"CHICALES","m":"LA GOMERA","a":"Alta","p":0},"geometry":{"type":"Point","coordinates":[-91.19248,13.9368]}},{"type":"Feature","properties":{"n":"ATITAN","m":"IZTAPA","a":"Alta","p":651},"geometry":{"type":"Point","coordinates":[-90.69606,13.93779]}},{"type":"Feature","properties":{"n":"MONTE MARIA","m":"SAN JOSE","a":"Alta","p":44},"geometry":{"type":"Point","coordinates":[-90.75553,13.93828]}},{"type":"Feature","properties":{"n":"SANTA MARTA","m":"IZTAPA","a":"Alta","p":377},"geometry":{"type":"Point","coordinates":[-90.72694,13.9391]}},{"type":"Feature","properties":{"n":"CINCO PALOS","m":"GUAZACAPAN","a":"Baja","p":176},"geometry":{"type":"Point","coordinates":[-90.43178,13.93921]}},{"type":"Feature","properties":{"n":"LA LADRILLERA","m":"SAN JOSE","a":"Alta","p":0},"geometry":{"type":"Point","coordinates":[-90.80092,13.93911]}},{"type":"Feature","properties":{"n":"PORVENIR","m":"IZTAPA","a":"Alta","p":129},"geometry":{"type":"Point","coordinates":[-90.72288,13.93929]}},{"type":"Feature","properties":{"n":"RAMA BLANCA","m":"LA GOMERA","a":"Alta","p":203},"geometry":{"type":"Point","coordinates":[-91.21268,13.93865]}},{"type":"Feature","properties":{"n":"SAN ANTONIO","m":"SAN JOSE","a":"Media","p":0},"geometry":{"type":"Point","coordinates":[-90.80963,13.93977]}},{"type":"Feature","properties":{"n":"LAS BRISAS","m":"SAN JOSE","a":"Media","p":44},"geometry":{"type":"Point","coordinates":[-90.87296,13.93968]}},{"type":"Feature","properties":{"n":"LAS MORENAS","m":"IZTAPA","a":"Alta","p":1163},"geometry":{"type":"Point","coordinates":[-90.70941,13.94017]}},{"type":"Feature","properties":{"n":"EL CHIRIZO","m":"LA GOMERA","a":"Alta","p":171},"geometry":{"type":"Point","coordinates":[-91.21516,13.94023]}},{"type":"Feature","properties":{"n":"ELYCAR","m":"SAN JOSE","a":"Media","p":0},"geometry":{"type":"Point","coordinates":[-90.83275,13.94119]}},{"type":"Feature","properties":{"n":"LA PAZ","m":"LA GOMERA","a":"Alta","p":14},"geometry":{"type":"Point","coordinates":[-91.09723,13.94093]}},{"type":"Feature","properties":{"n":"LAS MORENAS","m":"LA GOMERA","a":"Alta","p":41},"geometry":{"type":"Point","coordinates":[-90.99416,13.94186]}},{"type":"Feature","properties":{"n":"SAN JUAN EL PARAISO","m":"SAN JOSE","a":"Baja","p":0},"geometry":{"type":"Point","coordinates":[-90.83384,13.94217]}},{"type":"Feature","properties":{"n":"LOS ORGANOS","m":"CHIQUIMULILLA","a":"Baja","p":0},"geometry":{"type":"Point","coordinates":[-90.28096,13.94237]}},{"type":"Feature","properties":{"n":"CINCO PALOS","m":"GUAZACAPAN","a":"Media","p":0},"geometry":{"type":"Point","coordinates":[-90.44077,13.94267]}},{"type":"Feature","properties":{"n":"CORRAL BLANCO","m":"SAN JOSE","a":"Alta","p":0},"geometry":{"type":"Point","coordinates":[-90.8121,13.94261]}},{"type":"Feature","properties":{"n":"LOS CERRITOS","m":"SAN JOSE","a":"Baja","p":0},"geometry":{"type":"Point","coordinates":[-90.98304,13.94264]}},{"type":"Feature","properties":{"n":"SAN JUAN EL PARAISO","m":"SAN JOSE","a":"Alta","p":1356},"geometry":{"type":"Point","coordinates":[-90.83591,13.94289]}},{"type":"Feature","properties":{"n":"SAN JUAN","m":"SAN JOSE","a":"Media","p":0},"geometry":{"type":"Point","coordinates":[-90.8205,13.94374]}},{"type":"Feature","properties":{"n":"EL CARRIZO","m":"SAN JOSE","a":"Alta","p":267},"geometry":{"type":"Point","coordinates":[-90.77739,13.94413]}},{"type":"Feature","properties":{"n":"LA JOYA","m":"SAN JOSE","a":"Media","p":0},"geometry":{"type":"Point","coordinates":[-90.82076,13.94534]}},{"type":"Feature","properties":{"n":"MI CIELO","m":"IZTAPA","a":"Alta","p":32},"geometry":{"type":"Point","coordinates":[-90.71635,13.94673]}},{"type":"Feature","properties":{"n":"MICHOACAN","m":"SAN JOSE","a":"Media","p":35},"geometry":{"type":"Point","coordinates":[-90.81996,13.94725]}},{"type":"Feature","properties":{"n":"TRINIDAD","m":"PASACO","a":"Media","p":0},"geometry":{"type":"Point","coordinates":[-90.27188,13.94745]}},{"type":"Feature","properties":{"n":"BUENA VISTA","m":"SAN JOSE","a":"Baja","p":76},"geometry":{"type":"Point","coordinates":[-90.84179,13.9477]}},{"type":"Feature","properties":{"n":"LA LINEA","m":"SAN JOSE","a":"Media","p":0},"geometry":{"type":"Point","coordinates":[-90.82219,13.94888]}},{"type":"Feature","properties":{"n":"EL JOBITO","m":"PASACO","a":"Muy Alta","p":0},"geometry":{"type":"Point","coordinates":[-90.23918,13.94902]}},{"type":"Feature","properties":{"n":"SAN JERONIMO","m":"LA GOMERA","a":"Muy Alta","p":874},"geometry":{"type":"Point","coordinates":[-91.13173,13.94866]}},{"type":"Feature","properties":{"n":"EL TAMARINDO","m":"TAXISCO","a":"Muy Alta","p":0},"geometry":{"type":"Point","coordinates":[-90.49616,13.94971]}},{"type":"Feature","properties":{"n":"LA ESTANCIA","m":"SAN JOSE","a":"Media","p":0},"geometry":{"type":"Point","coordinates":[-90.93806,13.94936]}},{"type":"Feature","properties":{"n":"EL SACRAMENTO","m":"SAN JOSE","a":"Media","p":0},"geometry":{"type":"Point","coordinates":[-90.82402,13.94964]}},{"type":"Feature","properties":{"n":"EL SALITRILLO","m":"TAXISCO","a":"Muy Alta","p":0},"geometry":{"type":"Point","coordinates":[-90.58209,13.9506]}},{"type":"Feature","properties":{"n":"SANTA JULIANA","m":"SAN JOSE","a":"Media","p":37},"geometry":{"type":"Point","coordinates":[-90.8837,13.95036]}},{"type":"Feature","properties":{"n":"EL JOBO","m":"PASACO","a":"Muy Alta","p":0},"geometry":{"type":"Point","coordinates":[-90.23924,13.95172]}},{"type":"Feature","properties":{"n":"SANTA LUCIA","m":"SAN JOSE","a":"Alta","p":0},"geometry":{"type":"Point","coordinates":[-90.93159,13.95151]}},{"type":"Feature","properties":{"n":"EL EMPALME","m":"SAN JOSE","a":"Baja","p":88},"geometry":{"type":"Point","coordinates":[-90.82128,13.9521]}},{"type":"Feature","properties":{"n":"GUISCOYOL","m":"IZTAPA","a":"Muy Alta","p":0},"geometry":{"type":"Point","coordinates":[-90.7042,13.95245]}},{"type":"Feature","properties":{"n":"SAN LUIS","m":"LA GOMERA","a":"Alta","p":6},"geometry":{"type":"Point","coordinates":[-91.13858,13.95187]}},{"type":"Feature","properties":{"n":"SAN JOSE LA LADRILLERA","m":"TAXISCO","a":"Baja","p":39},"geometry":{"type":"Point","coordinates":[-90.4612,13.95277]}},{"type":"Feature","properties":{"n":"EL CHELI","m":"IZTAPA","a":"Alta","p":0},"geometry":{"type":"Point","coordinates":[-90.67776,13.9542]}},{"type":"Feature","properties":{"n":"SACRAMENTO","m":"TAXISCO","a":"Alta","p":0},"geometry":{"type":"Point","coordinates":[-90.60009,13.95445]}},{"type":"Feature","properties":{"n":"LA PLATA","m":"PASACO","a":"Media","p":0},"geometry":{"type":"Point","coordinates":[-90.23493,13.95552]}},{"type":"Feature","properties":{"n":"EL MAGARIN III","m":"TAXISCO","a":"Muy Alta","p":0},"geometry":{"type":"Point","coordinates":[-90.664,13.95562]}},{"type":"Feature","properties":{"n":"LAS PAMPAS","m":"SAN JOSE","a":"Media","p":559},"geometry":{"type":"Point","coordinates":[-90.93632,13.95585]}},{"type":"Feature","properties":{"n":"MANACALES","m":"LA GOMERA","a":"Alta","p":12},"geometry":{"type":"Point","coordinates":[-91.19602,13.95576]}},{"type":"Feature","properties":{"n":"LAS GARCITAS","m":"TAXISCO","a":"Alta","p":0},"geometry":{"type":"Point","coordinates":[-90.60118,13.95679]}},{"type":"Feature","properties":{"n":"LOS ANGELES","m":"SAN JOSE","a":"Baja","p":2625},"geometry":{"type":"Point","coordinates":[-90.95521,13.957]}},{"type":"Feature","properties":{"n":"EL CHILE","m":"IZTAPA","a":"Alta","p":0},"geometry":{"type":"Point","coordinates":[-90.68203,13.95769]}},{"type":"Feature","properties":{"n":"EL HIGUERAL","m":"SAN JOSE","a":"Media","p":41},"geometry":{"type":"Point","coordinates":[-90.76439,13.95771]}},{"type":"Feature","properties":{"n":"LOS ANGELES","m":"SAN JOSE","a":"Baja","p":419},"geometry":{"type":"Point","coordinates":[-90.95827,13.9575]}},{"type":"Feature","properties":{"n":"SAN FELIPE LA PALMILLA","m":"TAXISCO","a":"Alta","p":38},"geometry":{"type":"Point","coordinates":[-90.57795,13.95833]}},{"type":"Feature","properties":{"n":"EL CHILE","m":"IZTAPA","a":"Muy Alta","p":206},"geometry":{"type":"Point","coordinates":[-90.67291,13.95861]}},{"type":"Feature","properties":{"n":"BOLIVIA","m":"SAN JOSE","a":"Baja","p":0},"geometry":{"type":"Point","coordinates":[-90.93617,13.9587]}},{"type":"Feature","properties":{"n":"REINOSO","m":"TAXISCO","a":"Alta","p":32},"geometry":{"type":"Point","coordinates":[-90.58858,13.95911]}},{"type":"Feature","properties":{"n":"ARIZONA","m":"SAN JOSE","a":"Baja","p":1895},"geometry":{"type":"Point","coordinates":[-90.82167,13.95929]}},{"type":"Feature","properties":{"n":"SAN CARLOS FLORES","m":"SAN JOSE","a":"Alta","p":1},"geometry":{"type":"Point","coordinates":[-90.90808,13.95951]}},{"type":"Feature","properties":{"n":"EL ROSARIO","m":"LA GOMERA","a":"Alta","p":0},"geometry":{"type":"Point","coordinates":[-91.13534,13.95941]}},{"type":"Feature","properties":{"n":"EL REMANSO","m":"LA GOMERA","a":"Muy Alta","p":0},"geometry":{"type":"Point","coordinates":[-91.17058,13.9598]}},{"type":"Feature","properties":{"n":"EL DANUBIO","m":"TAXISCO","a":"Alta","p":0},"geometry":{"type":"Point","coordinates":[-90.58709,13.96145]}},{"type":"Feature","properties":{"n":"SANTA CECILIA","m":"LA GOMERA","a":"Alta","p":57},"geometry":{"type":"Point","coordinates":[-91.3106,13.96019]}},{"type":"Feature","properties":{"n":"SAN FRANCISCO","m":"SAN JOSE","a":"Media","p":0},"geometry":{"type":"Point","coordinates":[-90.93435,13.96129]}},{"type":"Feature","properties":{"n":"ARMENIA","m":"PASACO","a":"Baja","p":0},"geometry":{"type":"Point","coordinates":[-90.24362,13.96173]}},{"type":"Feature","properties":{"n":"JABILLAS","m":"SAN JOSE","a":"Baja","p":0},"geometry":{"type":"Point","coordinates":[-90.94411,13.96213]}},{"type":"Feature","properties":{"n":"TIERRA SANTA","m":"SAN JOSE","a":"Media","p":0},"geometry":{"type":"Point","coordinates":[-90.97409,13.96211]}},{"type":"Feature","properties":{"n":"TECOJATE ARENAL O BARRA DEL COYOLATE","m":"NUEVA CONCEPCION","a":"Muy Alta","p":193},"geometry":{"type":"Point","coordinates":[-91.31642,13.96178]}},{"type":"Feature","properties":{"n":"SANTA ELENA TIKAL","m":"LA GOMERA","a":"Alta","p":186},"geometry":{"type":"Point","coordinates":[-91.26986,13.96256]}},{"type":"Feature","properties":{"n":"MANGLARES","m":"LA GOMERA","a":"Alta","p":29},"geometry":{"type":"Point","coordinates":[-91.04453,13.9637]}},{"type":"Feature","properties":{"n":"MORELIA","m":"SAN JOSE","a":"Baja","p":0},"geometry":{"type":"Point","coordinates":[-90.936,13.96477]}},{"type":"Feature","properties":{"n":"SAN VICTOR","m":"SAN JOSE","a":"Baja","p":0},"geometry":{"type":"Point","coordinates":[-90.94291,13.96505]}},{"type":"Feature","properties":{"n":"CHIQUIHUITAN","m":"TAXISCO","a":"Baja","p":51},"geometry":{"type":"Point","coordinates":[-90.46991,13.96585]}},{"type":"Feature","properties":{"n":"SAN LUIS VILLA LOLA","m":"SAN JOSE","a":"Media","p":0},"geometry":{"type":"Point","coordinates":[-90.9524,13.96586]}},{"type":"Feature","properties":{"n":"EL ISLADERO","m":"LA GOMERA","a":"Alta","p":58},"geometry":{"type":"Point","coordinates":[-91.04191,13.96586]}},{"type":"Feature","properties":{"n":"REINOSO","m":"TAXISCO","a":"Alta","p":0},"geometry":{"type":"Point","coordinates":[-90.58839,13.9665]}},{"type":"Feature","properties":{"n":"LA LIBERTAD","m":"SAN JOSE","a":"Baja","p":1359},"geometry":{"type":"Point","coordinates":[-90.85269,13.96686]}},{"type":"Feature","properties":{"n":"EL MAGARIN II","m":"TAXISCO","a":"Muy Alta","p":0},"geometry":{"type":"Point","coordinates":[-90.6564,13.96718]}},{"type":"Feature","properties":{"n":"EL COCO","m":"NUEVA CONCEPCION","a":"Muy Alta","p":39},"geometry":{"type":"Point","coordinates":[-91.32855,13.96638]}},{"type":"Feature","properties":{"n":"SANTA CRISTINA","m":"TAXISCO","a":"Muy Alta","p":0},"geometry":{"type":"Point","coordinates":[-90.664,13.96788]}},{"type":"Feature","properties":{"n":"SANTA ROSA","m":"SAN JOSE","a":"Baja","p":0},"geometry":{"type":"Point","coordinates":[-90.94167,13.96788]}},{"type":"Feature","properties":{"n":"LA CHORRERA","m":"TAXISCO","a":"Baja","p":0},"geometry":{"type":"Point","coordinates":[-90.4596,13.96833]}},{"type":"Feature","properties":{"n":"LA CHORRERA","m":"TAXISCO","a":"Baja","p":0},"geometry":{"type":"Point","coordinates":[-90.46162,13.96858]}},{"type":"Feature","properties":{"n":"EL PULIDO","m":"TAXISCO","a":"Alta","p":0},"geometry":{"type":"Point","coordinates":[-90.61765,13.96864]}},{"type":"Feature","properties":{"n":"SANTA MARTA","m":"NUEVA CONCEPCION","a":"Muy Alta","p":371},"geometry":{"type":"Point","coordinates":[-91.31471,13.96791]}},{"type":"Feature","properties":{"n":"EL SUFRIDO","m":"TAXISCO","a":"Media","p":0},"geometry":{"type":"Point","coordinates":[-90.51261,13.96973]}},{"type":"Feature","properties":{"n":"SAN FRANCISCO","m":"LA GOMERA","a":"Muy Alta","p":26},"geometry":{"type":"Point","coordinates":[-91.12873,13.96893]}},{"type":"Feature","properties":{"n":"VARIEDADES P VALLADARES","m":"TAXISCO","a":"Media","p":0},"geometry":{"type":"Point","coordinates":[-90.55335,13.97078]}},{"type":"Feature","properties":{"n":"ALEJANDRIA","m":"TAXISCO","a":"Muy Alta","p":0},"geometry":{"type":"Point","coordinates":[-90.65358,13.97178]}},{"type":"Feature","properties":{"n":"EL PORVENIR","m":"SAN JOSE","a":"Baja","p":0},"geometry":{"type":"Point","coordinates":[-90.84991,13.97174]}},{"type":"Feature","properties":{"n":"EL PORVENIR","m":"LA GOMERA","a":"Alta","p":0},"geometry":{"type":"Point","coordinates":[-91.08828,13.97196]}},{"type":"Feature","properties":{"n":"TECOJATE VIEJO","m":"NUEVA CONCEPCION","a":"Alta","p":331},"geometry":{"type":"Point","coordinates":[-91.34469,13.97122]}},{"type":"Feature","properties":{"n":"LA PALMILLA","m":"TAXISCO","a":"Media","p":0},"geometry":{"type":"Point","coordinates":[-90.58305,13.97294]}},{"type":"Feature","properties":{"n":"SAN CARLOS NUEVO","m":"LA GOMERA","a":"Alta","p":45},"geometry":{"type":"Point","coordinates":[-91.05271,13.97234]}},{"type":"Feature","properties":{"n":"ISLETA","m":"TAXISCO","a":"Alta","p":0},"geometry":{"type":"Point","coordinates":[-90.5063,13.97367]}},{"type":"Feature","properties":{"n":"LAGUNA DE LAS PESCAS","m":"NUEVA CONCEPCION","a":"Alta","p":383},"geometry":{"type":"Point","coordinates":[-91.35649,13.97225]}},{"type":"Feature","properties":{"n":"CABANAS","m":"TAXISCO","a":"Alta","p":0},"geometry":{"type":"Point","coordinates":[-90.6233,13.97417]}},{"type":"Feature","properties":{"n":"AGROPECUARIA XOTIL S.A.","m":"IZTAPA","a":"Alta","p":29},"geometry":{"type":"Point","coordinates":[-90.62798,13.97418]}},{"type":"Feature","properties":{"n":"XOTIL","m":"TAXISCO","a":"Alta","p":0},"geometry":{"type":"Point","coordinates":[-90.62811,13.97426]}},{"type":"Feature","properties":{"n":"CABANAS I","m":"IZTAPA","a":"Alta","p":20},"geometry":{"type":"Point","coordinates":[-90.62273,13.97441]}},{"type":"Feature","properties":{"n":"SAN JUAN LA SELVA","m":"LA GOMERA","a":"Alta","p":74},"geometry":{"type":"Point","coordinates":[-91.28148,13.97349]}},{"type":"Feature","properties":{"n":"TIERRA FRIA","m":"TAXISCO","a":"Alta","p":0},"geometry":{"type":"Point","coordinates":[-90.51426,13.97493]}},{"type":"Feature","properties":{"n":"LAS FLORES","m":"TAXISCO","a":"Media","p":0},"geometry":{"type":"Point","coordinates":[-90.6039,13.97517]}},{"type":"Feature","properties":{"n":"LA CHUSPA","m":"LA GOMERA","a":"Baja","p":12},"geometry":{"type":"Point","coordinates":[-91.24094,13.97437]}},{"type":"Feature","properties":{"n":"VALLE DE LIRIOS","m":"LA GOMERA","a":"Media","p":20},"geometry":{"type":"Point","coordinates":[-91.05699,13.97507]}},{"type":"Feature","properties":{"n":"EL SILENCIO","m":"TAXISCO","a":"Alta","p":51},"geometry":{"type":"Point","coordinates":[-90.55074,13.97584]}},{"type":"Feature","properties":{"n":"EL MANCHEN","m":"TAXISCO","a":"Media","p":0},"geometry":{"type":"Point","coordinates":[-90.56873,13.97699]}},{"type":"Feature","properties":{"n":"RELICARIO","m":"TAXISCO","a":"Baja","p":0},"geometry":{"type":"Point","coordinates":[-90.56231,13.97704]}},{"type":"Feature","properties":{"n":"EL REPOSO","m":"TAXISCO","a":"Muy Alta","p":0},"geometry":{"type":"Point","coordinates":[-90.65748,13.97712]}},{"type":"Feature","properties":{"n":"EL COSTAL","m":"LA GOMERA","a":"Alta","p":0},"geometry":{"type":"Point","coordinates":[-91.13537,13.97671]}},{"type":"Feature","properties":{"n":"SUQUITE","m":"SAN JOSE","a":"Baja","p":63},"geometry":{"type":"Point","coordinates":[-90.79279,13.97744]}},{"type":"Feature","properties":{"n":"LOS ALCARABANES","m":"TAXISCO","a":"Alta","p":105},"geometry":{"type":"Point","coordinates":[-90.56553,13.97779]}},{"type":"Feature","properties":{"n":"LAS DELICIAS","m":"LA GOMERA","a":"Alta","p":0},"geometry":{"type":"Point","coordinates":[-91.06522,13.97774]}},{"type":"Feature","properties":{"n":"SANTA ELENA","m":"IZTAPA","a":"Alta","p":17},"geometry":{"type":"Point","coordinates":[-90.64248,13.97848]}},{"type":"Feature","properties":{"n":"EL NARANJO","m":"NUEVA CONCEPCION","a":"Alta","p":0},"geometry":{"type":"Point","coordinates":[-91.33244,13.97711]}},{"type":"Feature","properties":{"n":"GUISCOYOL","m":"IZTAPA","a":"Muy Alta","p":1501},"geometry":{"type":"Point","coordinates":[-90.68164,13.97889]}},{"type":"Feature","properties":{"n":"EL CONDOR","m":"LA GOMERA","a":"Alta","p":0},"geometry":{"type":"Point","coordinates":[-91.17473,13.97901]}},{"type":"Feature","properties":{"n":"EL DELIRIO","m":"TAXISCO","a":"Baja","p":0},"geometry":{"type":"Point","coordinates":[-90.5032,13.97999]}},{"type":"Feature","properties":{"n":"EL REMANSO","m":"LA GOMERA","a":"Alta","p":28},"geometry":{"type":"Point","coordinates":[-91.16828,13.97912]}},{"type":"Feature","properties":{"n":"SAN CRISTOBAL","m":"SAN JOSE","a":"Baja","p":12},"geometry":{"type":"Point","coordinates":[-90.88514,13.98055]}},{"type":"Feature","properties":{"n":"VISTA ALEGRE","m":"NUEVA CONCEPCION","a":"Alta","p":65},"geometry":{"type":"Point","coordinates":[-91.30425,13.97964]}},{"type":"Feature","properties":{"n":"EL CINTULAR","m":"TAXISCO","a":"Baja","p":0},"geometry":{"type":"Point","coordinates":[-90.50676,13.98099]}},{"type":"Feature","properties":{"n":"EL CASTANO","m":"IZTAPA","a":"Muy Alta","p":58},"geometry":{"type":"Point","coordinates":[-90.6511,13.98096]}},{"type":"Feature","properties":{"n":"EL PARAISO","m":"LA GOMERA","a":"Alta","p":0},"geometry":{"type":"Point","coordinates":[-91.1099,13.98112]}},{"type":"Feature","properties":{"n":"SAN JOSE EL FLOR","m":"NUEVA CONCEPCION","a":"Alta","p":246},"geometry":{"type":"Point","coordinates":[-91.34093,13.98125]}},{"type":"Feature","properties":{"n":"LA BOLSA","m":"NUEVA CONCEPCION","a":"Muy Alta","p":0},"geometry":{"type":"Point","coordinates":[-91.35964,13.98123]}},{"type":"Feature","properties":{"n":"MANCHEN I","m":"TAXISCO","a":"Alta","p":38},"geometry":{"type":"Point","coordinates":[-90.56566,13.9837]}},{"type":"Feature","properties":{"n":"EL CINTULAR","m":"TAXISCO","a":"Baja","p":0},"geometry":{"type":"Point","coordinates":[-90.49729,13.98464]}},{"type":"Feature","properties":{"n":"PORTO BELLO","m":"TAXISCO","a":"Media","p":32},"geometry":{"type":"Point","coordinates":[-90.61515,13.98477]}},{"type":"Feature","properties":{"n":"LINARES","m":"SAN JOSE","a":"Baja","p":845},"geometry":{"type":"Point","coordinates":[-90.82658,13.98509]}},{"type":"Feature","properties":{"n":"AGUA DULCE","m":"NUEVA CONCEPCION","a":"Alta","p":92},"geometry":{"type":"Point","coordinates":[-91.38421,13.98432]}},{"type":"Feature","properties":{"n":"LA LAGUNA","m":"NUEVA CONCEPCION","a":"Alta","p":0},"geometry":{"type":"Point","coordinates":[-91.35699,13.98442]}},{"type":"Feature","properties":{"n":"VIRGINIA","m":"LA GOMERA","a":"Alta","p":0},"geometry":{"type":"Point","coordinates":[-91.13749,13.98521]}},{"type":"Feature","properties":{"n":"MONTE ALEGRE","m":"TAXISCO","a":"Alta","p":0},"geometry":{"type":"Point","coordinates":[-90.63983,13.98638]}},{"type":"Feature","properties":{"n":"SALINAS SANTA ROSITA","m":"NUEVA CONCEPCION","a":"Muy Alta","p":0},"geometry":{"type":"Point","coordinates":[-91.37495,13.98485]}},{"type":"Feature","properties":{"n":"MARIA LINDA","m":"IZTAPA","a":"Muy Alta","p":97},"geometry":{"type":"Point","coordinates":[-90.68844,13.9866]}},{"type":"Feature","properties":{"n":"LAS HORTENCIAS","m":"LA GOMERA","a":"Alta","p":29},"geometry":{"type":"Point","coordinates":[-91.07891,13.98671]}},{"type":"Feature","properties":{"n":"CAROLINA","m":"TAXISCO","a":"Muy Alta","p":0},"geometry":{"type":"Point","coordinates":[-90.65569,13.98745]}},{"type":"Feature","properties":{"n":"NUEVO SAN CARLOS","m":"LA GOMERA","a":"Media","p":0},"geometry":{"type":"Point","coordinates":[-91.04604,13.98702]}},{"type":"Feature","properties":{"n":"VALDEPENA","m":"TAXISCO","a":"Media","p":48},"geometry":{"type":"Point","coordinates":[-90.54186,13.98781]}},{"type":"Feature","properties":{"n":"LA LAGUNA BLANCA","m":"MASAGUA","a":"Media","p":26},"geometry":{"type":"Point","coordinates":[-90.72538,13.98778]}},{"type":"Feature","properties":{"n":"LAGUNA DE TECOJATE","m":"NUEVA CONCEPCION","a":"Alta","p":965},"geometry":{"type":"Point","coordinates":[-91.35682,13.98702]}},{"type":"Feature","properties":{"n":"EL NANCITO","m":"IZTAPA","a":"Media","p":119},"geometry":{"type":"Point","coordinates":[-90.66774,13.98902]}},{"type":"Feature","properties":{"n":"LA PALMA","m":"IZTAPA","a":"Alta","p":44},"geometry":{"type":"Point","coordinates":[-90.6621,13.9891]}},{"type":"Feature","properties":{"n":"LA COCHERA","m":"TAXISCO","a":"Baja","p":0},"geometry":{"type":"Point","coordinates":[-90.4747,13.98948]}},{"type":"Feature","properties":{"n":"EL FLOR","m":"NUEVA CONCEPCION","a":"Alta","p":0},"geometry":{"type":"Point","coordinates":[-91.32235,13.98916]}},{"type":"Feature","properties":{"n":"SAN ISIDRO","m":"SAN JOSE","a":"Baja","p":40},"geometry":{"type":"Point","coordinates":[-90.81568,13.9906]}},{"type":"Feature","properties":{"n":"LA FLORIDA","m":"LA GOMERA","a":"Alta","p":0},"geometry":{"type":"Point","coordinates":[-91.06374,13.99033]}},{"type":"Feature","properties":{"n":"EL RELICARIO","m":"SAN JOSE","a":"Baja","p":0},"geometry":{"type":"Point","coordinates":[-90.91626,13.99124]}},{"type":"Feature","properties":{"n":"CUERNAVACA","m":"TAXISCO","a":"Alta","p":40},"geometry":{"type":"Point","coordinates":[-90.55418,13.99189]}},{"type":"Feature","properties":{"n":"LA FLORESTA","m":"TAXISCO","a":"Media","p":45},"geometry":{"type":"Point","coordinates":[-90.5984,13.99223]}},{"type":"Feature","properties":{"n":"MONTE ALEGRE","m":"TAXISCO","a":"Alta","p":0},"geometry":{"type":"Point","coordinates":[-90.63277,13.99229]}},{"type":"Feature","properties":{"n":"TEJA DE ORO","m":"TAXISCO","a":"Alta","p":0},"geometry":{"type":"Point","coordinates":[-90.56586,13.9926]}},{"type":"Feature","properties":{"n":"SAN CARLOS","m":"LA GOMERA","a":"Media","p":20},"geometry":{"type":"Point","coordinates":[-91.08962,13.99237]}},{"type":"Feature","properties":{"n":"BELLO MONTE","m":"LA GOMERA","a":"Alta","p":0},"geometry":{"type":"Point","coordinates":[-91.10297,13.99263]}},{"type":"Feature","properties":{"n":"SAN FEDERICO","m":"TAXISCO","a":"Alta","p":0},"geometry":{"type":"Point","coordinates":[-90.54429,13.99356]}},{"type":"Feature","properties":{"n":"EL DIAMANATE","m":"TAXISCO","a":"Media","p":0},"geometry":{"type":"Point","coordinates":[-90.65595,13.99353]}},{"type":"Feature","properties":{"n":"LA CANASTA","m":"IZTAPA","a":"Alta","p":93},"geometry":{"type":"Point","coordinates":[-90.62159,13.99405]}},{"type":"Feature","properties":{"n":"LA CANASTA","m":"TAXISCO","a":"Alta","p":0},"geometry":{"type":"Point","coordinates":[-90.61935,13.99425]}},{"type":"Feature","properties":{"n":"EL PARAISO","m":"LA GOMERA","a":"Alta","p":0},"geometry":{"type":"Point","coordinates":[-91.11158,13.99371]}},{"type":"Feature","properties":{"n":"TROCHA 10","m":"NUEVA CONCEPCION","a":"Media","p":0},"geometry":{"type":"Point","coordinates":[-91.31611,13.99337]}},{"type":"Feature","properties":{"n":"LAS PALMAS","m":"LA GOMERA","a":"Media","p":54},"geometry":{"type":"Point","coordinates":[-91.11711,13.99396]}},{"type":"Feature","properties":{"n":"ALFA","m":"LA GOMERA","a":"Media","p":9},"geometry":{"type":"Point","coordinates":[-91.22113,13.99368]}},{"type":"Feature","properties":{"n":"TROCHA 13","m":"NUEVA CONCEPCION","a":"Muy Alta","p":0},"geometry":{"type":"Point","coordinates":[-91.34976,13.99354]}},{"type":"Feature","properties":{"n":"LOS CHATOS","m":"LA GOMERA","a":"Alta","p":1289},"geometry":{"type":"Point","coordinates":[-91.09213,13.99443]}},{"type":"Feature","properties":{"n":"EL COJONAL","m":"TAXISCO","a":"Media","p":0},"geometry":{"type":"Point","coordinates":[-90.60959,13.99526]}},{"type":"Feature","properties":{"n":"TROCHA 12","m":"NUEVA CONCEPCION","a":"Alta","p":433},"geometry":{"type":"Point","coordinates":[-91.33977,13.99385]}},{"type":"Feature","properties":{"n":"CERRITOS","m":"TAXISCO","a":"Media","p":44},"geometry":{"type":"Point","coordinates":[-90.51973,13.99609]}},{"type":"Feature","properties":{"n":"SANTA CECILIA","m":"LA GOMERA","a":"Media","p":0},"geometry":{"type":"Point","coordinates":[-91.06625,13.99569]}},{"type":"Feature","properties":{"n":"EL VALLE O SAN ANTONIO","m":"LA GOMERA","a":"Media","p":752},"geometry":{"type":"Point","coordinates":[-91.19552,13.99541]}},{"type":"Feature","properties":{"n":"SANTA TERESA","m":"SAN JOSE","a":"Baja","p":0},"geometry":{"type":"Point","coordinates":[-90.91485,13.99641]}},{"type":"Feature","properties":{"n":"TROCHA 11","m":"NUEVA CONCEPCION","a":"Alta","p":1059},"geometry":{"type":"Point","coordinates":[-91.32972,13.99549]}},{"type":"Feature","properties":{"n":"SEVILLA","m":"MASAGUA","a":"Baja","p":142},"geometry":{"type":"Point","coordinates":[-90.76393,13.99712]}},{"type":"Feature","properties":{"n":"SANTA ANA","m":"LA GOMERA","a":"Media","p":0},"geometry":{"type":"Point","coordinates":[-91.1359,13.99655]}},{"type":"Feature","properties":{"n":"SAN JOSE LAS BRISAS","m":"LA GOMERA","a":"Media","p":14},"geometry":{"type":"Point","coordinates":[-91.19828,13.99675]}},{"type":"Feature","properties":{"n":"LA HAVANA","m":"ESCUINTLA","a":"Alta","p":6},"geometry":{"type":"Point","coordinates":[-91.05938,13.99723]}},{"type":"Feature","properties":{"n":"EL RECUERDO","m":"TAXISCO","a":"Baja","p":0},"geometry":{"type":"Point","coordinates":[-90.53587,13.99798]}},{"type":"Feature","properties":{"n":"EL PANAL","m":"TAXISCO","a":"Media","p":78},"geometry":{"type":"Point","coordinates":[-90.5479,13.99861]}},{"type":"Feature","properties":{"n":"LAS CANARIAS","m":"TAXISCO","a":"Baja","p":87},"geometry":{"type":"Point","coordinates":[-90.5711,13.99871]}},{"type":"Feature","properties":{"n":"EL CIPRES","m":"IZTAPA","a":"Media","p":30},"geometry":{"type":"Point","coordinates":[-90.67503,13.99875]}},{"type":"Feature","properties":{"n":"DESMOTADORA LAS BRISAS","m":"LA GOMERA","a":"Media","p":16},"geometry":{"type":"Point","coordinates":[-91.2018,13.99794]}},{"type":"Feature","properties":{"n":"EL RECUERDO","m":"LA GOMERA","a":"Baja","p":0},"geometry":{"type":"Point","coordinates":[-91.01425,13.99851]}},{"type":"Feature","properties":{"n":"OSO BLANCO","m":"LA GOMERA","a":"Media","p":1},"geometry":{"type":"Point","coordinates":[-91.13592,13.99847]}},{"type":"Feature","properties":{"n":"PIEDRECITAS","m":"TAXISCO","a":"Media","p":0},"geometry":{"type":"Point","coordinates":[-90.49954,13.99952]}},{"type":"Feature","properties":{"n":"GUISCOYOL CENTRO URBANO","m":"IZTAPA","a":"Alta","p":88},"geometry":{"type":"Point","coordinates":[-90.68339,13.99987]}},{"type":"Feature","properties":{"n":"LOS LOTES","m":"MASAGUA","a":"Baja","p":124},"geometry":{"type":"Point","coordinates":[-90.77886,13.99999]}},{"type":"Feature","properties":{"n":"SANTO DOMINGO","m":"TAXISCO","a":"Media","p":46},"geometry":{"type":"Point","coordinates":[-90.59391,14.00062]}},{"type":"Feature","properties":{"n":"CORONI","m":"LA GOMERA","a":"Media","p":26},"geometry":{"type":"Point","coordinates":[-91.25129,13.99998]}},{"type":"Feature","properties":{"n":"EL AMANECER","m":"CHIQUIMULILLA","a":"Muy Alta","p":0},"geometry":{"type":"Point","coordinates":[-90.29116,14.00146]}},{"type":"Feature","properties":{"n":"ISLA CHICALES","m":"NUEVA CONCEPCION","a":"Alta","p":446},"geometry":{"type":"Point","coordinates":[-91.40028,14.00003]}},{"type":"Feature","properties":{"n":"EL CANUTILLO","m":"TAXISCO","a":"Media","p":0},"geometry":{"type":"Point","coordinates":[-90.66849,14.00173]}},{"type":"Feature","properties":{"n":"EL RETAZO","m":"LA GOMERA","a":"Media","p":0},"geometry":{"type":"Point","coordinates":[-91.1161,14.00106]}},{"type":"Feature","properties":{"n":"OJO DE AGUA","m":"LA GOMERA","a":"Alta","p":0},"geometry":{"type":"Point","coordinates":[-91.03824,14.0013]}},{"type":"Feature","properties":{"n":"SANTA ANA EL COJONAL","m":"TAXISCO","a":"Muy Alta","p":41},"geometry":{"type":"Point","coordinates":[-90.61051,14.00204]}},{"type":"Feature","properties":{"n":"EL PANAL","m":"TAXISCO","a":"Muy Alta","p":0},"geometry":{"type":"Point","coordinates":[-90.549,14.00266]}},{"type":"Feature","properties":{"n":"EL AMATILLO","m":"LA GOMERA","a":"Media","p":21},"geometry":{"type":"Point","coordinates":[-91.17647,14.00187]}},{"type":"Feature","properties":{"n":"SAN FRANCISCO","m":"GUAZACAPAN","a":"Alta","p":0},"geometry":{"type":"Point","coordinates":[-90.45101,14.00299]}},{"type":"Feature","properties":{"n":"SAMARIA","m":"LA GOMERA","a":"Media","p":6},"geometry":{"type":"Point","coordinates":[-91.18941,14.00227]}},{"type":"Feature","properties":{"n":"SANTO DOMINGO","m":"TAXISCO","a":"Alta","p":0},"geometry":{"type":"Point","coordinates":[-90.60401,14.00355]}},{"type":"Feature","properties":{"n":"EL PORVENIR","m":"TAXISCO","a":"Alta","p":0},"geometry":{"type":"Point","coordinates":[-90.51656,14.00371]}},{"type":"Feature","properties":{"n":"LAS FIANZAS","m":"TAXISCO","a":"Media","p":0},"geometry":{"type":"Point","coordinates":[-90.65439,14.0041]}},{"type":"Feature","properties":{"n":"NUEVO TEXCUACO","m":"LA GOMERA","a":"Media","p":33},"geometry":{"type":"Point","coordinates":[-91.11704,14.00373]}},{"type":"Feature","properties":{"n":"SANTONA","m":"LA GOMERA","a":"Media","p":0},"geometry":{"type":"Point","coordinates":[-91.20635,14.00408]}},{"type":"Feature","properties":{"n":"LA ESMERALDA","m":"TAXISCO","a":"Alta","p":0},"geometry":{"type":"Point","coordinates":[-90.55477,14.0053]}},{"type":"Feature","properties":{"n":"EL PALMAR","m":"TAXISCO","a":"Muy Alta","p":0},"geometry":{"type":"Point","coordinates":[-90.55098,14.00532]}},{"type":"Feature","properties":{"n":"LA ESMERALDA","m":"IZTAPA","a":"Media","p":48},"geometry":{"type":"Point","coordinates":[-90.67127,14.00529]}},{"type":"Feature","properties":{"n":"EL EDEN","m":"TAXISCO","a":"Media","p":0},"geometry":{"type":"Point","coordinates":[-90.57266,14.00579]}},{"type":"Feature","properties":{"n":"LA UNION","m":"IZTAPA","a":"Muy Alta","p":8},"geometry":{"type":"Point","coordinates":[-90.63216,14.00578]}},{"type":"Feature","properties":{"n":"LAS VICTORIAS","m":"TAXISCO","a":"Muy Alta","p":252},"geometry":{"type":"Point","coordinates":[-90.45613,14.00591]}},{"type":"Feature","properties":{"n":"EL CAPULLO","m":"MASAGUA","a":"Baja","p":58},"geometry":{"type":"Point","coordinates":[-90.78767,14.00577]}},{"type":"Feature","properties":{"n":"LAS PIEDRECITAS","m":"TAXISCO","a":"Muy Alta","p":45},"geometry":{"type":"Point","coordinates":[-90.51399,14.0061]}},{"type":"Feature","properties":{"n":"BERNARDA","m":"LA GOMERA","a":"Alta","p":0},"geometry":{"type":"Point","coordinates":[-91.06117,14.00557]}},{"type":"Feature","properties":{"n":"SANTA ELENA","m":"TAXISCO","a":"Baja","p":0},"geometry":{"type":"Point","coordinates":[-90.59662,14.00631]}},{"type":"Feature","properties":{"n":"LOS TAPESCOS","m":"TAXISCO","a":"Baja","p":89},"geometry":{"type":"Point","coordinates":[-90.53215,14.00642]}},{"type":"Feature","properties":{"n":"LA FLORIDA","m":"LA GOMERA","a":"Alta","p":0},"geometry":{"type":"Point","coordinates":[-91.06341,14.00612]}},{"type":"Feature","properties":{"n":"DEMOSTADORA DEL SUR S.A.","m":"LA GOMERA","a":"Media","p":0},"geometry":{"type":"Point","coordinates":[-91.21613,14.00579]}},{"type":"Feature","properties":{"n":"LA ESMERALDA","m":"TAXISCO","a":"Media","p":0},"geometry":{"type":"Point","coordinates":[-90.66699,14.00746]}},{"type":"Feature","properties":{"n":"LAS BELLOTES","m":"TAXISCO","a":"Muy Alta","p":0},"geometry":{"type":"Point","coordinates":[-90.54058,14.0078]}},{"type":"Feature","properties":{"n":"SANTA GREGORIA","m":"IZTAPA","a":"Muy Alta","p":48},"geometry":{"type":"Point","coordinates":[-90.68027,14.00798]}},{"type":"Feature","properties":{"n":"LA COQUETA","m":"LA GOMERA","a":"Media","p":23},"geometry":{"type":"Point","coordinates":[-91.12811,14.00743]}},{"type":"Feature","properties":{"n":"MIRAFLORES","m":"MASAGUA","a":"Baja","p":0},"geometry":{"type":"Point","coordinates":[-90.80478,14.0081]}},{"type":"Feature","properties":{"n":"EL TRIUNFO","m":"IZTAPA","a":"Baja","p":29},"geometry":{"type":"Point","coordinates":[-90.63868,14.00843]}},{"type":"Feature","properties":{"n":"TEXAS","m":"LA GOMERA","a":"Alta","p":0},"geometry":{"type":"Point","coordinates":[-91.10538,14.00796]}},{"type":"Feature","properties":{"n":"VISTA HERMOSA","m":"LA GOMERA","a":"Media","p":0},"geometry":{"type":"Point","coordinates":[-91.21829,14.00938]}},{"type":"Feature","properties":{"n":"SANTA LUCIA MAYOR","m":"CHIQUIMULILLA","a":"Alta","p":0},"geometry":{"type":"Point","coordinates":[-90.30803,14.01061]}},{"type":"Feature","properties":{"n":"EL CHONTEL","m":"LA GOMERA","a":"Baja","p":818},"geometry":{"type":"Point","coordinates":[-91.23238,14.00966]}},{"type":"Feature","properties":{"n":"LAS MARGARITAS","m":"TAXISCO","a":"Media","p":0},"geometry":{"type":"Point","coordinates":[-90.55903,14.01176]}},{"type":"Feature","properties":{"n":"LA PROVIDENCIA","m":"TAXISCO","a":"Muy Alta","p":0},"geometry":{"type":"Point","coordinates":[-90.52837,14.01196]}},{"type":"Feature","properties":{"n":"EL TRIUNFO","m":"TAXISCO","a":"Muy Alta","p":0},"geometry":{"type":"Point","coordinates":[-90.61931,14.01287]}},{"type":"Feature","properties":{"n":"LA FORTUNA","m":"GUAZACAPAN","a":"Alta","p":0},"geometry":{"type":"Point","coordinates":[-90.45054,14.01295]}},{"type":"Feature","properties":{"n":"EL BOSQUE","m":"TAXISCO","a":"Muy Alta","p":0},"geometry":{"type":"Point","coordinates":[-90.54013,14.01307]}},{"type":"Feature","properties":{"n":"LA ESCONDIDA","m":"TAXISCO","a":"Muy Alta","p":0},"geometry":{"type":"Point","coordinates":[-90.67302,14.01337]}},{"type":"Feature","properties":{"n":"VERACRUZ","m":"TAXISCO","a":"Media","p":0},"geometry":{"type":"Point","coordinates":[-90.50769,14.01359]}},{"type":"Feature","properties":{"n":"INGENIO GUADALUPE","m":"LA GOMERA","a":"Media","p":7},"geometry":{"type":"Point","coordinates":[-91.11243,14.01313]}},{"type":"Feature","properties":{"n":"EL RETAZO","m":"LA GOMERA","a":"Media","p":0},"geometry":{"type":"Point","coordinates":[-91.10979,14.01332]}},{"type":"Feature","properties":{"n":"LA CEIBITA","m":"TAXISCO","a":"Muy Alta","p":0},"geometry":{"type":"Point","coordinates":[-90.54341,14.01412]}},{"type":"Feature","properties":{"n":"CALLE VIEJA","m":"NUEVA CONCEPCION","a":"Alta","p":0},"geometry":{"type":"Point","coordinates":[-91.38409,14.01299]}},{"type":"Feature","properties":{"n":"INDUSTRIA","m":"TAXISCO","a":"Alta","p":0},"geometry":{"type":"Point","coordinates":[-90.55773,14.01467]}},{"type":"Feature","properties":{"n":"LOS CHAGUITES","m":"TAXISCO","a":"Alta","p":43},"geometry":{"type":"Point","coordinates":[-90.51409,14.01468]}},{"type":"Feature","properties":{"n":"LOS LAURELES","m":"LA GOMERA","a":"Media","p":0},"geometry":{"type":"Point","coordinates":[-91.24793,14.01364]}},{"type":"Feature","properties":{"n":"MARGARITAS","m":"CHIQUIMULILLA","a":"Media","p":0},"geometry":{"type":"Point","coordinates":[-90.29712,14.01528]}},{"type":"Feature","properties":{"n":"VARIEDADES","m":"TAXISCO","a":"Alta","p":0},"geometry":{"type":"Point","coordinates":[-90.50338,14.01563]}},{"type":"Feature","properties":{"n":"EL MANEADERO","m":"GUAZACAPAN","a":"Muy Alta","p":234},"geometry":{"type":"Point","coordinates":[-90.43626,14.01583]}},{"type":"Feature","properties":{"n":"PATRICIA","m":"LA GOMERA","a":"Alta","p":326},"geometry":{"type":"Point","coordinates":[-91.05366,14.01565]}},{"type":"Feature","properties":{"n":"LA ESPERANZA","m":"TAXISCO","a":"Alta","p":43},"geometry":{"type":"Point","coordinates":[-90.61755,14.01671]}},{"type":"Feature","properties":{"n":"SAN FRANCISCO MADRE VIEJA","m":"TIQUISATE","a":"Media","p":654},"geometry":{"type":"Point","coordinates":[-91.43598,14.01515]}},{"type":"Feature","properties":{"n":"EL RECUERDO","m":"GUAZACAPAN","a":"Baja","p":0},"geometry":{"type":"Point","coordinates":[-90.44423,14.0175]}},{"type":"Feature","properties":{"n":"SANTA TERESA","m":"CHIQUIMULILLA","a":"Alta","p":0},"geometry":{"type":"Point","coordinates":[-90.30558,14.01746]}},{"type":"Feature","properties":{"n":"RANCHO ALEGRE","m":"LA GOMERA","a":"Media","p":0},"geometry":{"type":"Point","coordinates":[-91.06123,14.01744]}},{"type":"Feature","properties":{"n":"JOSEFITA","m":"LA GOMERA","a":"Media","p":0},"geometry":{"type":"Point","coordinates":[-91.03289,14.01766]}},{"type":"Feature","properties":{"n":"LA CEIBA","m":"GUAZACAPAN","a":"Media","p":0},"geometry":{"type":"Point","coordinates":[-90.43101,14.01863]}},{"type":"Feature","properties":{"n":"LOS ANGELES","m":"TAXISCO","a":"Media","p":17},"geometry":{"type":"Point","coordinates":[-90.4935,14.01911]}},{"type":"Feature","properties":{"n":"EL CONGO","m":"LA DEMOCRACIA","a":"Baja","p":41},"geometry":{"type":"Point","coordinates":[-91.00864,14.01882]}},{"type":"Feature","properties":{"n":"EL DURAZNO","m":"TAXISCO","a":"Media","p":30},"geometry":{"type":"Point","coordinates":[-90.57064,14.01992]}},{"type":"Feature","properties":{"n":"LABOR EL RECUERDO","m":"LA GOMERA","a":"Alta","p":0},"geometry":{"type":"Point","coordinates":[-91.05284,14.0195]}},{"type":"Feature","properties":{"n":"JOSEFINA","m":"SAN JOSE","a":"Media","p":0},"geometry":{"type":"Point","coordinates":[-90.89172,14.01996]}},{"type":"Feature","properties":{"n":"EL PAJUIL","m":"LA GOMERA","a":"Alta","p":4},"geometry":{"type":"Point","coordinates":[-91.081,14.01961]}},{"type":"Feature","properties":{"n":"KENYA","m":"LA GOMERA","a":"Alta","p":0},"geometry":{"type":"Point","coordinates":[-91.04891,14.02035]}},{"type":"Feature","properties":{"n":"SANTA ELENA","m":"LA GOMERA","a":"Alta","p":34},"geometry":{"type":"Point","coordinates":[-91.01759,14.02046]}},{"type":"Feature","properties":{"n":"SANTA CLARA","m":"GUAZACAPAN","a":"Media","p":0},"geometry":{"type":"Point","coordinates":[-90.4291,14.02106]}},{"type":"Feature","properties":{"n":"LA FELICIDAD O LA ALEGRIA","m":"LA DEMOCRACIA","a":"Media","p":35},"geometry":{"type":"Point","coordinates":[-90.97714,14.02094]}},{"type":"Feature","properties":{"n":"TROCHA 14","m":"NUEVA CONCEPCION","a":"Media","p":548},"geometry":{"type":"Point","coordinates":[-91.39338,14.02004]}},{"type":"Feature","properties":{"n":"CANTOIRA","m":"LA GOMERA","a":"Media","p":0},"geometry":{"type":"Point","coordinates":[-91.20691,14.0208]}},{"type":"Feature","properties":{"n":"TROCHA 13","m":"NUEVA CONCEPCION","a":"Alta","p":886},"geometry":{"type":"Point","coordinates":[-91.3816,14.02079]}},{"type":"Feature","properties":{"n":"EL PAUJIL","m":"LA GOMERA","a":"Alta","p":0},"geometry":{"type":"Point","coordinates":[-91.06099,14.02188]}},{"type":"Feature","properties":{"n":"RIO LINDO","m":"LA GOMERA","a":"Alta","p":48},"geometry":{"type":"Point","coordinates":[-91.26326,14.0221]}},{"type":"Feature","properties":{"n":"LA BEATA","m":"TAXISCO","a":"Muy Alta","p":0},"geometry":{"type":"Point","coordinates":[-90.51422,14.02339]}},{"type":"Feature","properties":{"n":"LA ENCANTADA","m":"LA GOMERA","a":"Alta","p":0},"geometry":{"type":"Point","coordinates":[-91.06284,14.02278]}},{"type":"Feature","properties":{"n":"LA PROVIDENCIA","m":"TAXISCO","a":"Muy Alta","p":70},"geometry":{"type":"Point","coordinates":[-90.52643,14.02358]}},{"type":"Feature","properties":{"n":"SAN JUAN","m":"NUEVA CONCEPCION","a":"Alta","p":0},"geometry":{"type":"Point","coordinates":[-91.32421,14.02226]}},{"type":"Feature","properties":{"n":"EL CERRITO","m":"TAXISCO","a":"Muy Alta","p":0},"geometry":{"type":"Point","coordinates":[-90.5011,14.02413]}},{"type":"Feature","properties":{"n":"LA GIGANTE","m":"TAXISCO","a":"Muy Alta","p":0},"geometry":{"type":"Point","coordinates":[-90.5116,14.02444]}},{"type":"Feature","properties":{"n":"EL OLVIDO","m":"CHIQUIMULILLA","a":"Muy Alta","p":0},"geometry":{"type":"Point","coordinates":[-90.31814,14.02443]}},{"type":"Feature","properties":{"n":"EL JARDIN","m":"SAN JOSE","a":"Media","p":0},"geometry":{"type":"Point","coordinates":[-90.88741,14.02456]}},{"type":"Feature","properties":{"n":"ORO BLANCO","m":"LA GOMERA","a":"Baja","p":0},"geometry":{"type":"Point","coordinates":[-91.11697,14.02434]}},{"type":"Feature","properties":{"n":"LA PEDRERA","m":"TAXISCO","a":"Muy Alta","p":0},"geometry":{"type":"Point","coordinates":[-90.5127,14.02632]}},{"type":"Feature","properties":{"n":"ALBANIA","m":"MASAGUA","a":"Alta","p":28},"geometry":{"type":"Point","coordinates":[-90.76514,14.02621]}},{"type":"Feature","properties":{"n":"SAN FELIPE","m":"MASAGUA","a":"Alta","p":50},"geometry":{"type":"Point","coordinates":[-90.88733,14.02614]}},{"type":"Feature","properties":{"n":"TROCHA 5","m":"NUEVA CONCEPCION","a":"Media","p":1304},"geometry":{"type":"Point","coordinates":[-91.28846,14.02535]}},{"type":"Feature","properties":{"n":"SAN JUAN BOSCOSO","m":"CHIQUIMULILLA","a":"Media","p":0},"geometry":{"type":"Point","coordinates":[-90.321,14.02682]}},{"type":"Feature","properties":{"n":"SAN CARLOS","m":"LA GOMERA","a":"Media","p":0},"geometry":{"type":"Point","coordinates":[-91.09891,14.0262]}},{"type":"Feature","properties":{"n":"EL TREBOL","m":"TAXISCO","a":"Alta","p":78},"geometry":{"type":"Point","coordinates":[-90.61811,14.02776]}},{"type":"Feature","properties":{"n":"EL ROSARIO","m":"SAN JOSE","a":"Media","p":0},"geometry":{"type":"Point","coordinates":[-90.88459,14.02749]}},{"type":"Feature","properties":{"n":"LA SABANA","m":"TAXISCO","a":"Alta","p":116},"geometry":{"type":"Point","coordinates":[-90.55423,14.02813]}},{"type":"Feature","properties":{"n":"EL ENCANTO","m":"GUAZACAPAN","a":"Muy Alta","p":0},"geometry":{"type":"Point","coordinates":[-90.41933,14.02911]}},{"type":"Feature","properties":{"n":"LA GIGANTA","m":"TAXISCO","a":"Baja","p":27},"geometry":{"type":"Point","coordinates":[-90.49172,14.0295]}},{"type":"Feature","properties":{"n":"LAS PILAS","m":"CHIQUIMULILLA","a":"Media","p":0},"geometry":{"type":"Point","coordinates":[-90.28754,14.02977]}},{"type":"Feature","properties":{"n":"SANTA CLARA","m":"SAN JOSE","a":"Media","p":0},"geometry":{"type":"Point","coordinates":[-90.88436,14.03004]}},{"type":"Feature","properties":{"n":"EL BEBEDERO","m":"CHIQUIMULILLA","a":"Media","p":282},"geometry":{"type":"Point","coordinates":[-90.32876,14.03055]}},{"type":"Feature","properties":{"n":"TROCHA IV","m":"NUEVA CONCEPCION","a":"Alta","p":1142},"geometry":{"type":"Point","coordinates":[-91.28384,14.02978]}},{"type":"Feature","properties":{"n":"LOS REGADIOS","m":"CHIQUIMULILLA","a":"Baja","p":92},"geometry":{"type":"Point","coordinates":[-90.29494,14.03133]}},{"type":"Feature","properties":{"n":"EL ASTILLERO O LA GRANJA","m":"GUAZACAPAN","a":"Muy Alta","p":980},"geometry":{"type":"Point","coordinates":[-90.42782,14.03211]}},{"type":"Feature","properties":{"n":"SAN VICENTE LAS DELICIAS","m":"GUAZACAPAN","a":"Alta","p":0},"geometry":{"type":"Point","coordinates":[-90.41394,14.03282]}},{"type":"Feature","properties":{"n":"CAROLINA","m":"LA GOMERA","a":"Alta","p":0},"geometry":{"type":"Point","coordinates":[-91.07025,14.03227]}},{"type":"Feature","properties":{"n":"LA CEIBA","m":"TAXISCO","a":"Muy Alta","p":0},"geometry":{"type":"Point","coordinates":[-90.53266,14.03323]}},{"type":"Feature","properties":{"n":"LOS MAGUEYES","m":"LA GOMERA","a":"Baja","p":27},"geometry":{"type":"Point","coordinates":[-91.00907,14.03284]}},{"type":"Feature","properties":{"n":"IRLANDA","m":"LA GOMERA","a":"Alta","p":0},"geometry":{"type":"Point","coordinates":[-91.16276,14.0333]}},{"type":"Feature","properties":{"n":"LA PERLA","m":"TAXISCO","a":"Baja","p":36},"geometry":{"type":"Point","coordinates":[-90.50079,14.03442]}},{"type":"Feature","properties":{"n":"SAN JORGE LOS MAGUEYES","m":"LA DEMOCRACIA","a":"Media","p":46},"geometry":{"type":"Point","coordinates":[-90.98457,14.03418]}},{"type":"Feature","properties":{"n":"LOMA LINDA","m":"LA GOMERA","a":"Alta","p":46},"geometry":{"type":"Point","coordinates":[-91.08476,14.0342]}},{"type":"Feature","properties":{"n":"LAS CRUCES DEL TEJAL","m":"TAXISCO","a":"Media","p":0},"geometry":{"type":"Point","coordinates":[-90.50815,14.03504]}},{"type":"Feature","properties":{"n":"CAROLINA","m":"LA GOMERA","a":"Alta","p":47},"geometry":{"type":"Point","coordinates":[-91.07092,14.03443]}},{"type":"Feature","properties":{"n":"LAS TROZAS","m":"TIQUISATE","a":"Media","p":1076},"geometry":{"type":"Point","coordinates":[-91.49182,14.03329]}},{"type":"Feature","properties":{"n":"SANTA ODILIA","m":"NUEVA CONCEPCION","a":"Alta","p":956},"geometry":{"type":"Point","coordinates":[-91.2812,14.03417]}},{"type":"Feature","properties":{"n":"LAS PILAS","m":"CHIQUIMULILLA","a":"Muy Alta","p":118},"geometry":{"type":"Point","coordinates":[-90.28531,14.03551]}},{"type":"Feature","properties":{"n":"HUITZITZIL","m":"TIQUISATE","a":"Media","p":988},"geometry":{"type":"Point","coordinates":[-91.46845,14.0341]}},{"type":"Feature","properties":{"n":"TROCHA 10","m":"NUEVA CONCEPCION","a":"Media","p":1623},"geometry":{"type":"Point","coordinates":[-91.36385,14.03492]}},{"type":"Feature","properties":{"n":"SAN JERONIMO","m":"LA GOMERA","a":"Baja","p":28},"geometry":{"type":"Point","coordinates":[-91.09801,14.03612]}},{"type":"Feature","properties":{"n":"SAN JERONIMO","m":"LA GOMERA","a":"Media","p":0},"geometry":{"type":"Point","coordinates":[-91.10185,14.03615]}},{"type":"Feature","properties":{"n":"EL CORTIJO","m":"CHIQUIMULILLA","a":"Baja","p":0},"geometry":{"type":"Point","coordinates":[-90.29997,14.03752]}},{"type":"Feature","properties":{"n":"MALTA","m":"LA GOMERA","a":"Baja","p":407},"geometry":{"type":"Point","coordinates":[-91.04703,14.037]}},{"type":"Feature","properties":{"n":"LAS ILUSIONES","m":"MASAGUA","a":"Muy Alta","p":54},"geometry":{"type":"Point","coordinates":[-90.79446,14.03786]}},{"type":"Feature","properties":{"n":"TROCHA 12 CALLE VIEJA","m":"NUEVA CONCEPCION","a":"Media","p":26},"geometry":{"type":"Point","coordinates":[-91.3877,14.03664]}},{"type":"Feature","properties":{"n":"EL CIPRES","m":"MASAGUA","a":"Alta","p":33},"geometry":{"type":"Point","coordinates":[-90.78968,14.03823]}},{"type":"Feature","properties":{"n":"LA PROVIDENCIA","m":"MASAGUA","a":"Baja","p":0},"geometry":{"type":"Point","coordinates":[-90.88333,14.03846]}},{"type":"Feature","properties":{"n":"LOS LAURELES","m":"NUEVA CONCEPCION","a":"Media","p":373},"geometry":{"type":"Point","coordinates":[-91.30664,14.03764]}},{"type":"Feature","properties":{"n":"EL SALITRE","m":"CHIQUIMULILLA","a":"Muy Alta","p":0},"geometry":{"type":"Point","coordinates":[-90.27336,14.03952]}},{"type":"Feature","properties":{"n":"SAN PABLO","m":"MASAGUA","a":"Media","p":0},"geometry":{"type":"Point","coordinates":[-90.88235,14.03996]}},{"type":"Feature","properties":{"n":"CHAPULCO","m":"LA GOMERA","a":"Media","p":43},"geometry":{"type":"Point","coordinates":[-91.05806,14.03962]}},{"type":"Feature","properties":{"n":"EL RECUERDO","m":"MASAGUA","a":"Muy Alta","p":0},"geometry":{"type":"Point","coordinates":[-90.80329,14.04019]}},{"type":"Feature","properties":{"n":"CALIFORNIA","m":"GUANAGAZAPA","a":"Muy Alta","p":45},"geometry":{"type":"Point","coordinates":[-90.63369,14.04041]}},{"type":"Feature","properties":{"n":"LOS PORTALES","m":"TAXISCO","a":"Muy Alta","p":0},"geometry":{"type":"Point","coordinates":[-90.54499,14.04077]}},{"type":"Feature","properties":{"n":"LAS MARGARITAS","m":"ORATORIO","a":"Media","p":34},"geometry":{"type":"Point","coordinates":[-90.24252,14.04085]}},{"type":"Feature","properties":{"n":"CARMENCITA","m":"LA GOMERA","a":"Alta","p":24},"geometry":{"type":"Point","coordinates":[-91.09098,14.04124]}},{"type":"Feature","properties":{"n":"TROCHA 9","m":"NUEVA CONCEPCION","a":"Media","p":563},"geometry":{"type":"Point","coordinates":[-91.35803,14.04046]}},{"type":"Feature","properties":{"n":"LA MONTANESA","m":"LA GOMERA","a":"Alta","p":31},"geometry":{"type":"Point","coordinates":[-91.15114,14.04207]}},{"type":"Feature","properties":{"n":"OLGA MARIA","m":"TIQUISATE","a":"Media","p":0},"geometry":{"type":"Point","coordinates":[-91.45502,14.04126]}},{"type":"Feature","properties":{"n":"SAN FRANCISCO","m":"TAXISCO","a":"Baja","p":0},"geometry":{"type":"Point","coordinates":[-90.55726,14.04317]}},{"type":"Feature","properties":{"n":"EL CARMEN","m":"TAXISCO","a":"Baja","p":47},"geometry":{"type":"Point","coordinates":[-90.52503,14.04319]}},{"type":"Feature","properties":{"n":"GARRUCHA","m":"LA GOMERA","a":"Alta","p":0},"geometry":{"type":"Point","coordinates":[-91.16886,14.04296]}},{"type":"Feature","properties":{"n":"SANTA MARTA","m":"LA GOMERA","a":"Alta","p":30},"geometry":{"type":"Point","coordinates":[-91.08742,14.04331]}},{"type":"Feature","properties":{"n":"LAS ACACIAS","m":"LA GOMERA","a":"Baja","p":0},"geometry":{"type":"Point","coordinates":[-91.11898,14.0435]}},{"type":"Feature","properties":{"n":"LAS VICTORIAS","m":"LA GOMERA","a":"Alta","p":0},"geometry":{"type":"Point","coordinates":[-91.09724,14.04374]}},{"type":"Feature","properties":{"n":"POLONIA","m":"LA DEMOCRACIA","a":"Baja","p":81},"geometry":{"type":"Point","coordinates":[-90.93313,14.04432]}},{"type":"Feature","properties":{"n":"LA LLAVE","m":"GUANAGAZAPA","a":"Alta","p":53},"geometry":{"type":"Point","coordinates":[-90.67903,14.04473]}},{"type":"Feature","properties":{"n":"LA PERLITA","m":"TAXISCO","a":"Baja","p":0},"geometry":{"type":"Point","coordinates":[-90.52484,14.04496]}},{"type":"Feature","properties":{"n":"LOS PORTALES","m":"TAXISCO","a":"Alta","p":101},"geometry":{"type":"Point","coordinates":[-90.55067,14.045]}},{"type":"Feature","properties":{"n":"FINCA CANTOIRA LOS TURINES","m":"LA GOMERA","a":"Alta","p":75},"geometry":{"type":"Point","coordinates":[-91.20662,14.04419]}},{"type":"Feature","properties":{"n":"LA CANTOIRA","m":"LA GOMERA","a":"Alta","p":531},"geometry":{"type":"Point","coordinates":[-91.20196,14.04444]}},{"type":"Feature","properties":{"n":"EL CANADA","m":"LA GOMERA","a":"Alta","p":0},"geometry":{"type":"Point","coordinates":[-91.08865,14.04488]}},{"type":"Feature","properties":{"n":"SANTA FE","m":"LA DEMOCRACIA","a":"Media","p":32},"geometry":{"type":"Point","coordinates":[-90.98557,14.04559]}},{"type":"Feature","properties":{"n":"PLAYA DEL SEMILLERO","m":"TIQUISATE","a":"Media","p":1246},"geometry":{"type":"Point","coordinates":[-91.52967,14.04397]}},{"type":"Feature","properties":{"n":"PANGOLA COYOLATE","m":"LA GOMERA","a":"Baja","p":51},"geometry":{"type":"Point","coordinates":[-91.23509,14.04516]}},{"type":"Feature","properties":{"n":"NUEVA ESPERANZA","m":"LA GOMERA","a":"Alta","p":58},"geometry":{"type":"Point","coordinates":[-91.19109,14.04585]}},{"type":"Feature","properties":{"n":"LA NEGRA","m":"TAXISCO","a":"Media","p":20},"geometry":{"type":"Point","coordinates":[-90.55166,14.04723]}},{"type":"Feature","properties":{"n":"EL CENICERO","m":"MASAGUA","a":"Media","p":27},"geometry":{"type":"Point","coordinates":[-90.8912,14.04736]}},{"type":"Feature","properties":{"n":"PARY JUYU","m":"LA GOMERA","a":"Baja","p":0},"geometry":{"type":"Point","coordinates":[-91.16602,14.04728]}},{"type":"Feature","properties":{"n":"EL CAULOTE","m":"LA GOMERA","a":"Alta","p":43},"geometry":{"type":"Point","coordinates":[-91.08461,14.04756]}},{"type":"Feature","properties":{"n":"EL DORADO","m":"MASAGUA","a":"Baja","p":0},"geometry":{"type":"Point","coordinates":[-90.88067,14.04819]}},{"type":"Feature","properties":{"n":"PALO BLANCO","m":"LA GOMERA","a":"Muy Alta","p":0},"geometry":{"type":"Point","coordinates":[-91.14287,14.04866]}},{"type":"Feature","properties":{"n":"LA AURORA","m":"MASAGUA","a":"Muy Alta","p":0},"geometry":{"type":"Point","coordinates":[-90.78949,14.04947]}},{"type":"Feature","properties":{"n":"LA AURORA","m":"MASAGUA","a":"Media","p":0},"geometry":{"type":"Point","coordinates":[-90.81972,14.04957]}},{"type":"Feature","properties":{"n":"LA COLINA","m":"TAXISCO","a":"Baja","p":22},"geometry":{"type":"Point","coordinates":[-90.54469,14.04978]}},{"type":"Feature","properties":{"n":"EL CAULOTE","m":"LA GOMERA","a":"Alta","p":0},"geometry":{"type":"Point","coordinates":[-91.06439,14.05006]}},{"type":"Feature","properties":{"n":"SAN JOSE LAS FLORES","m":"MASAGUA","a":"Baja","p":13},"geometry":{"type":"Point","coordinates":[-90.88025,14.05192]}},{"type":"Feature","properties":{"n":"LOS CEDRALES","m":"CHIQUIMULILLA","a":"Baja","p":0},"geometry":{"type":"Point","coordinates":[-90.34028,14.05217]}},{"type":"Feature","properties":{"n":"MIRAMAR","m":"TIQUISATE","a":"Media","p":0},"geometry":{"type":"Point","coordinates":[-91.48662,14.05042]}},{"type":"Feature","properties":{"n":"SANTA MARGARITA","m":"LA GOMERA","a":"Muy Alta","p":32},"geometry":{"type":"Point","coordinates":[-91.01129,14.05333]}},{"type":"Feature","properties":{"n":"LAS IGUANAS","m":"COMAPA","a":"Baja","p":294},"geometry":{"type":"Point","coordinates":[-89.90212,14.05318]}},{"type":"Feature","properties":{"n":"MARINALA","m":"LA GOMERA","a":"Muy Alta","p":0},"geometry":{"type":"Point","coordinates":[-91.12286,14.05337]}},{"type":"Feature","properties":{"n":"LA ESPERANZA RIO SECO","m":"LA GOMERA","a":"Baja","p":0},"geometry":{"type":"Point","coordinates":[-91.11098,14.05355]}},{"type":"Feature","properties":{"n":"NUEVA VENECIA","m":"SANTO DOMINGO SUCHITEPEQUEZ","a":"Media","p":277},"geometry":{"type":"Point","coordinates":[-91.54123,14.05274]}},{"type":"Feature","properties":{"n":"CIPRESITO","m":"LA GOMERA","a":"Alta","p":37},"geometry":{"type":"Point","coordinates":[-91.01398,14.05565]}},{"type":"Feature","properties":{"n":"MADRE TIERRA","m":"LA GOMERA","a":"Media","p":0},"geometry":{"type":"Point","coordinates":[-91.15625,14.05574]}},{"type":"Feature","properties":{"n":"EL SEMILLERO BARRA NAHUALAT","m":"TIQUISATE","a":"Media","p":1673},"geometry":{"type":"Point","coordinates":[-91.52369,14.05458]}},{"type":"Feature","properties":{"n":"SAN ANTONIO","m":"LA GOMERA","a":"Media","p":16},"geometry":{"type":"Point","coordinates":[-91.07707,14.05633]}},{"type":"Feature","properties":{"n":"SANTA MARTA","m":"TAXISCO","a":"Baja","p":0},"geometry":{"type":"Point","coordinates":[-90.54748,14.05792]}},{"type":"Feature","properties":{"n":"EL ROSARIO","m":"MASAGUA","a":"Alta","p":13},"geometry":{"type":"Point","coordinates":[-90.80698,14.05779]}},{"type":"Feature","properties":{"n":"PUNTA ARENA","m":"SANTO DOMINGO SUCHITEPEQUEZ","a":"Baja","p":147},"geometry":{"type":"Point","coordinates":[-91.55569,14.05579]}},{"type":"Feature","properties":{"n":"PALO BLANCO","m":"LA GOMERA","a":"Alta","p":0},"geometry":{"type":"Point","coordinates":[-91.14994,14.05768]}},{"type":"Feature","properties":{"n":"LA LIBERTAD","m":"TIQUISATE","a":"Media","p":0},"geometry":{"type":"Point","coordinates":[-91.42721,14.05726]}},{"type":"Feature","properties":{"n":"SAN ANTONIO","m":"LA GOMERA","a":"Alta","p":76},"geometry":{"type":"Point","coordinates":[-91.0116,14.05867]}},{"type":"Feature","properties":{"n":"SANTA ELENA EL MILAGRO","m":"MASAGUA","a":"Muy Alta","p":0},"geometry":{"type":"Point","coordinates":[-90.78857,14.05905]}},{"type":"Feature","properties":{"n":"TROCHA 8","m":"NUEVA CONCEPCION","a":"Baja","p":2165},"geometry":{"type":"Point","coordinates":[-91.36637,14.05808]}},{"type":"Feature","properties":{"n":"TROCHA 7","m":"NUEVA CONCEPCION","a":"Media","p":1596},"geometry":{"type":"Point","coordinates":[-91.3542,14.05826]}},{"type":"Feature","properties":{"n":"LOURDES","m":"LA GOMERA","a":"Baja","p":89},"geometry":{"type":"Point","coordinates":[-91.05548,14.05924]}},{"type":"Feature","properties":{"n":"EL TRIUNFO","m":"LA GOMERA","a":"Alta","p":30},"geometry":{"type":"Point","coordinates":[-91.08206,14.05946]}},{"type":"Feature","properties":{"n":"LAS CONCHAS","m":"TIQUISATE","a":"Baja","p":0},"geometry":{"type":"Point","coordinates":[-91.42708,14.05879]}},{"type":"Feature","properties":{"n":"SAN JOSE LAS FLORES","m":"LA DEMOCRACIA","a":"Baja","p":41},"geometry":{"type":"Point","coordinates":[-90.90799,14.06066]}},{"type":"Feature","properties":{"n":"NUEVO SAN CARLOS","m":"LA GOMERA","a":"Alta","p":0},"geometry":{"type":"Point","coordinates":[-91.13348,14.0605]}},{"type":"Feature","properties":{"n":"EL REMOLINO","m":"COMAPA","a":"Baja","p":160},"geometry":{"type":"Point","coordinates":[-89.86532,14.06081]}},{"type":"Feature","properties":{"n":"LOS ALBIRES","m":"LA GOMERA","a":"Muy Alta","p":32},"geometry":{"type":"Point","coordinates":[-91.10415,14.06149]}},{"type":"Feature","properties":{"n":"EL TREBOL","m":"TAXISCO","a":"Alta","p":0},"geometry":{"type":"Point","coordinates":[-90.61769,14.06246]}},{"type":"Feature","properties":{"n":"MARINALA","m":"LA GOMERA","a":"Alta","p":0},"geometry":{"type":"Point","coordinates":[-91.12372,14.06239]}},{"type":"Feature","properties":{"n":"LA ZETA","m":"LA GOMERA","a":"Baja","p":0},"geometry":{"type":"Point","coordinates":[-91.06818,14.06297]}},{"type":"Feature","properties":{"n":"EL JARDIN","m":"SANTO DOMINGO SUCHITEPEQUEZ","a":"Media","p":334},"geometry":{"type":"Point","coordinates":[-91.53966,14.06143]}},{"type":"Feature","properties":{"n":"EL CHAGUITE","m":"COMAPA","a":"Baja","p":91},"geometry":{"type":"Point","coordinates":[-89.86857,14.06399]}},{"type":"Feature","properties":{"n":"EL TEMPISQUE","m":"COMAPA","a":"Media","p":356},"geometry":{"type":"Point","coordinates":[-89.92303,14.06472]}},{"type":"Feature","properties":{"n":"EL PULULA","m":"JALPATAGUA","a":"Media","p":0},"geometry":{"type":"Point","coordinates":[-89.95094,14.06482]}},{"type":"Feature","properties":{"n":"PASO ANTONIO","m":"MASAGUA","a":"Alta","p":46},"geometry":{"type":"Point","coordinates":[-90.7133,14.06566]}},{"type":"Feature","properties":{"n":"EL JARIN","m":"MASAGUA","a":"Baja","p":0},"geometry":{"type":"Point","coordinates":[-90.75626,14.06615]}},{"type":"Feature","properties":{"n":"BOLIVIA","m":"MASAGUA","a":"Alta","p":0},"geometry":{"type":"Point","coordinates":[-90.7744,14.06657]}},{"type":"Feature","properties":{"n":"PUNIAN DEL CASTILLO","m":"GUANAGAZAPA","a":"Muy Alta","p":76},"geometry":{"type":"Point","coordinates":[-90.69175,14.06679]}},{"type":"Feature","properties":{"n":"PLATANAL","m":"SANTO DOMINGO SUCHITEPEQUEZ","a":"Media","p":0},"geometry":{"type":"Point","coordinates":[-91.54724,14.06474]}},{"type":"Feature","properties":{"n":"HITAGUAL","m":"SAN JUAN TECUACO","a":"Alta","p":247},"geometry":{"type":"Point","coordinates":[-90.26677,14.06715]}},{"type":"Feature","properties":{"n":"MARGARITAS","m":"LA GOMERA","a":"Media","p":30},"geometry":{"type":"Point","coordinates":[-91.07314,14.06696]}},{"type":"Feature","properties":{"n":"EL MURCIELAGO","m":"LA GOMERA","a":"Alta","p":0},"geometry":{"type":"Point","coordinates":[-91.10108,14.0671]}},{"type":"Feature","properties":{"n":"CALLE 11 LA FAJA","m":"NUEVA CONCEPCION","a":"Alta","p":220},"geometry":{"type":"Point","coordinates":[-91.27035,14.06723]}},{"type":"Feature","properties":{"n":"LA QUIJADA","m":"LA DEMOCRACIA","a":"Muy Alta","p":35},"geometry":{"type":"Point","coordinates":[-90.92959,14.06821]}},{"type":"Feature","properties":{"n":"TICANLU","m":"TIQUISATE","a":"Media","p":773},"geometry":{"type":"Point","coordinates":[-91.5164,14.06647]}},{"type":"Feature","properties":{"n":"TORO PINTO","m":"TIQUISATE","a":"Media","p":43},"geometry":{"type":"Point","coordinates":[-91.44499,14.06713]}},{"type":"Feature","properties":{"n":"AURORA","m":"MASAGUA","a":"Baja","p":768},"geometry":{"type":"Point","coordinates":[-90.84405,14.07005]}},{"type":"Feature","properties":{"n":"JARDINES DE SAN LUIS","m":"LA GOMERA","a":"Baja","p":41},"geometry":{"type":"Point","coordinates":[-91.07484,14.06998]}},{"type":"Feature","properties":{"n":"EL CHINAL","m":"SAN LORENZO","a":"Media","p":0},"geometry":{"type":"Point","coordinates":[-91.56996,14.06833]}},{"type":"Feature","properties":{"n":"LA PONDEROSA","m":"LA GOMERA","a":"Baja","p":0},"geometry":{"type":"Point","coordinates":[-91.0768,14.07065]}},{"type":"Feature","properties":{"n":"LA PROSPERIDAD","m":"LA GOMERA","a":"Baja","p":798},"geometry":{"type":"Point","coordinates":[-91.07647,14.07083]}},{"type":"Feature","properties":{"n":"EL TRIUNFO","m":"LA GOMERA","a":"Media","p":29},"geometry":{"type":"Point","coordinates":[-91.01,14.07131]}},{"type":"Feature","properties":{"n":"SANTA PATRICIA","m":"LA GOMERA","a":"Muy Alta","p":0},"geometry":{"type":"Point","coordinates":[-91.08991,14.07195]}},{"type":"Feature","properties":{"n":"OJO DE AGUA","m":"GUANAGAZAPA","a":"Media","p":29},"geometry":{"type":"Point","coordinates":[-90.63081,14.07269]}},{"type":"Feature","properties":{"n":"EL TERRERO","m":"LA GOMERA","a":"Alta","p":1384},"geometry":{"type":"Point","coordinates":[-91.00272,14.07266]}},{"type":"Feature","properties":{"n":"S/N","m":"LA GOMERA","a":"Baja","p":64},"geometry":{"type":"Point","coordinates":[-91.00998,14.07327]}},{"type":"Feature","properties":{"n":"EL PASO","m":"NUEVA CONCEPCION","a":"Baja","p":0},"geometry":{"type":"Point","coordinates":[-91.41679,14.0722]}},{"type":"Feature","properties":{"n":"EL TRIUNFO","m":"SANTO DOMINGO SUCHITEPEQUEZ","a":"Media","p":716},"geometry":{"type":"Point","coordinates":[-91.56078,14.07181]}},{"type":"Feature","properties":{"n":"MONTE ALEGRE","m":"LA GOMERA","a":"Muy Alta","p":43},"geometry":{"type":"Point","coordinates":[-91.02544,14.07399]}},{"type":"Feature","properties":{"n":"POBLACION DISPERSA","m":"LA GOMERA","a":"Baja","p":717},"geometry":{"type":"Point","coordinates":[-91.06764,14.07403]}},{"type":"Feature","properties":{"n":"BARBERENA","m":"TIQUISATE","a":"Baja","p":50},"geometry":{"type":"Point","coordinates":[-91.43565,14.07289]}},{"type":"Feature","properties":{"n":"TROCHA 6","m":"NUEVA CONCEPCION","a":"Baja","p":1263},"geometry":{"type":"Point","coordinates":[-91.35954,14.07359]}},{"type":"Feature","properties":{"n":"SANTA LUCIA","m":"LA GOMERA","a":"Baja","p":138},"geometry":{"type":"Point","coordinates":[-91.07131,14.07454]}},{"type":"Feature","properties":{"n":"BRITO","m":"LA GOMERA","a":"Media","p":468},"geometry":{"type":"Point","coordinates":[-91.01194,14.07564]}},{"type":"Feature","properties":{"n":"TROCHA I","m":"NUEVA CONCEPCION","a":"Media","p":292},"geometry":{"type":"Point","coordinates":[-91.30472,14.07536]}},{"type":"Feature","properties":{"n":"SANTA CATALINA","m":"LA GOMERA","a":"Baja","p":1717},"geometry":{"type":"Point","coordinates":[-91.07387,14.07621]}},{"type":"Feature","properties":{"n":"EL PERU","m":"LA GOMERA","a":"Media","p":445},"geometry":{"type":"Point","coordinates":[-91.08741,14.07626]}},{"type":"Feature","properties":{"n":"LA PALMA","m":"LA GOMERA","a":"Alta","p":0},"geometry":{"type":"Point","coordinates":[-91.05839,14.07681]}},{"type":"Feature","properties":{"n":"LAS VIOLETAS DEL JOBO","m":"TAXISCO","a":"Alta","p":671},"geometry":{"type":"Point","coordinates":[-90.57022,14.07798]}},{"type":"Feature","properties":{"n":"BONERO","m":"MASAGUA","a":"Baja","p":0},"geometry":{"type":"Point","coordinates":[-90.75323,14.07804]}},{"type":"Feature","properties":{"n":"CALLE DEL TIGRE","m":"NUEVA CONCEPCION","a":"Alta","p":0},"geometry":{"type":"Point","coordinates":[-91.28147,14.07716]}},{"type":"Feature","properties":{"n":"CUATRO ROBLES","m":"NUEVA CONCEPCION","a":"Alta","p":26},"geometry":{"type":"Point","coordinates":[-91.29317,14.07849]}},{"type":"Feature","properties":{"n":"XELAJU","m":"TIQUISATE","a":"Alta","p":80},"geometry":{"type":"Point","coordinates":[-91.50995,14.0778]}},{"type":"Feature","properties":{"n":"LAS DELICIAS","m":"LA GOMERA","a":"Alta","p":27},"geometry":{"type":"Point","coordinates":[-91.05352,14.07987]}},{"type":"Feature","properties":{"n":"BONANZA","m":"LA GOMERA","a":"Media","p":13},"geometry":{"type":"Point","coordinates":[-91.17984,14.07977]}},{"type":"Feature","properties":{"n":"LOS TIESTOS","m":"SANTO DOMINGO SUCHITEPEQUEZ","a":"Media","p":1126},"geometry":{"type":"Point","coordinates":[-91.54018,14.07863]}},{"type":"Feature","properties":{"n":"GUAJILOTE","m":"SANTO DOMINGO SUCHITEPEQUEZ","a":"Baja","p":582},"geometry":{"type":"Point","coordinates":[-91.56097,14.07886]}},{"type":"Feature","properties":{"n":"EL PERU","m":"MASAGUA","a":"Baja","p":0},"geometry":{"type":"Point","coordinates":[-90.78228,14.08251]}},{"type":"Feature","properties":{"n":"ALGODONERA CAOBA","m":"TIQUISATE","a":"Baja","p":105},"geometry":{"type":"Point","coordinates":[-91.46572,14.08075]}},{"type":"Feature","properties":{"n":"EL TRIUNFO","m":"SAN LORENZO","a":"Media","p":0},"geometry":{"type":"Point","coordinates":[-91.56694,14.08041]}},{"type":"Feature","properties":{"n":"SAN JOSE NUEVO MUNDO","m":"LA GOMERA","a":"Media","p":1187},"geometry":{"type":"Point","coordinates":[-91.08631,14.08237]}},{"type":"Feature","properties":{"n":"LA GOMERA","m":"LA GOMERA","a":"Media","p":7595},"geometry":{"type":"Point","coordinates":[-91.05262,14.08262]}},{"type":"Feature","properties":{"n":"EL BARRILOCHO","m":"MASAGUA","a":"Baja","p":0},"geometry":{"type":"Point","coordinates":[-90.76693,14.08314]}},{"type":"Feature","properties":{"n":"SAN FERNANDO","m":"NUEVA CONCEPCION","a":"Media","p":0},"geometry":{"type":"Point","coordinates":[-91.25265,14.08246]}},{"type":"Feature","properties":{"n":"COSTA RICA LA GOMERA","m":"LA GOMERA","a":"Alta","p":426},"geometry":{"type":"Point","coordinates":[-91.05387,14.08413]}},{"type":"Feature","properties":{"n":"HOJA VERDE","m":"LA GOMERA","a":"Media","p":0},"geometry":{"type":"Point","coordinates":[-91.06922,14.08425]}},{"type":"Feature","properties":{"n":"CALLE BRISAS DEL MAR","m":"NUEVA CONCEPCION","a":"Alta","p":600},"geometry":{"type":"Point","coordinates":[-91.28635,14.0839]}},{"type":"Feature","properties":{"n":"CALLE BRISAS DEL MAR","m":"NUEVA CONCEPCION","a":"Media","p":0},"geometry":{"type":"Point","coordinates":[-91.27756,14.08439]}},{"type":"Feature","properties":{"n":"JUMAY","m":"TIQUISATE","a":"Alta","p":6},"geometry":{"type":"Point","coordinates":[-91.50599,14.08413]}},{"type":"Feature","properties":{"n":"LOS LAURELES","m":"LA GOMERA","a":"Alta","p":0},"geometry":{"type":"Point","coordinates":[-91.02438,14.08711]}},{"type":"Feature","properties":{"n":"COLOMBIA","m":"LA GOMERA","a":"Media","p":163},"geometry":{"type":"Point","coordinates":[-91.05914,14.0878]}},{"type":"Feature","properties":{"n":"LIBERTAD  LAS  CRUCES","m":"LA GOMERA","a":"Media","p":248},"geometry":{"type":"Point","coordinates":[-91.1659,14.08778]}},{"type":"Feature","properties":{"n":"EL REFUGIO","m":"LA GOMERA","a":"Media","p":1},"geometry":{"type":"Point","coordinates":[-91.16081,14.08828]}},{"type":"Feature","properties":{"n":"EL BOQUERON","m":"MASAGUA","a":"Baja","p":71},"geometry":{"type":"Point","coordinates":[-90.7887,14.08902]}},{"type":"Feature","properties":{"n":"PRIMAVERA","m":"TIQUISATE","a":"Baja","p":378},"geometry":{"type":"Point","coordinates":[-91.46042,14.08753]}},{"type":"Feature","properties":{"n":"LA DANTA","m":"SANTO DOMINGO SUCHITEPEQUEZ","a":"Alta","p":0},"geometry":{"type":"Point","coordinates":[-91.54969,14.08722]}},{"type":"Feature","properties":{"n":"EL QUETZAL","m":"MASAGUA","a":"Media","p":0},"geometry":{"type":"Point","coordinates":[-90.84113,14.0894]}},{"type":"Feature","properties":{"n":"LA ENCANTADORA","m":"MASAGUA","a":"Media","p":0},"geometry":{"type":"Point","coordinates":[-90.84383,14.08972]}},{"type":"Feature","properties":{"n":"EL MANANTIAL","m":"GUANAGAZAPA","a":"Alta","p":39},"geometry":{"type":"Point","coordinates":[-90.67241,14.09007]}},{"type":"Feature","properties":{"n":"LAS MERCEDES","m":"NUEVA CONCEPCION","a":"Baja","p":0},"geometry":{"type":"Point","coordinates":[-91.41246,14.08912]}},{"type":"Feature","properties":{"n":"PALO BLANCO","m":"TIQUISATE","a":"Baja","p":226},"geometry":{"type":"Point","coordinates":[-91.46205,14.08977]}},{"type":"Feature","properties":{"n":"LAS CRUCES","m":"LA GOMERA","a":"Baja","p":1702},"geometry":{"type":"Point","coordinates":[-91.14327,14.09126]}},{"type":"Feature","properties":{"n":"LOS FIERROS ANEXO","m":"ZAPOTITLAN","a":"Alta","p":0},"geometry":{"type":"Point","coordinates":[-89.84889,14.09153]}},{"type":"Feature","properties":{"n":"AMAITE","m":"LA DEMOCRACIA","a":"Muy Alta","p":14},"geometry":{"type":"Point","coordinates":[-91.00173,14.09192]}},{"type":"Feature","properties":{"n":"EL PILAR","m":"LA DEMOCRACIA","a":"Alta","p":977},"geometry":{"type":"Point","coordinates":[-90.93211,14.09227]}},{"type":"Feature","properties":{"n":"TROCHA RANCHO ALEGRE","m":"NUEVA CONCEPCION","a":"Media","p":148},"geometry":{"type":"Point","coordinates":[-91.28264,14.09185]}},{"type":"Feature","properties":{"n":"MONTEVIDEO","m":"LA GOMERA","a":"Alta","p":0},"geometry":{"type":"Point","coordinates":[-91.05038,14.09336]}},{"type":"Feature","properties":{"n":"SANTA RITA","m":"LA GOMERA","a":"Media","p":0},"geometry":{"type":"Point","coordinates":[-91.05997,14.09336]}},{"type":"Feature","properties":{"n":"SAN ANTONIO RIO SECO","m":"LA GOMERA","a":"Media","p":28},"geometry":{"type":"Point","coordinates":[-91.1184,14.09352]}},{"type":"Feature","properties":{"n":"BORINQUEP","m":"SANTO DOMINGO SUCHITEPEQUEZ","a":"Media","p":0},"geometry":{"type":"Point","coordinates":[-91.52473,14.09332]}},{"type":"Feature","properties":{"n":"EL NARANJITO","m":"TAXISCO","a":"Muy Alta","p":136},"geometry":{"type":"Point","coordinates":[-90.54756,14.09569]}},{"type":"Feature","properties":{"n":"TROCHA III","m":"NUEVA CONCEPCION","a":"Alta","p":1401},"geometry":{"type":"Point","coordinates":[-91.29854,14.09475]}},{"type":"Feature","properties":{"n":"LAS FLORES","m":"ORATORIO","a":"Alta","p":0},"geometry":{"type":"Point","coordinates":[-90.1289,14.09589]}},{"type":"Feature","properties":{"n":"EL MILAGRO","m":"MASAGUA","a":"Muy Alta","p":0},"geometry":{"type":"Point","coordinates":[-90.80532,14.09612]}},{"type":"Feature","properties":{"n":"LOS FIERROS","m":"ZAPOTITLAN","a":"Alta","p":132},"geometry":{"type":"Point","coordinates":[-89.84489,14.09634]}},{"type":"Feature","properties":{"n":"SAN ANTONIO EL SOCORRO","m":"LA GOMERA","a":"Muy Alta","p":34},"geometry":{"type":"Point","coordinates":[-91.11514,14.09653]}},{"type":"Feature","properties":{"n":"LAS ILUSIONES SANTA ANITA","m":"TAXISCO","a":"Alta","p":0},"geometry":{"type":"Point","coordinates":[-90.60039,14.09872]}},{"type":"Feature","properties":{"n":"CHIPILAPA","m":"LA GOMERA","a":"Media","p":920},"geometry":{"type":"Point","coordinates":[-91.05233,14.09817]}},{"type":"Feature","properties":{"n":"LAS ILUSIONES I","m":"GUANAGAZAPA","a":"Media","p":92},"geometry":{"type":"Point","coordinates":[-90.60831,14.09882]}},{"type":"Feature","properties":{"n":"LA FE","m":"MASAGUA","a":"Media","p":0},"geometry":{"type":"Point","coordinates":[-90.84516,14.09875]}},{"type":"Feature","properties":{"n":"SANTA ANITA EL JOBO","m":"GUANAGAZAPA","a":"Media","p":180},"geometry":{"type":"Point","coordinates":[-90.58555,14.09901]}},{"type":"Feature","properties":{"n":"LAS ILUSIONES","m":"TAXISCO","a":"Alta","p":0},"geometry":{"type":"Point","coordinates":[-90.60877,14.09928]}},{"type":"Feature","properties":{"n":"EL DIAMANTE","m":"MASAGUA","a":"Muy Alta","p":29},"geometry":{"type":"Point","coordinates":[-90.81689,14.09912]}},{"type":"Feature","properties":{"n":"TAHUEXCO","m":"SAN LORENZO","a":"Media","p":513},"geometry":{"type":"Point","coordinates":[-91.62052,14.09707]}},{"type":"Feature","properties":{"n":"CALLE ESTRELLA DEL SUR","m":"NUEVA CONCEPCION","a":"Alta","p":243},"geometry":{"type":"Point","coordinates":[-91.27229,14.09848]}},{"type":"Feature","properties":{"n":"SANTO DOMINGO","m":"NUEVA CONCEPCION","a":"Muy Alta","p":118},"geometry":{"type":"Point","coordinates":[-91.23605,14.10061]}},{"type":"Feature","properties":{"n":"EL TIGRE","m":"SAN LORENZO","a":"Media","p":0},"geometry":{"type":"Point","coordinates":[-91.59058,14.09935]}},{"type":"Feature","properties":{"n":"EL BRINCO","m":"NUEVA CONCEPCION","a":"Baja","p":0},"geometry":{"type":"Point","coordinates":[-91.40385,14.10108]}},{"type":"Feature","properties":{"n":"MONTE ALEGRE","m":"LA GOMERA","a":"Media","p":0},"geometry":{"type":"Point","coordinates":[-91.0293,14.10255]}},{"type":"Feature","properties":{"n":"SANTA MARTA","m":"SANTO DOMINGO SUCHITEPEQUEZ","a":"Media","p":17},"geometry":{"type":"Point","coordinates":[-91.51881,14.10113]}},{"type":"Feature","properties":{"n":"LAS CARMELAS","m":"MASAGUA","a":"Muy Alta","p":0},"geometry":{"type":"Point","coordinates":[-90.81721,14.1033]}},{"type":"Feature","properties":{"n":"SANTA MARINA","m":"LA DEMOCRACIA","a":"Muy Alta","p":0},"geometry":{"type":"Point","coordinates":[-91.00558,14.10318]}},{"type":"Feature","properties":{"n":"SAN JERONIMO","m":"LA GOMERA","a":"Media","p":75},"geometry":{"type":"Point","coordinates":[-91.06142,14.10313]}},{"type":"Feature","properties":{"n":"TROCHA DEL TIGRE","m":"NUEVA CONCEPCION","a":"Alta","p":1423},"geometry":{"type":"Point","coordinates":[-91.31111,14.10287]}},{"type":"Feature","properties":{"n":"EL PORVENIR","m":"LA GOMERA","a":"Media","p":1047},"geometry":{"type":"Point","coordinates":[-91.05817,14.10392]}},{"type":"Feature","properties":{"n":"SANTA BARBARA","m":"LA DEMOCRACIA","a":"Alta","p":18},"geometry":{"type":"Point","coordinates":[-90.93354,14.10507]}},{"type":"Feature","properties":{"n":"EL  SILENCIO","m":"LA GOMERA","a":"Alta","p":596},"geometry":{"type":"Point","coordinates":[-91.10814,14.10483]}},{"type":"Feature","properties":{"n":"EL CULATILLO","m":"LA GOMERA","a":"Alta","p":323},"geometry":{"type":"Point","coordinates":[-91.05082,14.10587]}},{"type":"Feature","properties":{"n":"EL NARANJO","m":"MASAGUA","a":"Media","p":93},"geometry":{"type":"Point","coordinates":[-90.8379,14.10655]}},{"type":"Feature","properties":{"n":"LIMON","m":"TIQUISATE","a":"Media","p":291},"geometry":{"type":"Point","coordinates":[-91.44987,14.10616]}},{"type":"Feature","properties":{"n":"DICHA FLOR","m":"MAZATENANGO","a":"Media","p":87},"geometry":{"type":"Point","coordinates":[-91.59203,14.10558]}},{"type":"Feature","properties":{"n":"LA SABANA","m":"NUEVA CONCEPCION","a":"Media","p":558},"geometry":{"type":"Point","coordinates":[-91.25383,14.10698]}},{"type":"Feature","properties":{"n":"LA ESMERALDA","m":"MASAGUA","a":"Baja","p":477},"geometry":{"type":"Point","coordinates":[-90.85116,14.10802]}},{"type":"Feature","properties":{"n":"CALLE LA SABANA","m":"NUEVA CONCEPCION","a":"Alta","p":189},"geometry":{"type":"Point","coordinates":[-91.27545,14.10747]}},{"type":"Feature","properties":{"n":"ZUNIL","m":"TIQUISATE","a":"Media","p":80},"geometry":{"type":"Point","coordinates":[-91.49086,14.10735]}},{"type":"Feature","properties":{"n":"LA SENAL","m":"LA GOMERA","a":"Media","p":861},"geometry":{"type":"Point","coordinates":[-91.05764,14.10895]}},{"type":"Feature","properties":{"n":"LAGUNA ZARCA","m":"MAZATENANGO","a":"Media","p":2},"geometry":{"type":"Point","coordinates":[-91.63737,14.10691]}},{"type":"Feature","properties":{"n":"LOS CASTANOS","m":"MASAGUA","a":"Baja","p":0},"geometry":{"type":"Point","coordinates":[-90.83587,14.10984]}},{"type":"Feature","properties":{"n":"BUENA VISTA","m":"NUEVA CONCEPCION","a":"Alta","p":183},"geometry":{"type":"Point","coordinates":[-91.28458,14.11031]}},{"type":"Feature","properties":{"n":"CALLE ONCE","m":"NUEVA CONCEPCION","a":"Media","p":146},"geometry":{"type":"Point","coordinates":[-91.28332,14.11102]}},{"type":"Feature","properties":{"n":"LAS MERCEDES","m":"GUANAGAZAPA","a":"Muy Alta","p":56},"geometry":{"type":"Point","coordinates":[-90.66601,14.11306]}},{"type":"Feature","properties":{"n":"BUGAMBILIA","m":"LA DEMOCRACIA","a":"Muy Alta","p":132},"geometry":{"type":"Point","coordinates":[-90.92074,14.11302]}},{"type":"Feature","properties":{"n":"MARIA LINDA","m":"GUANAGAZAPA","a":"Media","p":0},"geometry":{"type":"Point","coordinates":[-90.64207,14.11405]}},{"type":"Feature","properties":{"n":"SALINAS MORELIA O SAN JUAN","m":"MAZATENANGO","a":"Media","p":26},"geometry":{"type":"Point","coordinates":[-91.6439,14.112]}},{"type":"Feature","properties":{"n":"LOS CAPITANES","m":"TIQUISATE","a":"Media","p":67},"geometry":{"type":"Point","coordinates":[-91.40853,14.1133]}},{"type":"Feature","properties":{"n":"EL APERSOGADERO","m":"ORATORIO","a":"Alta","p":33},"geometry":{"type":"Point","coordinates":[-90.09691,14.11554]}},{"type":"Feature","properties":{"n":"CENTRO URBANO YADMINISTRATI","m":"NUEVA CONCEPCION","a":"Alta","p":0},"geometry":{"type":"Point","coordinates":[-91.29103,14.11482]}},{"type":"Feature","properties":{"n":"GUANIPA","m":"LA GOMERA","a":"Media","p":101},"geometry":{"type":"Point","coordinates":[-91.2122,14.11514]}},{"type":"Feature","properties":{"n":"TROCHA EL SOMBRERO","m":"NUEVA CONCEPCION","a":"Alta","p":351},"geometry":{"type":"Point","coordinates":[-91.31579,14.1151]}},{"type":"Feature","properties":{"n":"LA ESPERANZA","m":"SANTO DOMINGO SUCHITEPEQUEZ","a":"Baja","p":0},"geometry":{"type":"Point","coordinates":[-91.55352,14.11493]}},{"type":"Feature","properties":{"n":"SANTA TERESITA LAS FLORES","m":"GUANAGAZAPA","a":"Media","p":0},"geometry":{"type":"Point","coordinates":[-90.64608,14.11897]}},{"type":"Feature","properties":{"n":"TOLIMAN","m":"TIQUISATE","a":"Media","p":13},"geometry":{"type":"Point","coordinates":[-91.48438,14.11762]}},{"type":"Feature","properties":{"n":"CALLE DE ORIENTE","m":"NUEVA CONCEPCION","a":"Media","p":194},"geometry":{"type":"Point","coordinates":[-91.27413,14.1193]}},{"type":"Feature","properties":{"n":"BICINIA","m":"SANTO DOMINGO SUCHITEPEQUEZ","a":"Baja","p":0},"geometry":{"type":"Point","coordinates":[-91.51085,14.11843]}},{"type":"Feature","properties":{"n":"CHIRRISTEPEQUE","m":"MAZATENANGO","a":"Media","p":216},"geometry":{"type":"Point","coordinates":[-91.65329,14.11783]}},{"type":"Feature","properties":{"n":"MARIA LINDA","m":"GUANAGAZAPA","a":"Media","p":170},"geometry":{"type":"Point","coordinates":[-90.64573,14.1218]}},{"type":"Feature","properties":{"n":"HACIENDA VIEJA","m":"ORATORIO","a":"Alta","p":20},"geometry":{"type":"Point","coordinates":[-90.09895,14.1217]}},{"type":"Feature","properties":{"n":"LA LIBERTAD","m":"NUEVA CONCEPCION","a":"Media","p":244},"geometry":{"type":"Point","coordinates":[-91.25077,14.12091]}},{"type":"Feature","properties":{"n":"AGRICOLA","m":"LA GOMERA","a":"Media","p":4},"geometry":{"type":"Point","coordinates":[-91.12152,14.12144]}},{"type":"Feature","properties":{"n":"LOS TIESTOS","m":"SAN LORENZO","a":"Baja","p":0},"geometry":{"type":"Point","coordinates":[-91.55588,14.12009]}},{"type":"Feature","properties":{"n":"EL ROSARIO","m":"TIQUISATE","a":"Media","p":0},"geometry":{"type":"Point","coordinates":[-91.42693,14.12072]}},{"type":"Feature","properties":{"n":"SANTA ANA MIXTAN","m":"NUEVA CONCEPCION","a":"Media","p":1145},"geometry":{"type":"Point","coordinates":[-91.23091,14.1216]}},{"type":"Feature","properties":{"n":"LOS CILOS","m":"NUEVA CONCEPCION","a":"Alta","p":212},"geometry":{"type":"Point","coordinates":[-91.30707,14.12138]}},{"type":"Feature","properties":{"n":"COSTA SUR","m":"NUEVA CONCEPCION","a":"Alta","p":282},"geometry":{"type":"Point","coordinates":[-91.27397,14.12154]}},{"type":"Feature","properties":{"n":"BARCELONA","m":"GUANAGAZAPA","a":"Alta","p":27},"geometry":{"type":"Point","coordinates":[-90.67357,14.12273]}},{"type":"Feature","properties":{"n":"LA NUEVA PROVIDENCIA","m":"LA DEMOCRACIA","a":"Muy Alta","p":0},"geometry":{"type":"Point","coordinates":[-91.00568,14.12248]}},{"type":"Feature","properties":{"n":"ARGELIA","m":"GUANAGAZAPA","a":"Alta","p":55},"geometry":{"type":"Point","coordinates":[-90.67666,14.12296]}},{"type":"Feature","properties":{"n":"LAS FLORES","m":"GUANAGAZAPA","a":"Media","p":441},"geometry":{"type":"Point","coordinates":[-90.64722,14.12373]}},{"type":"Feature","properties":{"n":"EL JICARAL","m":"JALPATAGUA","a":"Alta","p":1301},"geometry":{"type":"Point","coordinates":[-90.01738,14.12409]}},{"type":"Feature","properties":{"n":"CHURIRIN","m":"MAZATENANGO","a":"Baja","p":617},"geometry":{"type":"Point","coordinates":[-91.66078,14.12233]}},{"type":"Feature","properties":{"n":"LIMONES ASERRADERO","m":"LA GOMERA","a":"Media","p":7},"geometry":{"type":"Point","coordinates":[-91.0645,14.12467]}},{"type":"Feature","properties":{"n":"CUYUTLAN","m":"SAN LORENZO","a":"Media","p":0},"geometry":{"type":"Point","coordinates":[-91.61333,14.12293]}},{"type":"Feature","properties":{"n":"LA ESMERALDA","m":"GUANAGAZAPA","a":"Muy Alta","p":0},"geometry":{"type":"Point","coordinates":[-90.65464,14.12621]}},{"type":"Feature","properties":{"n":"EL CARMEN","m":"SAN LORENZO","a":"Media","p":0},"geometry":{"type":"Point","coordinates":[-91.60674,14.12396]}},{"type":"Feature","properties":{"n":"MOYUTA O EL CAMPESINO","m":"TIQUISATE","a":"Media","p":62},"geometry":{"type":"Point","coordinates":[-91.48116,14.1246]}},{"type":"Feature","properties":{"n":"LAS ILUSIONES","m":"LA DEMOCRACIA","a":"Baja","p":35},"geometry":{"type":"Point","coordinates":[-90.99104,14.12644]}},{"type":"Feature","properties":{"n":"OBRAJE","m":"LA GOMERA","a":"Alta","p":194},"geometry":{"type":"Point","coordinates":[-91.05091,14.12642]}},{"type":"Feature","properties":{"n":"EL PORVENIR O HATO VIEJO","m":"JALPATAGUA","a":"Alta","p":65},"geometry":{"type":"Point","coordinates":[-90.00309,14.12687]}},{"type":"Feature","properties":{"n":"EL CASPIROL","m":"JALPATAGUA","a":"Media","p":0},"geometry":{"type":"Point","coordinates":[-90.03667,14.12848]}},{"type":"Feature","properties":{"n":"MOYUTA","m":"TIQUISATE","a":"Media","p":0},"geometry":{"type":"Point","coordinates":[-91.48017,14.12723]}},{"type":"Feature","properties":{"n":"CENTRO DE MECANIZACION AGRICOLA","m":"NUEVA CONCEPCION","a":"Media","p":165},"geometry":{"type":"Point","coordinates":[-91.29937,14.12793]}},{"type":"Feature","properties":{"n":"MARGARITA","m":"LA GOMERA","a":"Media","p":6},"geometry":{"type":"Point","coordinates":[-91.19176,14.12927]}},{"type":"Feature","properties":{"n":"EL CERRITO","m":"GUANAGAZAPA","a":"Media","p":0},"geometry":{"type":"Point","coordinates":[-90.64568,14.13059]}},{"type":"Feature","properties":{"n":"EL CEDRO","m":"TIQUISATE","a":"Baja","p":0},"geometry":{"type":"Point","coordinates":[-91.43977,14.1292]}},{"type":"Feature","properties":{"n":"EL HATO","m":"LA GOMERA","a":"Media","p":0},"geometry":{"type":"Point","coordinates":[-91.01281,14.13068]}},{"type":"Feature","properties":{"n":"EL NOVILLERO","m":"NUEVA CONCEPCION","a":"Media","p":378},"geometry":{"type":"Point","coordinates":[-91.24471,14.13041]}},{"type":"Feature","properties":{"n":"MANGALES","m":"MAZATENANGO","a":"Baja","p":0},"geometry":{"type":"Point","coordinates":[-91.6384,14.1293]}},{"type":"Feature","properties":{"n":"CALLE DEL PARAISO","m":"NUEVA CONCEPCION","a":"Media","p":343},"geometry":{"type":"Point","coordinates":[-91.26867,14.13129]}},{"type":"Feature","properties":{"n":"LA CEIBA","m":"TIQUISATE","a":"Baja","p":238},"geometry":{"type":"Point","coordinates":[-91.44233,14.13075]}},{"type":"Feature","properties":{"n":"CALLE DE LOS SILOS","m":"NUEVA CONCEPCION","a":"Alta","p":0},"geometry":{"type":"Point","coordinates":[-91.31902,14.13201]}},{"type":"Feature","properties":{"n":"EL PLAYON","m":"COMAPA","a":"Alta","p":278},"geometry":{"type":"Point","coordinates":[-89.86021,14.134]}},{"type":"Feature","properties":{"n":"SANTA IRENE","m":"SANTO DOMINGO SUCHITEPEQUEZ","a":"Media","p":81},"geometry":{"type":"Point","coordinates":[-91.49726,14.13338]}},{"type":"Feature","properties":{"n":"SAN JOSE","m":"JALPATAGUA","a":"Alta","p":60},"geometry":{"type":"Point","coordinates":[-90.03625,14.13538]}},{"type":"Feature","properties":{"n":"FLECHA ROJA","m":"NUEVA CONCEPCION","a":"Alta","p":619},"geometry":{"type":"Point","coordinates":[-91.29375,14.13468]}},{"type":"Feature","properties":{"n":"SANTA CANDELARIA","m":"TIQUISATE","a":"Alta","p":0},"geometry":{"type":"Point","coordinates":[-91.4992,14.13488]}},{"type":"Feature","properties":{"n":"VICTORIAS","m":"LA DEMOCRACIA","a":"Baja","p":0},"geometry":{"type":"Point","coordinates":[-90.99736,14.13681]}},{"type":"Feature","properties":{"n":"CALLE DE LOS CERRITOS","m":"NUEVA CONCEPCION","a":"Alta","p":0},"geometry":{"type":"Point","coordinates":[-91.30325,14.13646]}},{"type":"Feature","properties":{"n":"BELEN","m":"MASAGUA","a":"Media","p":652},"geometry":{"type":"Point","coordinates":[-90.83373,14.13798]}},{"type":"Feature","properties":{"n":"MELGAR","m":"JALPATAGUA","a":"Media","p":0},"geometry":{"type":"Point","coordinates":[-90.02823,14.13798]}},{"type":"Feature","properties":{"n":"LA PROMESA","m":"SANTO DOMINGO SUCHITEPEQUEZ","a":"Alta","p":0},"geometry":{"type":"Point","coordinates":[-91.52309,14.13673]}},{"type":"Feature","properties":{"n":"TROCHA LOS SILOS","m":"NUEVA CONCEPCION","a":"Alta","p":312},"geometry":{"type":"Point","coordinates":[-91.34054,14.13771]}},{"type":"Feature","properties":{"n":"BARRA CHOCA","m":"CUYOTENANGO","a":"Alta","p":0},"geometry":{"type":"Point","coordinates":[-91.68501,14.13682]}},{"type":"Feature","properties":{"n":"IXTAPEQUE","m":"TIQUISATE","a":"Baja","p":0},"geometry":{"type":"Point","coordinates":[-91.473,14.1393]}},{"type":"Feature","properties":{"n":"CALLE DEL UJUXTE","m":"NUEVA CONCEPCION","a":"Baja","p":442},"geometry":{"type":"Point","coordinates":[-91.28384,14.14097]}},{"type":"Feature","properties":{"n":"EL GALAN","m":"GUANAGAZAPA","a":"Alta","p":371},"geometry":{"type":"Point","coordinates":[-90.64378,14.14258]}},{"type":"Feature","properties":{"n":"EL TRIUNFO","m":"GUANAGAZAPA","a":"Muy Alta","p":0},"geometry":{"type":"Point","coordinates":[-90.66197,14.14382]}},{"type":"Feature","properties":{"n":"EL CASTANO","m":"SANTO DOMINGO SUCHITEPEQUEZ","a":"Baja","p":0},"geometry":{"type":"Point","coordinates":[-91.48841,14.14214]}},{"type":"Feature","properties":{"n":"LA CONFIANZA","m":"LA GOMERA","a":"Alta","p":16},"geometry":{"type":"Point","coordinates":[-91.18916,14.14345]}},{"type":"Feature","properties":{"n":"NUEVA LINDA","m":"TIQUISATE","a":"Baja","p":0},"geometry":{"type":"Point","coordinates":[-91.42879,14.14329]}},{"type":"Feature","properties":{"n":"CANOGUITAS","m":"NUEVA CONCEPCION","a":"Alta","p":893},"geometry":{"type":"Point","coordinates":[-91.20625,14.1441]}},{"type":"Feature","properties":{"n":"EL CASTANO","m":"TIQUISATE","a":"Baja","p":0},"geometry":{"type":"Point","coordinates":[-91.48827,14.14356]}},{"type":"Feature","properties":{"n":"CHICALES","m":"MAZATENANGO","a":"Alta","p":108},"geometry":{"type":"Point","coordinates":[-91.65651,14.14287]}},{"type":"Feature","properties":{"n":"VASCONIA","m":"LA GOMERA","a":"Baja","p":0},"geometry":{"type":"Point","coordinates":[-90.99864,14.14525]}},{"type":"Feature","properties":{"n":"LAGUNA VERDE","m":"SAN LORENZO","a":"Media","p":0},"geometry":{"type":"Point","coordinates":[-91.64558,14.14309]}},{"type":"Feature","properties":{"n":"LAS VEGAS","m":"TIQUISATE","a":"Baja","p":121},"geometry":{"type":"Point","coordinates":[-91.37502,14.14456]}},{"type":"Feature","properties":{"n":"GUACAMAYAS","m":"GUANAGAZAPA","a":"Muy Alta","p":0},"geometry":{"type":"Point","coordinates":[-90.63829,14.14622]}},{"type":"Feature","properties":{"n":"OBRAJE","m":"LA GOMERA","a":"Baja","p":0},"geometry":{"type":"Point","coordinates":[-91.01724,14.14581]}},{"type":"Feature","properties":{"n":"CENTRO AMERICA","m":"NUEVA CONCEPCION","a":"Baja","p":726},"geometry":{"type":"Point","coordinates":[-91.26108,14.14588]}},{"type":"Feature","properties":{"n":"BRITO","m":"GUANAGAZAPA","a":"Alta","p":725},"geometry":{"type":"Point","coordinates":[-90.66344,14.14705]}},{"type":"Feature","properties":{"n":"PARCELAS PALO BLANCO","m":"NUEVA CONCEPCION","a":"Media","p":149},"geometry":{"type":"Point","coordinates":[-91.33542,14.1462]}},{"type":"Feature","properties":{"n":"IRLANDA","m":"TIQUISATE","a":"Baja","p":116},"geometry":{"type":"Point","coordinates":[-91.42777,14.14639]}},{"type":"Feature","properties":{"n":"LOS LIMONES","m":"SANTO DOMINGO SUCHITEPEQUEZ","a":"Alta","p":29},"geometry":{"type":"Point","coordinates":[-91.48935,14.14668]}},{"type":"Feature","properties":{"n":"LA SORPRESA","m":"SAN LORENZO","a":"Alta","p":0},"geometry":{"type":"Point","coordinates":[-91.51695,14.1466]}},{"type":"Feature","properties":{"n":"SANTA FE","m":"GUANAGAZAPA","a":"Baja","p":319},"geometry":{"type":"Point","coordinates":[-90.67183,14.15007]}},{"type":"Feature","properties":{"n":"SAN SIMON","m":"SAN LORENZO","a":"Media","p":0},"geometry":{"type":"Point","coordinates":[-91.63646,14.14808]}},{"type":"Feature","properties":{"n":"LA FLORIDA","m":"NUEVA CONCEPCION","a":"Alta","p":0},"geometry":{"type":"Point","coordinates":[-91.21046,14.15011]}},{"type":"Feature","properties":{"n":"FINCA SAN ISIDRO","m":"LA GOMERA","a":"Baja","p":20},"geometry":{"type":"Point","coordinates":[-91.00688,14.15081]}},{"type":"Feature","properties":{"n":"LA LAGUNA","m":"SAN LORENZO","a":"Alta","p":0},"geometry":{"type":"Point","coordinates":[-91.65479,14.14865]}},{"type":"Feature","properties":{"n":"CALLE EL CHIRIBISCO","m":"NUEVA CONCEPCION","a":"Media","p":510},"geometry":{"type":"Point","coordinates":[-91.29033,14.15068]}},{"type":"Feature","properties":{"n":"LOS ENCUENTROS","m":"CUYOTENANGO","a":"Media","p":0},"geometry":{"type":"Point","coordinates":[-91.65984,14.14983]}},{"type":"Feature","properties":{"n":"SAN JOSE ICAN","m":"SAN LORENZO","a":"Media","p":0},"geometry":{"type":"Point","coordinates":[-91.60111,14.15136]}},{"type":"Feature","properties":{"n":"PALO BLANCO SECTOR NUEVE","m":"NUEVA CONCEPCION","a":"Baja","p":278},"geometry":{"type":"Point","coordinates":[-91.3357,14.15249]}},{"type":"Feature","properties":{"n":"LINEA B21","m":"CUYOTENANGO","a":"Media","p":0},"geometry":{"type":"Point","coordinates":[-91.64386,14.15144]}},{"type":"Feature","properties":{"n":"IPALA","m":"TIQUISATE","a":"Media","p":110},"geometry":{"type":"Point","coordinates":[-91.46426,14.15398]}},{"type":"Feature","properties":{"n":"LINEA B20","m":"CUYOTENANGO","a":"Media","p":0},"geometry":{"type":"Point","coordinates":[-91.643,14.15384]}},{"type":"Feature","properties":{"n":"JAPON SANDOVAL","m":"SANTO DOMINGO SUCHITEPEQUEZ","a":"Baja","p":33},"geometry":{"type":"Point","coordinates":[-91.55093,14.15478]}},{"type":"Feature","properties":{"n":"BRANAS","m":"SAN LORENZO","a":"Baja","p":0},"geometry":{"type":"Point","coordinates":[-91.59338,14.15539]}},{"type":"Feature","properties":{"n":"LA CONFIANZA","m":"LA GOMERA","a":"Alta","p":0},"geometry":{"type":"Point","coordinates":[-91.18186,14.15735]}},{"type":"Feature","properties":{"n":"COYOLATE","m":"NUEVA CONCEPCION","a":"Media","p":0},"geometry":{"type":"Point","coordinates":[-91.18708,14.15755]}},{"type":"Feature","properties":{"n":"LAS BRISAS","m":"TIQUISATE","a":"Baja","p":0},"geometry":{"type":"Point","coordinates":[-91.43454,14.15706]}},{"type":"Feature","properties":{"n":"CALLE DEL PARAISO","m":"NUEVA CONCEPCION","a":"Baja","p":136},"geometry":{"type":"Point","coordinates":[-91.29529,14.15793]}},{"type":"Feature","properties":{"n":"EL CRISTO","m":"SAN LORENZO","a":"Media","p":0},"geometry":{"type":"Point","coordinates":[-91.63128,14.15758]}},{"type":"Feature","properties":{"n":"EL LAGARTERON","m":"CUYOTENANGO","a":"Baja","p":0},"geometry":{"type":"Point","coordinates":[-91.67923,14.15771]}},{"type":"Feature","properties":{"n":"LOS ALAMOS","m":"SANTO DOMINGO SUCHITEPEQUEZ","a":"Baja","p":0},"geometry":{"type":"Point","coordinates":[-91.48224,14.15879]}},{"type":"Feature","properties":{"n":"LA CUCHILLA","m":"CUYOTENANGO","a":"Baja","p":0},"geometry":{"type":"Point","coordinates":[-91.64438,14.15817]}},{"type":"Feature","properties":{"n":"LOS ALAMOS (ANEXO FINCA )","m":"SANTO DOMINGO SUCHITEPEQUEZ","a":"Alta","p":78},"geometry":{"type":"Point","coordinates":[-91.51321,14.15916]}},{"type":"Feature","properties":{"n":"LA CEIBA","m":"ORATORIO","a":"Media","p":164},"geometry":{"type":"Point","coordinates":[-90.15685,14.16287]}},{"type":"Feature","properties":{"n":"BOLIVIA","m":"ESCUINTLA","a":"Alta","p":0},"geometry":{"type":"Point","coordinates":[-90.67188,14.16408]}},{"type":"Feature","properties":{"n":"VERSALLES","m":"MASAGUA","a":"Alta","p":294},"geometry":{"type":"Point","coordinates":[-90.88959,14.16407]}},{"type":"Feature","properties":{"n":"LA VIRGEN","m":"ORATORIO","a":"Media","p":0},"geometry":{"type":"Point","coordinates":[-90.17261,14.16429]}},{"type":"Feature","properties":{"n":"LA BARRONA","m":"CUYOTENANGO","a":"Media","p":0},"geometry":{"type":"Point","coordinates":[-91.72434,14.1615]}},{"type":"Feature","properties":{"n":"EL MORA","m":"NUEVA CONCEPCION","a":"Alta","p":1146},"geometry":{"type":"Point","coordinates":[-91.23326,14.16395]}},{"type":"Feature","properties":{"n":"LINEA B19","m":"CUYOTENANGO","a":"Alta","p":0},"geometry":{"type":"Point","coordinates":[-91.63684,14.16256]}},{"type":"Feature","properties":{"n":"INFO","m":"NUEVA CONCEPCION","a":"Baja","p":614},"geometry":{"type":"Point","coordinates":[-91.27575,14.16452]}},{"type":"Feature","properties":{"n":"CERRO COLORADO","m":"LA GOMERA","a":"Media","p":2071},"geometry":{"type":"Point","coordinates":[-91.16607,14.16487]}},{"type":"Feature","properties":{"n":"CALCUTA","m":"SANTO DOMINGO SUCHITEPEQUEZ","a":"Baja","p":36},"geometry":{"type":"Point","coordinates":[-91.47803,14.16444]}},{"type":"Feature","properties":{"n":"SAN JOSE EL PLATANARCITO","m":"SAN LORENZO","a":"Alta","p":0},"geometry":{"type":"Point","coordinates":[-91.62607,14.16416]}},{"type":"Feature","properties":{"n":"VERACRUZ","m":"SANTO DOMINGO SUCHITEPEQUEZ","a":"Media","p":0},"geometry":{"type":"Point","coordinates":[-91.52461,14.16475]}},{"type":"Feature","properties":{"n":"LA FE PACAYA","m":"TIQUISATE","a":"Baja","p":44},"geometry":{"type":"Point","coordinates":[-91.45652,14.16545]}},{"type":"Feature","properties":{"n":"EL CHARRO","m":"NUEVA CONCEPCION","a":"Muy Alta","p":350},"geometry":{"type":"Point","coordinates":[-91.23707,14.16627]}},{"type":"Feature","properties":{"n":"SAN JOSE EL ARMADO","m":"SANTO DOMINGO SUCHITEPEQUEZ","a":"Alta","p":0},"geometry":{"type":"Point","coordinates":[-91.53793,14.16643]}},{"type":"Feature","properties":{"n":"EL TULATE","m":"CUYOTENANGO","a":"Media","p":1381},"geometry":{"type":"Point","coordinates":[-91.71073,14.16601]}},{"type":"Feature","properties":{"n":"SANTA RITA","m":"SANTO DOMINGO SUCHITEPEQUEZ","a":"Media","p":590},"geometry":{"type":"Point","coordinates":[-91.54426,14.16859]}},{"type":"Feature","properties":{"n":"EL NARANJAL","m":"ORATORIO","a":"Baja","p":15},"geometry":{"type":"Point","coordinates":[-90.16528,14.17229]}},{"type":"Feature","properties":{"n":"PERPETUO SOCORRO Y/O MANGALITO","m":"SANTO DOMINGO SUCHITEPEQUEZ","a":"Media","p":0},"geometry":{"type":"Point","coordinates":[-91.47972,14.17112]}},{"type":"Feature","properties":{"n":"MONTE LEON","m":"NUEVA CONCEPCION","a":"Baja","p":742},"geometry":{"type":"Point","coordinates":[-91.18809,14.17233]}},{"type":"Feature","properties":{"n":"LOS CERRITOS","m":"NUEVA CONCEPCION","a":"Baja","p":227},"geometry":{"type":"Point","coordinates":[-91.29586,14.17217]}},{"type":"Feature","properties":{"n":"POZA VERDE","m":"NUEVA CONCEPCION","a":"Media","p":412},"geometry":{"type":"Point","coordinates":[-91.23062,14.17288]}},{"type":"Feature","properties":{"n":"LINEA B18","m":"CUYOTENANGO","a":"Muy Alta","p":0},"geometry":{"type":"Point","coordinates":[-91.63605,14.17283]}},{"type":"Feature","properties":{"n":"LA VERDE","m":"CUYOTENANGO","a":"Media","p":0},"geometry":{"type":"Point","coordinates":[-91.74072,14.17277]}},{"type":"Feature","properties":{"n":"BOLIVIA","m":"SANTO DOMINGO SUCHITEPEQUEZ","a":"Baja","p":2051},"geometry":{"type":"Point","coordinates":[-91.47038,14.17421]}},{"type":"Feature","properties":{"n":"OLIVOS","m":"NUEVA CONCEPCION","a":"Muy Alta","p":46},"geometry":{"type":"Point","coordinates":[-91.23553,14.17521]}},{"type":"Feature","properties":{"n":"RANCHO ALEGRE","m":"CUYOTENANGO","a":"Media","p":667},"geometry":{"type":"Point","coordinates":[-91.71184,14.17405]}},{"type":"Feature","properties":{"n":"POZA VERDE","m":"TIQUISATE","a":"Alta","p":64},"geometry":{"type":"Point","coordinates":[-91.39738,14.17574]}},{"type":"Feature","properties":{"n":"SAN JORGE","m":"SANTO DOMINGO SUCHITEPEQUEZ","a":"Alta","p":0},"geometry":{"type":"Point","coordinates":[-91.51542,14.17542]}},{"type":"Feature","properties":{"n":"SAN ANTONIO EL CONACASTE","m":"MAZATENANGO","a":"Alta","p":95},"geometry":{"type":"Point","coordinates":[-91.62894,14.17492]}},{"type":"Feature","properties":{"n":"MANELIZ","m":"SANTO DOMINGO SUCHITEPEQUEZ","a":"Baja","p":528},"geometry":{"type":"Point","coordinates":[-91.52798,14.17589]}},{"type":"Feature","properties":{"n":"LA VERDE","m":"CUYOTENANGO","a":"Alta","p":0},"geometry":{"type":"Point","coordinates":[-91.74154,14.1749]}},{"type":"Feature","properties":{"n":"EL OLVIDO","m":"CUYOTENANGO","a":"Alta","p":320},"geometry":{"type":"Point","coordinates":[-91.6994,14.17548]}},{"type":"Feature","properties":{"n":"WILLY WOODS","m":"SANTO DOMINGO SUCHITEPEQUEZ","a":"Media","p":972},"geometry":{"type":"Point","coordinates":[-91.53896,14.17627]}},{"type":"Feature","properties":{"n":"EL RETIRO","m":"SANTA LUCIA COTZUMALGUAPA","a":"Alta","p":0},"geometry":{"type":"Point","coordinates":[-91.12096,14.17775]}},{"type":"Feature","properties":{"n":"LOS ENCUENTROS","m":"MAZATENANGO","a":"Alta","p":72},"geometry":{"type":"Point","coordinates":[-91.61354,14.17608]}},{"type":"Feature","properties":{"n":"LAS LAGUNAS","m":"CUYOTENANGO","a":"Alta","p":0},"geometry":{"type":"Point","coordinates":[-91.66304,14.17725]}},{"type":"Feature","properties":{"n":"LINEA B17","m":"CUYOTENANGO","a":"Alta","p":0},"geometry":{"type":"Point","coordinates":[-91.62743,14.17745]}},{"type":"Feature","properties":{"n":"LOS ALAMOS","m":"SANTO DOMINGO SUCHITEPEQUEZ","a":"Baja","p":0},"geometry":{"type":"Point","coordinates":[-91.4797,14.17818]}},{"type":"Feature","properties":{"n":"SAN FRANCISCO","m":"MAZATENANGO","a":"Muy Alta","p":130},"geometry":{"type":"Point","coordinates":[-91.61329,14.17825]}},{"type":"Feature","properties":{"n":"DESMOTADORA AINSA","m":"SANTO DOMINGO SUCHITEPEQUEZ","a":"Media","p":0},"geometry":{"type":"Point","coordinates":[-91.49592,14.17895]}},{"type":"Feature","properties":{"n":"RANCHO SAN MARTIN","m":"CUYOTENANGO","a":"Media","p":0},"geometry":{"type":"Point","coordinates":[-91.66461,14.17901]}},{"type":"Feature","properties":{"n":"ALCASIA DOS","m":"ATESCATEMPA","a":"Alta","p":0},"geometry":{"type":"Point","coordinates":[-89.71295,14.1806]}},{"type":"Feature","properties":{"n":"LA ESCONDIDA","m":"CUYOTENANGO","a":"Alta","p":0},"geometry":{"type":"Point","coordinates":[-91.67523,14.17969]}},{"type":"Feature","properties":{"n":"VILLA AURORA","m":"SANTA LUCIA COTZUMALGUAPA","a":"Media","p":0},"geometry":{"type":"Point","coordinates":[-91.13341,14.18192]}},{"type":"Feature","properties":{"n":"EL EDEN","m":"ATESCATEMPA","a":"Muy Alta","p":0},"geometry":{"type":"Point","coordinates":[-89.72093,14.18166]}},{"type":"Feature","properties":{"n":"ALSACIA","m":"ATESCATEMPA","a":"Media","p":0},"geometry":{"type":"Point","coordinates":[-89.70781,14.18183]}},{"type":"Feature","properties":{"n":"LUPITA","m":"SANTO DOMINGO SUCHITEPEQUEZ","a":"Baja","p":690},"geometry":{"type":"Point","coordinates":[-91.52124,14.18146]}},{"type":"Feature","properties":{"n":"SAN CARLOS MALAGA","m":"SANTO DOMINGO SUCHITEPEQUEZ","a":"Media","p":1103},"geometry":{"type":"Point","coordinates":[-91.48981,14.1819]}},{"type":"Feature","properties":{"n":"SIN NOMBRE","m":"ATESCATEMPA","a":"Baja","p":0},"geometry":{"type":"Point","coordinates":[-89.70812,14.18318]}},{"type":"Feature","properties":{"n":"SAN VICENTE DE PAUL","m":"GUANAGAZAPA","a":"Baja","p":260},"geometry":{"type":"Point","coordinates":[-90.66592,14.18483]}},{"type":"Feature","properties":{"n":"RANCHO LA GLORIA","m":"CUYOTENANGO","a":"Alta","p":0},"geometry":{"type":"Point","coordinates":[-91.68973,14.18239]}},{"type":"Feature","properties":{"n":"AGUA FRIA O EL JICARAL","m":"ATESCATEMPA","a":"Baja","p":150},"geometry":{"type":"Point","coordinates":[-89.70087,14.18402]}},{"type":"Feature","properties":{"n":"EL PARAISO","m":"MAZATENANGO","a":"Muy Alta","p":758},"geometry":{"type":"Point","coordinates":[-91.60923,14.18321]}},{"type":"Feature","properties":{"n":"SAN NICOLAS MALAGA","m":"SANTO DOMINGO SUCHITEPEQUEZ","a":"Baja","p":0},"geometry":{"type":"Point","coordinates":[-91.47246,14.18428]}},{"type":"Feature","properties":{"n":"EL AMATILLO","m":"ESCUINTLA","a":"Baja","p":48},"geometry":{"type":"Point","coordinates":[-90.69328,14.18628]}},{"type":"Feature","properties":{"n":"PLAYA DE LA LAGUNA","m":"ATESCATEMPA","a":"Muy Alta","p":0},"geometry":{"type":"Point","coordinates":[-89.71082,14.18533]}},{"type":"Feature","properties":{"n":"MATEO","m":"CUYOTENANGO","a":"Media","p":0},"geometry":{"type":"Point","coordinates":[-91.75188,14.18342]}},{"type":"Feature","properties":{"n":"EL RECUERDO","m":"NUEVA CONCEPCION","a":"Media","p":166},"geometry":{"type":"Point","coordinates":[-91.21538,14.18567]}},{"type":"Feature","properties":{"n":"EL CHAGUITON","m":"ATESCATEMPA","a":"Alta","p":0},"geometry":{"type":"Point","coordinates":[-89.69248,14.18565]}},{"type":"Feature","properties":{"n":"MONTE GLORIA","m":"SANTO DOMINGO SUCHITEPEQUEZ","a":"Alta","p":395},"geometry":{"type":"Point","coordinates":[-91.49442,14.18609]}},{"type":"Feature","properties":{"n":"LAS PLAYAS","m":"SANTA LUCIA COTZUMALGUAPA","a":"Alta","p":2004},"geometry":{"type":"Point","coordinates":[-91.13032,14.1882]}},{"type":"Feature","properties":{"n":"LINEA B16","m":"CUYOTENANGO","a":"Media","p":0},"geometry":{"type":"Point","coordinates":[-91.62852,14.18652]}},{"type":"Feature","properties":{"n":"EL CARRIZAL","m":"SANTA LUCIA COTZUMALGUAPA","a":"Media","p":595},"geometry":{"type":"Point","coordinates":[-91.13684,14.18842]}},{"type":"Feature","properties":{"n":"DE LA VIRGEN","m":"ORATORIO","a":"Muy Alta","p":0},"geometry":{"type":"Point","coordinates":[-90.17347,14.18922]}},{"type":"Feature","properties":{"n":"SAN NICOLAS","m":"SAN LORENZO","a":"Muy Alta","p":0},"geometry":{"type":"Point","coordinates":[-91.60612,14.18717]}},{"type":"Feature","properties":{"n":"LA VERDE","m":"CUYOTENANGO","a":"Baja","p":40},"geometry":{"type":"Point","coordinates":[-91.7666,14.18735]}},{"type":"Feature","properties":{"n":"LA GRACIA","m":"CUYOTENANGO","a":"Media","p":0},"geometry":{"type":"Point","coordinates":[-91.64942,14.18794]}},{"type":"Feature","properties":{"n":"BUENA VISTA","m":"CUYOTENANGO","a":"Media","p":0},"geometry":{"type":"Point","coordinates":[-91.61896,14.18829]}},{"type":"Feature","properties":{"n":"LA VERDE","m":"CUYOTENANGO","a":"Media","p":0},"geometry":{"type":"Point","coordinates":[-91.70992,14.18835]}},{"type":"Feature","properties":{"n":"LA ESPERANZA","m":"ATESCATEMPA","a":"Media","p":0},"geometry":{"type":"Point","coordinates":[-89.68757,14.1901]}},{"type":"Feature","properties":{"n":"COYOLAR","m":"TIQUISATE","a":"Media","p":23},"geometry":{"type":"Point","coordinates":[-91.37426,14.19074]}},{"type":"Feature","properties":{"n":"SANTA MARTA","m":"SANTA LUCIA COTZUMALGUAPA","a":"Alta","p":0},"geometry":{"type":"Point","coordinates":[-91.12647,14.19187]}},{"type":"Feature","properties":{"n":"CIMARRON","m":"CUYOTENANGO","a":"Baja","p":0},"geometry":{"type":"Point","coordinates":[-91.65854,14.19041]}},{"type":"Feature","properties":{"n":"LKINEA B15","m":"CUYOTENANGO","a":"Media","p":0},"geometry":{"type":"Point","coordinates":[-91.62276,14.19211]}},{"type":"Feature","properties":{"n":"TIERRA DE ESPERANZA","m":"CUYOTENANGO","a":"Baja","p":0},"geometry":{"type":"Point","coordinates":[-91.65728,14.19269]}},{"type":"Feature","properties":{"n":"EL SAUCE","m":"SAN LORENZO","a":"Media","p":0},"geometry":{"type":"Point","coordinates":[-91.50565,14.19595]}},{"type":"Feature","properties":{"n":"CONCEPCION MARIA","m":"TIQUISATE","a":"Media","p":0},"geometry":{"type":"Point","coordinates":[-91.35904,14.19665]}},{"type":"Feature","properties":{"n":"MONSENOR ROMERO","m":"SANTO DOMINGO SUCHITEPEQUEZ","a":"Media","p":404},"geometry":{"type":"Point","coordinates":[-91.50374,14.19634]}},{"type":"Feature","properties":{"n":"LAS ILUSIONES","m":"NUEVA CONCEPCION","a":"Baja","p":0},"geometry":{"type":"Point","coordinates":[-91.19499,14.19822]}},{"type":"Feature","properties":{"n":"RANCHO LA VEGA","m":"MAZATENANGO","a":"Muy Alta","p":718},"geometry":{"type":"Point","coordinates":[-91.59852,14.19723]}},{"type":"Feature","properties":{"n":"JOCOTENCITO","m":"TIQUISATE","a":"Baja","p":0},"geometry":{"type":"Point","coordinates":[-91.37551,14.1985]}},{"type":"Feature","properties":{"n":"PRETIL","m":"ASUNCION MITA","a":"Baja","p":255},"geometry":{"type":"Point","coordinates":[-89.70613,14.19915]}},{"type":"Feature","properties":{"n":"LA ISLA","m":"ATESCATEMPA","a":"Muy Alta","p":36},"geometry":{"type":"Point","coordinates":[-89.70103,14.19968]}},{"type":"Feature","properties":{"n":"EL HORIZONTE","m":"SANTA LUCIA COTZUMALGUAPA","a":"Baja","p":0},"geometry":{"type":"Point","coordinates":[-91.12139,14.20035]}},{"type":"Feature","properties":{"n":"SAN PABLO","m":"NUEVA CONCEPCION","a":"Baja","p":0},"geometry":{"type":"Point","coordinates":[-91.2132,14.2001]}},{"type":"Feature","properties":{"n":"SANTA ROSALIA","m":"CUYOTENANGO","a":"Media","p":0},"geometry":{"type":"Point","coordinates":[-91.68687,14.19823]}},{"type":"Feature","properties":{"n":"LINEA B14","m":"CUYOTENANGO","a":"Media","p":0},"geometry":{"type":"Point","coordinates":[-91.61705,14.19895]}},{"type":"Feature","properties":{"n":"EL DIVINO MAESTRO","m":"MASAGUA","a":"Baja","p":752},"geometry":{"type":"Point","coordinates":[-90.84734,14.20131]}},{"type":"Feature","properties":{"n":"EL CONACASTE","m":"SANTO DOMINGO SUCHITEPEQUEZ","a":"Muy Alta","p":19},"geometry":{"type":"Point","coordinates":[-91.44889,14.19992]}},{"type":"Feature","properties":{"n":"NIZA","m":"SAN LORENZO","a":"Baja","p":0},"geometry":{"type":"Point","coordinates":[-91.59548,14.20007]}},{"type":"Feature","properties":{"n":"SANTA TERESA","m":"NUEVA CONCEPCION","a":"Baja","p":0},"geometry":{"type":"Point","coordinates":[-91.20993,14.20163]}},{"type":"Feature","properties":{"n":"LAS FLORES","m":"SANTA LUCIA COTZUMALGUAPA","a":"Alta","p":137},"geometry":{"type":"Point","coordinates":[-91.12355,14.20191]}},{"type":"Feature","properties":{"n":"DELICIAS","m":"GUANAGAZAPA","a":"Media","p":0},"geometry":{"type":"Point","coordinates":[-90.66466,14.20303]}},{"type":"Feature","properties":{"n":"SAN LORENZO","m":"NUEVA CONCEPCION","a":"Baja","p":24},"geometry":{"type":"Point","coordinates":[-91.25216,14.20221]}},{"type":"Feature","properties":{"n":"LA ESPERANZA","m":"CUYOTENANGO","a":"Baja","p":0},"geometry":{"type":"Point","coordinates":[-91.70059,14.20062]}},{"type":"Feature","properties":{"n":"SANTA MARTA","m":"SANTA LUCIA COTZUMALGUAPA","a":"Media","p":0},"geometry":{"type":"Point","coordinates":[-91.144,14.20359]}},{"type":"Feature","properties":{"n":"MASAGUA","m":"MASAGUA","a":"Media","p":2520},"geometry":{"type":"Point","coordinates":[-90.84916,14.20429]}},{"type":"Feature","properties":{"n":"MANANTIAL","m":"ESCUINTLA","a":"Muy Alta","p":29},"geometry":{"type":"Point","coordinates":[-90.70947,14.20472]}},{"type":"Feature","properties":{"n":"LAS PILAS","m":"ESCUINTLA","a":"Muy Alta","p":31},"geometry":{"type":"Point","coordinates":[-90.70773,14.20537]}},{"type":"Feature","properties":{"n":"RIO DULCE","m":"CUYOTENANGO","a":"Alta","p":0},"geometry":{"type":"Point","coordinates":[-91.70701,14.20249]}},{"type":"Feature","properties":{"n":"EL RECUERDO","m":"MASAGUA","a":"Alta","p":718},"geometry":{"type":"Point","coordinates":[-90.85315,14.20574]}},{"type":"Feature","properties":{"n":"LA FELICIDAD Y LA CRUZ","m":"GUANAGAZAPA","a":"Baja","p":0},"geometry":{"type":"Point","coordinates":[-90.66638,14.20612]}},{"type":"Feature","properties":{"n":"ALFARO I","m":"MASAGUA","a":"Baja","p":79},"geometry":{"type":"Point","coordinates":[-90.84577,14.20655]}},{"type":"Feature","properties":{"n":"EL MINAR","m":"TIQUISATE","a":"Alta","p":6},"geometry":{"type":"Point","coordinates":[-91.35651,14.20598]}},{"type":"Feature","properties":{"n":"INGENIO TIERRA BUENA","m":"NUEVA CONCEPCION","a":"Alta","p":37},"geometry":{"type":"Point","coordinates":[-91.22716,14.20667]}},{"type":"Feature","properties":{"n":"LINEA B13","m":"CUYOTENANGO","a":"Media","p":0},"geometry":{"type":"Point","coordinates":[-91.6162,14.20557]}},{"type":"Feature","properties":{"n":"ALDEA CENTRO DOS","m":"NUEVA CONCEPCION","a":"Media","p":1670},"geometry":{"type":"Point","coordinates":[-91.24523,14.20706]}},{"type":"Feature","properties":{"n":"SAN MIGUEL DE MALAGA","m":"SANTO DOMINGO SUCHITEPEQUEZ","a":"Baja","p":0},"geometry":{"type":"Point","coordinates":[-91.4689,14.20716]}},{"type":"Feature","properties":{"n":"CABAN","m":"MAZATENANGO","a":"Media","p":24},"geometry":{"type":"Point","coordinates":[-91.59498,14.20706]}},{"type":"Feature","properties":{"n":"EL COLMENAR","m":"CUILAPA","a":"Muy Alta","p":0},"geometry":{"type":"Point","coordinates":[-90.34193,14.20987]}},{"type":"Feature","properties":{"n":"TEHUANTEPEC","m":"SANTA LUCIA COTZUMALGUAPA","a":"Media","p":0},"geometry":{"type":"Point","coordinates":[-91.11824,14.20942]}},{"type":"Feature","properties":{"n":"EL COCO PLAYA GRANDE","m":"RETALHULEU","a":"Media","p":101},"geometry":{"type":"Point","coordinates":[-91.77423,14.20683]}},{"type":"Feature","properties":{"n":"CEIBA AMELIA","m":"NUEVA CONCEPCION","a":"Muy Alta","p":34},"geometry":{"type":"Point","coordinates":[-91.22886,14.2095]}},{"type":"Feature","properties":{"n":"PLAYA GRANDE","m":"RETALHULEU","a":"Media","p":0},"geometry":{"type":"Point","coordinates":[-91.78724,14.20719]}},{"type":"Feature","properties":{"n":"LAS POZAS","m":"ASUNCION MITA","a":"Media","p":0},"geometry":{"type":"Point","coordinates":[-89.56633,14.20967]}},{"type":"Feature","properties":{"n":"SAN CARLOS","m":"RETALHULEU","a":"Media","p":0},"geometry":{"type":"Point","coordinates":[-91.80072,14.20827]}},{"type":"Feature","properties":{"n":"SAN FRANCISCO","m":"NUEVA CONCEPCION","a":"Media","p":155},"geometry":{"type":"Point","coordinates":[-91.2274,14.2108]}},{"type":"Feature","properties":{"n":"DOLORES","m":"ESCUINTLA","a":"Alta","p":44},"geometry":{"type":"Point","coordinates":[-90.70049,14.21184]}},{"type":"Feature","properties":{"n":"TIERRA BLANCA","m":"SANTA LUCIA COTZUMALGUAPA","a":"Baja","p":0},"geometry":{"type":"Point","coordinates":[-91.15926,14.21161]}},{"type":"Feature","properties":{"n":"SAN JUAN SINACAPA","m":"ESCUINTLA","a":"Alta","p":107},"geometry":{"type":"Point","coordinates":[-90.70054,14.21281]}},{"type":"Feature","properties":{"n":"LINEA B11 ICAN","m":"CUYOTENANGO","a":"Alta","p":0},"geometry":{"type":"Point","coordinates":[-91.60225,14.2113]}},{"type":"Feature","properties":{"n":"JOCOTEN","m":"TIQUISATE","a":"Alta","p":35},"geometry":{"type":"Point","coordinates":[-91.36446,14.21275]}},{"type":"Feature","properties":{"n":"SAN JOSE MADRE VIEJA","m":"NUEVA CONCEPCION","a":"Media","p":433},"geometry":{"type":"Point","coordinates":[-91.31443,14.21331]}},{"type":"Feature","properties":{"n":"EL IXCANAL","m":"CUILAPA","a":"Baja","p":0},"geometry":{"type":"Point","coordinates":[-90.34069,14.21494]}},{"type":"Feature","properties":{"n":"LINEA B011 EL SIS","m":"CUYOTENANGO","a":"Alta","p":0},"geometry":{"type":"Point","coordinates":[-91.60821,14.21275]}},{"type":"Feature","properties":{"n":"RIO DULCE","m":"NUEVA CONCEPCION","a":"Alta","p":26},"geometry":{"type":"Point","coordinates":[-91.22631,14.21446]}},{"type":"Feature","properties":{"n":"LINEA B12","m":"CUYOTENANGO","a":"Alta","p":0},"geometry":{"type":"Point","coordinates":[-91.61557,14.21298]}},{"type":"Feature","properties":{"n":"SAN FRANCISCO","m":"CUYOTENANGO","a":"Media","p":0},"geometry":{"type":"Point","coordinates":[-91.6919,14.21303]}},{"type":"Feature","properties":{"n":"VERAPAZ","m":"TIQUISATE","a":"Baja","p":21},"geometry":{"type":"Point","coordinates":[-91.43295,14.21423]}},{"type":"Feature","properties":{"n":"EL AMATILLO","m":"PATULUL","a":"Media","p":0},"geometry":{"type":"Point","coordinates":[-91.17015,14.2153]}},{"type":"Feature","properties":{"n":"LA ESCONDIDA","m":"RETALHULEU","a":"Media","p":0},"geometry":{"type":"Point","coordinates":[-91.76981,14.21318]}},{"type":"Feature","properties":{"n":"CHICALES PLAYA GRANDE","m":"RETALHULEU","a":"Media","p":91},"geometry":{"type":"Point","coordinates":[-91.79947,14.21352]}},{"type":"Feature","properties":{"n":"EL AMATILLO","m":"SANTA LUCIA COTZUMALGUAPA","a":"Alta","p":641},"geometry":{"type":"Point","coordinates":[-91.17037,14.2162]}},{"type":"Feature","properties":{"n":"COSTA RICA","m":"NUEVA CONCEPCION","a":"Alta","p":16},"geometry":{"type":"Point","coordinates":[-91.22793,14.21628]}},{"type":"Feature","properties":{"n":"LOS LIMONARES","m":"RETALHULEU","a":"Alta","p":0},"geometry":{"type":"Point","coordinates":[-91.77954,14.21489]}},{"type":"Feature","properties":{"n":"LA CEIBA","m":"ASUNCION MITA","a":"Baja","p":0},"geometry":{"type":"Point","coordinates":[-89.56659,14.21712]}},{"type":"Feature","properties":{"n":"NIZA","m":"MAZATENANGO","a":"Alta","p":596},"geometry":{"type":"Point","coordinates":[-91.58302,14.21747]}},{"type":"Feature","properties":{"n":"LINEA B10","m":"CUYOTENANGO","a":"Baja","p":0},"geometry":{"type":"Point","coordinates":[-91.59857,14.21812]}},{"type":"Feature","properties":{"n":"SAN JOSE LAS MARIAS","m":"SANTO DOMINGO SUCHITEPEQUEZ","a":"Alta","p":0},"geometry":{"type":"Point","coordinates":[-91.4915,14.21899]}},{"type":"Feature","properties":{"n":"SAN LUIS","m":"SAN LORENZO","a":"Muy Alta","p":0},"geometry":{"type":"Point","coordinates":[-91.50073,14.21903]}},{"type":"Feature","properties":{"n":"LA LIBERTAD","m":"SANTA LUCIA COTZUMALGUAPA","a":"Muy Alta","p":0},"geometry":{"type":"Point","coordinates":[-91.12893,14.22059]}},{"type":"Feature","properties":{"n":"JABALI I","m":"SANTA LUCIA COTZUMALGUAPA","a":"Muy Alta","p":2292},"geometry":{"type":"Point","coordinates":[-91.16975,14.2205]}},{"type":"Feature","properties":{"n":"LOS ANGELES","m":"ASUNCION MITA","a":"Alta","p":0},"geometry":{"type":"Point","coordinates":[-89.56362,14.2207]}},{"type":"Feature","properties":{"n":"PUERTO NUEVO","m":"RETALHULEU","a":"Muy Alta","p":0},"geometry":{"type":"Point","coordinates":[-91.77644,14.21929]}},{"type":"Feature","properties":{"n":"SAN JUAN MIXTAN","m":"MASAGUA","a":"Baja","p":638},"geometry":{"type":"Point","coordinates":[-90.83181,14.22266]}},{"type":"Feature","properties":{"n":"PARCELAMIENTO AGRARIO EL JABALI","m":"PATULUL","a":"Media","p":0},"geometry":{"type":"Point","coordinates":[-91.18077,14.22202]}},{"type":"Feature","properties":{"n":"LAS MARIAS EL JUILIN","m":"SAN LORENZO","a":"Media","p":0},"geometry":{"type":"Point","coordinates":[-91.4987,14.22202]}},{"type":"Feature","properties":{"n":"EL LIMA","m":"ASUNCION MITA","a":"Alta","p":0},"geometry":{"type":"Point","coordinates":[-89.5689,14.22236]}},{"type":"Feature","properties":{"n":"PANZONCITO","m":"TIQUISATE","a":"Alta","p":0},"geometry":{"type":"Point","coordinates":[-91.3481,14.22269]}},{"type":"Feature","properties":{"n":"LOS COCOS","m":"ASUNCION MITA","a":"Alta","p":0},"geometry":{"type":"Point","coordinates":[-89.53815,14.22278]}},{"type":"Feature","properties":{"n":"VILLAS DE SAN JUAN","m":"MASAGUA","a":"Media","p":166},"geometry":{"type":"Point","coordinates":[-90.83001,14.22459]}},{"type":"Feature","properties":{"n":"EL GUISCOYOL","m":"CUYOTENANGO","a":"Baja","p":0},"geometry":{"type":"Point","coordinates":[-91.74687,14.22158]}},{"type":"Feature","properties":{"n":"CUCHUPAN","m":"RETALHULEU","a":"Alta","p":0},"geometry":{"type":"Point","coordinates":[-91.79646,14.22214]}},{"type":"Feature","properties":{"n":"MONTE CARLO","m":"SAN LORENZO","a":"Alta","p":0},"geometry":{"type":"Point","coordinates":[-91.49723,14.22397]}},{"type":"Feature","properties":{"n":"LA BEGONA","m":"ASUNCION MITA","a":"Media","p":0},"geometry":{"type":"Point","coordinates":[-89.56504,14.22435]}},{"type":"Feature","properties":{"n":"EL AMATAL","m":"ASUNCION MITA","a":"Media","p":0},"geometry":{"type":"Point","coordinates":[-89.53355,14.22573]}},{"type":"Feature","properties":{"n":"LA CEIBILLA","m":"SAN LORENZO","a":"Muy Alta","p":0},"geometry":{"type":"Point","coordinates":[-91.5781,14.22603]}},{"type":"Feature","properties":{"n":"CANADA","m":"ESCUINTLA","a":"Muy Alta","p":0},"geometry":{"type":"Point","coordinates":[-90.72886,14.22885]}},{"type":"Feature","properties":{"n":"LAS CHAPERNAS","m":"ESCUINTLA","a":"Media","p":587},"geometry":{"type":"Point","coordinates":[-90.7105,14.22934]}},{"type":"Feature","properties":{"n":"EL PACAYAL","m":"NUEVA CONCEPCION","a":"Alta","p":61},"geometry":{"type":"Point","coordinates":[-91.22486,14.22874]}},{"type":"Feature","properties":{"n":"MONTECARLO","m":"MAZATENANGO","a":"Muy Alta","p":596},"geometry":{"type":"Point","coordinates":[-91.574,14.22786]}},{"type":"Feature","properties":{"n":"JUTIAPA","m":"TIQUISATE","a":"Media","p":59},"geometry":{"type":"Point","coordinates":[-91.37161,14.22919]}},{"type":"Feature","properties":{"n":"ZACUALPILLA","m":"ASUNCION MITA","a":"Baja","p":0},"geometry":{"type":"Point","coordinates":[-89.59144,14.22923]}},{"type":"Feature","properties":{"n":"CANADA","m":"ESCUINTLA","a":"Alta","p":29},"geometry":{"type":"Point","coordinates":[-90.73331,14.23099]}},{"type":"Feature","properties":{"n":"AREA DE CALLE","m":"NUEVA CONCEPCION","a":"Media","p":172},"geometry":{"type":"Point","coordinates":[-91.22564,14.23004]}},{"type":"Feature","properties":{"n":"LAS CHAPERNAS","m":"ESCUINTLA","a":"Muy Alta","p":2631},"geometry":{"type":"Point","coordinates":[-90.73191,14.23189]}},{"type":"Feature","properties":{"n":"TIERRA LINDA","m":"NUEVA CONCEPCION","a":"Media","p":30},"geometry":{"type":"Point","coordinates":[-91.22633,14.23152]}},{"type":"Feature","properties":{"n":"MIRALINDA","m":"CUYOTENANGO","a":"Baja","p":0},"geometry":{"type":"Point","coordinates":[-91.70457,14.22976]}},{"type":"Feature","properties":{"n":"SAN VICENTE","m":"CUYOTENANGO","a":"Muy Alta","p":0},"geometry":{"type":"Point","coordinates":[-91.61446,14.23028]}},{"type":"Feature","properties":{"n":"CANAAM","m":"NUEVA CONCEPCION","a":"Media","p":27},"geometry":{"type":"Point","coordinates":[-91.22576,14.2332]}},{"type":"Feature","properties":{"n":"GUADALUPE","m":"CUYOTENANGO","a":"Baja","p":507},"geometry":{"type":"Point","coordinates":[-91.60406,14.23224]}},{"type":"Feature","properties":{"n":"VICTORIA EL SALTO PLAYA GRANDE","m":"RETALHULEU","a":"Alta","p":225},"geometry":{"type":"Point","coordinates":[-91.78547,14.2315]}},{"type":"Feature","properties":{"n":"SAN JUAN LA NORIA","m":"TIQUISATE","a":"Baja","p":1866},"geometry":{"type":"Point","coordinates":[-91.35525,14.23393]}},{"type":"Feature","properties":{"n":"LINEA B8","m":"CUYOTENANGO","a":"Baja","p":0},"geometry":{"type":"Point","coordinates":[-91.5976,14.23334]}},{"type":"Feature","properties":{"n":"SANTA MARTA","m":"NUEVA CONCEPCION","a":"Alta","p":44},"geometry":{"type":"Point","coordinates":[-91.22481,14.2348]}},{"type":"Feature","properties":{"n":"ARNARA","m":"NUEVA CONCEPCION","a":"Media","p":4},"geometry":{"type":"Point","coordinates":[-91.26019,14.23598]}},{"type":"Feature","properties":{"n":"PANZOS","m":"TIQUISATE","a":"Baja","p":0},"geometry":{"type":"Point","coordinates":[-91.34082,14.23697]}},{"type":"Feature","properties":{"n":"VICTORIA","m":"TIQUISATE","a":"Alta","p":51},"geometry":{"type":"Point","coordinates":[-91.36351,14.23693]}},{"type":"Feature","properties":{"n":"LINEA B7","m":"CUYOTENANGO","a":"Baja","p":0},"geometry":{"type":"Point","coordinates":[-91.59412,14.23642]}},{"type":"Feature","properties":{"n":"LA ESPERANZA","m":"SANTO DOMINGO SUCHITEPEQUEZ","a":"Muy Alta","p":0},"geometry":{"type":"Point","coordinates":[-91.48892,14.23718]}},{"type":"Feature","properties":{"n":"VICTORIAS EL SALTO","m":"RETALHULEU","a":"Alta","p":522},"geometry":{"type":"Point","coordinates":[-91.78151,14.23593]}},{"type":"Feature","properties":{"n":"GUANAJUATO","m":"SANTO DOMINGO SUCHITEPEQUEZ","a":"Alta","p":0},"geometry":{"type":"Point","coordinates":[-91.45048,14.23776]}},{"type":"Feature","properties":{"n":"ALCOY","m":"NUEVA CONCEPCION","a":"Alta","p":17},"geometry":{"type":"Point","coordinates":[-91.22704,14.23996]}},{"type":"Feature","properties":{"n":"SANTA ELENA VADO HONDO","m":"SAN LORENZO","a":"Muy Alta","p":354},"geometry":{"type":"Point","coordinates":[-91.56006,14.23903]}},{"type":"Feature","properties":{"n":"MI ILUSION","m":"NUEVA CONCEPCION","a":"Baja","p":16},"geometry":{"type":"Point","coordinates":[-91.29344,14.24016]}},{"type":"Feature","properties":{"n":"EL RECREO","m":"SANTO DOMINGO SUCHITEPEQUEZ","a":"Alta","p":0},"geometry":{"type":"Point","coordinates":[-91.48951,14.23964]}},{"type":"Feature","properties":{"n":"LAS ACACIAS","m":"NUEVA CONCEPCION","a":"Baja","p":93},"geometry":{"type":"Point","coordinates":[-91.27869,14.24047]}},{"type":"Feature","properties":{"n":"FINCA SAN NICOLAS","m":"SANTO DOMINGO SUCHITEPEQUEZ","a":"Media","p":49},"geometry":{"type":"Point","coordinates":[-91.49144,14.24002]}},{"type":"Feature","properties":{"n":"MONTANA","m":"NUEVA CONCEPCION","a":"Baja","p":0},"geometry":{"type":"Point","coordinates":[-91.22569,14.24127]}},{"type":"Feature","properties":{"n":"LORENA","m":"PUEBLO NUEVO VINAS","a":"Baja","p":0},"geometry":{"type":"Point","coordinates":[-90.59058,14.24259]}},{"type":"Feature","properties":{"n":"JARDIN DE SAN ISIDRO","m":"CUYOTENANGO","a":"Baja","p":0},"geometry":{"type":"Point","coordinates":[-91.68822,14.24044]}},{"type":"Feature","properties":{"n":"LA CUCHILLA","m":"ESCUINTLA","a":"Baja","p":0},"geometry":{"type":"Point","coordinates":[-90.8844,14.24339]}},{"type":"Feature","properties":{"n":"KAPZIN","m":"NUEVA CONCEPCION","a":"Baja","p":22},"geometry":{"type":"Point","coordinates":[-91.27817,14.24246]}},{"type":"Feature","properties":{"n":"EL RECUERDO","m":"SANTO DOMINGO SUCHITEPEQUEZ","a":"Media","p":0},"geometry":{"type":"Point","coordinates":[-91.45058,14.24185]}},{"type":"Feature","properties":{"n":"SAN CRISTOBAL","m":"SANTA LUCIA COTZUMALGUAPA","a":"Baja","p":74},"geometry":{"type":"Point","coordinates":[-91.12715,14.2437]}},{"type":"Feature","properties":{"n":"NUEVO MUNDO","m":"NUEVA CONCEPCION","a":"Baja","p":0},"geometry":{"type":"Point","coordinates":[-91.22544,14.24348]}},{"type":"Feature","properties":{"n":"EL JABALI","m":"PATULUL","a":"Alta","p":0},"geometry":{"type":"Point","coordinates":[-91.16285,14.24396]}},{"type":"Feature","properties":{"n":"LAS MADURAS","m":"CHAMPERICO","a":"Baja","p":373},"geometry":{"type":"Point","coordinates":[-91.83161,14.24158]}},{"type":"Feature","properties":{"n":"SAN JUAN","m":"MASAGUA","a":"Baja","p":0},"geometry":{"type":"Point","coordinates":[-90.81203,14.24606]}},{"type":"Feature","properties":{"n":"EL JABALI","m":"SANTA LUCIA COTZUMALGUAPA","a":"Alta","p":0},"geometry":{"type":"Point","coordinates":[-91.16272,14.24582]}},{"type":"Feature","properties":{"n":"LA BENDICION","m":"NUEVA CONCEPCION","a":"Baja","p":25},"geometry":{"type":"Point","coordinates":[-91.27254,14.24575]}},{"type":"Feature","properties":{"n":"LA TOMA","m":"ESCUINTLA","a":"Media","p":0},"geometry":{"type":"Point","coordinates":[-90.81437,14.24682]}},{"type":"Feature","properties":{"n":"SAN JUAN BUENA VISTA","m":"ESCUINTLA","a":"Baja","p":33},"geometry":{"type":"Point","coordinates":[-90.81199,14.24695]}},{"type":"Feature","properties":{"n":"SHANSHUL","m":"ASUNCION MITA","a":"Baja","p":702},"geometry":{"type":"Point","coordinates":[-89.71324,14.24695]}},{"type":"Feature","properties":{"n":"VALLE VERDE","m":"CUYOTENANGO","a":"Alta","p":0},"geometry":{"type":"Point","coordinates":[-91.62782,14.24748]}},{"type":"Feature","properties":{"n":"SANTA ELENA","m":"ESCUINTLA","a":"Muy Alta","p":43},"geometry":{"type":"Point","coordinates":[-90.81584,14.25058]}},{"type":"Feature","properties":{"n":"LAS VICTORIAS ELSALTO","m":"RETALHULEU","a":"Alta","p":0},"geometry":{"type":"Point","coordinates":[-91.77457,14.24766]}},{"type":"Feature","properties":{"n":"EL DORADO","m":"ESCUINTLA","a":"Baja","p":0},"geometry":{"type":"Point","coordinates":[-90.80738,14.25095]}},{"type":"Feature","properties":{"n":"EL ARISCO","m":"TIQUISATE","a":"Alta","p":88},"geometry":{"type":"Point","coordinates":[-91.45103,14.24946]}},{"type":"Feature","properties":{"n":"SINAI","m":"CUYOTENANGO","a":"Muy Alta","p":0},"geometry":{"type":"Point","coordinates":[-91.56107,14.24987]}},{"type":"Feature","properties":{"n":"PUYUMATE","m":"NUEVA CONCEPCION","a":"Baja","p":0},"geometry":{"type":"Point","coordinates":[-91.22541,14.25159]}},{"type":"Feature","properties":{"n":"RANCHO RIO SIS","m":"CUYOTENANGO","a":"Baja","p":0},"geometry":{"type":"Point","coordinates":[-91.62737,14.25004]}},{"type":"Feature","properties":{"n":"SAN FERNANDO","m":"CUYOTENANGO","a":"Muy Alta","p":0},"geometry":{"type":"Point","coordinates":[-91.64057,14.25022]}},{"type":"Feature","properties":{"n":"EL RENACIMIENTO","m":"CUILAPA","a":"Muy Alta","p":422},"geometry":{"type":"Point","coordinates":[-90.26703,14.25296]}},{"type":"Feature","properties":{"n":"EL PILAR","m":"SANTA LUCIA COTZUMALGUAPA","a":"Media","p":0},"geometry":{"type":"Point","coordinates":[-91.12491,14.25253]}},{"type":"Feature","properties":{"n":"ACAPOLON","m":"CHAMPERICO","a":"Baja","p":0},"geometry":{"type":"Point","coordinates":[-91.84113,14.25021]}},{"type":"Feature","properties":{"n":"SAN RAMON EL JUILIN","m":"SANTO DOMINGO SUCHITEPEQUEZ","a":"Media","p":0},"geometry":{"type":"Point","coordinates":[-91.49383,14.25193]}},{"type":"Feature","properties":{"n":"LOS ESCLAVOS","m":"CUILAPA","a":"Media","p":2312},"geometry":{"type":"Point","coordinates":[-90.27845,14.25535]}},{"type":"Feature","properties":{"n":"RANCHO LA PROVIDENCIA","m":"CUYOTENANGO","a":"Baja","p":0},"geometry":{"type":"Point","coordinates":[-91.7391,14.25281]}},{"type":"Feature","properties":{"n":"BRACITOS","m":"SAN LORENZO","a":"Baja","p":854},"geometry":{"type":"Point","coordinates":[-91.55085,14.25435]}},{"type":"Feature","properties":{"n":"LUCIANA","m":"ESCUINTLA","a":"Alta","p":23},"geometry":{"type":"Point","coordinates":[-90.73192,14.25658]}},{"type":"Feature","properties":{"n":"SAN MIGUEL MAPAN","m":"SANTA LUCIA COTZUMALGUAPA","a":"Media","p":0},"geometry":{"type":"Point","coordinates":[-91.14653,14.25584]}},{"type":"Feature","properties":{"n":"LA PERLA","m":"CUILAPA","a":"Alta","p":0},"geometry":{"type":"Point","coordinates":[-90.2617,14.25803]}},{"type":"Feature","properties":{"n":"EL PENSAMIENTO","m":"SAN LORENZO","a":"Alta","p":0},"geometry":{"type":"Point","coordinates":[-91.54045,14.25593]}},{"type":"Feature","properties":{"n":"PUYUMATE","m":"NUEVA CONCEPCION","a":"Baja","p":88},"geometry":{"type":"Point","coordinates":[-91.25949,14.25738]}},{"type":"Feature","properties":{"n":"EL MOLINO","m":"CUILAPA","a":"Alta","p":834},"geometry":{"type":"Point","coordinates":[-90.21089,14.25842]}},{"type":"Feature","properties":{"n":"MONGOY","m":"ASUNCION MITA","a":"Media","p":0},"geometry":{"type":"Point","coordinates":[-89.70814,14.25743]}},{"type":"Feature","properties":{"n":"SANTA JULIA","m":"RETALHULEU","a":"Alta","p":25},"geometry":{"type":"Point","coordinates":[-91.77432,14.25535]}},{"type":"Feature","properties":{"n":"GALILEA MONGOY","m":"ASUNCION MITA","a":"Media","p":0},"geometry":{"type":"Point","coordinates":[-89.71701,14.2585]}},{"type":"Feature","properties":{"n":"PETEN","m":"TIQUISATE","a":"Media","p":10},"geometry":{"type":"Point","coordinates":[-91.41377,14.25851]}},{"type":"Feature","properties":{"n":"LA SONRISA","m":"CUILAPA","a":"Media","p":227},"geometry":{"type":"Point","coordinates":[-90.23588,14.26124]}},{"type":"Feature","properties":{"n":"SAN ANTONIO","m":"PUEBLO NUEVO VINAS","a":"Alta","p":0},"geometry":{"type":"Point","coordinates":[-90.45159,14.2619]}},{"type":"Feature","properties":{"n":"TRANCAS","m":"JUTIAPA","a":"Baja","p":3998},"geometry":{"type":"Point","coordinates":[-89.86248,14.26193]}},{"type":"Feature","properties":{"n":"COLA DE PAVA","m":"ASUNCION MITA","a":"Baja","p":503},"geometry":{"type":"Point","coordinates":[-89.71785,14.26223]}},{"type":"Feature","properties":{"n":"EL TECOLOTE","m":"SAN LORENZO","a":"Alta","p":60},"geometry":{"type":"Point","coordinates":[-91.53779,14.26214]}},{"type":"Feature","properties":{"n":"XAYA","m":"SANTA LUCIA COTZUMALGUAPA","a":"Alta","p":1084},"geometry":{"type":"Point","coordinates":[-91.12283,14.26362]}},{"type":"Feature","properties":{"n":"RANCHO SANTONA","m":"SAN LORENZO","a":"Baja","p":0},"geometry":{"type":"Point","coordinates":[-91.53672,14.26294]}},{"type":"Feature","properties":{"n":"LA NORIA","m":"TIQUISATE","a":"Baja","p":0},"geometry":{"type":"Point","coordinates":[-91.35669,14.26436]}},{"type":"Feature","properties":{"n":"SAN FERNANDO","m":"CHAMPERICO","a":"Baja","p":0},"geometry":{"type":"Point","coordinates":[-91.82216,14.26248]}},{"type":"Feature","properties":{"n":"EL HUMEDO O SAN JUAN EL HUMEDO","m":"RETALHULEU","a":"Baja","p":223},"geometry":{"type":"Point","coordinates":[-91.76943,14.26358]}},{"type":"Feature","properties":{"n":"SAN JERONIMO","m":"ASUNCION MITA","a":"Media","p":256},"geometry":{"type":"Point","coordinates":[-89.71753,14.26577]}},{"type":"Feature","properties":{"n":"SAN NICOLAS","m":"CUYOTENANGO","a":"Alta","p":0},"geometry":{"type":"Point","coordinates":[-91.63875,14.26447]}},{"type":"Feature","properties":{"n":"LA REFORMA","m":"ASUNCION MITA","a":"Media","p":134},"geometry":{"type":"Point","coordinates":[-89.69958,14.26664]}},{"type":"Feature","properties":{"n":"EL CIELITO","m":"CUILAPA","a":"Alta","p":493},"geometry":{"type":"Point","coordinates":[-90.2279,14.268]}},{"type":"Feature","properties":{"n":"VICTORIA","m":"RETALHULEU","a":"Media","p":0},"geometry":{"type":"Point","coordinates":[-91.76457,14.26493]}},{"type":"Feature","properties":{"n":"EL SOCORRO","m":"SAN JOSE EL IDOLO","a":"Media","p":0},"geometry":{"type":"Point","coordinates":[-91.46931,14.26681]}},{"type":"Feature","properties":{"n":"LA ESPERANZA","m":"JUTIAPA","a":"Alta","p":0},"geometry":{"type":"Point","coordinates":[-89.955,14.26841]}},{"type":"Feature","properties":{"n":"PALMA SOLA","m":"CUYOTENANGO","a":"Baja","p":0},"geometry":{"type":"Point","coordinates":[-91.62727,14.26653]}},{"type":"Feature","properties":{"n":"LOS LAURELES","m":"SAN JOSE EL IDOLO","a":"Media","p":0},"geometry":{"type":"Point","coordinates":[-91.46231,14.26775]}},{"type":"Feature","properties":{"n":"SIN NOMBRE","m":"SAN JOSE ACATEMPA","a":"Media","p":0},"geometry":{"type":"Point","coordinates":[-90.19829,14.27043]}},{"type":"Feature","properties":{"n":"GUACHIPILIN","m":"ESCUINTLA","a":"Media","p":34},"geometry":{"type":"Point","coordinates":[-90.8931,14.27032]}},{"type":"Feature","properties":{"n":"LOS AMATES","m":"ASUNCION MITA","a":"Alta","p":807},"geometry":{"type":"Point","coordinates":[-89.69098,14.26984]}},{"type":"Feature","properties":{"n":"HACIENDA SAN MIGUEL MAPAN","m":"PATULUL","a":"Alta","p":0},"geometry":{"type":"Point","coordinates":[-91.18065,14.27047]}},{"type":"Feature","properties":{"n":"CUCHUAPAN O NUEVA OLGA MARIA","m":"RETALHULEU","a":"Alta","p":1366},"geometry":{"type":"Point","coordinates":[-91.77948,14.2683]}},{"type":"Feature","properties":{"n":"LA FLORA","m":"TIQUISATE","a":"Baja","p":0},"geometry":{"type":"Point","coordinates":[-91.33812,14.27029]}},{"type":"Feature","properties":{"n":"RINCONCITO","m":"TIQUISATE","a":"Media","p":770},"geometry":{"type":"Point","coordinates":[-91.36926,14.27074]}},{"type":"Feature","properties":{"n":"LOS CRUZ","m":"CUILAPA","a":"Alta","p":32},"geometry":{"type":"Point","coordinates":[-90.23514,14.27242]}},{"type":"Feature","properties":{"n":"ENTRE RIOS","m":"ESCUINTLA","a":"Alta","p":78},"geometry":{"type":"Point","coordinates":[-90.89483,14.27243]}},{"type":"Feature","properties":{"n":"LA PROVIDENCIA","m":"SAN LORENZO","a":"Baja","p":376},"geometry":{"type":"Point","coordinates":[-91.53247,14.2709]}},{"type":"Feature","properties":{"n":"SANTIAGO BUENA VISTA","m":"SANTA LUCIA COTZUMALGUAPA","a":"Alta","p":29},"geometry":{"type":"Point","coordinates":[-91.12188,14.27245]}},{"type":"Feature","properties":{"n":"ALMOLONGA","m":"TIQUISATE","a":"Baja","p":1812},"geometry":{"type":"Point","coordinates":[-91.30325,14.27197]}},{"type":"Feature","properties":{"n":"BELEN","m":"SANTA LUCIA COTZUMALGUAPA","a":"Alta","p":162},"geometry":{"type":"Point","coordinates":[-91.09695,14.27377]}},{"type":"Feature","properties":{"n":"EL BARRIAL","m":"JUTIAPA","a":"Baja","p":2837},"geometry":{"type":"Point","coordinates":[-89.86968,14.27415]}},{"type":"Feature","properties":{"n":"SAN JOSE DE NOSOTROS","m":"SAN JOSE EL IDOLO","a":"Media","p":0},"geometry":{"type":"Point","coordinates":[-91.47313,14.27438]}},{"type":"Feature","properties":{"n":"LA ISLA","m":"TIQUISATE","a":"Alta","p":0},"geometry":{"type":"Point","coordinates":[-91.38344,14.27484]}},{"type":"Feature","properties":{"n":"CUCHUMATANES","m":"CHAMPERICO","a":"Alta","p":23},"geometry":{"type":"Point","coordinates":[-91.79144,14.2736]}},{"type":"Feature","properties":{"n":"PINAL DEL RIO","m":"TIQUISATE","a":"Alta","p":68},"geometry":{"type":"Point","coordinates":[-91.28547,14.27668]}},{"type":"Feature","properties":{"n":"EL MARMOL","m":"TIQUISATE","a":"Alta","p":0},"geometry":{"type":"Point","coordinates":[-91.36293,14.27672]}},{"type":"Feature","properties":{"n":"LAS CASAS","m":"CUILAPA","a":"Baja","p":0},"geometry":{"type":"Point","coordinates":[-90.23592,14.2786]}},{"type":"Feature","properties":{"n":"PALESTINA","m":"CUYOTENANGO","a":"Alta","p":0},"geometry":{"type":"Point","coordinates":[-91.61762,14.27615]}},{"type":"Feature","properties":{"n":"LOS CHORROS","m":"QUESADA","a":"Baja","p":0},"geometry":{"type":"Point","coordinates":[-90.01454,14.2788]}},{"type":"Feature","properties":{"n":"SAN JOSE LAS MAJADAS","m":"TIQUISATE","a":"Baja","p":0},"geometry":{"type":"Point","coordinates":[-91.29259,14.27802]}},{"type":"Feature","properties":{"n":"SANTA MARTA","m":"ASUNCION MITA","a":"Media","p":0},"geometry":{"type":"Point","coordinates":[-89.68895,14.27842]}},{"type":"Feature","properties":{"n":"LOS ROSALES","m":"TIQUISATE","a":"Media","p":808},"geometry":{"type":"Point","coordinates":[-91.39763,14.27853]}},{"type":"Feature","properties":{"n":"LAS DIAMELA RANCHO DULCE","m":"SAN JOSE EL IDOLO","a":"Media","p":0},"geometry":{"type":"Point","coordinates":[-91.47604,14.27858]}},{"type":"Feature","properties":{"n":"ACAPOLON","m":"CHAMPERICO","a":"Alta","p":0},"geometry":{"type":"Point","coordinates":[-91.87275,14.27696]}},{"type":"Feature","properties":{"n":"LAS MARIAS","m":"ASUNCION MITA","a":"Media","p":0},"geometry":{"type":"Point","coordinates":[-89.69586,14.27974]}},{"type":"Feature","properties":{"n":"EL PARAISO","m":"ASUNCION MITA","a":"Alta","p":0},"geometry":{"type":"Point","coordinates":[-89.68946,14.27982]}},{"type":"Feature","properties":{"n":"LA FLORA","m":"TIQUISATE","a":"Media","p":0},"geometry":{"type":"Point","coordinates":[-91.36202,14.27978]}},{"type":"Feature","properties":{"n":"LA BLANCA RANCHO DULCE","m":"SAN JOSE EL IDOLO","a":"Media","p":0},"geometry":{"type":"Point","coordinates":[-91.47848,14.28016]}},{"type":"Feature","properties":{"n":"SAN ANTONIO QUEZALAPA","m":"ASUNCION MITA","a":"Alta","p":0},"geometry":{"type":"Point","coordinates":[-89.68338,14.28129]}},{"type":"Feature","properties":{"n":"LA ESPERANZA MAPAN","m":"PATULUL","a":"Baja","p":0},"geometry":{"type":"Point","coordinates":[-91.17042,14.28188]}},{"type":"Feature","properties":{"n":"17 DE ENERO","m":"TIQUISATE","a":"Baja","p":450},"geometry":{"type":"Point","coordinates":[-91.35971,14.28166]}},{"type":"Feature","properties":{"n":"RANCHO EL CEDRO","m":"CUYOTENANGO","a":"Alta","p":0},"geometry":{"type":"Point","coordinates":[-91.63716,14.28052]}},{"type":"Feature","properties":{"n":"EL MANZANO","m":"CUILAPA","a":"Muy Alta","p":0},"geometry":{"type":"Point","coordinates":[-90.2583,14.28315]}},{"type":"Feature","properties":{"n":"AMAYITO","m":"JUTIAPA","a":"Baja","p":616},"geometry":{"type":"Point","coordinates":[-89.95381,14.28315]}},{"type":"Feature","properties":{"n":"QUEZALAPA","m":"ASUNCION MITA","a":"Muy Alta","p":0},"geometry":{"type":"Point","coordinates":[-89.67423,14.28256]}},{"type":"Feature","properties":{"n":"SAN CARLOS","m":"TIQUISATE","a":"Media","p":60},"geometry":{"type":"Point","coordinates":[-91.36917,14.28296]}},{"type":"Feature","properties":{"n":"LA REFORMA","m":"CUILAPA","a":"Alta","p":0},"geometry":{"type":"Point","coordinates":[-90.26771,14.2849]}},{"type":"Feature","properties":{"n":"EL PRADO","m":"TIQUISATE","a":"Baja","p":268},"geometry":{"type":"Point","coordinates":[-91.35295,14.28391]}},{"type":"Feature","properties":{"n":"10 DE MAYO","m":"TIQUISATE","a":"Media","p":233},"geometry":{"type":"Point","coordinates":[-91.37096,14.28419]}},{"type":"Feature","properties":{"n":"LA MONTA-A JICARAL","m":"ASUNCION MITA","a":"Muy Alta","p":0},"geometry":{"type":"Point","coordinates":[-89.68267,14.2844]}},{"type":"Feature","properties":{"n":"JICARAL","m":"ATESCATEMPA","a":"Media","p":0},"geometry":{"type":"Point","coordinates":[-89.69093,14.28499]}},{"type":"Feature","properties":{"n":"LAS VICTORIAS","m":"SAN JOSE EL IDOLO","a":"Alta","p":0},"geometry":{"type":"Point","coordinates":[-91.47906,14.2844]}},{"type":"Feature","properties":{"n":"SAN LUCAS MIRAMAR","m":"CHAMPERICO","a":"Baja","p":0},"geometry":{"type":"Point","coordinates":[-91.82047,14.28277]}},{"type":"Feature","properties":{"n":"PONDEROSA","m":"TIQUISATE","a":"Media","p":1495},"geometry":{"type":"Point","coordinates":[-91.37345,14.28535]}},{"type":"Feature","properties":{"n":"SAN FRANCISCO MAPAN","m":"PATULUL","a":"Alta","p":0},"geometry":{"type":"Point","coordinates":[-91.17868,14.28601]}},{"type":"Feature","properties":{"n":"15 DE JUNIO","m":"TIQUISATE","a":"Baja","p":922},"geometry":{"type":"Point","coordinates":[-91.36882,14.28566]}},{"type":"Feature","properties":{"n":"PALMA  REAL","m":"ESCUINTLA","a":"Muy Alta","p":154},"geometry":{"type":"Point","coordinates":[-90.74015,14.28713]}},{"type":"Feature","properties":{"n":"SAN JUAN JOSE CASTILLO","m":"TIQUISATE","a":"Media","p":584},"geometry":{"type":"Point","coordinates":[-91.35996,14.28627]}},{"type":"Feature","properties":{"n":"LA FORTALEZA","m":"TIQUISATE","a":"Baja","p":136},"geometry":{"type":"Point","coordinates":[-91.36473,14.28637]}},{"type":"Feature","properties":{"n":"15 DE SEPTIEMBRE","m":"TIQUISATE","a":"Media","p":242},"geometry":{"type":"Point","coordinates":[-91.37559,14.28644]}},{"type":"Feature","properties":{"n":"BARTOLOME DE LAS CASAS","m":"TIQUISATE","a":"Baja","p":520},"geometry":{"type":"Point","coordinates":[-91.36615,14.28681]}},{"type":"Feature","properties":{"n":"JARDINES DE FATIMA","m":"TIQUISATE","a":"Baja","p":94},"geometry":{"type":"Point","coordinates":[-91.36734,14.28742]}},{"type":"Feature","properties":{"n":"SAN JOSE BUENA VISTA","m":"SAN JOSE EL IDOLO","a":"Media","p":0},"geometry":{"type":"Point","coordinates":[-91.41788,14.28772]}},{"type":"Feature","properties":{"n":"SHALOM","m":"TIQUISATE","a":"Baja","p":907},"geometry":{"type":"Point","coordinates":[-91.36143,14.28803]}},{"type":"Feature","properties":{"n":"VALLE NUEVO","m":"ASUNCION MITA","a":"Media","p":609},"geometry":{"type":"Point","coordinates":[-89.70804,14.28932]}},{"type":"Feature","properties":{"n":"BORDAS BARRILES","m":"TIQUISATE","a":"Media","p":172},"geometry":{"type":"Point","coordinates":[-91.36167,14.28945]}},{"type":"Feature","properties":{"n":"LAS ANIMAS ABAJO","m":"JUTIAPA","a":"Baja","p":198},"geometry":{"type":"Point","coordinates":[-89.84919,14.29017]}},{"type":"Feature","properties":{"n":"SIEMPRE VIVA","m":"ASUNCION MITA","a":"Baja","p":7},"geometry":{"type":"Point","coordinates":[-89.67282,14.28963]}},{"type":"Feature","properties":{"n":"LINEA B02 EL SIS","m":"CUYOTENANGO","a":"Media","p":0},"geometry":{"type":"Point","coordinates":[-91.60935,14.28922]}},{"type":"Feature","properties":{"n":"EL BUEN PASTOR","m":"TIQUISATE","a":"Baja","p":76},"geometry":{"type":"Point","coordinates":[-91.36613,14.29037]}},{"type":"Feature","properties":{"n":"EL COCO","m":"ASUNCION MITA","a":"Media","p":0},"geometry":{"type":"Point","coordinates":[-89.69805,14.29063]}},{"type":"Feature","properties":{"n":"LOS COMUNES","m":"QUEZADA","a":"Media","p":613},"geometry":{"type":"Point","coordinates":[-90.02683,14.29159]}},{"type":"Feature","properties":{"n":"TIQUISATE","m":"TIQUISATE","a":"Baja","p":10946},"geometry":{"type":"Point","coordinates":[-91.36962,14.29062]}},{"type":"Feature","properties":{"n":"LAS YARDAS","m":"TIQUISATE","a":"Baja","p":97},"geometry":{"type":"Point","coordinates":[-91.37026,14.29062]}},{"type":"Feature","properties":{"n":"SAN JUDAS TADEO SALAMA I","m":"TIQUISATE","a":"Baja","p":43},"geometry":{"type":"Point","coordinates":[-91.39054,14.29055]}},{"type":"Feature","properties":{"n":"SAN MATIAS","m":"ASUNCION MITA","a":"Alta","p":1226},"geometry":{"type":"Point","coordinates":[-89.74487,14.29165]}},{"type":"Feature","properties":{"n":"SANCHEZ","m":"TIQUISATE","a":"Media","p":51},"geometry":{"type":"Point","coordinates":[-91.36847,14.29133]}},{"type":"Feature","properties":{"n":"BABILONIA","m":"PATULUL","a":"Media","p":0},"geometry":{"type":"Point","coordinates":[-91.16495,14.29211]}},{"type":"Feature","properties":{"n":"EL CORTIJO","m":"ASUNCION MITA","a":"Baja","p":0},"geometry":{"type":"Point","coordinates":[-89.69893,14.29215]}},{"type":"Feature","properties":{"n":"SANTORIO","m":"TIQUISATE","a":"Media","p":0},"geometry":{"type":"Point","coordinates":[-91.28207,14.2923]}},{"type":"Feature","properties":{"n":"JUSTO MOLINA","m":"TIQUISATE","a":"Baja","p":178},"geometry":{"type":"Point","coordinates":[-91.36573,14.29233]}},{"type":"Feature","properties":{"n":"LOS CIMIENTOS","m":"QUESADA","a":"Baja","p":0},"geometry":{"type":"Point","coordinates":[-90.0284,14.29436]}},{"type":"Feature","properties":{"n":"CALIFORNIA","m":"ASUNCION MITA","a":"Baja","p":0},"geometry":{"type":"Point","coordinates":[-89.7181,14.29425]}},{"type":"Feature","properties":{"n":"EL PORVENIR","m":"JUTIAPA","a":"Muy Alta","p":23},"geometry":{"type":"Point","coordinates":[-90.02264,14.29548]}},{"type":"Feature","properties":{"n":"EL GUAYABO","m":"ASUNCION MITA","a":"Baja","p":0},"geometry":{"type":"Point","coordinates":[-89.64946,14.29453]}},{"type":"Feature","properties":{"n":"LA BENDICION","m":"TIQUISATE","a":"Baja","p":7},"geometry":{"type":"Point","coordinates":[-91.3695,14.29451]}},{"type":"Feature","properties":{"n":"EL TRIUNFO","m":"CHAMPERICO","a":"Baja","p":1230},"geometry":{"type":"Point","coordinates":[-91.81275,14.29297]}},{"type":"Feature","properties":{"n":"CHAGUITE","m":"ASUNCION MITA","a":"Alta","p":48},"geometry":{"type":"Point","coordinates":[-89.71047,14.29539]}},{"type":"Feature","properties":{"n":"SABANETILLAS","m":"BARBERENA","a":"Muy Alta","p":0},"geometry":{"type":"Point","coordinates":[-90.43255,14.29745]}},{"type":"Feature","properties":{"n":"LOS TALPETATES","m":"ASUNCION MITA","a":"Alta","p":0},"geometry":{"type":"Point","coordinates":[-89.6146,14.29674]}},{"type":"Feature","properties":{"n":"EL HATO","m":"SAN JOSE EL IDOLO","a":"Baja","p":0},"geometry":{"type":"Point","coordinates":[-91.4823,14.29718]}},{"type":"Feature","properties":{"n":"JICARAL","m":"ASUNCION MITA","a":"Media","p":281},"geometry":{"type":"Point","coordinates":[-89.70017,14.2982]}},{"type":"Feature","properties":{"n":"EL ESFUERZO II","m":"ESCUINTLA","a":"Media","p":931},"geometry":{"type":"Point","coordinates":[-90.80277,14.29996]}},{"type":"Feature","properties":{"n":"SANTA ISABEL","m":"SAN JOSE EL IDOLO","a":"Muy Alta","p":34},"geometry":{"type":"Point","coordinates":[-91.48001,14.2982]}},{"type":"Feature","properties":{"n":"SAN JOSE ACAPOLON","m":"CHAMPERICO","a":"Baja","p":55},"geometry":{"type":"Point","coordinates":[-91.85477,14.29646]}},{"type":"Feature","properties":{"n":"VILLA LOPEZ","m":"TIQUISATE","a":"Baja","p":484},"geometry":{"type":"Point","coordinates":[-91.37593,14.29883]}},{"type":"Feature","properties":{"n":"VILLA OFELIA","m":"TIQUISATE","a":"Media","p":1748},"geometry":{"type":"Point","coordinates":[-91.36267,14.299]}},{"type":"Feature","properties":{"n":"LOS ALMENDROS","m":"TIQUISATE","a":"Media","p":0},"geometry":{"type":"Point","coordinates":[-91.27669,14.29934]}},{"type":"Feature","properties":{"n":"RANCHERIA BRUSELAS","m":"CUYOTENANGO","a":"Alta","p":0},"geometry":{"type":"Point","coordinates":[-91.62019,14.29807]}},{"type":"Feature","properties":{"n":"SAN PATRICIO ACAPOLON","m":"CHAMPERICO","a":"Baja","p":0},"geometry":{"type":"Point","coordinates":[-91.84005,14.29695]}},{"type":"Feature","properties":{"n":"TERRANOVA","m":"SAN VICENTE PACAYA","a":"Muy Alta","p":54},"geometry":{"type":"Point","coordinates":[-90.68407,14.30085]}},{"type":"Feature","properties":{"n":"POBLACION DISPERSA","m":"TIQUISATE","a":"Baja","p":251},"geometry":{"type":"Point","coordinates":[-91.36157,14.29947]}},{"type":"Feature","properties":{"n":"LAS MESITAS","m":"ASUNCION MITA","a":"Baja","p":0},"geometry":{"type":"Point","coordinates":[-89.64182,14.29954]}},{"type":"Feature","properties":{"n":"LOS BARRILES","m":"TIQUISATE","a":"Media","p":31},"geometry":{"type":"Point","coordinates":[-91.33622,14.2998]}},{"type":"Feature","properties":{"n":"EL ESFUERZO I","m":"ESCUINTLA","a":"Alta","p":871},"geometry":{"type":"Point","coordinates":[-90.80188,14.30131]}},{"type":"Feature","properties":{"n":"GONZALEZ","m":"ASUNCION MITA","a":"Baja","p":0},"geometry":{"type":"Point","coordinates":[-89.72978,14.30051]}},{"type":"Feature","properties":{"n":"AMAPOLA","m":"ASUNCION MITA","a":"Media","p":10},"geometry":{"type":"Point","coordinates":[-89.6947,14.30072]}},{"type":"Feature","properties":{"n":"BANDURRIA","m":"NUEVA CONCEPCION","a":"Baja","p":87},"geometry":{"type":"Point","coordinates":[-91.25592,14.301]}},{"type":"Feature","properties":{"n":"JOVEL","m":"CHAMPERICO","a":"Media","p":0},"geometry":{"type":"Point","coordinates":[-91.84902,14.29866]}},{"type":"Feature","properties":{"n":"EL CARNERO","m":"JUTIAPA","a":"Media","p":0},"geometry":{"type":"Point","coordinates":[-90.02412,14.30307]}},{"type":"Feature","properties":{"n":"EL ASTILLERO","m":"TIQUISATE","a":"Baja","p":180},"geometry":{"type":"Point","coordinates":[-91.38091,14.30237]}},{"type":"Feature","properties":{"n":"LA PROVIDENCIA","m":"TIQUISATE","a":"Baja","p":30},"geometry":{"type":"Point","coordinates":[-91.38299,14.30315]}},{"type":"Feature","properties":{"n":"SAN JOSE EL CARMEN","m":"TIQUISATE","a":"Alta","p":36},"geometry":{"type":"Point","coordinates":[-91.33126,14.3044]}},{"type":"Feature","properties":{"n":"EL CAPULIN","m":"SIQUINALA","a":"Media","p":0},"geometry":{"type":"Point","coordinates":[-90.91893,14.30582]}},{"type":"Feature","properties":{"n":"CASPIROL","m":"TIQUISATE","a":"Baja","p":1798},"geometry":{"type":"Point","coordinates":[-91.37958,14.30459]}},{"type":"Feature","properties":{"n":"BOCA DEL ZANJON","m":"ASUNCION MITA","a":"Baja","p":0},"geometry":{"type":"Point","coordinates":[-89.60326,14.30469]}},{"type":"Feature","properties":{"n":"SALINAS IXTAN","m":"CHAMPERICO","a":"Media","p":96},"geometry":{"type":"Point","coordinates":[-91.90126,14.30234]}},{"type":"Feature","properties":{"n":"CHALCHATIO","m":"ASUNCION MITA","a":"Media","p":0},"geometry":{"type":"Point","coordinates":[-89.65014,14.30572]}},{"type":"Feature","properties":{"n":"LOS CERRITOS","m":"ASUNCION MITA","a":"Baja","p":33},"geometry":{"type":"Point","coordinates":[-89.66799,14.30593]}},{"type":"Feature","properties":{"n":"LA RESENA","m":"TIQUISATE","a":"Baja","p":0},"geometry":{"type":"Point","coordinates":[-91.29017,14.30642]}},{"type":"Feature","properties":{"n":"EL BALDIO","m":"SIQUINALA","a":"Media","p":39},"geometry":{"type":"Point","coordinates":[-90.94378,14.30798]}},{"type":"Feature","properties":{"n":"SAN ROBERTO","m":"CHAMPERICO","a":"Baja","p":0},"geometry":{"type":"Point","coordinates":[-91.8457,14.30509]}},{"type":"Feature","properties":{"n":"SAN MIGUEL","m":"SAN JOSE EL IDOLO","a":"Alta","p":0},"geometry":{"type":"Point","coordinates":[-91.45815,14.30717]}},{"type":"Feature","properties":{"n":"PERALTA","m":"PATULUL","a":"Alta","p":0},"geometry":{"type":"Point","coordinates":[-91.18681,14.30926]}},{"type":"Feature","properties":{"n":"SANTO TOMAS","m":"ASUNCION MITA","a":"Baja","p":0},"geometry":{"type":"Point","coordinates":[-89.60313,14.30931]}},{"type":"Feature","properties":{"n":"OLIVEROS","m":"ASUNCION MITA","a":"Media","p":0},"geometry":{"type":"Point","coordinates":[-89.62931,14.30966]}},{"type":"Feature","properties":{"n":"EL COCO","m":"CHAMPERICO","a":"Baja","p":0},"geometry":{"type":"Point","coordinates":[-91.81907,14.30884]}},{"type":"Feature","properties":{"n":"CANALES","m":"SAN LORENZO","a":"Baja","p":340},"geometry":{"type":"Point","coordinates":[-91.52061,14.31052]}},{"type":"Feature","properties":{"n":"CHUTIMITA","m":"ASUNCION MITA","a":"Baja","p":0},"geometry":{"type":"Point","coordinates":[-89.68513,14.31161]}},{"type":"Feature","properties":{"n":"MONTOTO","m":"CHAMPERICO","a":"Media","p":0},"geometry":{"type":"Point","coordinates":[-91.89958,14.31032]}},{"type":"Feature","properties":{"n":"LA COMARCA","m":"TIQUISATE","a":"Media","p":23},"geometry":{"type":"Point","coordinates":[-91.31899,14.31351]}},{"type":"Feature","properties":{"n":"CHALCHATE","m":"ASUNCION MITA","a":"Media","p":26},"geometry":{"type":"Point","coordinates":[-89.63201,14.31457]}},{"type":"Feature","properties":{"n":"EL PLATANAR","m":"ASUNCION MITA","a":"Media","p":0},"geometry":{"type":"Point","coordinates":[-89.56631,14.31472]}},{"type":"Feature","properties":{"n":"PANAGUA","m":"SAN LORENZO","a":"Baja","p":0},"geometry":{"type":"Point","coordinates":[-91.52219,14.31511]}},{"type":"Feature","properties":{"n":"EL GUAYOTE","m":"ASUNCION MITA","a":"Alta","p":0},"geometry":{"type":"Point","coordinates":[-89.64187,14.31661]}},{"type":"Feature","properties":{"n":"LAS CRUCES","m":"ASUNCION MITA","a":"Media","p":0},"geometry":{"type":"Point","coordinates":[-89.62193,14.31687]}},{"type":"Feature","properties":{"n":"SANTA MARTA","m":"VILLA CANALES","a":"Baja","p":37},"geometry":{"type":"Point","coordinates":[-90.51828,14.31855]}},{"type":"Feature","properties":{"n":"SAN JUAN EL HATO","m":"CUYOTENANGO","a":"Alta","p":0},"geometry":{"type":"Point","coordinates":[-91.63164,14.31708]}},{"type":"Feature","properties":{"n":"LA VIOLETA","m":"TIQUISATE","a":"Media","p":32},"geometry":{"type":"Point","coordinates":[-91.31932,14.31855]}},{"type":"Feature","properties":{"n":"MONTE RICO","m":"ASUNCION MITA","a":"Baja","p":0},"geometry":{"type":"Point","coordinates":[-89.68753,14.31877]}},{"type":"Feature","properties":{"n":"BUENOS AIRES","m":"PATULUL","a":"Media","p":0},"geometry":{"type":"Point","coordinates":[-91.26777,14.31907]}},{"type":"Feature","properties":{"n":"BUENOS AIRES","m":"TIQUISATE","a":"Media","p":32},"geometry":{"type":"Point","coordinates":[-91.27231,14.31923]}},{"type":"Feature","properties":{"n":"SHUTIMITA","m":"ASUNCION MITA","a":"Baja","p":0},"geometry":{"type":"Point","coordinates":[-89.69314,14.3199]}},{"type":"Feature","properties":{"n":"LA MARTINICA","m":"ASUNCION MITA","a":"Alta","p":20},"geometry":{"type":"Point","coordinates":[-89.65458,14.3201]}},{"type":"Feature","properties":{"n":"LOS GUATALES","m":"ASUNCION MITA","a":"Alta","p":0},"geometry":{"type":"Point","coordinates":[-89.64625,14.32014]}},{"type":"Feature","properties":{"n":"EL ROSARIO I, II Y III","m":"CHAMPERICO","a":"Baja","p":2365},"geometry":{"type":"Point","coordinates":[-91.84721,14.31786]}},{"type":"Feature","properties":{"n":"PALMERAS","m":"RIO BRAVO","a":"Baja","p":0},"geometry":{"type":"Point","coordinates":[-91.37933,14.32027]}},{"type":"Feature","properties":{"n":"TAMASULAPA","m":"ASUNCION MITA","a":"Baja","p":0},"geometry":{"type":"Point","coordinates":[-89.69891,14.32115]}},{"type":"Feature","properties":{"n":"EL CAPULIN","m":"SIQUINALA","a":"Media","p":577},"geometry":{"type":"Point","coordinates":[-90.91246,14.32217]}},{"type":"Feature","properties":{"n":"LA CONCEPCION","m":"ASUNCION MITA","a":"Media","p":0},"geometry":{"type":"Point","coordinates":[-89.66306,14.32128]}},{"type":"Feature","properties":{"n":"BRUSELAS","m":"CUYOTENANGO","a":"Media","p":0},"geometry":{"type":"Point","coordinates":[-91.63076,14.32085]}},{"type":"Feature","properties":{"n":"LAS DELICIAS","m":"ASUNCION MITA","a":"Muy Alta","p":0},"geometry":{"type":"Point","coordinates":[-89.65785,14.32238]}},{"type":"Feature","properties":{"n":"LOS LIMONARES","m":"SIQUINALA","a":"Baja","p":49},"geometry":{"type":"Point","coordinates":[-90.91551,14.3236]}},{"type":"Feature","properties":{"n":"SAN JOSE EL PORVENIR","m":"RIO BRAVO","a":"Baja","p":0},"geometry":{"type":"Point","coordinates":[-91.30941,14.32328]}},{"type":"Feature","properties":{"n":"ESTACION LOS ANGELES","m":"CHAMPERICO","a":"Baja","p":256},"geometry":{"type":"Point","coordinates":[-91.89574,14.3207]}},{"type":"Feature","properties":{"n":"LA LOMA","m":"RETALHULEU","a":"Media","p":0},"geometry":{"type":"Point","coordinates":[-91.74211,14.32173]}},{"type":"Feature","properties":{"n":"EL TULE","m":"ASUNCION MITA","a":"Baja","p":40},"geometry":{"type":"Point","coordinates":[-89.68318,14.3247]}},{"type":"Feature","properties":{"n":"EL COQUITO","m":"ASUNCION MITA","a":"Media","p":16},"geometry":{"type":"Point","coordinates":[-89.67476,14.32482]}},{"type":"Feature","properties":{"n":"SANTA MARTA","m":"PATULUL","a":"Alta","p":0},"geometry":{"type":"Point","coordinates":[-91.26217,14.32524]}},{"type":"Feature","properties":{"n":"AGUA BLANCA","m":"ESCUINTLA","a":"Media","p":21},"geometry":{"type":"Point","coordinates":[-90.72173,14.32638]}},{"type":"Feature","properties":{"n":"EL ROSARIO CENTRO URBANO","m":"CHAMPERICO","a":"Baja","p":1016},"geometry":{"type":"Point","coordinates":[-91.84832,14.32309]}},{"type":"Feature","properties":{"n":"LOS ENCUENTROS","m":"RIO BRAVO","a":"Baja","p":0},"geometry":{"type":"Point","coordinates":[-91.41697,14.32631]}},{"type":"Feature","properties":{"n":"EL TULE","m":"ASUNCION MITA","a":"Media","p":0},"geometry":{"type":"Point","coordinates":[-89.68391,14.32705]}},{"type":"Feature","properties":{"n":"LA VEGA","m":"ASUNCION MITA","a":"Baja","p":0},"geometry":{"type":"Point","coordinates":[-89.69576,14.32896]}},{"type":"Feature","properties":{"n":"EL JUGUETE","m":"ASUNCION MITA","a":"Baja","p":0},"geometry":{"type":"Point","coordinates":[-89.69276,14.32938]}},{"type":"Feature","properties":{"n":"COMUNIDAD AGRARIA SAN VICENTE","m":"CHAMPERICO","a":"Media","p":0},"geometry":{"type":"Point","coordinates":[-91.88304,14.32921]}},{"type":"Feature","properties":{"n":"AGUA SANTA","m":"BARBERENA","a":"Baja","p":0},"geometry":{"type":"Point","coordinates":[-90.42617,14.33349]}},{"type":"Feature","properties":{"n":"LOS LAURELES","m":"SAN LORENZO","a":"Alta","p":0},"geometry":{"type":"Point","coordinates":[-91.52816,14.33243]}},{"type":"Feature","properties":{"n":"EL TULE","m":"ASUNCION MITA","a":"Alta","p":0},"geometry":{"type":"Point","coordinates":[-89.68763,14.33351]}},{"type":"Feature","properties":{"n":"MORAZAN","m":"RIO BRAVO","a":"Baja","p":1589},"geometry":{"type":"Point","coordinates":[-91.30891,14.33386]}},{"type":"Feature","properties":{"n":"POBLACION DISPERSA","m":"RIO BRAVO","a":"Muy Alta","p":236},"geometry":{"type":"Point","coordinates":[-91.31439,14.33586]}},{"type":"Feature","properties":{"n":"EL PINON","m":"RETALHULEU","a":"Alta","p":0},"geometry":{"type":"Point","coordinates":[-91.75012,14.3342]}},{"type":"Feature","properties":{"n":"CHAPINAS","m":"SAN LORENZO","a":"Muy Alta","p":673},"geometry":{"type":"Point","coordinates":[-91.52026,14.33533]}},{"type":"Feature","properties":{"n":"EL MORA","m":"ASUNCION MITA","a":"Media","p":0},"geometry":{"type":"Point","coordinates":[-89.68385,14.33667]}},{"type":"Feature","properties":{"n":"CENTROAMERICA","m":"RIO BRAVO","a":"Alta","p":0},"geometry":{"type":"Point","coordinates":[-91.38562,14.33775]}},{"type":"Feature","properties":{"n":"SAN JUAN LA PAZ","m":"SAN JOSE EL IDOLO","a":"Baja","p":112},"geometry":{"type":"Point","coordinates":[-91.44537,14.33761]}},{"type":"Feature","properties":{"n":"TRAPICHE VARGAS","m":"ASUNCION MITA","a":"Baja","p":524},"geometry":{"type":"Point","coordinates":[-89.63998,14.33911]}},{"type":"Feature","properties":{"n":"CANDELARIA EL ESPINAL","m":"RETALHULEU","a":"Alta","p":0},"geometry":{"type":"Point","coordinates":[-91.73699,14.33887]}},{"type":"Feature","properties":{"n":"SAN FELIPE COSTA RICA","m":"RIO BRAVO","a":"Media","p":39},"geometry":{"type":"Point","coordinates":[-91.25696,14.34122]}},{"type":"Feature","properties":{"n":"SOLEDAD","m":"RETALHULEU","a":"Alta","p":24},"geometry":{"type":"Point","coordinates":[-91.7331,14.33926]}},{"type":"Feature","properties":{"n":"EL SALITRE","m":"ASUNCION  MITA","a":"Baja","p":0},"geometry":{"type":"Point","coordinates":[-89.66576,14.34117]}},{"type":"Feature","properties":{"n":"SANTA ROSA","m":"ASUNCION MITA","a":"Media","p":0},"geometry":{"type":"Point","coordinates":[-89.59884,14.34214]}},{"type":"Feature","properties":{"n":"SANTA ANITA","m":"SAN JOSE EL IDOLO","a":"Media","p":0},"geometry":{"type":"Point","coordinates":[-91.43159,14.34203]}},{"type":"Feature","properties":{"n":"EL PORVENIR","m":"SANTO DOMINGO SUCHITEPEQUEZ","a":"Media","p":0},"geometry":{"type":"Point","coordinates":[-91.50896,14.3421]}},{"type":"Feature","properties":{"n":"SAN MARCOS","m":"RIO BRAVO","a":"Media","p":23},"geometry":{"type":"Point","coordinates":[-91.38147,14.34324]}},{"type":"Feature","properties":{"n":"LA DICHA","m":"SAN JOSE EL IDOLO","a":"Baja","p":0},"geometry":{"type":"Point","coordinates":[-91.43818,14.34317]}},{"type":"Feature","properties":{"n":"JUAN MARTIN","m":"ASUNCION MITA","a":"Media","p":0},"geometry":{"type":"Point","coordinates":[-89.60643,14.34468]}},{"type":"Feature","properties":{"n":"EL MANGAL","m":"ASUNCION MITA","a":"Alta","p":0},"geometry":{"type":"Point","coordinates":[-89.59191,14.34484]}},{"type":"Feature","properties":{"n":"LAS FLORIDAS","m":"SAN LORENZO","a":"Alta","p":0},"geometry":{"type":"Point","coordinates":[-91.53495,14.34529]}},{"type":"Feature","properties":{"n":"SAN PEDRO MARTIR","m":"ESCUINTLA","a":"Alta","p":63},"geometry":{"type":"Point","coordinates":[-90.74831,14.34743]}},{"type":"Feature","properties":{"n":"SAN MIGUEL","m":"SAN JOSE EL IDOLO","a":"Baja","p":25},"geometry":{"type":"Point","coordinates":[-91.43162,14.34793]}},{"type":"Feature","properties":{"n":"COMUNIDAD NUEVO SANTIAGO CABRICAN","m":"SAN JOSE EL IDOLO","a":"Baja","p":345},"geometry":{"type":"Point","coordinates":[-91.43503,14.35148]}},{"type":"Feature","properties":{"n":"SAN LUCAS EL ESPINAL","m":"RETALHULEU","a":"Media","p":0},"geometry":{"type":"Point","coordinates":[-91.74281,14.35082]}},{"type":"Feature","properties":{"n":"VUELTA GRANDE","m":"PATULUL","a":"Media","p":0},"geometry":{"type":"Point","coordinates":[-91.24205,14.35417]}},{"type":"Feature","properties":{"n":"MONTE VERDE","m":"CASILLAS","a":"Baja","p":485},"geometry":{"type":"Point","coordinates":[-90.10447,14.35849]}},{"type":"Feature","properties":{"n":"LA CUCHILLA","m":"SAN JUAN BAUTISTA","a":"Baja","p":28},"geometry":{"type":"Point","coordinates":[-91.239,14.36005]}},{"type":"Feature","properties":{"n":"SAN MIGUEL","m":"SAN JOSE EL IDOLO","a":"Baja","p":0},"geometry":{"type":"Point","coordinates":[-91.43055,14.36058]}},{"type":"Feature","properties":{"n":"SEVERA","m":"RETALHULEU","a":"Muy Alta","p":0},"geometry":{"type":"Point","coordinates":[-91.76063,14.35942]}},{"type":"Feature","properties":{"n":"LA PERLA","m":"CHICACAO","a":"Media","p":0},"geometry":{"type":"Point","coordinates":[-91.40677,14.36179]}},{"type":"Feature","properties":{"n":"SOLOLA","m":"RIO BRAVO","a":"Media","p":9},"geometry":{"type":"Point","coordinates":[-91.36522,14.36278]}},{"type":"Feature","properties":{"n":"MEDIO MONTE","m":"PALIN","a":"Media","p":39},"geometry":{"type":"Point","coordinates":[-90.73585,14.36439]}},{"type":"Feature","properties":{"n":"LA UNION","m":"SAN LORENZO","a":"Media","p":0},"geometry":{"type":"Point","coordinates":[-91.53203,14.36268]}},{"type":"Feature","properties":{"n":"SAN ANTONIO","m":"CHAMPERICO","a":"Media","p":0},"geometry":{"type":"Point","coordinates":[-91.95789,14.36184]}},{"type":"Feature","properties":{"n":"MARYLAND","m":"RETALHULEU","a":"Alta","p":0},"geometry":{"type":"Point","coordinates":[-91.7394,14.3633]}},{"type":"Feature","properties":{"n":"MANACALES","m":"CHICACAO","a":"Alta","p":385},"geometry":{"type":"Point","coordinates":[-91.40702,14.36505]}},{"type":"Feature","properties":{"n":"LAS FLORES","m":"CHAMPERICO","a":"Alta","p":0},"geometry":{"type":"Point","coordinates":[-91.94642,14.36377]}},{"type":"Feature","properties":{"n":"SAN PEDRO VARIEDADES","m":"RIO BRAVO","a":"Alta","p":0},"geometry":{"type":"Point","coordinates":[-91.28786,14.36698]}},{"type":"Feature","properties":{"n":"NARANJALES","m":"SANTO DOMINGO SUCHITEPEQUEZ","a":"Media","p":107},"geometry":{"type":"Point","coordinates":[-91.47326,14.36674]}},{"type":"Feature","properties":{"n":"CAMAMPO","m":"SAN LORENZO","a":"Baja","p":18},"geometry":{"type":"Point","coordinates":[-91.51922,14.36825]}},{"type":"Feature","properties":{"n":"PUERTA DE HIERRO","m":"CHAMPERICO","a":"Baja","p":0},"geometry":{"type":"Point","coordinates":[-91.91449,14.3663]}},{"type":"Feature","properties":{"n":"MAPAHUITE","m":"CHAMPERICO","a":"Alta","p":0},"geometry":{"type":"Point","coordinates":[-91.92862,14.36661]}},{"type":"Feature","properties":{"n":"EL CAMPAMENTO","m":"RETALHULEU","a":"Alta","p":0},"geometry":{"type":"Point","coordinates":[-91.76111,14.37015]}},{"type":"Feature","properties":{"n":"EL SOCORRO","m":"RIO BRAVO","a":"Alta","p":199},"geometry":{"type":"Point","coordinates":[-91.27913,14.37351]}},{"type":"Feature","properties":{"n":"NUEVA CANDELARIA","m":"RETALHULEU","a":"Alta","p":1593},"geometry":{"type":"Point","coordinates":[-91.73687,14.37165]}},{"type":"Feature","properties":{"n":"SANTA LUCIA","m":"SAN JOSE EL IDOLO","a":"Baja","p":0},"geometry":{"type":"Point","coordinates":[-91.44468,14.37392]}},{"type":"Feature","properties":{"n":"JABALIN","m":"CHAMPERICO","a":"Media","p":0},"geometry":{"type":"Point","coordinates":[-91.91705,14.37222]}},{"type":"Feature","properties":{"n":"TRANSVAL I II III","m":"SAN JOSE EL IDOLO","a":"Alta","p":20},"geometry":{"type":"Point","coordinates":[-91.44899,14.37499]}},{"type":"Feature","properties":{"n":"EL MILAGRO","m":"CHAMPERICO","a":"Baja","p":32},"geometry":{"type":"Point","coordinates":[-91.90191,14.37479]}},{"type":"Feature","properties":{"n":"SANTA ISABEL","m":"RETALHULEU","a":"Alta","p":227},"geometry":{"type":"Point","coordinates":[-91.72857,14.37824]}},{"type":"Feature","properties":{"n":"SAN LUIS","m":"CHAMPERICO","a":"Baja","p":0},"geometry":{"type":"Point","coordinates":[-91.91542,14.37782]}},{"type":"Feature","properties":{"n":"EL DIAMANTE","m":"SAN LORENZO","a":"Media","p":0},"geometry":{"type":"Point","coordinates":[-91.51949,14.38053]}},{"type":"Feature","properties":{"n":"LAS BRISAS SAN JOSE","m":"RIO BRAVO","a":"Alta","p":31},"geometry":{"type":"Point","coordinates":[-91.27198,14.3823]}},{"type":"Feature","properties":{"n":"LAS VICTORIAS","m":"RETALHULEU","a":"Media","p":0},"geometry":{"type":"Point","coordinates":[-91.72308,14.38142]}},{"type":"Feature","properties":{"n":"SANTA MARIA DEL MAR","m":"CHAMPERICO","a":"Media","p":0},"geometry":{"type":"Point","coordinates":[-91.9418,14.38087]}},{"type":"Feature","properties":{"n":"LA UNION","m":"SAN JOSE EL IDOLO","a":"Media","p":0},"geometry":{"type":"Point","coordinates":[-91.45828,14.38373]}},{"type":"Feature","properties":{"n":"LA PONDEROSA","m":"SANTO DOMINGO SUCHITEPEQUEZ","a":"Media","p":0},"geometry":{"type":"Point","coordinates":[-91.4731,14.38384]}},{"type":"Feature","properties":{"n":"EL ROSARIO","m":"SAN JOSE EL IDOLO","a":"Media","p":0},"geometry":{"type":"Point","coordinates":[-91.40364,14.3848]}},{"type":"Feature","properties":{"n":"SANTA RAQUEL","m":"SAN ANDRES VILLA SECA","a":"Baja","p":47},"geometry":{"type":"Point","coordinates":[-91.59683,14.38401]}},{"type":"Feature","properties":{"n":"LAS PALMAS","m":"RETALHULEU","a":"Media","p":0},"geometry":{"type":"Point","coordinates":[-91.72455,14.38593]}},{"type":"Feature","properties":{"n":"SANTA ROSA DE LIMA","m":"SANTA ROSA DE LIMA","a":"Baja","p":2232},"geometry":{"type":"Point","coordinates":[-90.29609,14.38986]}},{"type":"Feature","properties":{"n":"PALESTINA","m":"SANTO DOMINGO SUCHITEPEQUEZ","a":"Alta","p":0},"geometry":{"type":"Point","coordinates":[-91.45818,14.38848]}},{"type":"Feature","properties":{"n":"EL TIGRE","m":"CHAMPERICO","a":"Baja","p":0},"geometry":{"type":"Point","coordinates":[-91.90261,14.38666]}},{"type":"Feature","properties":{"n":"SANTA ANITA COPALCHI","m":"SAN ANDRES VILLA SECA","a":"Alta","p":0},"geometry":{"type":"Point","coordinates":[-91.59707,14.38834]}},{"type":"Feature","properties":{"n":"VALPARAISO","m":"PALIN","a":"Muy Alta","p":63},"geometry":{"type":"Point","coordinates":[-90.71007,14.39114]}},{"type":"Feature","properties":{"n":"LOS LAURELES","m":"RIO BRAVO","a":"Muy Alta","p":0},"geometry":{"type":"Point","coordinates":[-91.37257,14.3899]}},{"type":"Feature","properties":{"n":"MONTE MARIA","m":"ALOTENANGO","a":"Baja","p":385},"geometry":{"type":"Point","coordinates":[-90.81613,14.39212]}},{"type":"Feature","properties":{"n":"NAHOA 2","m":"CHAMPERICO","a":"Alta","p":0},"geometry":{"type":"Point","coordinates":[-91.98692,14.38863]}},{"type":"Feature","properties":{"n":"EL RECUERDO","m":"CHAMPERICO","a":"Alta","p":0},"geometry":{"type":"Point","coordinates":[-91.98846,14.38866]}},{"type":"Feature","properties":{"n":"LAS CATALINAS","m":"RETALHULEU","a":"Baja","p":34},"geometry":{"type":"Point","coordinates":[-91.71948,14.3903]}},{"type":"Feature","properties":{"n":"LA SELVA","m":"SANTO DOMINGO SUCHITEPEQUEZ","a":"Muy Alta","p":185},"geometry":{"type":"Point","coordinates":[-91.51419,14.39328]}},{"type":"Feature","properties":{"n":"NAHOA","m":"CHAMPERICO","a":"Media","p":0},"geometry":{"type":"Point","coordinates":[-91.94582,14.39108]}},{"type":"Feature","properties":{"n":"COCALES SAN RUFINO O SAN RUFINO COCALES","m":"PATULUL","a":"Muy Alta","p":851},"geometry":{"type":"Point","coordinates":[-91.1999,14.3947]}},{"type":"Feature","properties":{"n":"CORRALITOS","m":"CASILLAS","a":"Baja","p":571},"geometry":{"type":"Point","coordinates":[-90.19396,14.39554]}},{"type":"Feature","properties":{"n":"SAN PEDRO","m":"CHAMPERICO","a":"Media","p":0},"geometry":{"type":"Point","coordinates":[-91.9746,14.39141]}},{"type":"Feature","properties":{"n":"SACRAMENTO II","m":"PALIN","a":"Muy Alta","p":1745},"geometry":{"type":"Point","coordinates":[-90.69263,14.39649]}},{"type":"Feature","properties":{"n":"EL SACRAMENTO I","m":"PALIN","a":"Alta","p":344},"geometry":{"type":"Point","coordinates":[-90.69337,14.39653]}},{"type":"Feature","properties":{"n":"LA LIBERTAD","m":"SAN JOSE EL IDOLO","a":"Alta","p":68},"geometry":{"type":"Point","coordinates":[-91.44544,14.39569]}},{"type":"Feature","properties":{"n":"SANTA ROSA","m":"CHAMPERICO","a":"Media","p":0},"geometry":{"type":"Point","coordinates":[-91.95177,14.39388]}},{"type":"Feature","properties":{"n":"EL FAROL","m":"PALIN","a":"Alta","p":68},"geometry":{"type":"Point","coordinates":[-90.68842,14.39847]}},{"type":"Feature","properties":{"n":"SANTA ELISA","m":"CHAMPERICO","a":"Baja","p":0},"geometry":{"type":"Point","coordinates":[-91.81515,14.39567]}},{"type":"Feature","properties":{"n":"LA PERLA","m":"CHAMPERICO","a":"Alta","p":0},"geometry":{"type":"Point","coordinates":[-91.98996,14.3948]}},{"type":"Feature","properties":{"n":"RIO BRAVO","m":"RIO BRAVO","a":"Alta","p":6188},"geometry":{"type":"Point","coordinates":[-91.32369,14.39824]}},{"type":"Feature","properties":{"n":"LOS PATOS","m":"SANTO DOMINGO SUCHITEPEQUEZ","a":"Media","p":112},"geometry":{"type":"Point","coordinates":[-91.46741,14.39889]}},{"type":"Feature","properties":{"n":"LA DICHA","m":"CHAMPERICO","a":"Alta","p":0},"geometry":{"type":"Point","coordinates":[-92.00341,14.39668]}},{"type":"Feature","properties":{"n":"BETHANIA","m":"SAN JUAN BAUTISTA","a":"Alta","p":54},"geometry":{"type":"Point","coordinates":[-91.19716,14.4006]}},{"type":"Feature","properties":{"n":"VILLA ESTELITA Y SANTA RITA","m":"PALIN","a":"Baja","p":472},"geometry":{"type":"Point","coordinates":[-90.68594,14.40339]}},{"type":"Feature","properties":{"n":"LAS VICTORIAS III","m":"CHAMPERICO","a":"Media","p":346},"geometry":{"type":"Point","coordinates":[-91.96693,14.39902]}},{"type":"Feature","properties":{"n":"LA PEPESCA","m":"CUYOTENANGO","a":"Baja","p":0},"geometry":{"type":"Point","coordinates":[-91.58569,14.40111]}},{"type":"Feature","properties":{"n":"LA LIBERTAD","m":"SANTO DOMINGO SUCHITEPEQUEZ","a":"Media","p":30},"geometry":{"type":"Point","coordinates":[-91.46488,14.40239]}},{"type":"Feature","properties":{"n":"EL IDEAL","m":"RIO BRAVO","a":"Media","p":0},"geometry":{"type":"Point","coordinates":[-91.34891,14.40302]}},{"type":"Feature","properties":{"n":"ROSARIO MOCA ECHEVERRIA","m":"CHICACAO","a":"Alta","p":26},"geometry":{"type":"Point","coordinates":[-91.37236,14.40454]}},{"type":"Feature","properties":{"n":"SANTA EMILIA","m":"SAN JOSE EL IDOLO","a":"Media","p":0},"geometry":{"type":"Point","coordinates":[-91.45971,14.4043]}},{"type":"Feature","properties":{"n":"GUADALUPE MANACALES","m":"CHAMPERICO","a":"Media","p":0},"geometry":{"type":"Point","coordinates":[-91.99609,14.40297]}},{"type":"Feature","properties":{"n":"EL VALLE","m":"NUEVA SANTA ROSA","a":"Baja","p":128},"geometry":{"type":"Point","coordinates":[-90.25991,14.40817]}},{"type":"Feature","properties":{"n":"SAN BARTOLO","m":"SAN JUAN BAUTISTA","a":"Media","p":39},"geometry":{"type":"Point","coordinates":[-91.1914,14.40783]}},{"type":"Feature","properties":{"n":"PINAL DEL RIO","m":"SAN JOSE EL IDOLO","a":"Baja","p":234},"geometry":{"type":"Point","coordinates":[-91.44986,14.40738]}},{"type":"Feature","properties":{"n":"EL LLANO","m":"PALIN","a":"Alta","p":148},"geometry":{"type":"Point","coordinates":[-90.6762,14.40956]}},{"type":"Feature","properties":{"n":"NUEVO CAJOLA","m":"CHAMPERICO","a":"Alta","p":1198},"geometry":{"type":"Point","coordinates":[-91.93909,14.4057]}},{"type":"Feature","properties":{"n":"PRIMAS","m":"CASILLAS","a":"Alta","p":0},"geometry":{"type":"Point","coordinates":[-90.26488,14.41003]}},{"type":"Feature","properties":{"n":"LA ESPERANZA","m":"NUEVA SANTA ROSA","a":"Baja","p":32},"geometry":{"type":"Point","coordinates":[-90.2802,14.41037]}},{"type":"Feature","properties":{"n":"SAN ALBERTO","m":"PATULUL","a":"Media","p":0},"geometry":{"type":"Point","coordinates":[-91.18293,14.40962]}},{"type":"Feature","properties":{"n":"MARIA DEL MAR","m":"CHICACAO","a":"Alta","p":332},"geometry":{"type":"Point","coordinates":[-91.39538,14.40908]}},{"type":"Feature","properties":{"n":"SEGOVIA","m":"CHICACAO","a":"Baja","p":0},"geometry":{"type":"Point","coordinates":[-91.37879,14.40957]}},{"type":"Feature","properties":{"n":"EL REFUGIO","m":"CHAMPERICO","a":"Alta","p":108},"geometry":{"type":"Point","coordinates":[-91.94732,14.40689]}},{"type":"Feature","properties":{"n":"MARGARITAS","m":"SANTO DOMINGO SUCHITEPEQUEZ","a":"Alta","p":0},"geometry":{"type":"Point","coordinates":[-91.46027,14.40962]}},{"type":"Feature","properties":{"n":"SANTA ISABEL","m":"SAN JUAN BAUTISTA","a":"Media","p":63},"geometry":{"type":"Point","coordinates":[-91.18122,14.41117]}},{"type":"Feature","properties":{"n":"GUAYACAN","m":"CHAMPERICO","a":"Muy Alta","p":0},"geometry":{"type":"Point","coordinates":[-91.98087,14.40756]}},{"type":"Feature","properties":{"n":"VALERIANO","m":"CONCEPCION LAS MINAS","a":"Media","p":277},"geometry":{"type":"Point","coordinates":[-89.50605,14.41073]}},{"type":"Feature","properties":{"n":"SANTA EMILIA","m":"SANTO DOMINGO SUCHITEPEQUEZ","a":"Alta","p":0},"geometry":{"type":"Point","coordinates":[-91.46067,14.41104]}},{"type":"Feature","properties":{"n":"EL RIO","m":"CHAMPERICO","a":"Alta","p":204},"geometry":{"type":"Point","coordinates":[-91.93197,14.40881]}},{"type":"Feature","properties":{"n":"EL SUBINAL","m":"CASILLAS","a":"Alta","p":0},"geometry":{"type":"Point","coordinates":[-90.09474,14.41388]}},{"type":"Feature","properties":{"n":"BELEN","m":"SANTO DOMINGO SUCHITEPEQUEZ","a":"Alta","p":1428},"geometry":{"type":"Point","coordinates":[-91.46289,14.41298]}},{"type":"Feature","properties":{"n":"SANTA FE EL FLOR","m":"SAN ANDRES VILLA SECA","a":"Baja","p":32},"geometry":{"type":"Point","coordinates":[-91.65272,14.4124]}},{"type":"Feature","properties":{"n":"EL CHICO","m":"RETALHULEU","a":"Media","p":700},"geometry":{"type":"Point","coordinates":[-92.05749,14.4101]}},{"type":"Feature","properties":{"n":"COOPERATIVA SANTIAGO AGRICOLA","m":"CHAMPERICO","a":"Baja","p":229},"geometry":{"type":"Point","coordinates":[-91.90638,14.41216]}},{"type":"Feature","properties":{"n":"EL CALVARIO","m":"RETALHULEU","a":"Alta","p":0},"geometry":{"type":"Point","coordinates":[-91.98011,14.41206]}},{"type":"Feature","properties":{"n":"NORMANDIA","m":"CUYOTENANGO","a":"Alta","p":0},"geometry":{"type":"Point","coordinates":[-91.57826,14.41444]}},{"type":"Feature","properties":{"n":"LA PAZ","m":"PATULUL","a":"Muy Alta","p":732},"geometry":{"type":"Point","coordinates":[-91.1765,14.41613]}},{"type":"Feature","properties":{"n":"LA FORTALEZA","m":"CHICACAO","a":"Media","p":91},"geometry":{"type":"Point","coordinates":[-91.36828,14.41575]}},{"type":"Feature","properties":{"n":"EL TESORO","m":"SANTO DOMINGO SUCHITEPEQUEZ","a":"Media","p":0},"geometry":{"type":"Point","coordinates":[-91.51196,14.41548]}},{"type":"Feature","properties":{"n":"LA TIERRUCA","m":"CHAMPERICO","a":"Alta","p":0},"geometry":{"type":"Point","coordinates":[-91.92543,14.41347]}},{"type":"Feature","properties":{"n":"EL ESPAÑOL","m":"RETALHULEU","a":"Media","p":21},"geometry":{"type":"Point","coordinates":[-91.7309,14.41463]}},{"type":"Feature","properties":{"n":"SAN PABLO","m":"RETALHULEU","a":"Alta","p":0},"geometry":{"type":"Point","coordinates":[-91.93344,14.41457]}},{"type":"Feature","properties":{"n":"CANADA","m":"RETALHULEU","a":"Alta","p":0},"geometry":{"type":"Point","coordinates":[-91.96422,14.4151]}},{"type":"Feature","properties":{"n":"PALO BLANCO","m":"SANTO DOMINGO SUCHITEPEQUEZ","a":"Alta","p":20},"geometry":{"type":"Point","coordinates":[-91.51037,14.41878]}},{"type":"Feature","properties":{"n":"RANCHO BONANZA","m":"SAN LORENZO","a":"Baja","p":0},"geometry":{"type":"Point","coordinates":[-91.54613,14.41877]}},{"type":"Feature","properties":{"n":"SAN ISIDRO","m":"PATULUL","a":"Media","p":0},"geometry":{"type":"Point","coordinates":[-91.17445,14.42016]}},{"type":"Feature","properties":{"n":"LAS DELICIAS","m":"PATULUL","a":"Muy Alta","p":0},"geometry":{"type":"Point","coordinates":[-91.16742,14.4211]}},{"type":"Feature","properties":{"n":"BELGICA","m":"RETALHULEU","a":"Media","p":23},"geometry":{"type":"Point","coordinates":[-91.95534,14.41825]}},{"type":"Feature","properties":{"n":"SAN JOSE LA DICHA","m":"RIO BRAVO","a":"Media","p":100},"geometry":{"type":"Point","coordinates":[-91.35343,14.42131]}},{"type":"Feature","properties":{"n":"SANTA ROSA MADRE VIEJA","m":"PATULUL","a":"Alta","p":0},"geometry":{"type":"Point","coordinates":[-91.16667,14.42219]}},{"type":"Feature","properties":{"n":"SAN CAYETANO","m":"CHICACAO","a":"Baja","p":43},"geometry":{"type":"Point","coordinates":[-91.36525,14.42234]}},{"type":"Feature","properties":{"n":"LAS MARGARITAS","m":"AMATITLAN","a":"Alta","p":772},"geometry":{"type":"Point","coordinates":[-90.54915,14.42393]}},{"type":"Feature","properties":{"n":"SAN ANTONIO PEREIRA","m":"NUEVA SANTA ROSA","a":"Muy Alta","p":0},"geometry":{"type":"Point","coordinates":[-90.29448,14.42397]}},{"type":"Feature","properties":{"n":"SAN JUAN BAUTISTA","m":"SAN JUAN BAUTISTA","a":"Baja","p":2240},"geometry":{"type":"Point","coordinates":[-91.17905,14.42348]}},{"type":"Feature","properties":{"n":"EL CHICHO","m":"RETALHULEU","a":"Muy Alta","p":0},"geometry":{"type":"Point","coordinates":[-92.06181,14.4195]}},{"type":"Feature","properties":{"n":"ENTRE RIOS","m":"CHAMPERICO","a":"Media","p":0},"geometry":{"type":"Point","coordinates":[-91.87599,14.42212]}},{"type":"Feature","properties":{"n":"ENTRE RIOS","m":"MAZATENANGO","a":"Media","p":0},"geometry":{"type":"Point","coordinates":[-91.55399,14.42493]}},{"type":"Feature","properties":{"n":"SANTIAGO AGRICOLA","m":"CHAMPERICO","a":"Baja","p":315},"geometry":{"type":"Point","coordinates":[-91.8789,14.42357]}},{"type":"Feature","properties":{"n":"ARIZONA","m":"SAN LORENZO","a":"Baja","p":60},"geometry":{"type":"Point","coordinates":[-91.53226,14.42544]}},{"type":"Feature","properties":{"n":"SANTA RITA","m":"SAN JOSE EL IDOLO","a":"Alta","p":90},"geometry":{"type":"Point","coordinates":[-91.44827,14.42809]}},{"type":"Feature","properties":{"n":"BELEN","m":"AMATITLAN","a":"Muy Alta","p":77},"geometry":{"type":"Point","coordinates":[-90.55639,14.4316]}},{"type":"Feature","properties":{"n":"LA ESPERANZA","m":"RETALHULEU","a":"Baja","p":0},"geometry":{"type":"Point","coordinates":[-91.88164,14.42868]}},{"type":"Feature","properties":{"n":"AZADERA","m":"RETALHULEU","a":"Media","p":29},"geometry":{"type":"Point","coordinates":[-92.02391,14.42796]}},{"type":"Feature","properties":{"n":"JESUS LA BOMBA","m":"RETALHULEU","a":"Baja","p":159},"geometry":{"type":"Point","coordinates":[-91.87712,14.4295]}},{"type":"Feature","properties":{"n":"EL NARANJO","m":"CHICACAO","a":"Media","p":0},"geometry":{"type":"Point","coordinates":[-91.38153,14.43303]}},{"type":"Feature","properties":{"n":"LA LABOR SALITRE","m":"SAN RAFAEL LAS FLORES","a":"Baja","p":0},"geometry":{"type":"Point","coordinates":[-90.13713,14.43524]}},{"type":"Feature","properties":{"n":"SAN ANTONIO BUENA VISTA","m":"SAN LORENZO","a":"Media","p":216},"geometry":{"type":"Point","coordinates":[-91.53042,14.43334]}},{"type":"Feature","properties":{"n":"EL CAFETALITO","m":"AMATITLAN","a":"Baja","p":76},"geometry":{"type":"Point","coordinates":[-90.63543,14.43559]}},{"type":"Feature","properties":{"n":"LOS SAUCES","m":"PALIN","a":"Muy Alta","p":2908},"geometry":{"type":"Point","coordinates":[-90.65279,14.43583]}},{"type":"Feature","properties":{"n":"CAMPO LIBRE","m":"RETALHULEU","a":"Alta","p":0},"geometry":{"type":"Point","coordinates":[-91.99075,14.43179]}},{"type":"Feature","properties":{"n":"EL CASTAÑO","m":"RETALHULEU","a":"Alta","p":0},"geometry":{"type":"Point","coordinates":[-91.97758,14.43308]}},{"type":"Feature","properties":{"n":"LA PROVIDENCIA","m":"AMATITLAN","a":"Alta","p":0},"geometry":{"type":"Point","coordinates":[-90.635,14.43769]}},{"type":"Feature","properties":{"n":"LAS ILUSIONES","m":"RETALHULEU","a":"Media","p":21},"geometry":{"type":"Point","coordinates":[-91.98926,14.43305]}},{"type":"Feature","properties":{"n":"LA FLORIDA","m":"SAN JOSE EL IDOLO","a":"Baja","p":202},"geometry":{"type":"Point","coordinates":[-91.43375,14.43603]}},{"type":"Feature","properties":{"n":"EL LUCERO","m":"SAN JOSE EL IDOLO","a":"Baja","p":0},"geometry":{"type":"Point","coordinates":[-91.44144,14.43606]}},{"type":"Feature","properties":{"n":"EL RINCON LA UNION","m":"VILLA CANALES","a":"Baja","p":0},"geometry":{"type":"Point","coordinates":[-90.53534,14.43811]}},{"type":"Feature","properties":{"n":"FEGUA","m":"CHICACAO","a":"Alta","p":290},"geometry":{"type":"Point","coordinates":[-91.3806,14.43671]}},{"type":"Feature","properties":{"n":"LA ESPERANZA","m":"CHICACAO","a":"Alta","p":0},"geometry":{"type":"Point","coordinates":[-91.36016,14.43709]}},{"type":"Feature","properties":{"n":"ALASKA","m":"RETALHULEU","a":"Alta","p":0},"geometry":{"type":"Point","coordinates":[-91.91626,14.43459]}},{"type":"Feature","properties":{"n":"EL COPADO","m":"SANTO DOMINGO SUCHITEPEQUEZ","a":"Alta","p":1249},"geometry":{"type":"Point","coordinates":[-91.45383,14.43706]}},{"type":"Feature","properties":{"n":"EL PARAISO","m":"SANTO DOMINGO SUCHITEPEQUEZ","a":"Baja","p":19},"geometry":{"type":"Point","coordinates":[-91.46708,14.43912]}},{"type":"Feature","properties":{"n":"SANTA ANA","m":"CHICACAO","a":"Media","p":1055},"geometry":{"type":"Point","coordinates":[-91.3833,14.43967]}},{"type":"Feature","properties":{"n":"EL RINCON","m":"AMATITLAN","a":"Baja","p":1222},"geometry":{"type":"Point","coordinates":[-90.63,14.44228]}},{"type":"Feature","properties":{"n":"LA FUENTE","m":"PATULUL","a":"Muy Alta","p":219},"geometry":{"type":"Point","coordinates":[-91.14733,14.44156]}},{"type":"Feature","properties":{"n":"CUESTA DE GARCIA","m":"SANTA CATARINA MITA","a":"Media","p":142},"geometry":{"type":"Point","coordinates":[-89.72715,14.44222]}},{"type":"Feature","properties":{"n":"NUEVO PROGRESO","m":"SAN JOSE EL IDOLO","a":"Baja","p":0},"geometry":{"type":"Point","coordinates":[-91.42293,14.44207]}},{"type":"Feature","properties":{"n":"POBLACION DISPERSA","m":"SAN JOSE EL IDOLO","a":"Alta","p":105},"geometry":{"type":"Point","coordinates":[-91.42922,14.44208]}},{"type":"Feature","properties":{"n":"POBLACION DISPERSA","m":"SANTA BARBARA","a":"Baja","p":227},"geometry":{"type":"Point","coordinates":[-91.22671,14.44288]}},{"type":"Feature","properties":{"n":"OXIPEC","m":"PATULUL","a":"Alta","p":128},"geometry":{"type":"Point","coordinates":[-91.14619,14.44346]}},{"type":"Feature","properties":{"n":"EL RABON","m":"RETALHULEU","a":"Muy Alta","p":0},"geometry":{"type":"Point","coordinates":[-92.09982,14.44049]}},{"type":"Feature","properties":{"n":"SAN LUCAS","m":"VILLA CANALES","a":"Alta","p":121},"geometry":{"type":"Point","coordinates":[-90.5443,14.44794]}},{"type":"Feature","properties":{"n":"EL MANGO","m":"RETALHULEU","a":"Alta","p":0},"geometry":{"type":"Point","coordinates":[-92.09719,14.44296]}},{"type":"Feature","properties":{"n":"CANDELARIA","m":"SANTO DOMINGO SUCHITEPEQUEZ","a":"Media","p":10},"geometry":{"type":"Point","coordinates":[-91.47906,14.44654]}},{"type":"Feature","properties":{"n":"SANTA AUGUSTA","m":"ALOTENANGO","a":"Muy Alta","p":40},"geometry":{"type":"Point","coordinates":[-90.81013,14.44856]}},{"type":"Feature","properties":{"n":"ESCAMILLA","m":"VILLA CANALES","a":"Muy Alta","p":0},"geometry":{"type":"Point","coordinates":[-90.53384,14.44882]}},{"type":"Feature","properties":{"n":"RIVERA AZUL I","m":"VILLA CANALES","a":"Alta","p":139},"geometry":{"type":"Point","coordinates":[-90.55185,14.45031]}},{"type":"Feature","properties":{"n":"EL SAUSAL","m":"VILLA CANALES","a":"Muy Alta","p":218},"geometry":{"type":"Point","coordinates":[-90.52724,14.45074]}},{"type":"Feature","properties":{"n":"CONCEPCION","m":"CHICACAO","a":"Baja","p":0},"geometry":{"type":"Point","coordinates":[-91.34228,14.44925]}},{"type":"Feature","properties":{"n":"EL BALUARTE","m":"CHICACAO","a":"Baja","p":71},"geometry":{"type":"Point","coordinates":[-91.37585,14.44941]}},{"type":"Feature","properties":{"n":"EL RINCON CEDRAL","m":"AMATITLAN","a":"Alta","p":899},"geometry":{"type":"Point","coordinates":[-90.6289,14.45154]}},{"type":"Feature","properties":{"n":"EL ROSARIO","m":"SANTO DOMINGO SUCHITEPEQUEZ","a":"Alta","p":0},"geometry":{"type":"Point","coordinates":[-91.45634,14.44978]}},{"type":"Feature","properties":{"n":"SAN JOSE EL IDOLO","m":"SAN JOSE EL IDOLO","a":"Baja","p":2257},"geometry":{"type":"Point","coordinates":[-91.42326,14.44996]}},{"type":"Feature","properties":{"n":"PUNTA AYALA","m":"VILLA CANALES","a":"Muy Alta","p":121},"geometry":{"type":"Point","coordinates":[-90.56188,14.45322]}},{"type":"Feature","properties":{"n":"AGROPECUARIA SANTA SOFIA O ALTONA","m":"RETALHULEU","a":"Media","p":83},"geometry":{"type":"Point","coordinates":[-92.01452,14.44902]}},{"type":"Feature","properties":{"n":"LA BATALLA","m":"CHICACAO","a":"Media","p":0},"geometry":{"type":"Point","coordinates":[-91.34055,14.45263]}},{"type":"Feature","properties":{"n":"MANAQUIYALES","m":"RETALHULEU","a":"Alta","p":0},"geometry":{"type":"Point","coordinates":[-92.03603,14.44928]}},{"type":"Feature","properties":{"n":"EL PILA","m":"RETALHULEU","a":"Alta","p":0},"geometry":{"type":"Point","coordinates":[-91.97518,14.44982]}},{"type":"Feature","properties":{"n":"VENECIA","m":"VILLA CANALES","a":"Alta","p":40},"geometry":{"type":"Point","coordinates":[-90.55948,14.45598]}},{"type":"Feature","properties":{"n":"SANTILLANA DEL LAGO","m":"VILLA CANALES","a":"Alta","p":15},"geometry":{"type":"Point","coordinates":[-90.53524,14.45691]}},{"type":"Feature","properties":{"n":"TRES CRUCES LA BARRITA","m":"RETALHULEU","a":"Alta","p":373},"geometry":{"type":"Point","coordinates":[-92.10905,14.45182]}},{"type":"Feature","properties":{"n":"EL MILAGRO","m":"VILLA CANALES","a":"Muy Alta","p":363},"geometry":{"type":"Point","coordinates":[-90.55712,14.45783]}},{"type":"Feature","properties":{"n":"SAN ANDRES","m":"VILLA CANALES","a":"Muy Alta","p":128},"geometry":{"type":"Point","coordinates":[-90.55879,14.45821]}},{"type":"Feature","properties":{"n":"BRISAS DEL VALLE","m":"VILLA CANALES","a":"Media","p":2228},"geometry":{"type":"Point","coordinates":[-90.53617,14.45906]}},{"type":"Feature","properties":{"n":"SAN MARCOS MONTELIMAR","m":"RETALHULEU","a":"Baja","p":176},"geometry":{"type":"Point","coordinates":[-91.9487,14.45521]}},{"type":"Feature","properties":{"n":"EL ESTABLO O MAGDALENA II","m":"RETALHULEU","a":"Media","p":36},"geometry":{"type":"Point","coordinates":[-91.84471,14.45593]}},{"type":"Feature","properties":{"n":"EL PILAR","m":"VILLA CANALES","a":"Alta","p":263},"geometry":{"type":"Point","coordinates":[-90.55974,14.45998]}},{"type":"Feature","properties":{"n":"NUEVA ESPERANZA","m":"RETALHULEU","a":"Alta","p":33},"geometry":{"type":"Point","coordinates":[-91.86827,14.45616]}},{"type":"Feature","properties":{"n":"SAN JUAN ZAPOTE","m":"RETALHULEU","a":"Baja","p":336},"geometry":{"type":"Point","coordinates":[-91.8726,14.45643]}},{"type":"Feature","properties":{"n":"MONTERRAMOS","m":"RIO BRAVO","a":"Media","p":43},"geometry":{"type":"Point","coordinates":[-91.33061,14.45967]}},{"type":"Feature","properties":{"n":"LA GLORIA","m":"AMATITLAN","a":"Muy Alta","p":30},"geometry":{"type":"Point","coordinates":[-90.58257,14.46178]}},{"type":"Feature","properties":{"n":"VILLA ALBORADA","m":"AMATITLAN","a":"Alta","p":0},"geometry":{"type":"Point","coordinates":[-90.63911,14.46185]}},{"type":"Feature","properties":{"n":"MAGDALENA I","m":"RETALHULEU","a":"Alta","p":91},"geometry":{"type":"Point","coordinates":[-91.86675,14.4581]}},{"type":"Feature","properties":{"n":"ARMENIA","m":"SANTO DOMINGO SUCHITEPEQUEZ","a":"Media","p":0},"geometry":{"type":"Point","coordinates":[-91.47778,14.46039]}},{"type":"Feature","properties":{"n":"SAN FRANCISCO ZAPOTITLAN","m":"VILLA CANALES","a":"Alta","p":136},"geometry":{"type":"Point","coordinates":[-90.55896,14.46264]}},{"type":"Feature","properties":{"n":"LA MATERNAL","m":"AMATITLAN","a":"Muy Alta","p":0},"geometry":{"type":"Point","coordinates":[-90.62869,14.46301]}},{"type":"Feature","properties":{"n":"EL ARENAL","m":"VILLA CANALES","a":"Media","p":101},"geometry":{"type":"Point","coordinates":[-90.56152,14.46312]}},{"type":"Feature","properties":{"n":"VALLE NUEVO","m":"SANTA CATARINA MITA","a":"Baja","p":296},"geometry":{"type":"Point","coordinates":[-89.74194,14.46245]}},{"type":"Feature","properties":{"n":"PARQUES DEL LAGO","m":"AMATITLAN","a":"Media","p":1367},"geometry":{"type":"Point","coordinates":[-90.63805,14.46375]}},{"type":"Feature","properties":{"n":"LLANO DE CHINCHILLA","m":"SANTA CATARINA MITA","a":"Baja","p":204},"geometry":{"type":"Point","coordinates":[-89.73462,14.46297]}},{"type":"Feature","properties":{"n":"LAGUNA DE SAN PEDRO","m":"SANTA CATARINA MITA","a":"Baja","p":259},"geometry":{"type":"Point","coordinates":[-89.85724,14.46381]}},{"type":"Feature","properties":{"n":"TAMARINDO","m":"RETALHULEU","a":"Baja","p":0},"geometry":{"type":"Point","coordinates":[-91.92248,14.46074]}},{"type":"Feature","properties":{"n":"COLONIAS UNIDAS","m":"AMATITLAN","a":"Muy Alta","p":2020},"geometry":{"type":"Point","coordinates":[-90.63026,14.46501]}},{"type":"Feature","properties":{"n":"EL LAGARTERO","m":"RETALHULEU","a":"Baja","p":27},"geometry":{"type":"Point","coordinates":[-92.11799,14.45961]}},{"type":"Feature","properties":{"n":"LA LAGARETA","m":"RETALHULEU","a":"Media","p":0},"geometry":{"type":"Point","coordinates":[-92.12487,14.46014]}},{"type":"Feature","properties":{"n":"LA VIRGEN","m":"VILLA CANALES","a":"Media","p":132},"geometry":{"type":"Point","coordinates":[-90.5311,14.46592]}},{"type":"Feature","properties":{"n":"SAN EUSEBIO","m":"VILLA CANALES","a":"Baja","p":0},"geometry":{"type":"Point","coordinates":[-90.54237,14.46608]}},{"type":"Feature","properties":{"n":"SANTA FE","m":"RETALHULEU","a":"Baja","p":2299},"geometry":{"type":"Point","coordinates":[-91.82731,14.46246]}},{"type":"Feature","properties":{"n":"EL SALTO TULULA","m":"SAN ANDRES VILLA SECA","a":"Alta","p":910},"geometry":{"type":"Point","coordinates":[-91.58372,14.46396]}},{"type":"Feature","properties":{"n":"MONTE MAR","m":"SANTA CRUZ MULUA","a":"Media","p":0},"geometry":{"type":"Point","coordinates":[-91.66244,14.46378]}},{"type":"Feature","properties":{"n":"LA CANADA","m":"VILLA CANALES","a":"Baja","p":198},"geometry":{"type":"Point","coordinates":[-90.53155,14.4675]}},{"type":"Feature","properties":{"n":"RIVERA AZUL NO. 2","m":"VILLA CANALES","a":"Muy Alta","p":81},"geometry":{"type":"Point","coordinates":[-90.5665,14.46785]}},{"type":"Feature","properties":{"n":"CANDELARIA BOXOMA O SECTOR LOS HIDALGO","m":"SANTA CRUZ MULUA","a":"Media","p":64},"geometry":{"type":"Point","coordinates":[-91.66097,14.46533]}},{"type":"Feature","properties":{"n":"CONCEPCION EL MIRADOR","m":"AMATITLAN","a":"Baja","p":744},"geometry":{"type":"Point","coordinates":[-90.62588,14.4684]}},{"type":"Feature","properties":{"n":"CANDELARIA MOCA","m":"CHICACAO","a":"Baja","p":77},"geometry":{"type":"Point","coordinates":[-91.33967,14.46696]}},{"type":"Feature","properties":{"n":"BELLA VISTA","m":"AMATITLAN","a":"Muy Alta","p":100},"geometry":{"type":"Point","coordinates":[-90.6268,14.46845]}},{"type":"Feature","properties":{"n":"EL CARMEN","m":"AMATITLAN","a":"Baja","p":0},"geometry":{"type":"Point","coordinates":[-90.62472,14.46897]}},{"type":"Feature","properties":{"n":"MORELIA","m":"SANTO DOMINGO SUCHITEPEQUEZ","a":"Alta","p":16},"geometry":{"type":"Point","coordinates":[-91.47305,14.46759]}},{"type":"Feature","properties":{"n":"PARAISO II","m":"AMATITLAN","a":"Alta","p":0},"geometry":{"type":"Point","coordinates":[-90.62513,14.47004]}},{"type":"Feature","properties":{"n":"BONANZA","m":"AMATITLAN","a":"Baja","p":0},"geometry":{"type":"Point","coordinates":[-90.63377,14.4701]}},{"type":"Feature","properties":{"n":"COMUNIDAD AGRARIA CAMPESINA","m":"RIO BRAVO","a":"Baja","p":1630},"geometry":{"type":"Point","coordinates":[-91.32887,14.46909]}},{"type":"Feature","properties":{"n":"CANTON SAN LORENZO","m":"AMATITLAN","a":"Media","p":58},"geometry":{"type":"Point","coordinates":[-90.62335,14.47109]}},{"type":"Feature","properties":{"n":"EL RECUERDO","m":"POCHUTA","a":"Alta","p":202},"geometry":{"type":"Point","coordinates":[-91.12157,14.47088]}},{"type":"Feature","properties":{"n":"SAN JOSE PRIMAVERA","m":"AMATITLAN","a":"Baja","p":0},"geometry":{"type":"Point","coordinates":[-90.63182,14.47197]}},{"type":"Feature","properties":{"n":"MI ILUSION I Y II","m":"AMATITLAN","a":"Media","p":1539},"geometry":{"type":"Point","coordinates":[-90.6306,14.47198]}},{"type":"Feature","properties":{"n":"SAN PEDRO","m":"SANTA CATARINA MITA","a":"Muy Alta","p":0},"geometry":{"type":"Point","coordinates":[-89.85739,14.47128]}},{"type":"Feature","properties":{"n":"BRASILAR","m":"SANTA CATARINA MITA","a":"Media","p":34},"geometry":{"type":"Point","coordinates":[-89.7463,14.47109]}},{"type":"Feature","properties":{"n":"COLONIA HERNANDEZ","m":"AMATITLAN","a":"Media","p":928},"geometry":{"type":"Point","coordinates":[-90.62999,14.47241]}},{"type":"Feature","properties":{"n":"PRIMAVERA","m":"AMATITLAN","a":"Baja","p":705},"geometry":{"type":"Point","coordinates":[-90.63276,14.47242]}},{"type":"Feature","properties":{"n":"LOS ALMENDROS","m":"AMATITLAN","a":"Baja","p":555},"geometry":{"type":"Point","coordinates":[-90.63157,14.47311]}},{"type":"Feature","properties":{"n":"EL BEBEDERO","m":"AMATITLAN","a":"Baja","p":0},"geometry":{"type":"Point","coordinates":[-90.59861,14.47342]}},{"type":"Feature","properties":{"n":"VILLA ELENITA","m":"AMATITLAN","a":"Muy Alta","p":198},"geometry":{"type":"Point","coordinates":[-90.62632,14.4736]}},{"type":"Feature","properties":{"n":"LINEA  FERREA","m":"AMATITLAN","a":"Baja","p":273},"geometry":{"type":"Point","coordinates":[-90.60753,14.47371]}},{"type":"Feature","properties":{"n":"EL ZAUZAL","m":"VILLA CANALES","a":"Muy Alta","p":0},"geometry":{"type":"Point","coordinates":[-90.57111,14.47378]}},{"type":"Feature","properties":{"n":"SINAI","m":"AMATITLAN","a":"Muy Alta","p":456},"geometry":{"type":"Point","coordinates":[-90.62532,14.47378]}},{"type":"Feature","properties":{"n":"LAS PALMAS","m":"RETALHULEU","a":"Media","p":102},"geometry":{"type":"Point","coordinates":[-91.83641,14.47082]}},{"type":"Feature","properties":{"n":"EL TRIUNFO","m":"RETALHULEU","a":"Baja","p":73},"geometry":{"type":"Point","coordinates":[-91.81003,14.47154]}},{"type":"Feature","properties":{"n":"SANTA TERESITA","m":"RETALHULEU","a":"Baja","p":0},"geometry":{"type":"Point","coordinates":[-91.98845,14.47057]}},{"type":"Feature","properties":{"n":"EL GUANACASTE","m":"AMATITLAN","a":"Muy Alta","p":0},"geometry":{"type":"Point","coordinates":[-90.5975,14.47546]}},{"type":"Feature","properties":{"n":"EL SALITRE","m":"AMATITLAN","a":"Alta","p":1174},"geometry":{"type":"Point","coordinates":[-90.60692,14.47547]}},{"type":"Feature","properties":{"n":"LA CAMPANA","m":"MONJAS","a":"Baja","p":913},"geometry":{"type":"Point","coordinates":[-89.8679,14.47497]}},{"type":"Feature","properties":{"n":"VILLA FERNANDA","m":"AMATITLAN","a":"Muy Alta","p":874},"geometry":{"type":"Point","coordinates":[-90.6233,14.47617]}},{"type":"Feature","properties":{"n":"CERRO CORADO","m":"AMATITLAN","a":"Muy Alta","p":2274},"geometry":{"type":"Point","coordinates":[-90.61708,14.47622]}},{"type":"Feature","properties":{"n":"CANTON LA CRUZ","m":"AMATITLAN","a":"Media","p":23},"geometry":{"type":"Point","coordinates":[-90.60875,14.47625]}},{"type":"Feature","properties":{"n":"EL RECUERDO","m":"RETALHULEU","a":"Baja","p":0},"geometry":{"type":"Point","coordinates":[-91.98896,14.4721]}},{"type":"Feature","properties":{"n":"LA CRUZ","m":"AMATITLAN","a":"Baja","p":220},"geometry":{"type":"Point","coordinates":[-90.61011,14.47698]}},{"type":"Feature","properties":{"n":"LA CRUZ","m":"AMATITLAN","a":"Baja","p":302},"geometry":{"type":"Point","coordinates":[-90.61032,14.47737]}},{"type":"Feature","properties":{"n":"EL PRADO I Y II","m":"AMATITLAN","a":"Media","p":1066},"geometry":{"type":"Point","coordinates":[-90.61316,14.47773]}},{"type":"Feature","properties":{"n":"GODOY","m":"AMATITLAN","a":"Muy Alta","p":0},"geometry":{"type":"Point","coordinates":[-90.61879,14.47807]}},{"type":"Feature","properties":{"n":"CATALUÑA","m":"RETALHULEU","a":"Alta","p":0},"geometry":{"type":"Point","coordinates":[-92.02539,14.47366]}},{"type":"Feature","properties":{"n":"CATALUÑA","m":"RETALHULEU","a":"Media","p":30},"geometry":{"type":"Point","coordinates":[-92.01053,14.47391]}},{"type":"Feature","properties":{"n":"LA ESPERANZA","m":"RETALHULEU","a":"Media","p":0},"geometry":{"type":"Point","coordinates":[-91.98703,14.47415]}},{"type":"Feature","properties":{"n":"EL CENTRO 1","m":"AMATITLAN","a":"Alta","p":1047},"geometry":{"type":"Point","coordinates":[-90.62164,14.47894]}},{"type":"Feature","properties":{"n":"LOMAS DE CAPITAN","m":"AMATITLAN","a":"Baja","p":511},"geometry":{"type":"Point","coordinates":[-90.61328,14.47937]}},{"type":"Feature","properties":{"n":"LOS SAUCES","m":"AMATITLAN","a":"Muy Alta","p":0},"geometry":{"type":"Point","coordinates":[-90.60712,14.48044]}},{"type":"Feature","properties":{"n":"VILLAS DEL RIO","m":"AMATITLAN","a":"Muy Alta","p":1287},"geometry":{"type":"Point","coordinates":[-90.61449,14.48047]}},{"type":"Feature","properties":{"n":"LUCITA","m":"AMATITLAN","a":"Alta","p":300},"geometry":{"type":"Point","coordinates":[-90.61835,14.48052]}},{"type":"Feature","properties":{"n":"EL CENTRO","m":"AMATITLAN","a":"Muy Alta","p":382},"geometry":{"type":"Point","coordinates":[-90.61712,14.48075]}},{"type":"Feature","properties":{"n":"LA AMISTAD","m":"AMATITLAN","a":"Muy Alta","p":777},"geometry":{"type":"Point","coordinates":[-90.61427,14.48162]}},{"type":"Feature","properties":{"n":"SANTO DOMINGO SUCHITEPEQUEZ","m":"SANTO DOMINGO SUCHITEPEQUEZ","a":"Baja","p":3165},"geometry":{"type":"Point","coordinates":[-91.48345,14.47986]}},{"type":"Feature","properties":{"n":"SANTA RITA","m":"RETALHULEU","a":"Media","p":156},"geometry":{"type":"Point","coordinates":[-91.99772,14.4776]}},{"type":"Feature","properties":{"n":"LA LADRILLERA","m":"AMATITLAN","a":"Muy Alta","p":0},"geometry":{"type":"Point","coordinates":[-90.61452,14.4825]}},{"type":"Feature","properties":{"n":"LAS MOLIENDAS","m":"AMATITLAN","a":"Baja","p":1110},"geometry":{"type":"Point","coordinates":[-90.61367,14.4825]}},{"type":"Feature","properties":{"n":"VALPARAISO","m":"CHICACAO","a":"Muy Alta","p":21},"geometry":{"type":"Point","coordinates":[-91.35857,14.48123]}},{"type":"Feature","properties":{"n":"ACEITUNO","m":"AMATITLAN","a":"Muy Alta","p":136},"geometry":{"type":"Point","coordinates":[-90.61493,14.48323]}},{"type":"Feature","properties":{"n":"BARRIO SAN LORENZO","m":"AMATITLAN","a":"Baja","p":325},"geometry":{"type":"Point","coordinates":[-90.62365,14.48323]}},{"type":"Feature","properties":{"n":"EL MORLON","m":"AMATITLAN","a":"Baja","p":144},"geometry":{"type":"Point","coordinates":[-90.60984,14.48371]}},{"type":"Feature","properties":{"n":"MONTE CRISTO","m":"SAN MIGUEL PANAN","a":"Alta","p":39},"geometry":{"type":"Point","coordinates":[-91.35938,14.48258]}},{"type":"Feature","properties":{"n":"EL PORVENIR LAS CRUCES","m":"RETALHULEU","a":"Baja","p":0},"geometry":{"type":"Point","coordinates":[-91.8067,14.48067]}},{"type":"Feature","properties":{"n":"EL TRIUNFO","m":"RETALHULEU","a":"Baja","p":0},"geometry":{"type":"Point","coordinates":[-91.81566,14.48112]}},{"type":"Feature","properties":{"n":"LA CORBATA","m":"SAN ANDRES VILLA SECA","a":"Alta","p":91},"geometry":{"type":"Point","coordinates":[-91.58339,14.48337]}},{"type":"Feature","properties":{"n":"LOS ENCUENTROS","m":"CHICACAO","a":"Baja","p":0},"geometry":{"type":"Point","coordinates":[-91.35174,14.48434]}},{"type":"Feature","properties":{"n":"SANTA INES PETAPA","m":"PETAPA","a":"Media","p":4292},"geometry":{"type":"Point","coordinates":[-90.5391,14.48621]}},{"type":"Feature","properties":{"n":"LINTERNA","m":"RETALHULEU","a":"Alta","p":11},"geometry":{"type":"Point","coordinates":[-92.03497,14.48125]}},{"type":"Feature","properties":{"n":"MATEA FLORES","m":"AMATITLAN","a":"Media","p":0},"geometry":{"type":"Point","coordinates":[-90.61564,14.48645]}},{"type":"Feature","properties":{"n":"FLORENCIA GUARDIANIA","m":"POCHUTA","a":"Baja","p":0},"geometry":{"type":"Point","coordinates":[-91.11881,14.48598]}},{"type":"Feature","properties":{"n":"SANTA AMALIA","m":"RETALHULEU","a":"Baja","p":61},"geometry":{"type":"Point","coordinates":[-91.99524,14.4828]}},{"type":"Feature","properties":{"n":"POBLACION DISPERSA","m":"SANTO DOMINGO SUCHITEPEQUEZ","a":"Baja","p":261},"geometry":{"type":"Point","coordinates":[-91.48481,14.48627]}},{"type":"Feature","properties":{"n":"MONTE LLANO","m":"SAN MIGUEL PANAN","a":"Media","p":1328},"geometry":{"type":"Point","coordinates":[-91.35635,14.48681]}},{"type":"Feature","properties":{"n":"SAN CARALAMPIO","m":"SANTA CRUZ MULUA","a":"Alta","p":15},"geometry":{"type":"Point","coordinates":[-91.6652,14.4855]}},{"type":"Feature","properties":{"n":"PORTALES DE SANTA INES","m":"PETAPA","a":"Muy Alta","p":772},"geometry":{"type":"Point","coordinates":[-90.53839,14.49003]}},{"type":"Feature","properties":{"n":"LA BARCA","m":"AMATITLAN","a":"Baja","p":168},"geometry":{"type":"Point","coordinates":[-90.61197,14.49088]}},{"type":"Feature","properties":{"n":"EL CARMEN GUILLEN","m":"PETAPA","a":"Alta","p":0},"geometry":{"type":"Point","coordinates":[-90.55941,14.49162]}},{"type":"Feature","properties":{"n":"EL ESFUERZO O LA JOCOTADA","m":"RETALHULEU","a":"Alta","p":36},"geometry":{"type":"Point","coordinates":[-91.99907,14.48724]}},{"type":"Feature","properties":{"n":"LA CRUZ","m":"CHICACAO","a":"Alta","p":430},"geometry":{"type":"Point","coordinates":[-91.34255,14.49065]}},{"type":"Feature","properties":{"n":"EL YALU","m":"MONJAS","a":"Media","p":0},"geometry":{"type":"Point","coordinates":[-89.85375,14.49158]}},{"type":"Feature","properties":{"n":"QUEBRADAS DE SAN MIGUEL","m":"PETAPA","a":"Muy Alta","p":0},"geometry":{"type":"Point","coordinates":[-90.55437,14.49271]}},{"type":"Feature","properties":{"n":"RIO TARROS","m":"CHICACAO","a":"Media","p":1475},"geometry":{"type":"Point","coordinates":[-91.33865,14.49126]}},{"type":"Feature","properties":{"n":"CASERIO EL CERRO","m":"PETAPA","a":"Media","p":542},"geometry":{"type":"Point","coordinates":[-90.55392,14.4929]}},{"type":"Feature","properties":{"n":"AVENIDA DEL FERROCARRIL","m":"PETAPA","a":"Baja","p":125},"geometry":{"type":"Point","coordinates":[-90.53916,14.49354]}},{"type":"Feature","properties":{"n":"LA LIBERTAD","m":"RETALHULEU","a":"Baja","p":0},"geometry":{"type":"Point","coordinates":[-91.97562,14.48929]}},{"type":"Feature","properties":{"n":"PRADERAS DEL SUR","m":"PETAPA","a":"Alta","p":426},"geometry":{"type":"Point","coordinates":[-90.56136,14.49469]}},{"type":"Feature","properties":{"n":"LA ENCANTADA","m":"RETALHULEU","a":"Alta","p":0},"geometry":{"type":"Point","coordinates":[-92.16379,14.48893]}},{"type":"Feature","properties":{"n":"ZARAGOZA","m":"RETALHULEU","a":"Baja","p":26},"geometry":{"type":"Point","coordinates":[-91.97686,14.49081]}},{"type":"Feature","properties":{"n":"LA CEIBITA","m":"MONJAS","a":"Media","p":0},"geometry":{"type":"Point","coordinates":[-89.87302,14.49476]}},{"type":"Feature","properties":{"n":"LA VOLADORA","m":"PETAPA","a":"Muy Alta","p":0},"geometry":{"type":"Point","coordinates":[-90.5666,14.49613]}},{"type":"Feature","properties":{"n":"LOS ARCOS","m":"PETAPA","a":"Alta","p":645},"geometry":{"type":"Point","coordinates":[-90.56494,14.49626]}},{"type":"Feature","properties":{"n":"SAN GERONIMO","m":"RETALHULEU","a":"Muy Alta","p":0},"geometry":{"type":"Point","coordinates":[-91.80834,14.49271]}},{"type":"Feature","properties":{"n":"RESIDENCIAL SAN MIGUEL","m":"PETAPA","a":"Baja","p":294},"geometry":{"type":"Point","coordinates":[-90.56362,14.49691]}},{"type":"Feature","properties":{"n":"VALLES DE SAN MIGUEL I","m":"PETAPA","a":"Baja","p":1155},"geometry":{"type":"Point","coordinates":[-90.56429,14.49756]}},{"type":"Feature","properties":{"n":"LAS JULIAS","m":"PETAPA","a":"Media","p":0},"geometry":{"type":"Point","coordinates":[-90.54531,14.49758]}},{"type":"Feature","properties":{"n":"TIERRA SANTA","m":"RETALHULEU","a":"Media","p":0},"geometry":{"type":"Point","coordinates":[-91.80024,14.49423]}},{"type":"Feature","properties":{"n":"VALLES DE MARIA","m":"PETAPA","a":"Alta","p":498},"geometry":{"type":"Point","coordinates":[-90.56953,14.49882]}},{"type":"Feature","properties":{"n":"SAN PABLO BOXONA","m":"SANTA CRUZ MULUA","a":"Media","p":57},"geometry":{"type":"Point","coordinates":[-91.65426,14.4962]}},{"type":"Feature","properties":{"n":"CORRALES","m":"RETALHULEU","a":"Media","p":11},"geometry":{"type":"Point","coordinates":[-91.98984,14.49445]}},{"type":"Feature","properties":{"n":"INGENIO DE AYARZA","m":"JALAPA","a":"Media","p":0},"geometry":{"type":"Point","coordinates":[-89.99022,14.49899]}},{"type":"Feature","properties":{"n":"VILLAS DE GUILLEN","m":"PETAPA","a":"Alta","p":434},"geometry":{"type":"Point","coordinates":[-90.57309,14.49983]}},{"type":"Feature","properties":{"n":"LAS MARGARITAS","m":"PETAPA","a":"Media","p":1441},"geometry":{"type":"Point","coordinates":[-90.56833,14.50109]}},{"type":"Feature","properties":{"n":"LUISA ALEJANDRA 1","m":"PETAPA","a":"Media","p":413},"geometry":{"type":"Point","coordinates":[-90.56987,14.50169]}},{"type":"Feature","properties":{"n":"LUISA ALEJANDRA 2","m":"PETAPA","a":"Alta","p":270},"geometry":{"type":"Point","coordinates":[-90.57098,14.50204]}},{"type":"Feature","properties":{"n":"POBLACION DISPERSA","m":"PETAPA","a":"Baja","p":4},"geometry":{"type":"Point","coordinates":[-90.55286,14.50268]}},{"type":"Feature","properties":{"n":"SAN JOSE","m":"PETAPA","a":"Alta","p":640},"geometry":{"type":"Point","coordinates":[-90.5693,14.50278]}},{"type":"Feature","properties":{"n":"ZAMORA","m":"PETAPA","a":"Media","p":271},"geometry":{"type":"Point","coordinates":[-90.57106,14.50295]}},{"type":"Feature","properties":{"n":"VALLES DE PETAPA","m":"PETAPA","a":"Alta","p":301},"geometry":{"type":"Point","coordinates":[-90.56845,14.50325]}},{"type":"Feature","properties":{"n":"ALAMEDAS DE SAN MIGUEL","m":"PETAPA","a":"Baja","p":554},"geometry":{"type":"Point","coordinates":[-90.57711,14.50326]}},{"type":"Feature","properties":{"n":"SANTA ROSA","m":"SAN GABRIEL","a":"Media","p":0},"geometry":{"type":"Point","coordinates":[-91.50495,14.50124]}},{"type":"Feature","properties":{"n":"MONJAS","m":"MONJAS","a":"Baja","p":9889},"geometry":{"type":"Point","coordinates":[-89.87274,14.50334]}},{"type":"Feature","properties":{"n":"GUAYACAN","m":"SAN GABRIEL","a":"Baja","p":0},"geometry":{"type":"Point","coordinates":[-91.50597,14.50262]}},{"type":"Feature","properties":{"n":"EL TRANSITO","m":"SAN MIGUEL PANAN","a":"Muy Alta","p":39},"geometry":{"type":"Point","coordinates":[-91.34089,14.50352]}},{"type":"Feature","properties":{"n":"MARGARITAS DEL ROSARIO","m":"SAN ANTONIO SUCHITEPEQUEZ","a":"Baja","p":2465},"geometry":{"type":"Point","coordinates":[-91.42863,14.50333]}},{"type":"Feature","properties":{"n":"LLANUBA","m":"PETAPA","a":"Alta","p":82},"geometry":{"type":"Point","coordinates":[-90.54353,14.50556]}},{"type":"Feature","properties":{"n":"GERONA","m":"PETAPA","a":"Baja","p":1603},"geometry":{"type":"Point","coordinates":[-90.55443,14.5061]}},{"type":"Feature","properties":{"n":"INGENIO TULULA","m":"SAN ANDRES VILLA SECA","a":"Media","p":252},"geometry":{"type":"Point","coordinates":[-91.58419,14.50467]}},{"type":"Feature","properties":{"n":"SAN JOSE EL CARMEN O LAS FLORES","m":"SANTA BARBARA","a":"Baja","p":25},"geometry":{"type":"Point","coordinates":[-91.29171,14.50587]}},{"type":"Feature","properties":{"n":"RESIDENCIAL ALCAZAR","m":"PETAPA","a":"Media","p":116},"geometry":{"type":"Point","coordinates":[-90.55294,14.50727]}},{"type":"Feature","properties":{"n":"RIVERA DEL RIO","m":"PETAPA","a":"Muy Alta","p":4743},"geometry":{"type":"Point","coordinates":[-90.54557,14.50747]}},{"type":"Feature","properties":{"n":"LA CHACARA","m":"POCHUTA","a":"Alta","p":80},"geometry":{"type":"Point","coordinates":[-91.09859,14.50672]}},{"type":"Feature","properties":{"n":"LAS MARIAS","m":"MONJAS","a":"Baja","p":29},"geometry":{"type":"Point","coordinates":[-89.89734,14.50759]}},{"type":"Feature","properties":{"n":"TRAPICHE","m":"MAZATENANGO","a":"Muy Alta","p":0},"geometry":{"type":"Point","coordinates":[-91.50434,14.5066]}},{"type":"Feature","properties":{"n":"RESIDENCIAL CA-ADAS DE PETAPA","m":"PETAPA","a":"Media","p":327},"geometry":{"type":"Point","coordinates":[-90.5585,14.50897]}},{"type":"Feature","properties":{"n":"PUEBLO VIEJO","m":"CONCEPCION LAS MINAS","a":"Alta","p":0},"geometry":{"type":"Point","coordinates":[-89.52323,14.50719]}},{"type":"Feature","properties":{"n":"SANTA ELENA","m":"SAN MIGUEL PANAN","a":"Baja","p":65},"geometry":{"type":"Point","coordinates":[-91.33935,14.50778]}},{"type":"Feature","properties":{"n":"SAN PEDRO CUTZAN","m":"CHICACAO","a":"Baja","p":5536},"geometry":{"type":"Point","coordinates":[-91.33273,14.50865]}},{"type":"Feature","properties":{"n":"ALMENDRALES","m":"OCOS","a":"Media","p":817},"geometry":{"type":"Point","coordinates":[-92.18289,14.50414]}},{"type":"Feature","properties":{"n":"MONTE OBSCURO","m":"CONCEPCION LAS MINAS","a":"Muy Alta","p":0},"geometry":{"type":"Point","coordinates":[-89.49415,14.50947]}},{"type":"Feature","properties":{"n":"EXCLUSIVAS VILLAS DE PETAPA","m":"PETAPA","a":"Alta","p":130},"geometry":{"type":"Point","coordinates":[-90.55896,14.51173]}},{"type":"Feature","properties":{"n":"LA JOYA II","m":"PETAPA","a":"Muy Alta","p":467},"geometry":{"type":"Point","coordinates":[-90.55568,14.51236]}},{"type":"Feature","properties":{"n":"VILLAS DE PETAPA","m":"PETAPA","a":"Media","p":654},"geometry":{"type":"Point","coordinates":[-90.55877,14.51274]}},{"type":"Feature","properties":{"n":"BARRIOS I","m":"SAN ANTONIO SUCHITEPEQUEZ","a":"Baja","p":4630},"geometry":{"type":"Point","coordinates":[-91.38113,14.51134]}},{"type":"Feature","properties":{"n":"SAN JOSE","m":"MAZATENANGO","a":"Alta","p":791},"geometry":{"type":"Point","coordinates":[-91.50331,14.51086]}},{"type":"Feature","properties":{"n":"SACRAMENTO","m":"CONCEPCION LAS MINAS","a":"Media","p":86},"geometry":{"type":"Point","coordinates":[-89.49791,14.51132]}},{"type":"Feature","properties":{"n":"SAN FRANCISCO LA VILLITA","m":"MONJAS","a":"Alta","p":0},"geometry":{"type":"Point","coordinates":[-89.85512,14.51286]}},{"type":"Feature","properties":{"n":"EL FRUTAL SECCION D","m":"PETAPA","a":"Media","p":1712},"geometry":{"type":"Point","coordinates":[-90.56273,14.51481]}},{"type":"Feature","properties":{"n":"MICHIGAN","m":"SAN MIGUEL DUENAS","a":"Baja","p":0},"geometry":{"type":"Point","coordinates":[-90.8061,14.51469]}},{"type":"Feature","properties":{"n":"MONTESANTO","m":"SAN MIGUEL PANAN","a":"Media","p":0},"geometry":{"type":"Point","coordinates":[-91.33692,14.51355]}},{"type":"Feature","properties":{"n":"SAQUIL Y ANEXO","m":"SAN ANTONIO SUCHITEPEQUEZ","a":"Media","p":185},"geometry":{"type":"Point","coordinates":[-91.42072,14.51388]}},{"type":"Feature","properties":{"n":"OCOS","m":"OCOS","a":"Alta","p":1286},"geometry":{"type":"Point","coordinates":[-92.19247,14.50959]}},{"type":"Feature","properties":{"n":"CONDOMINIO S/N","m":"PETAPA","a":"Muy Alta","p":0},"geometry":{"type":"Point","coordinates":[-90.54412,14.51576]}},{"type":"Feature","properties":{"n":"CHACALTE APARICIO NO. 1.","m":"CUYOTENANGO","a":"Baja","p":3595},"geometry":{"type":"Point","coordinates":[-91.58078,14.5133]}},{"type":"Feature","properties":{"n":"LOS CERRITOS","m":"OCOS","a":"Media","p":1056},"geometry":{"type":"Point","coordinates":[-92.17564,14.51013]}},{"type":"Feature","properties":{"n":"LOS NUEVOS ALAMOS","m":"PETAPA","a":"Baja","p":123},"geometry":{"type":"Point","coordinates":[-90.54157,14.51649]}},{"type":"Feature","properties":{"n":"PARAISO DEL FRUTAL","m":"PETAPA","a":"Alta","p":0},"geometry":{"type":"Point","coordinates":[-90.56122,14.51735]}},{"type":"Feature","properties":{"n":"EL FRUTAL SECCION C","m":"PETAPA","a":"Media","p":306},"geometry":{"type":"Point","coordinates":[-90.56497,14.51785]}},{"type":"Feature","properties":{"n":"SAN ROQUE","m":"RETALHULEU","a":"Media","p":0},"geometry":{"type":"Point","coordinates":[-91.90469,14.51366]}},{"type":"Feature","properties":{"n":"LAS VICTORIAS","m":"OCOS","a":"Muy Alta","p":0},"geometry":{"type":"Point","coordinates":[-92.18198,14.51201]}},{"type":"Feature","properties":{"n":"SAN MIGUEL","m":"SAN GABRIEL","a":"Baja","p":0},"geometry":{"type":"Point","coordinates":[-91.50364,14.51621]}},{"type":"Feature","properties":{"n":"PAMAXAN","m":"RETALHULEU","a":"Alta","p":6},"geometry":{"type":"Point","coordinates":[-92.10759,14.51308]}},{"type":"Feature","properties":{"n":"LOS ALAMOS","m":"PETAPA","a":"Media","p":3518},"geometry":{"type":"Point","coordinates":[-90.54206,14.51941]}},{"type":"Feature","properties":{"n":"CONDOMINIO ALAMOS II","m":"PETAPA","a":"Baja","p":0},"geometry":{"type":"Point","coordinates":[-90.54301,14.51979]}},{"type":"Feature","properties":{"n":"LA SOLEDAD","m":"SAN MIGUEL DUENAS","a":"Media","p":0},"geometry":{"type":"Point","coordinates":[-90.80258,14.51981]}},{"type":"Feature","properties":{"n":"LA BLANQUITA","m":"RETALHULEU","a":"Baja","p":1328},"geometry":{"type":"Point","coordinates":[-91.94641,14.51557]}},{"type":"Feature","properties":{"n":"CONDOMINIO ALAMITOS II","m":"PETAPA","a":"Media","p":0},"geometry":{"type":"Point","coordinates":[-90.54085,14.52029]}},{"type":"Feature","properties":{"n":"POBLACION DISPERSA","m":"OCOS","a":"Baja","p":33},"geometry":{"type":"Point","coordinates":[-92.18972,14.51495]}},{"type":"Feature","properties":{"n":"LAS TAPIAS","m":"JALAPA","a":"Alta","p":78},"geometry":{"type":"Point","coordinates":[-89.95109,14.52096]}},{"type":"Feature","properties":{"n":"DEBBIE","m":"PETAPA","a":"Baja","p":0},"geometry":{"type":"Point","coordinates":[-90.53992,14.52187]}},{"type":"Feature","properties":{"n":"LORENA","m":"SAN ANTONIO SUCHITEPEQUEZ","a":"Media","p":63},"geometry":{"type":"Point","coordinates":[-91.42135,14.5206]}},{"type":"Feature","properties":{"n":"EL RENACIMIENTO","m":"VILLA NUEVA","a":"Alta","p":944},"geometry":{"type":"Point","coordinates":[-90.56667,14.52259]}},{"type":"Feature","properties":{"n":"SAN RAFAEL URIAS","m":"SAN MIGUEL DUENAS","a":"Alta","p":7},"geometry":{"type":"Point","coordinates":[-90.78681,14.52305]}},{"type":"Feature","properties":{"n":"SAN MIGUEL DUENAS","m":"SAN MIGUEL DUENAS","a":"Alta","p":7392},"geometry":{"type":"Point","coordinates":[-90.79779,14.52356]}},{"type":"Feature","properties":{"n":"LA CHORRERA","m":"RETALHULEU","a":"Alta","p":0},"geometry":{"type":"Point","coordinates":[-92.0836,14.51843]}},{"type":"Feature","properties":{"n":"ALTOS DE FUENTES DEL VALLE","m":"PETAPA","a":"Baja","p":2360},"geometry":{"type":"Point","coordinates":[-90.55486,14.52379]}},{"type":"Feature","properties":{"n":"LA PAZ","m":"PETAPA","a":"Media","p":546},"geometry":{"type":"Point","coordinates":[-90.55921,14.52401]}},{"type":"Feature","properties":{"n":"SANTA ANA MIXPIYA","m":"SAN MIGUEL PANAN","a":"Media","p":0},"geometry":{"type":"Point","coordinates":[-91.34059,14.52253]}},{"type":"Feature","properties":{"n":"PRADOS DEL TABACAL","m":"VILLA NUEVA","a":"Media","p":1168},"geometry":{"type":"Point","coordinates":[-90.56625,14.52406]}},{"type":"Feature","properties":{"n":"LOS CERRITOS","m":"MONJAS","a":"Alta","p":0},"geometry":{"type":"Point","coordinates":[-89.86093,14.52374]}},{"type":"Feature","properties":{"n":"CIUDAD VIEJA","m":"CIUDAD VIEJA","a":"Baja","p":21016},"geometry":{"type":"Point","coordinates":[-90.76203,14.52478]}},{"type":"Feature","properties":{"n":"EL FRUTAL","m":"PETAPA","a":"Media","p":475},"geometry":{"type":"Point","coordinates":[-90.55978,14.52517]}},{"type":"Feature","properties":{"n":"FUENTES DEL VALLE FASE II","m":"VILLA NUEVA","a":"Media","p":1709},"geometry":{"type":"Point","coordinates":[-90.56642,14.52625]}},{"type":"Feature","properties":{"n":"FUENTES DEL VALLE III","m":"VILLA NUEVA","a":"Baja","p":0},"geometry":{"type":"Point","coordinates":[-90.57075,14.52637]}},{"type":"Feature","properties":{"n":"SAN JOAQUIN EL MONUMENTO","m":"RETALHULEU","a":"Media","p":0},"geometry":{"type":"Point","coordinates":[-91.94808,14.52257]}},{"type":"Feature","properties":{"n":"EL TAMBITO","m":"OCOS","a":"Muy Alta","p":46},"geometry":{"type":"Point","coordinates":[-92.10241,14.52164]}},{"type":"Feature","properties":{"n":"EL QUINEL","m":"OCOS","a":"Alta","p":0},"geometry":{"type":"Point","coordinates":[-92.18167,14.52187]}},{"type":"Feature","properties":{"n":"FUENTES DEL VALLE I","m":"PETAPA","a":"Baja","p":415},"geometry":{"type":"Point","coordinates":[-90.55799,14.52842]}},{"type":"Feature","properties":{"n":"SAN LORENZO","m":"SAN MANUEL CHAPARRON","a":"Baja","p":44},"geometry":{"type":"Point","coordinates":[-89.68203,14.52708]}},{"type":"Feature","properties":{"n":"EL POTRERO","m":"CIUDAD VIEJA","a":"Muy Alta","p":49},"geometry":{"type":"Point","coordinates":[-90.76524,14.52857]}},{"type":"Feature","properties":{"n":"SAN FERNANDO","m":"RETALHULEU","a":"Alta","p":0},"geometry":{"type":"Point","coordinates":[-91.94011,14.52446]}},{"type":"Feature","properties":{"n":"LA PAZ","m":"OCOS","a":"Alta","p":0},"geometry":{"type":"Point","coordinates":[-92.17655,14.5229]}},{"type":"Feature","properties":{"n":"LAS PAMPAS","m":"RETALHULEU","a":"Baja","p":0},"geometry":{"type":"Point","coordinates":[-91.92916,14.52482]}},{"type":"Feature","properties":{"n":"POZA HONDA","m":"OCOS","a":"Muy Alta","p":0},"geometry":{"type":"Point","coordinates":[-92.11712,14.52394]}},{"type":"Feature","properties":{"n":"VILLAS ALCANTARA I Y III","m":"CIUDAD VIEJA","a":"Muy Alta","p":13},"geometry":{"type":"Point","coordinates":[-90.75684,14.53001]}},{"type":"Feature","properties":{"n":"SAN BENITO","m":"MAZATENANGO","a":"Alta","p":691},"geometry":{"type":"Point","coordinates":[-91.49916,14.52829]}},{"type":"Feature","properties":{"n":"BELLA VISTA","m":"ANTIGUA GUATEMALA","a":"Muy Alta","p":0},"geometry":{"type":"Point","coordinates":[-90.74731,14.53087]}},{"type":"Feature","properties":{"n":"MOJARRITAS","m":"MONJAS","a":"Baja","p":400},"geometry":{"type":"Point","coordinates":[-89.88361,14.53039]}},{"type":"Feature","properties":{"n":"EL OBRAJE","m":"MONJAS","a":"Media","p":180},"geometry":{"type":"Point","coordinates":[-89.87751,14.53177]}},{"type":"Feature","properties":{"n":"VILLAS DEL FRUTAL II Y II","m":"VILLA NUEVA","a":"Baja","p":561},"geometry":{"type":"Point","coordinates":[-90.56603,14.53266]}},{"type":"Feature","properties":{"n":"LA TUNA","m":"MONJAS","a":"Media","p":0},"geometry":{"type":"Point","coordinates":[-89.86138,14.53214]}},{"type":"Feature","properties":{"n":"LA ESTANCIA","m":"MONJAS","a":"Baja","p":79},"geometry":{"type":"Point","coordinates":[-89.90489,14.53314]}},{"type":"Feature","properties":{"n":"SANTA INES DE MEDINA","m":"CIUDAD VIEJA","a":"Alta","p":32},"geometry":{"type":"Point","coordinates":[-90.75688,14.5346]}},{"type":"Feature","properties":{"n":"LOS LAURELES","m":"OCOS","a":"Alta","p":748},"geometry":{"type":"Point","coordinates":[-92.1705,14.52886]}},{"type":"Feature","properties":{"n":"EL SALAMO","m":"MONJAS","a":"Media","p":743},"geometry":{"type":"Point","coordinates":[-89.86211,14.53404]}},{"type":"Feature","properties":{"n":"EL JORDAN","m":"CUYOTENANGO","a":"Muy Alta","p":0},"geometry":{"type":"Point","coordinates":[-91.58855,14.53291]}},{"type":"Feature","properties":{"n":"SOLIS","m":"ANTIGUA GUATEMALA","a":"Alta","p":0},"geometry":{"type":"Point","coordinates":[-90.73654,14.53541]}},{"type":"Feature","properties":{"n":"SAN NICOLAS","m":"ANTIGUA GUATEMALA","a":"Alta","p":0},"geometry":{"type":"Point","coordinates":[-90.73575,14.53561]}},{"type":"Feature","properties":{"n":"EL ENGANO","m":"SAN MIGUEL PANAN","a":"Media","p":19},"geometry":{"type":"Point","coordinates":[-91.36574,14.53443]}},{"type":"Feature","properties":{"n":"SALINAS NO. II","m":"OCOS","a":"Alta","p":1093},"geometry":{"type":"Point","coordinates":[-92.16051,14.53077]}},{"type":"Feature","properties":{"n":"COLOMBA","m":"ANTIGUA GUATEMALA","a":"Media","p":0},"geometry":{"type":"Point","coordinates":[-90.74598,14.53691]}},{"type":"Feature","properties":{"n":"VENECIA","m":"SAN MIGUEL DUENAS","a":"Alta","p":0},"geometry":{"type":"Point","coordinates":[-90.79642,14.53732]}},{"type":"Feature","properties":{"n":"MARAVILLAS","m":"RETALHULEU","a":"Baja","p":28},"geometry":{"type":"Point","coordinates":[-92.08252,14.53284]}},{"type":"Feature","properties":{"n":"EL RETORNO O LOS FAROS","m":"OCOS","a":"Alta","p":624},"geometry":{"type":"Point","coordinates":[-92.22005,14.53254]}},{"type":"Feature","properties":{"n":"RIO BRAVO","m":"OCOS","a":"Alta","p":348},"geometry":{"type":"Point","coordinates":[-92.15508,14.5333]}},{"type":"Feature","properties":{"n":"EL CUJE","m":"IPALA","a":"Muy Alta","p":175},"geometry":{"type":"Point","coordinates":[-89.58293,14.53773]}},{"type":"Feature","properties":{"n":"LAS ILUSIONES","m":"ANTIGUA GUATEMALA","a":"Baja","p":0},"geometry":{"type":"Point","coordinates":[-90.72832,14.53999]}},{"type":"Feature","properties":{"n":"LAS MARGARITAS","m":"VILLA NUEVA","a":"Baja","p":0},"geometry":{"type":"Point","coordinates":[-90.56835,14.54014]}},{"type":"Feature","properties":{"n":"LA FELICIDAD","m":"ANTIGUA GUATEMALA","a":"Media","p":0},"geometry":{"type":"Point","coordinates":[-90.73121,14.54012]}},{"type":"Feature","properties":{"n":"SAN ANDRES CEBALLOS","m":"SAN ANTONIO AGUAS CALIENTES","a":"Muy Alta","p":638},"geometry":{"type":"Point","coordinates":[-90.78225,14.54146]}},{"type":"Feature","properties":{"n":"COLONIA LOS ALMENDROS II","m":"MAZATENANGO","a":"Baja","p":200},"geometry":{"type":"Point","coordinates":[-91.50186,14.54027]}},{"type":"Feature","properties":{"n":"BOCANA","m":"OCOS","a":"Media","p":0},"geometry":{"type":"Point","coordinates":[-92.1473,14.53696]}},{"type":"Feature","properties":{"n":"SAN IGNACIO","m":"ANTIGUA GUATEMALA","a":"Baja","p":0},"geometry":{"type":"Point","coordinates":[-90.73613,14.54337]}},{"type":"Feature","properties":{"n":"CANDELARIA","m":"VILLA NUEVA","a":"Media","p":186},"geometry":{"type":"Point","coordinates":[-90.57566,14.54401]}},{"type":"Feature","properties":{"n":"JUANA","m":"ANTIGUA GUATEMALA","a":"Media","p":0},"geometry":{"type":"Point","coordinates":[-90.73469,14.54419]}},{"type":"Feature","properties":{"n":"LA DISTRACCION","m":"POCHUTA","a":"Baja","p":0},"geometry":{"type":"Point","coordinates":[-91.08795,14.544]}},{"type":"Feature","properties":{"n":"SAN PEDRO EL PANORAMA","m":"ANTIGUA GUATEMALA","a":"Muy Alta","p":797},"geometry":{"type":"Point","coordinates":[-90.73895,14.54486]}},{"type":"Feature","properties":{"n":"EL PROGRESO","m":"SAN BERNARDINO","a":"Muy Alta","p":1195},"geometry":{"type":"Point","coordinates":[-91.44107,14.54407]}},{"type":"Feature","properties":{"n":"LAS BRISAS","m":"POCHUTA","a":"Alta","p":0},"geometry":{"type":"Point","coordinates":[-91.08463,14.54537]}},{"type":"Feature","properties":{"n":"EL RENI","m":"ANTIGUA GUATEMALA","a":"Muy Alta","p":0},"geometry":{"type":"Point","coordinates":[-90.7398,14.54628]}},{"type":"Feature","properties":{"n":"EL CRUCERO","m":"OCOS","a":"Alta","p":233},"geometry":{"type":"Point","coordinates":[-92.18527,14.54044]}},{"type":"Feature","properties":{"n":"PAVON","m":"ANTIGUA GUATEMALA","a":"Media","p":0},"geometry":{"type":"Point","coordinates":[-90.73341,14.5464]}},{"type":"Feature","properties":{"n":"SALINAS NO. I","m":"OCOS","a":"Alta","p":638},"geometry":{"type":"Point","coordinates":[-92.14699,14.54113]}},{"type":"Feature","properties":{"n":"EL JARDIN","m":"CHICACAO","a":"Baja","p":75},"geometry":{"type":"Point","coordinates":[-91.3185,14.54553]}},{"type":"Feature","properties":{"n":"EL PILAR","m":"SAN ANDRES VILLA SECA","a":"Media","p":23},"geometry":{"type":"Point","coordinates":[-91.58595,14.54447]}},{"type":"Feature","properties":{"n":"LA REFORMA","m":"OCOS","a":"Alta","p":56},"geometry":{"type":"Point","coordinates":[-92.19452,14.54105]}},{"type":"Feature","properties":{"n":"SAN ANTONIO AGUAS CALIENTES","m":"SAN ANTONIO AGUAS CALIENTES","a":"Baja","p":7181},"geometry":{"type":"Point","coordinates":[-90.78092,14.54708]}},{"type":"Feature","properties":{"n":"VILLA LINDA","m":"MAZATENANGO","a":"Muy Alta","p":0},"geometry":{"type":"Point","coordinates":[-91.502,14.54529]}},{"type":"Feature","properties":{"n":"EL  PENSATIVO","m":"ANTIGUA GUATEMALA","a":"Media","p":337},"geometry":{"type":"Point","coordinates":[-90.73402,14.54778]}},{"type":"Feature","properties":{"n":"TRES PALMOS LA LUZ","m":"RETALHULEU","a":"Baja","p":0},"geometry":{"type":"Point","coordinates":[-92.04869,14.54283]}},{"type":"Feature","properties":{"n":"RETANA","m":"ANTIGUA GUATEMALA","a":"Media","p":116},"geometry":{"type":"Point","coordinates":[-90.75499,14.54962]}},{"type":"Feature","properties":{"n":"HORIZONTES","m":"MAZATENANGO","a":"Baja","p":0},"geometry":{"type":"Point","coordinates":[-91.50233,14.54806]}},{"type":"Feature","properties":{"n":"SAN BARTOLOME BECERRA","m":"ANTIGUA GUATEMALA","a":"Muy Alta","p":2162},"geometry":{"type":"Point","coordinates":[-90.7414,14.55052]}},{"type":"Feature","properties":{"n":"VALLE LIRIO","m":"RETALHULEU","a":"Media","p":765},"geometry":{"type":"Point","coordinates":[-92.07125,14.54587]}},{"type":"Feature","properties":{"n":"FLAMENCO","m":"RETALHULEU","a":"Baja","p":0},"geometry":{"type":"Point","coordinates":[-91.70128,14.54878]}},{"type":"Feature","properties":{"n":"BELENCITO","m":"ANTIGUA GUATEMALA","a":"Alta","p":0},"geometry":{"type":"Point","coordinates":[-90.73134,14.55211]}},{"type":"Feature","properties":{"n":"SAN JOSE BATZA","m":"GENOVA","a":"Media","p":43},"geometry":{"type":"Point","coordinates":[-91.87054,14.54826]}},{"type":"Feature","properties":{"n":"NUEVA CALIFORNIA O SAN LUIS","m":"POCHUTA","a":"Alta","p":100},"geometry":{"type":"Point","coordinates":[-91.07086,14.55174]}},{"type":"Feature","properties":{"n":"LAS CRUCES","m":"OCOS","a":"Baja","p":488},"geometry":{"type":"Point","coordinates":[-92.15774,14.54676]}},{"type":"Feature","properties":{"n":"VILLA ANGELA","m":"OCOS","a":"Alta","p":159},"geometry":{"type":"Point","coordinates":[-92.18533,14.54671]}},{"type":"Feature","properties":{"n":"JARDINES DE ANTIGUA","m":"ANTIGUA GUATEMALA","a":"Muy Alta","p":95},"geometry":{"type":"Point","coordinates":[-90.73759,14.55323]}},{"type":"Feature","properties":{"n":"LAS MAREAS DEL SUCHIATE","m":"OCOS","a":"Media","p":358},"geometry":{"type":"Point","coordinates":[-92.21338,14.54724]}},{"type":"Feature","properties":{"n":"AMPLIACION SOLANO","m":"VILLA NUEVA","a":"Alta","p":497},"geometry":{"type":"Point","coordinates":[-90.57797,14.55451]}},{"type":"Feature","properties":{"n":"EL NARANJO","m":"ANTIGUA GUATEMALA","a":"Muy Alta","p":0},"geometry":{"type":"Point","coordinates":[-90.73564,14.5548]}},{"type":"Feature","properties":{"n":"EL UJUXTE","m":"RETALHULEU","a":"Baja","p":0},"geometry":{"type":"Point","coordinates":[-92.02855,14.55001]}},{"type":"Feature","properties":{"n":"CHIQUIRINES O PALMAR II","m":"OCOS","a":"Alta","p":516},"geometry":{"type":"Point","coordinates":[-92.08381,14.5498]}},{"type":"Feature","properties":{"n":"EL PALMAR I","m":"OCOS","a":"Alta","p":381},"geometry":{"type":"Point","coordinates":[-92.10971,14.55067]}},{"type":"Feature","properties":{"n":"CLAVELLINAS","m":"SANTA CRUZ MULUA","a":"Baja","p":0},"geometry":{"type":"Point","coordinates":[-91.63877,14.55413]}},{"type":"Feature","properties":{"n":"LA CUCHILLA","m":"OCOS","a":"Media","p":46},"geometry":{"type":"Point","coordinates":[-92.19898,14.55119]}},{"type":"Feature","properties":{"n":"LAS MARGARITAS","m":"ANTIGUA GUATEMALA","a":"Baja","p":0},"geometry":{"type":"Point","coordinates":[-90.74802,14.55724]}},{"type":"Feature","properties":{"n":"AMATAL","m":"ESQUIPULAS","a":"Baja","p":51},"geometry":{"type":"Point","coordinates":[-89.29406,14.55466]}},{"type":"Feature","properties":{"n":"ANTIGUA GUATEMALA","m":"ANTIGUA GUATEMALA","a":"Alta","p":11910},"geometry":{"type":"Point","coordinates":[-90.73354,14.55788]}},{"type":"Feature","properties":{"n":"CALIFORNIA VIEJA O CIMARRON","m":"OCOS","a":"Media","p":0},"geometry":{"type":"Point","coordinates":[-92.15156,14.55325]}},{"type":"Feature","properties":{"n":"LAS VENTANAS","m":"RETALHULEU","a":"Baja","p":27},"geometry":{"type":"Point","coordinates":[-92.04049,14.55497]}},{"type":"Feature","properties":{"n":"CALIFORNIA","m":"SAN LUIS JILOTEPEQUE","a":"Media","p":126},"geometry":{"type":"Point","coordinates":[-89.70212,14.55885]}},{"type":"Feature","properties":{"n":"MADRONALES","m":"OCOS","a":"Alta","p":871},"geometry":{"type":"Point","coordinates":[-92.11746,14.55521]}},{"type":"Feature","properties":{"n":"EL DESENGANO","m":"ANTIGUA GUATEMALA","a":"Alta","p":0},"geometry":{"type":"Point","coordinates":[-90.7414,14.56145]}},{"type":"Feature","properties":{"n":"LA ZARCA VIEJA","m":"OCOS","a":"Media","p":0},"geometry":{"type":"Point","coordinates":[-92.19953,14.55749]}},{"type":"Feature","properties":{"n":"CINEMACUILOTE","m":"ESQUIPULAS","a":"Baja","p":0},"geometry":{"type":"Point","coordinates":[-89.28802,14.56061]}},{"type":"Feature","properties":{"n":"BUENOS AIRES","m":"RETALHULEU","a":"Baja","p":156},"geometry":{"type":"Point","coordinates":[-92.05989,14.55981]}},{"type":"Feature","properties":{"n":"NUEVOS HORIZONTES","m":"OCOS","a":"Alta","p":1351},"geometry":{"type":"Point","coordinates":[-92.10385,14.55976]}},{"type":"Feature","properties":{"n":"LAS SALINAS","m":"ANTIGUA GUATEMALA","a":"Muy Alta","p":38},"geometry":{"type":"Point","coordinates":[-90.7383,14.56589]}},{"type":"Feature","properties":{"n":"EL SIGLO I","m":"SANTA CRUZ MULUA","a":"Media","p":123},"geometry":{"type":"Point","coordinates":[-91.63372,14.56361]}},{"type":"Feature","properties":{"n":"CALIFORNIA","m":"OCOS","a":"Media","p":0},"geometry":{"type":"Point","coordinates":[-92.17623,14.56067]}},{"type":"Feature","properties":{"n":"LAS VENTANAS","m":"COATEPEQUE","a":"Alta","p":0},"geometry":{"type":"Point","coordinates":[-92.03975,14.56267]}},{"type":"Feature","properties":{"n":"EL PLATANAR","m":"OCOS","a":"Baja","p":464},"geometry":{"type":"Point","coordinates":[-92.18009,14.56219]}},{"type":"Feature","properties":{"n":"BERNABE","m":"ANTIGUA GUATEMALA","a":"Muy Alta","p":150},"geometry":{"type":"Point","coordinates":[-90.73969,14.56924]}},{"type":"Feature","properties":{"n":"TILAPA","m":"COATEPEQUE","a":"Baja","p":20},"geometry":{"type":"Point","coordinates":[-91.93973,14.56516]}},{"type":"Feature","properties":{"n":"CHIQUIRINES","m":"OCOS","a":"Alta","p":1349},"geometry":{"type":"Point","coordinates":[-92.05619,14.56448]}},{"type":"Feature","properties":{"n":"MARIA VICTORIA","m":"CUYOTENANGO","a":"Media","p":0},"geometry":{"type":"Point","coordinates":[-91.57655,14.56726]}},{"type":"Feature","properties":{"n":"LA ZARCA","m":"OCOS","a":"Baja","p":418},"geometry":{"type":"Point","coordinates":[-92.18649,14.56422]}},{"type":"Feature","properties":{"n":"LA BELLEZA","m":"ANTIGUA GUATEMALA","a":"Muy Alta","p":347},"geometry":{"type":"Point","coordinates":[-90.74199,14.57033]}},{"type":"Feature","properties":{"n":"MIRASOL","m":"COATEPEQUE","a":"Muy Alta","p":0},"geometry":{"type":"Point","coordinates":[-91.98192,14.56582]}},{"type":"Feature","properties":{"n":"EL MANGO","m":"ESQUIPULAS","a":"Muy Alta","p":0},"geometry":{"type":"Point","coordinates":[-89.28873,14.56747]}},{"type":"Feature","properties":{"n":"LAS MORENAS","m":"OCOS","a":"Baja","p":527},"geometry":{"type":"Point","coordinates":[-92.06618,14.56561]}},{"type":"Feature","properties":{"n":"LA AZOTEA","m":"JOCOTENANGO","a":"Muy Alta","p":52},"geometry":{"type":"Point","coordinates":[-90.74438,14.57083]}},{"type":"Feature","properties":{"n":"LA PITAHAYA","m":"COATEPEQUE","a":"Alta","p":0},"geometry":{"type":"Point","coordinates":[-92.04685,14.56597]}},{"type":"Feature","properties":{"n":"EL SALVADOR","m":"POCHUTA","a":"Media","p":54},"geometry":{"type":"Point","coordinates":[-91.04647,14.57197]}},{"type":"Feature","properties":{"n":"NUEVOS HORIZONTES","m":"OCOS","a":"Alta","p":33},"geometry":{"type":"Point","coordinates":[-92.1369,14.56706]}},{"type":"Feature","properties":{"n":"EL ROBLE","m":"JOCOTENANGO","a":"Muy Alta","p":432},"geometry":{"type":"Point","coordinates":[-90.7413,14.5729]}},{"type":"Feature","properties":{"n":"SAN JOSE","m":"JOCOTENANGO","a":"Alta","p":194},"geometry":{"type":"Point","coordinates":[-90.73384,14.5732]}},{"type":"Feature","properties":{"n":"LOS ENCUENTROS","m":"COATEPEQUE","a":"Alta","p":2101},"geometry":{"type":"Point","coordinates":[-92.02362,14.56853]}},{"type":"Feature","properties":{"n":"CHIQUIRINES","m":"OCOS","a":"Alta","p":833},"geometry":{"type":"Point","coordinates":[-92.05687,14.56865]}},{"type":"Feature","properties":{"n":"AGUA CALIENTE","m":"ACATENANGO","a":"Media","p":0},"geometry":{"type":"Point","coordinates":[-90.94647,14.57387]}},{"type":"Feature","properties":{"n":"LOS ANGELES","m":"JOCOTENANGO","a":"Muy Alta","p":1713},"geometry":{"type":"Point","coordinates":[-90.74317,14.57474]}},{"type":"Feature","properties":{"n":"EL CORINTO GRANDE","m":"COATEPEQUE","a":"Baja","p":52},"geometry":{"type":"Point","coordinates":[-91.97152,14.57145]}},{"type":"Feature","properties":{"n":"JOCOTENANGO","m":"JOCOTENANGO","a":"Muy Alta","p":4636},"geometry":{"type":"Point","coordinates":[-90.74123,14.57601]}},{"type":"Feature","properties":{"n":"LIMONCITOS","m":"OCOS","a":"Baja","p":1398},"geometry":{"type":"Point","coordinates":[-92.18032,14.57034]}},{"type":"Feature","properties":{"n":"LOS LLANOS","m":"JOCOTENANGO","a":"Muy Alta","p":4877},"geometry":{"type":"Point","coordinates":[-90.73994,14.57711]}},{"type":"Feature","properties":{"n":"18 DE FEBRERO","m":"OCOS","a":"Media","p":204},"geometry":{"type":"Point","coordinates":[-92.14245,14.57156]}},{"type":"Feature","properties":{"n":"LA CUPULA","m":"JOCOTENANGO","a":"Muy Alta","p":120},"geometry":{"type":"Point","coordinates":[-90.745,14.57748]}},{"type":"Feature","properties":{"n":"MONTERREY","m":"JOCOTENANGO","a":"Alta","p":410},"geometry":{"type":"Point","coordinates":[-90.73917,14.57788]}},{"type":"Feature","properties":{"n":"LOLITA","m":"JOCOTENANGO","a":"Alta","p":237},"geometry":{"type":"Point","coordinates":[-90.74053,14.57836]}},{"type":"Feature","properties":{"n":"MASAYA","m":"JOCOTENANGO","a":"Alta","p":147},"geometry":{"type":"Point","coordinates":[-90.73834,14.5784]}},{"type":"Feature","properties":{"n":"SAN ISIDRO","m":"JOCOTENANGO","a":"Muy Alta","p":730},"geometry":{"type":"Point","coordinates":[-90.74425,14.5788]}},{"type":"Feature","properties":{"n":"LAS GRAVILEAS DE SAN ISIDRO","m":"JOCOTENANGO","a":"Muy Alta","p":193},"geometry":{"type":"Point","coordinates":[-90.7475,14.58071]}},{"type":"Feature","properties":{"n":"LA BENDICION","m":"OCOS","a":"Alta","p":84},"geometry":{"type":"Point","coordinates":[-92.12622,14.57615]}},{"type":"Feature","properties":{"n":"SACASIGUAN","m":"POCHUTA","a":"Baja","p":0},"geometry":{"type":"Point","coordinates":[-91.03663,14.58192]}},{"type":"Feature","properties":{"n":"EL RECUERDO","m":"JOCOTENANGO","a":"Alta","p":543},"geometry":{"type":"Point","coordinates":[-90.74396,14.58252]}},{"type":"Feature","properties":{"n":"LA BLANCA","m":"OCOS","a":"Media","p":4132},"geometry":{"type":"Point","coordinates":[-92.14159,14.57698]}},{"type":"Feature","properties":{"n":"ESPINOS","m":"ESQUIPULAS","a":"Baja","p":23},"geometry":{"type":"Point","coordinates":[-89.2974,14.5797]}},{"type":"Feature","properties":{"n":"LAS CABANAS DE JOCOTENANGO","m":"JOCOTENANGO","a":"Baja","p":81},"geometry":{"type":"Point","coordinates":[-90.74944,14.58379]}},{"type":"Feature","properties":{"n":"JARDINES DE ALTA LOMA","m":"JOCOTENANGO","a":"Alta","p":73},"geometry":{"type":"Point","coordinates":[-90.74977,14.58487]}},{"type":"Feature","properties":{"n":"EL PATERNO","m":"SAN LUIS JILOTEPEQUE","a":"Alta","p":207},"geometry":{"type":"Point","coordinates":[-89.71031,14.58565]}},{"type":"Feature","properties":{"n":"VILLAS FLORES","m":"COATEPEQUE","a":"Alta","p":0},"geometry":{"type":"Point","coordinates":[-91.95505,14.58344]}},{"type":"Feature","properties":{"n":"TIERRA COLORADA","m":"ESQUIPULAS","a":"Alta","p":0},"geometry":{"type":"Point","coordinates":[-89.33024,14.58538]}},{"type":"Feature","properties":{"n":"SANTA ISABEL","m":"SAN PABLO JOCOPILAS","a":"Media","p":0},"geometry":{"type":"Point","coordinates":[-91.4453,14.58772]}},{"type":"Feature","properties":{"n":"TEGUCIGALPA","m":"PASTORES","a":"Muy Alta","p":0},"geometry":{"type":"Point","coordinates":[-90.74931,14.59089]}},{"type":"Feature","properties":{"n":"VILLA FLORES","m":"COATEPEQUE","a":"Media","p":382},"geometry":{"type":"Point","coordinates":[-91.9517,14.58675]}},{"type":"Feature","properties":{"n":"CHIQUIRINES VIEJO O CARRIZAL","m":"OCOS","a":"Alta","p":801},"geometry":{"type":"Point","coordinates":[-92.07208,14.58663]}},{"type":"Feature","properties":{"n":"CERRO GRANDE","m":"COATEPEQUE","a":"Baja","p":0},"geometry":{"type":"Point","coordinates":[-91.94829,14.58754]}},{"type":"Feature","properties":{"n":"SANTA CLARITA","m":"OCOS","a":"Media","p":0},"geometry":{"type":"Point","coordinates":[-92.17683,14.58613]}},{"type":"Feature","properties":{"n":"LA CRUZ","m":"PASTORES","a":"Alta","p":0},"geometry":{"type":"Point","coordinates":[-90.75112,14.59284]}},{"type":"Feature","properties":{"n":"PASTORES","m":"PASTORES","a":"Media","p":5947},"geometry":{"type":"Point","coordinates":[-90.7554,14.59332]}},{"type":"Feature","properties":{"n":"SAN ANTONIO LOS LIMONES","m":"OCOS","a":"Media","p":0},"geometry":{"type":"Point","coordinates":[-92.16702,14.58762]}},{"type":"Feature","properties":{"n":"EL IZOTAL","m":"OCOS","a":"Alta","p":128},"geometry":{"type":"Point","coordinates":[-92.07931,14.58832]}},{"type":"Feature","properties":{"n":"BELLA ISLA","m":"NUEVO SAN CARLOS","a":"Muy Alta","p":0},"geometry":{"type":"Point","coordinates":[-91.66977,14.59283]}},{"type":"Feature","properties":{"n":"EL MOLINO","m":"PASTORES","a":"Media","p":0},"geometry":{"type":"Point","coordinates":[-90.75434,14.59663]}},{"type":"Feature","properties":{"n":"EL PARAISO","m":"COATEPEQUE","a":"Media","p":29},"geometry":{"type":"Point","coordinates":[-92.04815,14.59266]}},{"type":"Feature","properties":{"n":"CHIQUIRINES","m":"OCOS","a":"Baja","p":0},"geometry":{"type":"Point","coordinates":[-92.16554,14.59419]}},{"type":"Feature","properties":{"n":"SAN LUIS LAS CARRETAS","m":"PASTORES","a":"Alta","p":697},"geometry":{"type":"Point","coordinates":[-90.76437,14.60468]}},{"type":"Feature","properties":{"n":"EL REPARO","m":"COATEPEQUE","a":"Alta","p":727},"geometry":{"type":"Point","coordinates":[-92.04997,14.60041]}},{"type":"Feature","properties":{"n":"TACUBA","m":"OCOS","a":"Baja","p":0},"geometry":{"type":"Point","coordinates":[-92.17102,14.59982]}},{"type":"Feature","properties":{"n":"EL TIZATE","m":"PASTORES","a":"Muy Alta","p":486},"geometry":{"type":"Point","coordinates":[-90.76397,14.6077]}},{"type":"Feature","properties":{"n":"AJAXA","m":"SAN MARTIN ZAPOTITLAN","a":"Muy Alta","p":809},"geometry":{"type":"Point","coordinates":[-91.6184,14.60673]}},{"type":"Feature","properties":{"n":"LA BLANCA","m":"OCOS","a":"Alta","p":2352},"geometry":{"type":"Point","coordinates":[-92.11115,14.60395]}},{"type":"Feature","properties":{"n":"EL IZOTAL","m":"SAN PEDRO PINULA","a":"Media","p":0},"geometry":{"type":"Point","coordinates":[-89.87372,14.61027]}},{"type":"Feature","properties":{"n":"EL PARAISO","m":"SAN PEDRO PINULA","a":"Baja","p":0},"geometry":{"type":"Point","coordinates":[-89.89955,14.61202]}},{"type":"Feature","properties":{"n":"EL MORRAL","m":"SAN PEDRO PINULA","a":"Alta","p":0},"geometry":{"type":"Point","coordinates":[-89.87983,14.6126]}},{"type":"Feature","properties":{"n":"SAN BENITO LA PAZ","m":"COATEPEQUE","a":"Alta","p":0},"geometry":{"type":"Point","coordinates":[-91.99001,14.60914]}},{"type":"Feature","properties":{"n":"MODELO","m":"SAN PEDRO PINULA","a":"Alta","p":0},"geometry":{"type":"Point","coordinates":[-89.86507,14.61333]}},{"type":"Feature","properties":{"n":"EL PORVENIR","m":"COATEPEQUE","a":"Media","p":0},"geometry":{"type":"Point","coordinates":[-92.00537,14.60975]}},{"type":"Feature","properties":{"n":"MONTERREY","m":"SAN PEDRO PINULA","a":"Baja","p":0},"geometry":{"type":"Point","coordinates":[-89.85793,14.61394]}},{"type":"Feature","properties":{"n":"PUEBLO NUEVO","m":"OCOS","a":"Media","p":1663},"geometry":{"type":"Point","coordinates":[-92.13877,14.61175]}},{"type":"Feature","properties":{"n":"LOS PLANES","m":"QUETZALTEPEQUE","a":"Media","p":0},"geometry":{"type":"Point","coordinates":[-89.45385,14.61727]}},{"type":"Feature","properties":{"n":"SAN JUDAS","m":"COATEPEQUE","a":"Media","p":0},"geometry":{"type":"Point","coordinates":[-92.08978,14.61523]}},{"type":"Feature","properties":{"n":"SANCASTI","m":"JALAPA","a":"Baja","p":0},"geometry":{"type":"Point","coordinates":[-90.00809,14.6215]}},{"type":"Feature","properties":{"n":"LA DEMOCRACIA","m":"COATEPEQUE","a":"Media","p":688},"geometry":{"type":"Point","coordinates":[-91.98411,14.61743]}},{"type":"Feature","properties":{"n":"SANTO DOMINGO","m":"SAN PEDRO PINULA","a":"Baja","p":865},"geometry":{"type":"Point","coordinates":[-89.88873,14.6224]}},{"type":"Feature","properties":{"n":"SAMALA","m":"SAN FELIPE","a":"Muy Alta","p":249},"geometry":{"type":"Point","coordinates":[-91.60806,14.62066]}},{"type":"Feature","properties":{"n":"LAS MORENAS","m":"SAN PEDRO PINULA","a":"Baja","p":0},"geometry":{"type":"Point","coordinates":[-89.88239,14.62269]}},{"type":"Feature","properties":{"n":"EL POMAROSAL","m":"SAN FELIPE","a":"Media","p":433},"geometry":{"type":"Point","coordinates":[-91.60974,14.62099]}},{"type":"Feature","properties":{"n":"CULIMA","m":"SAN LUIS JILOTEPEQUE","a":"Baja","p":322},"geometry":{"type":"Point","coordinates":[-89.68699,14.62235]}},{"type":"Feature","properties":{"n":"ENTRE SELVAS","m":"SAN PEDRO PINULA","a":"Alta","p":0},"geometry":{"type":"Point","coordinates":[-89.85786,14.62309]}},{"type":"Feature","properties":{"n":"PASTORES TOLEDO","m":"PASTORES","a":"Muy Alta","p":0},"geometry":{"type":"Point","coordinates":[-90.7836,14.62446]}},{"type":"Feature","properties":{"n":"CHUITO","m":"PASTORES","a":"Alta","p":0},"geometry":{"type":"Point","coordinates":[-90.78767,14.62538]}},{"type":"Feature","properties":{"n":"LA PILA","m":"IPALA","a":"Muy Alta","p":270},"geometry":{"type":"Point","coordinates":[-89.65609,14.62445]}},{"type":"Feature","properties":{"n":"EL OREGANO","m":"QUETZALTEPEQUE","a":"Alta","p":0},"geometry":{"type":"Point","coordinates":[-89.4773,14.62379]}},{"type":"Feature","properties":{"n":"POBLACION DISPERSA","m":"SAN FELIPE","a":"Baja","p":112},"geometry":{"type":"Point","coordinates":[-91.60455,14.62412]}},{"type":"Feature","properties":{"n":"MANCHURIA","m":"COATEPEQUE","a":"Baja","p":0},"geometry":{"type":"Point","coordinates":[-92.13475,14.62115]}},{"type":"Feature","properties":{"n":"OBRAJE","m":"IPALA","a":"Media","p":742},"geometry":{"type":"Point","coordinates":[-89.63427,14.62569]}},{"type":"Feature","properties":{"n":"BRASILAR","m":"SAN PEDRO PINULA","a":"Alta","p":0},"geometry":{"type":"Point","coordinates":[-89.86001,14.62771]}},{"type":"Feature","properties":{"n":"LABOR LA TEJERA","m":"ESQUIPULAS","a":"Baja","p":0},"geometry":{"type":"Point","coordinates":[-89.21883,14.62575]}},{"type":"Feature","properties":{"n":"ZANJON CHIQUITO","m":"SAN PEDRO PINULA","a":"Alta","p":0},"geometry":{"type":"Point","coordinates":[-89.86044,14.62998]}},{"type":"Feature","properties":{"n":"EL EMPEDRADO","m":"ESQUIPULAS","a":"Baja","p":57},"geometry":{"type":"Point","coordinates":[-89.22195,14.62838]}},{"type":"Feature","properties":{"n":"SAN JOSE LA CUCHILLA","m":"COATEPEQUE","a":"Baja","p":0},"geometry":{"type":"Point","coordinates":[-92.13122,14.62628]}},{"type":"Feature","properties":{"n":"LA ESPERANZA","m":"COATEPEQUE","a":"Alta","p":22},"geometry":{"type":"Point","coordinates":[-92.04626,14.63006]}},{"type":"Feature","properties":{"n":"EL RETIRO","m":"COATEPEQUE","a":"Alta","p":26},"geometry":{"type":"Point","coordinates":[-92.06888,14.63024]}},{"type":"Feature","properties":{"n":"LA PROVEDENCIA","m":"SAN PEDRO PINULA","a":"Media","p":0},"geometry":{"type":"Point","coordinates":[-89.8751,14.63711]}},{"type":"Feature","properties":{"n":"EL TERRERO","m":"SAN PEDRO PINULA","a":"Baja","p":0},"geometry":{"type":"Point","coordinates":[-89.87393,14.6372]}},{"type":"Feature","properties":{"n":"CUEVITAS","m":"ESQUIPULAS","a":"Baja","p":425},"geometry":{"type":"Point","coordinates":[-89.29964,14.63541]}},{"type":"Feature","properties":{"n":"RIO GRANDE","m":"QUETZALTEPEQUE","a":"Alta","p":447},"geometry":{"type":"Point","coordinates":[-89.48427,14.63722]}},{"type":"Feature","properties":{"n":"COLONIA NUEVA SAN JOSE","m":"SAN  LUCAS TOLIMAN","a":"Baja","p":81},"geometry":{"type":"Point","coordinates":[-91.14072,14.6388]}},{"type":"Feature","properties":{"n":"SANTA CLARA CAMPO 2","m":"AYUTLA","a":"Media","p":33},"geometry":{"type":"Point","coordinates":[-92.14698,14.63542]}},{"type":"Feature","properties":{"n":"LA ESPERANZA","m":"COATEPEQUE","a":"Alta","p":0},"geometry":{"type":"Point","coordinates":[-92.03576,14.63992]}},{"type":"Feature","properties":{"n":"MONTE CRISTO","m":"COATEPEQUE","a":"Baja","p":795},"geometry":{"type":"Point","coordinates":[-92.1086,14.64351]}},{"type":"Feature","properties":{"n":"SANTA GERTRUDIS","m":"SAN FELIPE","a":"Baja","p":40},"geometry":{"type":"Point","coordinates":[-91.58288,14.64895]}},{"type":"Feature","properties":{"n":"LA INDEPENDENCIA","m":"AYUTLA","a":"Muy Alta","p":655},"geometry":{"type":"Point","coordinates":[-92.14933,14.6461]}},{"type":"Feature","properties":{"n":"CHUCH0CHAJ","m":"SANTIAGO ATITLAN","a":"Alta","p":47},"geometry":{"type":"Point","coordinates":[-91.22544,14.65178]}},{"type":"Feature","properties":{"n":"CHUI0SANTO TOMAS","m":"SANTA CATARINA IXTAHUACAN","a":"Alta","p":1014},"geometry":{"type":"Point","coordinates":[-91.41629,14.65112]}},{"type":"Feature","properties":{"n":"TZANPETEY","m":"SAN ANTONIO PALOPO","a":"Baja","p":292},"geometry":{"type":"Point","coordinates":[-91.1343,14.6521]}},{"type":"Feature","properties":{"n":"LA ISLA PRADO","m":"PAJAPITA","a":"Media","p":49},"geometry":{"type":"Point","coordinates":[-92.12171,14.64962]}},{"type":"Feature","properties":{"n":"SANTA CLARA CAMPO 3","m":"AYUTLA","a":"Media","p":0},"geometry":{"type":"Point","coordinates":[-92.14281,14.64983]}},{"type":"Feature","properties":{"n":"AGUA CALIENTE","m":"MATAQUESCUINTLA","a":"Media","p":375},"geometry":{"type":"Point","coordinates":[-90.21026,14.65623]}},{"type":"Feature","properties":{"n":"ISLA COJOLYA","m":"SANTIAGO ATITLAN","a":"Media","p":0},"geometry":{"type":"Point","coordinates":[-91.22729,14.6571]}},{"type":"Feature","properties":{"n":"ISLA DE LOS GATOS","m":"SANTIAGO ATITLAN","a":"Baja","p":0},"geometry":{"type":"Point","coordinates":[-91.22634,14.6609]}},{"type":"Feature","properties":{"n":"SANSAYO","m":"JALAPA","a":"Baja","p":420},"geometry":{"type":"Point","coordinates":[-89.95918,14.66528]}},{"type":"Feature","properties":{"n":"POBLACION DISPERSA","m":"SAN PEDRO PINULA","a":"Alta","p":105},"geometry":{"type":"Point","coordinates":[-89.84021,14.67059]}},{"type":"Feature","properties":{"n":"SAN JOSE","m":"JALAPA","a":"Baja","p":223},"geometry":{"type":"Point","coordinates":[-89.96182,14.6764]}},{"type":"Feature","properties":{"n":"4 DE MARZO","m":"AYUTLA","a":"Muy Alta","p":935},"geometry":{"type":"Point","coordinates":[-92.14361,14.67181]}},{"type":"Feature","properties":{"n":"TZANTZIAPA","m":"SAN PEDRO LA LAGUNA","a":"Baja","p":0},"geometry":{"type":"Point","coordinates":[-91.2472,14.67702]}},{"type":"Feature","properties":{"n":"LA VERDE","m":"AYUTLA","a":"Alta","p":3331},"geometry":{"type":"Point","coordinates":[-92.13013,14.67267]}},{"type":"Feature","properties":{"n":"SAN JACINTO","m":"SAN JACINTO","a":"Muy Alta","p":1257},"geometry":{"type":"Point","coordinates":[-89.50263,14.67729]}},{"type":"Feature","properties":{"n":"ANIBAL DE LEON","m":"AYUTLA","a":"Alta","p":0},"geometry":{"type":"Point","coordinates":[-92.14475,14.6749]}},{"type":"Feature","properties":{"n":"EL PRADO","m":"PAJAPITA","a":"Alta","p":52},"geometry":{"type":"Point","coordinates":[-92.10965,14.6758]}},{"type":"Feature","properties":{"n":"SAN FRANCISCO","m":"AYUTLA","a":"Muy Alta","p":0},"geometry":{"type":"Point","coordinates":[-92.14495,14.67706]}},{"type":"Feature","properties":{"n":"EL JOBO","m":"AYUTLA","a":"Muy Alta","p":107},"geometry":{"type":"Point","coordinates":[-92.12551,14.67734]}},{"type":"Feature","properties":{"n":"CIUDAD TECUN UMAN","m":"AYUTLA","a":"Media","p":10512},"geometry":{"type":"Point","coordinates":[-92.14068,14.67808]}},{"type":"Feature","properties":{"n":"LAS LIMAS","m":"SANARATE","a":"Media","p":22},"geometry":{"type":"Point","coordinates":[-90.20278,14.68621]}},{"type":"Feature","properties":{"n":"EL JUTE","m":"SAN JACINTO","a":"Baja","p":0},"geometry":{"type":"Point","coordinates":[-89.50059,14.68539]}},{"type":"Feature","properties":{"n":"OLGUITA DE LEON","m":"AYUTLA","a":"Alta","p":0},"geometry":{"type":"Point","coordinates":[-92.13564,14.68202]}},{"type":"Feature","properties":{"n":"30 DE JUNIO","m":"AYUTLA","a":"Baja","p":0},"geometry":{"type":"Point","coordinates":[-92.14225,14.68269]}},{"type":"Feature","properties":{"n":"POBLACION DISPERSA","m":"AYUTLA","a":"Media","p":36},"geometry":{"type":"Point","coordinates":[-92.1398,14.68586]}},{"type":"Feature","properties":{"n":"SANTA FE","m":"AYUTLA","a":"Alta","p":0},"geometry":{"type":"Point","coordinates":[-92.12347,14.68749]}},{"type":"Feature","properties":{"n":"COLONIA SAN ANTONIO","m":"AYUTLA","a":"Alta","p":329},"geometry":{"type":"Point","coordinates":[-92.13409,14.68755]}},{"type":"Feature","properties":{"n":"LOS ANGELES","m":"AYUTLA","a":"Alta","p":906},"geometry":{"type":"Point","coordinates":[-92.12169,14.69134]}},{"type":"Feature","properties":{"n":"LOS PASTORES","m":"SAN JACINTO","a":"Media","p":392},"geometry":{"type":"Point","coordinates":[-89.49693,14.69597]}},{"type":"Feature","properties":{"n":"SAN VICENTE LAS HORMIGAS","m":"PALENCIA","a":"Alta","p":32},"geometry":{"type":"Point","coordinates":[-90.37318,14.69887]}},{"type":"Feature","properties":{"n":"LA VIRGEN DEL DESENGA-O","m":"AYUTLA","a":"Muy Alta","p":0},"geometry":{"type":"Point","coordinates":[-92.12451,14.69534]}},{"type":"Feature","properties":{"n":"CHINAUTLA","m":"CHINAUTLA","a":"Alta","p":3165},"geometry":{"type":"Point","coordinates":[-90.50061,14.70168]}},{"type":"Feature","properties":{"n":"LA JORDANIA","m":"PAJAPITA","a":"Media","p":0},"geometry":{"type":"Point","coordinates":[-92.09956,14.70685]}},{"type":"Feature","properties":{"n":"EL GUAYABAL O RIO BLANCO","m":"SAN PEDRO PINULA","a":"Baja","p":46},"geometry":{"type":"Point","coordinates":[-89.81732,14.71179]}},{"type":"Feature","properties":{"n":"EL RECUERDO","m":"PAJAPITA","a":"Media","p":0},"geometry":{"type":"Point","coordinates":[-92.08983,14.70753]}},{"type":"Feature","properties":{"n":"SAN ANTONIO","m":"ESQUIPULAS","a":"Alta","p":0},"geometry":{"type":"Point","coordinates":[-89.2039,14.7096]}},{"type":"Feature","properties":{"n":"LAS VEGAS","m":"PAJAPITA","a":"Muy Alta","p":0},"geometry":{"type":"Point","coordinates":[-92.09108,14.71031]}},{"type":"Feature","properties":{"n":"EL TRIUNFO","m":"AYUTLA","a":"Baja","p":1807},"geometry":{"type":"Point","coordinates":[-92.14328,14.70999]}},{"type":"Feature","properties":{"n":"LA VIRGEN","m":"PAJAPITA","a":"Alta","p":134},"geometry":{"type":"Point","coordinates":[-92.09744,14.71254]}},{"type":"Feature","properties":{"n":"SANTA ELENA","m":"CHIQUIMULA","a":"Baja","p":1318},"geometry":{"type":"Point","coordinates":[-89.49596,14.71617]}},{"type":"Feature","properties":{"n":"ESQUIPULAS","m":"AYUTLA","a":"Muy Alta","p":0},"geometry":{"type":"Point","coordinates":[-92.11284,14.7176]}},{"type":"Feature","properties":{"n":"LAS NAVAJAS","m":"SAN ANTONIO LA PAZ","a":"Media","p":0},"geometry":{"type":"Point","coordinates":[-90.20889,14.72403]}},{"type":"Feature","properties":{"n":"SAN JOSE LA ARADA","m":"SAN JOSE LA ARADA","a":"Alta","p":2159},"geometry":{"type":"Point","coordinates":[-89.58637,14.72276]}},{"type":"Feature","properties":{"n":"SAN MIGUEL MAPA","m":"ESQUIPULAS","a":"Media","p":0},"geometry":{"type":"Point","coordinates":[-89.19127,14.72128]}},{"type":"Feature","properties":{"n":"BUENA FE","m":"SAN JOSE LA ARADA","a":"Alta","p":0},"geometry":{"type":"Point","coordinates":[-89.57423,14.72715]}},{"type":"Feature","properties":{"n":"EL ESFUERZO","m":"SAN JOSE LA ARADA","a":"Baja","p":0},"geometry":{"type":"Point","coordinates":[-89.57759,14.72747]}},{"type":"Feature","properties":{"n":"AGUIRRE","m":"SAN ANTONIO LA PAZ","a":"Alta","p":25},"geometry":{"type":"Point","coordinates":[-90.21233,14.72965]}},{"type":"Feature","properties":{"n":"VADO HONDO","m":"CHIQUIMULA","a":"Muy Alta","p":748},"geometry":{"type":"Point","coordinates":[-89.50425,14.7309]}},{"type":"Feature","properties":{"n":"LA LAGUNA ANEXO SANTA RITA","m":"EL QUETZAL","a":"Baja","p":0},"geometry":{"type":"Point","coordinates":[-91.87321,14.73152]}},{"type":"Feature","properties":{"n":"SAN JOAQUIN MELENDREZ","m":"AYUTLA","a":"Muy Alta","p":166},"geometry":{"type":"Point","coordinates":[-92.0865,14.73323]}},{"type":"Feature","properties":{"n":"SANTA JULIA","m":"AYUTLA","a":"Baja","p":0},"geometry":{"type":"Point","coordinates":[-92.10839,14.73899]}},{"type":"Feature","properties":{"n":"HENRY VILLEDA","m":"CHIQUIMULA","a":"Media","p":0},"geometry":{"type":"Point","coordinates":[-89.55597,14.74319]}},{"type":"Feature","properties":{"n":"SAN ISIDRO","m":"SANSARE","a":"Alta","p":0},"geometry":{"type":"Point","coordinates":[-90.07911,14.74546]}},{"type":"Feature","properties":{"n":"CHANTEL","m":"LA REFORMA","a":"Media","p":0},"geometry":{"type":"Point","coordinates":[-91.86666,14.74477]}},{"type":"Feature","properties":{"n":"SIN NOMBRE","m":"CHIQUIMULA","a":"Media","p":0},"geometry":{"type":"Point","coordinates":[-89.55844,14.74777]}},{"type":"Feature","properties":{"n":"SAN FELIPE","m":"PANAJACHEL","a":"Muy Alta","p":0},"geometry":{"type":"Point","coordinates":[-91.14557,14.75107]}},{"type":"Feature","properties":{"n":"PUNTARENAS","m":"PAJAPITA","a":"Media","p":0},"geometry":{"type":"Point","coordinates":[-92.04338,14.74873]}},{"type":"Feature","properties":{"n":"EL PINO","m":"CHINAUTLA","a":"Muy Alta","p":0},"geometry":{"type":"Point","coordinates":[-90.49784,14.75425]}},{"type":"Feature","properties":{"n":"NATIVIDAD","m":"PANAJACHEL","a":"Media","p":0},"geometry":{"type":"Point","coordinates":[-91.14188,14.75548]}},{"type":"Feature","properties":{"n":"LA XUM OLIVETI","m":"CHIQUIMULA","a":"Alta","p":0},"geometry":{"type":"Point","coordinates":[-89.54977,14.75514]}},{"type":"Feature","properties":{"n":"LA XUM VALDES","m":"CHIQUIMULA","a":"Muy Alta","p":0},"geometry":{"type":"Point","coordinates":[-89.54927,14.75564]}},{"type":"Feature","properties":{"n":"LAS CARRETAS","m":"CHIQUIMULA","a":"Muy Alta","p":0},"geometry":{"type":"Point","coordinates":[-89.55012,14.75597]}},{"type":"Feature","properties":{"n":"LA VEGA","m":"PANAJACHEL","a":"Media","p":0},"geometry":{"type":"Point","coordinates":[-91.13658,14.75837]}},{"type":"Feature","properties":{"n":"VEGA EL COROZO","m":"CHIQUIMULA","a":"Alta","p":0},"geometry":{"type":"Point","coordinates":[-89.5445,14.75901]}},{"type":"Feature","properties":{"n":"SAN ESTEBAN","m":"CHIQUIMULA","a":"Media","p":0},"geometry":{"type":"Point","coordinates":[-89.52211,14.76056]}},{"type":"Feature","properties":{"n":"CHAPARRAL ANEXO EL ALAMO","m":"AYUTLA","a":"Baja","p":0},"geometry":{"type":"Point","coordinates":[-92.13629,14.75804]}},{"type":"Feature","properties":{"n":"ZANJON EL TIESTO","m":"AYUTLA","a":"Baja","p":536},"geometry":{"type":"Point","coordinates":[-92.13017,14.75833]}},{"type":"Feature","properties":{"n":"SAN JUAN ERMITA","m":"SAN JUAN  ERMITA","a":"Alta","p":1444},"geometry":{"type":"Point","coordinates":[-89.43023,14.76426]}},{"type":"Feature","properties":{"n":"LAS CARRETAS","m":"CHIQUIMULA","a":"Baja","p":0},"geometry":{"type":"Point","coordinates":[-89.53465,14.76546]}},{"type":"Feature","properties":{"n":"RIO GRANDE ABAJO","m":"SANSARE","a":"Baja","p":410},"geometry":{"type":"Point","coordinates":[-90.08066,14.7679]}},{"type":"Feature","properties":{"n":"LOS ENCUENTROS DE NAVAJAS","m":"SAN ANTONIO LA PAZ","a":"Alta","p":115},"geometry":{"type":"Point","coordinates":[-90.3469,14.76827]}},{"type":"Feature","properties":{"n":"EL ZUNZO","m":"JOCOTAN","a":"Media","p":0},"geometry":{"type":"Point","coordinates":[-89.21737,14.76892]}},{"type":"Feature","properties":{"n":"LA CONCEPCION","m":"AYUTLA","a":"Alta","p":0},"geometry":{"type":"Point","coordinates":[-92.07591,14.76749]}},{"type":"Feature","properties":{"n":"LA ESMERALDA","m":"CHIQUIMULA","a":"Media","p":0},"geometry":{"type":"Point","coordinates":[-89.52564,14.77217]}},{"type":"Feature","properties":{"n":"EL ROSARIO","m":"CHIQUIMULA","a":"Alta","p":0},"geometry":{"type":"Point","coordinates":[-89.52739,14.7749]}},{"type":"Feature","properties":{"n":"DIADEMA","m":"CHIQUIMULA","a":"Baja","p":0},"geometry":{"type":"Point","coordinates":[-89.53056,14.77764]}},{"type":"Feature","properties":{"n":"LA PONDEROSA","m":"CHIQUIMULA","a":"Baja","p":132},"geometry":{"type":"Point","coordinates":[-89.53148,14.77919]}},{"type":"Feature","properties":{"n":"LA TUBERIA","m":"SANARATE","a":"Muy Alta","p":0},"geometry":{"type":"Point","coordinates":[-90.23624,14.78157]}},{"type":"Feature","properties":{"n":"EL PILAR","m":"AYUTLA","a":"Alta","p":72},"geometry":{"type":"Point","coordinates":[-92.07657,14.77719]}},{"type":"Feature","properties":{"n":"EL CHILAR","m":"SANARATE","a":"Baja","p":8},"geometry":{"type":"Point","coordinates":[-90.17676,14.7824]}},{"type":"Feature","properties":{"n":"EL REFUGIO O SANTA LUCIA","m":"AYUTLA","a":"Alta","p":0},"geometry":{"type":"Point","coordinates":[-92.13673,14.77761]}},{"type":"Feature","properties":{"n":"LA CEIBA","m":"CHIQUIMULA","a":"Media","p":0},"geometry":{"type":"Point","coordinates":[-89.53368,14.7816]}},{"type":"Feature","properties":{"n":"TRUJILLO","m":"SANSARE","a":"Alta","p":58},"geometry":{"type":"Point","coordinates":[-90.15189,14.78418]}},{"type":"Feature","properties":{"n":"EL PUENTE","m":"CHIQUIMULA","a":"Muy Alta","p":689},"geometry":{"type":"Point","coordinates":[-89.53514,14.78287]}},{"type":"Feature","properties":{"n":"DOS MARIAS","m":"AYUTLA","a":"Alta","p":0},"geometry":{"type":"Point","coordinates":[-92.07347,14.78105]}},{"type":"Feature","properties":{"n":"ZUNIL","m":"ZUNIL","a":"Baja","p":6718},"geometry":{"type":"Point","coordinates":[-91.48629,14.78519]}},{"type":"Feature","properties":{"n":"LAS MARGARITAS","m":"AYUTLA","a":"Baja","p":459},"geometry":{"type":"Point","coordinates":[-92.15658,14.78219]}},{"type":"Feature","properties":{"n":"LAS MARGARITAS","m":"AYUTLA","a":"Media","p":0},"geometry":{"type":"Point","coordinates":[-92.14881,14.78274]}},{"type":"Feature","properties":{"n":"LAS MARAVILLAS","m":"AYUTLA","a":"Baja","p":0},"geometry":{"type":"Point","coordinates":[-92.14365,14.78393]}},{"type":"Feature","properties":{"n":"SAN MANUEL","m":"AYUTLA","a":"Media","p":135},"geometry":{"type":"Point","coordinates":[-92.07023,14.78493]}},{"type":"Feature","properties":{"n":"EL CARRIZO","m":"SAN ANTONIO LA PAZ","a":"Muy Alta","p":237},"geometry":{"type":"Point","coordinates":[-90.25065,14.79047]}},{"type":"Feature","properties":{"n":"ESTACION JALAPA","m":"SANSARE","a":"Muy Alta","p":281},"geometry":{"type":"Point","coordinates":[-90.12373,14.79069]}},{"type":"Feature","properties":{"n":"SAN DIEGO","m":"SAN DIEGO","a":"Baja","p":530},"geometry":{"type":"Point","coordinates":[-89.77644,14.79024]}},{"type":"Feature","properties":{"n":"LA PLANTA","m":"ZUNIL","a":"Media","p":316},"geometry":{"type":"Point","coordinates":[-91.47138,14.78968]}},{"type":"Feature","properties":{"n":"CABA-AS","m":"AYUTLA","a":"Media","p":0},"geometry":{"type":"Point","coordinates":[-92.1272,14.78778]}},{"type":"Feature","properties":{"n":"SAN FRANCISCO","m":"CHIQUIMULA","a":"Baja","p":0},"geometry":{"type":"Point","coordinates":[-89.53047,14.79397]}},{"type":"Feature","properties":{"n":"XEQUEL","m":"SOLOLA","a":"Alta","p":0},"geometry":{"type":"Point","coordinates":[-91.22005,14.7959]}},{"type":"Feature","properties":{"n":"POBLACION DISPERSA","m":"CHIQUIMULA","a":"Media","p":53},"geometry":{"type":"Point","coordinates":[-89.52382,14.7954]}},{"type":"Feature","properties":{"n":"CASERIO PAXIMBAL","m":"NAHUALA","a":"Media","p":125},"geometry":{"type":"Point","coordinates":[-91.32212,14.79769]}},{"type":"Feature","properties":{"n":"EL OLVIDO","m":"MALACATAN","a":"Media","p":664},"geometry":{"type":"Point","coordinates":[-92.1257,14.7985]}},{"type":"Feature","properties":{"n":"SINACA","m":"SANARATE","a":"Alta","p":1510},"geometry":{"type":"Point","coordinates":[-90.27859,14.80525]}},{"type":"Feature","properties":{"n":"SAN MIGUEL","m":"CATARINA","a":"Alta","p":139},"geometry":{"type":"Point","coordinates":[-92.12407,14.80014]}},{"type":"Feature","properties":{"n":"VENECIA","m":"SAN DIEGO","a":"Alta","p":523},"geometry":{"type":"Point","coordinates":[-89.7775,14.805]}},{"type":"Feature","properties":{"n":"EL PLANTON","m":"SAN ANTONIO LA PAZ","a":"Baja","p":25},"geometry":{"type":"Point","coordinates":[-90.31249,14.80794]}},{"type":"Feature","properties":{"n":"LAS TEJAS","m":"SAN ANTONIO LA PAZ","a":"Muy Alta","p":182},"geometry":{"type":"Point","coordinates":[-90.28785,14.80975]}},{"type":"Feature","properties":{"n":"AGOR INDUSTRIA LA FRONTERA","m":"CATARINA","a":"Alta","p":0},"geometry":{"type":"Point","coordinates":[-92.0672,14.80461]}},{"type":"Feature","properties":{"n":"COXOM","m":"SOLOLA","a":"Alta","p":537},"geometry":{"type":"Point","coordinates":[-91.22153,14.80952]}},{"type":"Feature","properties":{"n":"DOLORES","m":"SAN ANTONIO LA PAZ","a":"Muy Alta","p":277},"geometry":{"type":"Point","coordinates":[-90.28978,14.81071]}},{"type":"Feature","properties":{"n":"LA PENA DE LA VIRGEN","m":"SANARATE","a":"Muy Alta","p":0},"geometry":{"type":"Point","coordinates":[-90.32486,14.81127]}},{"type":"Feature","properties":{"n":"CRUZ","m":"SANSARE","a":"Baja","p":132},"geometry":{"type":"Point","coordinates":[-90.06798,14.81102]}},{"type":"Feature","properties":{"n":"EL ROSARIO","m":"SAN ANTONIO LA PAZ","a":"Alta","p":0},"geometry":{"type":"Point","coordinates":[-90.29482,14.8127]}},{"type":"Feature","properties":{"n":"TICANTO CASTILLO","m":"CHIQUIMULA","a":"Baja","p":0},"geometry":{"type":"Point","coordinates":[-89.52029,14.81107]}},{"type":"Feature","properties":{"n":"SAN JUAN DE ARGUETA","m":"SOLOLA","a":"Media","p":0},"geometry":{"type":"Point","coordinates":[-91.22544,14.81316]}},{"type":"Feature","properties":{"n":"CROMO","m":"GUASTATOYA","a":"Alta","p":0},"geometry":{"type":"Point","coordinates":[-90.06685,14.81422]}},{"type":"Feature","properties":{"n":"LAS CHAMPAS","m":"MALACATAN","a":"Media","p":0},"geometry":{"type":"Point","coordinates":[-92.12658,14.80989]}},{"type":"Feature","properties":{"n":"EL COCAL","m":"CHIQUIMULA","a":"Alta","p":0},"geometry":{"type":"Point","coordinates":[-89.53492,14.81416]}},{"type":"Feature","properties":{"n":"TIERRA COLORADA","m":"QUETZALTENANGO","a":"Baja","p":0},"geometry":{"type":"Point","coordinates":[-91.54955,14.81668]}},{"type":"Feature","properties":{"n":"EL JABILLAL","m":"SAN JOSE DEL GOLFO","a":"Muy Alta","p":144},"geometry":{"type":"Point","coordinates":[-90.40313,14.82009]}},{"type":"Feature","properties":{"n":"NIZA","m":"MALACATAN","a":"Baja","p":30},"geometry":{"type":"Point","coordinates":[-92.12695,14.81476]}},{"type":"Feature","properties":{"n":"PETAPILLA","m":"CHIQUIMULA","a":"Baja","p":1351},"geometry":{"type":"Point","coordinates":[-89.52552,14.81934]}},{"type":"Feature","properties":{"n":"SHUSHO ENMEDIO","m":"CHIQUIMULA","a":"Alta","p":134},"geometry":{"type":"Point","coordinates":[-89.5547,14.81969]}},{"type":"Feature","properties":{"n":"CUCAJOLITO","m":"SANARATE","a":"Muy Alta","p":36},"geometry":{"type":"Point","coordinates":[-90.32611,14.82201]}},{"type":"Feature","properties":{"n":"EL DESENGANO","m":"MALACATAN","a":"Baja","p":513},"geometry":{"type":"Point","coordinates":[-92.12261,14.81849]}},{"type":"Feature","properties":{"n":"TICANLU","m":"CHIQUIMULA","a":"Alta","p":29},"geometry":{"type":"Point","coordinates":[-89.57299,14.82302]}},{"type":"Feature","properties":{"n":"SAN JOSE LA VILLA","m":"QUETZALTENANGO","a":"Alta","p":0},"geometry":{"type":"Point","coordinates":[-91.54293,14.82268]}},{"type":"Feature","properties":{"n":"EL PEDREGAL","m":"QUETZALTENANGO","a":"Media","p":0},"geometry":{"type":"Point","coordinates":[-91.54062,14.82279]}},{"type":"Feature","properties":{"n":"EL CEDRO","m":"CHIQUIMULA","a":"Alta","p":0},"geometry":{"type":"Point","coordinates":[-89.51679,14.82693]}},{"type":"Feature","properties":{"n":"LA LIBERTAD O CHILZAPOTE","m":"GUASTATOYA","a":"Media","p":222},"geometry":{"type":"Point","coordinates":[-90.06337,14.82883]}},{"type":"Feature","properties":{"n":"BOLIVIA No,2","m":"CATARINA","a":"Media","p":0},"geometry":{"type":"Point","coordinates":[-92.11012,14.82652]}},{"type":"Feature","properties":{"n":"LOTIFICACION ALTAMIRA","m":"QUETZALTENANGO","a":"Muy Alta","p":0},"geometry":{"type":"Point","coordinates":[-91.51903,14.83134]}},{"type":"Feature","properties":{"n":"CONDOMINIO VILLAS DE SAN JORGE","m":"QUETZALTENANGO","a":"Alta","p":0},"geometry":{"type":"Point","coordinates":[-91.51152,14.83223]}},{"type":"Feature","properties":{"n":"QUEBRADA DE AGUA","m":"SAN JOSE DEL GOLFO","a":"Muy Alta","p":57},"geometry":{"type":"Point","coordinates":[-90.38185,14.84003]}},{"type":"Feature","properties":{"n":"MOLINA","m":"QUETZALTENANGO","a":"Media","p":1916},"geometry":{"type":"Point","coordinates":[-91.50539,14.83838]}},{"type":"Feature","properties":{"n":"LA COLINA","m":"QUETZALTENANGO","a":"Alta","p":0},"geometry":{"type":"Point","coordinates":[-91.50563,14.83954]}},{"type":"Feature","properties":{"n":"EL TECOMATE","m":"CATARINA","a":"Alta","p":850},"geometry":{"type":"Point","coordinates":[-92.10425,14.83676]}},{"type":"Feature","properties":{"n":"EL CERVECERO","m":"QUETZALTENANGO","a":"Media","p":0},"geometry":{"type":"Point","coordinates":[-91.52702,14.84109]}},{"type":"Feature","properties":{"n":"DONA MARTHA","m":"QUETZALTENANGO","a":"Alta","p":0},"geometry":{"type":"Point","coordinates":[-91.4643,14.84175]}},{"type":"Feature","properties":{"n":"BUENA VISTA","m":"QUETZALTENANGO","a":"Media","p":0},"geometry":{"type":"Point","coordinates":[-91.47935,14.8424]}},{"type":"Feature","properties":{"n":"CHICHIHUITAN","m":"QUETZALTENANGO","a":"Baja","p":917},"geometry":{"type":"Point","coordinates":[-91.48104,14.84265]}},{"type":"Feature","properties":{"n":"LAS ROSAS","m":"QUETZALTENANGO","a":"Alta","p":0},"geometry":{"type":"Point","coordinates":[-91.47974,14.84318]}},{"type":"Feature","properties":{"n":"PLAN DEL MORRO","m":"CAMOTAN","a":"Baja","p":547},"geometry":{"type":"Point","coordinates":[-89.33507,14.84365]}},{"type":"Feature","properties":{"n":"CONDOMINIO VILLA ZARCA","m":"QUETZALTENANGO","a":"Media","p":0},"geometry":{"type":"Point","coordinates":[-91.50153,14.84633]}},{"type":"Feature","properties":{"n":"LA PEDRERA","m":"QUETZALTENANGO","a":"Media","p":307},"geometry":{"type":"Point","coordinates":[-91.49823,14.84638]}},{"type":"Feature","properties":{"n":"CHITAY","m":"QUETZALTENANGO","a":"Baja","p":1746},"geometry":{"type":"Point","coordinates":[-91.48511,14.84803]}},{"type":"Feature","properties":{"n":"LA ESCONDIDA","m":"CAMOTAN","a":"Alta","p":0},"geometry":{"type":"Point","coordinates":[-89.35332,14.8475]}},{"type":"Feature","properties":{"n":"BELLOS HORIZONTES","m":"QUETZALTENANGO","a":"Muy Alta","p":55},"geometry":{"type":"Point","coordinates":[-91.51387,14.84908]}},{"type":"Feature","properties":{"n":"LAS VEGAS O EL GUAYABO","m":"CABA-AS","a":"Alta","p":37},"geometry":{"type":"Point","coordinates":[-89.81456,14.85046]}},{"type":"Feature","properties":{"n":"RESIDENCIAL EL SOL","m":"QUETZALTENANGO","a":"Media","p":271},"geometry":{"type":"Point","coordinates":[-91.5144,14.85029]}},{"type":"Feature","properties":{"n":"XELAJU","m":"QUETZALTENANGO","a":"Alta","p":361},"geometry":{"type":"Point","coordinates":[-91.52007,14.85173]}},{"type":"Feature","properties":{"n":"CHOQUI","m":"QUETZALTENANGO","a":"Baja","p":0},"geometry":{"type":"Point","coordinates":[-91.50221,14.85236]}},{"type":"Feature","properties":{"n":"EL VALLE","m":"GUASTATOYA","a":"Muy Alta","p":0},"geometry":{"type":"Point","coordinates":[-90.10789,14.85592]}},{"type":"Feature","properties":{"n":"LA CAPELLARIA","m":"GUASTATOYA","a":"Alta","p":0},"geometry":{"type":"Point","coordinates":[-90.09245,14.85622]}},{"type":"Feature","properties":{"n":"EL LLANO","m":"GUASTATOYA","a":"Alta","p":118},"geometry":{"type":"Point","coordinates":[-90.09873,14.85673]}},{"type":"Feature","properties":{"n":"SIN NOMBRE","m":"GUASTATOYA","a":"Muy Alta","p":0},"geometry":{"type":"Point","coordinates":[-90.14297,14.85737]}},{"type":"Feature","properties":{"n":"EL SOLIS","m":"CABA-AS","a":"Media","p":235},"geometry":{"type":"Point","coordinates":[-89.74132,14.85747]}},{"type":"Feature","properties":{"n":"LOS RANCHOS","m":"GUASTATOYA","a":"Media","p":0},"geometry":{"type":"Point","coordinates":[-90.16311,14.85927]}},{"type":"Feature","properties":{"n":"LOS ENCUENTROS","m":"CABA-AS","a":"Media","p":250},"geometry":{"type":"Point","coordinates":[-89.74696,14.86034]}},{"type":"Feature","properties":{"n":"EL ESFUERZO","m":"CANTEL","a":"Baja","p":0},"geometry":{"type":"Point","coordinates":[-91.47123,14.85991]}},{"type":"Feature","properties":{"n":"DESPOBLADO","m":"CAMOTAN","a":"Media","p":404},"geometry":{"type":"Point","coordinates":[-89.28105,14.86203]}},{"type":"Feature","properties":{"n":"CANDELARIA","m":"MALACATAN","a":"Muy Alta","p":79},"geometry":{"type":"Point","coordinates":[-92.10312,14.86128]}},{"type":"Feature","properties":{"n":"EL RETIRO LAS CANOAS","m":"SAN MARTIN JILOTEPEQUE","a":"Baja","p":193},"geometry":{"type":"Point","coordinates":[-90.88465,14.87117]}},{"type":"Feature","properties":{"n":"SAN MATIAS","m":"SAN JUAN SACATEPEQUEZ","a":"Muy Alta","p":599},"geometry":{"type":"Point","coordinates":[-90.62364,14.8718]}},{"type":"Feature","properties":{"n":"CURRUCHIQUE","m":"SALCAJA","a":"Media","p":558},"geometry":{"type":"Point","coordinates":[-91.45638,14.87002]}},{"type":"Feature","properties":{"n":"LOS CHICOS","m":"SANARATE","a":"Muy Alta","p":40},"geometry":{"type":"Point","coordinates":[-90.19055,14.87529]}},{"type":"Feature","properties":{"n":"EL ARENAL","m":"CABA-AS","a":"Media","p":425},"geometry":{"type":"Point","coordinates":[-89.75384,14.87471]}},{"type":"Feature","properties":{"n":"PUENTE DEL GUAYABO","m":"ZACAPA","a":"Baja","p":74},"geometry":{"type":"Point","coordinates":[-89.49073,14.87518]}},{"type":"Feature","properties":{"n":"EL PUENTE","m":"JOCOTAN","a":"Alta","p":0},"geometry":{"type":"Point","coordinates":[-89.49135,14.87583]}},{"type":"Feature","properties":{"n":"CHICHICASTE","m":"SANARATE","a":"Alta","p":24},"geometry":{"type":"Point","coordinates":[-90.21318,14.87822]}},{"type":"Feature","properties":{"n":"EL QUETZAL","m":"SAN JUAN OSTUNCALCO","a":"Baja","p":0},"geometry":{"type":"Point","coordinates":[-91.60545,14.87728]}},{"type":"Feature","properties":{"n":"LAS PENITAS","m":"CABA-AS","a":"Media","p":0},"geometry":{"type":"Point","coordinates":[-89.75354,14.88039]}},{"type":"Feature","properties":{"n":"SALCAJA","m":"SALCAJA","a":"Media","p":10552},"geometry":{"type":"Point","coordinates":[-91.45942,14.87977]}},{"type":"Feature","properties":{"n":"LA ISLA","m":"MORAZAN","a":"Media","p":0},"geometry":{"type":"Point","coordinates":[-90.15232,14.88311]}},{"type":"Feature","properties":{"n":"LAS GUACAMAYAS","m":"SAN MARTIN JILOTEPEQUE","a":"Alta","p":29},"geometry":{"type":"Point","coordinates":[-90.65349,14.88489]}},{"type":"Feature","properties":{"n":"LA VEGA","m":"SAN MARTIN JILOTEPEQUE","a":"Muy Alta","p":0},"geometry":{"type":"Point","coordinates":[-90.6566,14.88603]}},{"type":"Feature","properties":{"n":"NIMASAC","m":"TOTONICAPAN","a":"Media","p":3760},"geometry":{"type":"Point","coordinates":[-91.37399,14.88675]}},{"type":"Feature","properties":{"n":"OLINTEPEQUE","m":"OLINTEPEQUE","a":"Baja","p":3884},"geometry":{"type":"Point","coordinates":[-91.51446,14.88624]}},{"type":"Feature","properties":{"n":"VEGA DE GODINEZ","m":"SAN MARTIN JILOTEPEQUE","a":"Muy Alta","p":344},"geometry":{"type":"Point","coordinates":[-90.6611,14.88878]}},{"type":"Feature","properties":{"n":"LA VEGA","m":"SALAMA","a":"Alta","p":0},"geometry":{"type":"Point","coordinates":[-90.40198,14.88948]}},{"type":"Feature","properties":{"n":"TAPALIOCOTE","m":"GUASTATOYA","a":"Alta","p":0},"geometry":{"type":"Point","coordinates":[-90.13373,14.89454]}},{"type":"Feature","properties":{"n":"EL AMATE","m":"ZACAPA","a":"Alta","p":0},"geometry":{"type":"Point","coordinates":[-89.51041,14.89271]}},{"type":"Feature","properties":{"n":"EL TIGRE","m":"SALCAJA","a":"Alta","p":461},"geometry":{"type":"Point","coordinates":[-91.44996,14.89308]}},{"type":"Feature","properties":{"n":"SAN LUIS","m":"CABA-AS","a":"Media","p":73},"geometry":{"type":"Point","coordinates":[-89.81818,14.89664]}},{"type":"Feature","properties":{"n":"CASA BLANCA","m":"SALCAJA","a":"Media","p":218},"geometry":{"type":"Point","coordinates":[-91.45483,14.89707]}},{"type":"Feature","properties":{"n":"SAN MIGUEL SIGUILA","m":"SAN MIGUEL SIGUILA","a":"Media","p":1824},"geometry":{"type":"Point","coordinates":[-91.61582,14.89705]}},{"type":"Feature","properties":{"n":"AGUA CALIENTE O SAN VICENTE","m":"CABA-AS","a":"Muy Alta","p":126},"geometry":{"type":"Point","coordinates":[-89.74104,14.89905]}},{"type":"Feature","properties":{"n":"LOS JOSE LUISES II","m":"EL JICARO","a":"Alta","p":0},"geometry":{"type":"Point","coordinates":[-89.91318,14.9021]}},{"type":"Feature","properties":{"n":"PUENTE DEL RIACHUELO","m":"ZACAPA","a":"Media","p":28},"geometry":{"type":"Point","coordinates":[-89.51691,14.90133]}},{"type":"Feature","properties":{"n":"EL PASO DE LOS JALAPAS","m":"EL JICARO","a":"Baja","p":1930},"geometry":{"type":"Point","coordinates":[-89.96129,14.90543]}},{"type":"Feature","properties":{"n":"PASO DE JALAPA","m":"EL JICARO","a":"Baja","p":0},"geometry":{"type":"Point","coordinates":[-89.96909,14.90595]}},{"type":"Feature","properties":{"n":"EL EDEN","m":"EL JICARO","a":"Baja","p":0},"geometry":{"type":"Point","coordinates":[-89.91416,14.90585]}},{"type":"Feature","properties":{"n":"SAN MARCOS","m":"GUASTATOYA","a":"Baja","p":0},"geometry":{"type":"Point","coordinates":[-90.11419,14.90643]}},{"type":"Feature","properties":{"n":"LAS HUERTAS","m":"EL JICARO","a":"Media","p":0},"geometry":{"type":"Point","coordinates":[-89.91356,14.90721]}},{"type":"Feature","properties":{"n":"LA PROVEDENCIA","m":"TOTONICAPAN","a":"Alta","p":0},"geometry":{"type":"Point","coordinates":[-91.36852,14.90682]}},{"type":"Feature","properties":{"n":"PALO AMONTONADO","m":"GUASTATOYA","a":"Muy Alta","p":462},"geometry":{"type":"Point","coordinates":[-90.0858,14.90882]}},{"type":"Feature","properties":{"n":"AGUA BLANCA","m":"ZACAPA","a":"Muy Alta","p":491},"geometry":{"type":"Point","coordinates":[-89.52714,14.90866]}},{"type":"Feature","properties":{"n":"EL CRUCE DEL ZAPOTE","m":"EL JICARO","a":"Muy Alta","p":118},"geometry":{"type":"Point","coordinates":[-89.91298,14.91014]}},{"type":"Feature","properties":{"n":"SAN ISIDRO","m":"MALACATAN","a":"Media","p":2252},"geometry":{"type":"Point","coordinates":[-92.04686,14.90603]}},{"type":"Feature","properties":{"n":"PIEDRA PARADA","m":"GUASTATOYA","a":"Muy Alta","p":159},"geometry":{"type":"Point","coordinates":[-90.05127,14.91088]}},{"type":"Feature","properties":{"n":"EL GUACAMAYO","m":"CABA-AS","a":"Muy Alta","p":0},"geometry":{"type":"Point","coordinates":[-89.81622,14.91224]}},{"type":"Feature","properties":{"n":"TRES CORONAS","m":"TOTONICAPAN","a":"Alta","p":564},"geometry":{"type":"Point","coordinates":[-91.37392,14.91194]}},{"type":"Feature","properties":{"n":"NUEVO PLATANILLO","m":"SAN RAFAEL PIE DE LA CUESTA","a":"Media","p":0},"geometry":{"type":"Point","coordinates":[-91.94521,14.90988]}},{"type":"Feature","properties":{"n":"EL TINTERO","m":"EL JICARO","a":"Media","p":0},"geometry":{"type":"Point","coordinates":[-89.89874,14.91393]}},{"type":"Feature","properties":{"n":"EL JICARO","m":"EL JICARO","a":"Media","p":2772},"geometry":{"type":"Point","coordinates":[-89.89592,14.91475]}},{"type":"Feature","properties":{"n":"LA BENDICION","m":"TOTONICAPAN","a":"Baja","p":168},"geometry":{"type":"Point","coordinates":[-91.38026,14.91404]}},{"type":"Feature","properties":{"n":"GALLEGOS","m":"MORAZAN","a":"Alta","p":15},"geometry":{"type":"Point","coordinates":[-90.15171,14.91548]}},{"type":"Feature","properties":{"n":"LOS JOSE LUISES I","m":"EL JICARO","a":"Alta","p":0},"geometry":{"type":"Point","coordinates":[-89.90353,14.91594]}},{"type":"Feature","properties":{"n":"SAN JUAN","m":"ZACAPA","a":"Muy Alta","p":1783},"geometry":{"type":"Point","coordinates":[-89.61494,14.91521]}},{"type":"Feature","properties":{"n":"EL RANCHO","m":"SAN AGUSTIN ACASAGUASTLAN","a":"Alta","p":5396},"geometry":{"type":"Point","coordinates":[-90.00753,14.9166]}},{"type":"Feature","properties":{"n":"ENTRE RIOS","m":"EL RODEO","a":"Alta","p":295},"geometry":{"type":"Point","coordinates":[-92.03075,14.91357]}},{"type":"Feature","properties":{"n":"XESUC","m":"SAN CRISTOBAL TOTONICAPAN","a":"Alta","p":2090},"geometry":{"type":"Point","coordinates":[-91.42266,14.91717]}},{"type":"Feature","properties":{"n":"EL TEMPISQUE","m":"SAN AGUSTIN ACASAGUASTLAN","a":"Media","p":0},"geometry":{"type":"Point","coordinates":[-89.96431,14.91889]}},{"type":"Feature","properties":{"n":"SAN CRISTOBAL TOTONICAPAN","m":"SAN CRISTOBAL TOTONICAPAN","a":"Alta","p":4233},"geometry":{"type":"Point","coordinates":[-91.44115,14.91816]}},{"type":"Feature","properties":{"n":"EL CHUPADERO","m":"SALAMA","a":"Alta","p":0},"geometry":{"type":"Point","coordinates":[-90.31238,14.9209]}},{"type":"Feature","properties":{"n":"EL PALMO","m":"SAN CRISTOBAL ACASAGUASTLAN","a":"Media","p":16},"geometry":{"type":"Point","coordinates":[-89.89851,14.92171]}},{"type":"Feature","properties":{"n":"EL CARMEN","m":"MORAZAN","a":"Muy Alta","p":0},"geometry":{"type":"Point","coordinates":[-90.1401,14.92231]}},{"type":"Feature","properties":{"n":"4 DE FEBRERO","m":"SAN CRISTOBAL ACASAGUASTLAN","a":"Baja","p":0},"geometry":{"type":"Point","coordinates":[-89.86671,14.92379]}},{"type":"Feature","properties":{"n":"SAN PEDRO","m":"ZACAPA","a":"Media","p":40},"geometry":{"type":"Point","coordinates":[-89.52758,14.92396]}},{"type":"Feature","properties":{"n":"CHAGUITON","m":"EL JICARO","a":"Media","p":0},"geometry":{"type":"Point","coordinates":[-89.83255,14.92744]}},{"type":"Feature","properties":{"n":"PALO QUEMADO","m":"SAN RAFAEL PIE DE LA CUESTA","a":"Alta","p":429},"geometry":{"type":"Point","coordinates":[-91.92779,14.92415]}},{"type":"Feature","properties":{"n":"RIO GRANDE","m":"SAN MARTIN JILOTEPEQUE","a":"Baja","p":73},"geometry":{"type":"Point","coordinates":[-90.89734,14.92987]}},{"type":"Feature","properties":{"n":"EL PORVENIR","m":"MORAZAN","a":"Muy Alta","p":0},"geometry":{"type":"Point","coordinates":[-90.1231,14.93179]}},{"type":"Feature","properties":{"n":"CANCHICHEL","m":"SAN PEDRO SACATEPEQUEZ","a":"Alta","p":0},"geometry":{"type":"Point","coordinates":[-91.76784,14.92913]}},{"type":"Feature","properties":{"n":"EL SUICHE","m":"EL JICARO","a":"Alta","p":0},"geometry":{"type":"Point","coordinates":[-89.83166,14.93248]}},{"type":"Feature","properties":{"n":"AGUA CALIENTE CH. SAN JOSE","m":"SAN MARCOS","a":"Alta","p":36},"geometry":{"type":"Point","coordinates":[-91.78618,14.92986]}},{"type":"Feature","properties":{"n":"MORAZAN","m":"MORAZAN","a":"Baja","p":2429},"geometry":{"type":"Point","coordinates":[-90.14392,14.93369]}},{"type":"Feature","properties":{"n":"LAS BRISAS DEL PETACALAPA","m":"MALACATAN","a":"Media","p":902},"geometry":{"type":"Point","coordinates":[-92.10902,14.92841]}},{"type":"Feature","properties":{"n":"SANTA EMILIA","m":"MALACATAN","a":"Baja","p":0},"geometry":{"type":"Point","coordinates":[-92.10053,14.92885]}},{"type":"Feature","properties":{"n":"LA PUENTE","m":"CABA-AS","a":"Baja","p":104},"geometry":{"type":"Point","coordinates":[-89.81266,14.9345]}},{"type":"Feature","properties":{"n":"EL CHAPARRO","m":"CABA-AS","a":"Media","p":0},"geometry":{"type":"Point","coordinates":[-89.77315,14.93438]}},{"type":"Feature","properties":{"n":"TALADRO","m":"EL JICARO","a":"Baja","p":0},"geometry":{"type":"Point","coordinates":[-89.82578,14.93634]}},{"type":"Feature","properties":{"n":"SANTA FE IXPIL","m":"MALACATAN","a":"Media","p":411},"geometry":{"type":"Point","coordinates":[-92.10245,14.93216]}},{"type":"Feature","properties":{"n":"SANTA ANA","m":"MORAZAN","a":"Alta","p":27},"geometry":{"type":"Point","coordinates":[-90.17868,14.94734]}},{"type":"Feature","properties":{"n":"PACHAJ","m":"SAN FRANCISCO EL ALTO","a":"Baja","p":2549},"geometry":{"type":"Point","coordinates":[-91.45695,14.94598]}},{"type":"Feature","properties":{"n":"TRES CRUCES","m":"ZACAPA","a":"Baja","p":113},"geometry":{"type":"Point","coordinates":[-89.52453,14.94847]}},{"type":"Feature","properties":{"n":"SANTA EULALIA","m":"ZACAPA","a":"Alta","p":0},"geometry":{"type":"Point","coordinates":[-89.53614,14.95586]}},{"type":"Feature","properties":{"n":"LA REFORMA","m":"HUITE","a":"Baja","p":1544},"geometry":{"type":"Point","coordinates":[-89.7071,14.95676]}},{"type":"Feature","properties":{"n":"EL OASIS","m":"ZACAPA","a":"Baja","p":0},"geometry":{"type":"Point","coordinates":[-89.53456,14.95652]}},{"type":"Feature","properties":{"n":"POCARA","m":"ZACAPA","a":"Baja","p":0},"geometry":{"type":"Point","coordinates":[-89.53386,14.95737]}},{"type":"Feature","properties":{"n":"SANTA ROSA DE LIMA","m":"MALACATAN","a":"Muy Alta","p":951},"geometry":{"type":"Point","coordinates":[-92.10592,14.95452]}},{"type":"Feature","properties":{"n":"SAN JOSE SUCHIATE","m":"MALACATAN","a":"Alta","p":537},"geometry":{"type":"Point","coordinates":[-92.14627,14.95472]}},{"type":"Feature","properties":{"n":"LA VI-A","m":"HUITE","a":"Media","p":0},"geometry":{"type":"Point","coordinates":[-89.70933,14.95947]}},{"type":"Feature","properties":{"n":"SAN CLEMENTE","m":"MORAZAN","a":"Alta","p":65},"geometry":{"type":"Point","coordinates":[-90.1842,14.96156]}},{"type":"Feature","properties":{"n":"EL CARACOL","m":"MALACATAN","a":"Alta","p":665},"geometry":{"type":"Point","coordinates":[-92.09656,14.95637]}},{"type":"Feature","properties":{"n":"LA FRAGUA","m":"ZACAPA","a":"Baja","p":3729},"geometry":{"type":"Point","coordinates":[-89.54935,14.96068]}},{"type":"Feature","properties":{"n":"PACOTZIJ","m":"SAN FRANCISCO EL ALTO","a":"Media","p":0},"geometry":{"type":"Point","coordinates":[-91.49659,14.96299]}},{"type":"Feature","properties":{"n":"ICTA","m":"ESTANZUELA","a":"Baja","p":0},"geometry":{"type":"Point","coordinates":[-89.58261,14.96447]}},{"type":"Feature","properties":{"n":"DIGESA","m":"ESTANZUELA","a":"Alta","p":0},"geometry":{"type":"Point","coordinates":[-89.57808,14.96487]}},{"type":"Feature","properties":{"n":"VEGA DEL COBAN","m":"TECULUTAN","a":"Baja","p":760},"geometry":{"type":"Point","coordinates":[-89.71058,14.96553]}},{"type":"Feature","properties":{"n":"LA REFORMA","m":"ZACAPA","a":"Baja","p":101},"geometry":{"type":"Point","coordinates":[-89.53967,14.9653]}},{"type":"Feature","properties":{"n":"EL OASIS","m":"ESTANZUELA","a":"Media","p":0},"geometry":{"type":"Point","coordinates":[-89.58148,14.96634]}},{"type":"Feature","properties":{"n":"GORITZIA","m":"SAN RAFAEL PIE DE LA CUESTA","a":"Media","p":0},"geometry":{"type":"Point","coordinates":[-91.90267,14.965]}},{"type":"Feature","properties":{"n":"EL GOLFILLOL","m":"ZACAPA","a":"Media","p":0},"geometry":{"type":"Point","coordinates":[-89.55562,14.96913]}},{"type":"Feature","properties":{"n":"LOS PALMARES","m":"TECULUTAN","a":"Baja","p":0},"geometry":{"type":"Point","coordinates":[-89.70532,14.97183]}},{"type":"Feature","properties":{"n":"EL CARMEN","m":"MALACATAN","a":"Alta","p":764},"geometry":{"type":"Point","coordinates":[-92.14637,14.96815]}},{"type":"Feature","properties":{"n":"SANTA MARTA","m":"ZACAPA","a":"Baja","p":299},"geometry":{"type":"Point","coordinates":[-89.54452,14.9724]}},{"type":"Feature","properties":{"n":"EDINLOYO","m":"ZACAPA","a":"Baja","p":400},"geometry":{"type":"Point","coordinates":[-89.54405,14.97254]}},{"type":"Feature","properties":{"n":"BARRIO NUEVO","m":"ZACAPA","a":"Baja","p":792},"geometry":{"type":"Point","coordinates":[-89.53026,14.97864]}},{"type":"Feature","properties":{"n":"EL TOCINO","m":"ZACAPA","a":"Muy Alta","p":0},"geometry":{"type":"Point","coordinates":[-89.51398,14.98499]}},{"type":"Feature","properties":{"n":"CANOGUITAS","m":"ZACAPA","a":"Muy Alta","p":363},"geometry":{"type":"Point","coordinates":[-89.47625,14.98947]}},{"type":"Feature","properties":{"n":"ROBLARON","m":"LA UNION","a":"Alta","p":213},"geometry":{"type":"Point","coordinates":[-89.24297,14.99011]}},{"type":"Feature","properties":{"n":"EL TRAPICHE","m":"ZACAPA","a":"Baja","p":137},"geometry":{"type":"Point","coordinates":[-89.48606,14.99444]}},{"type":"Feature","properties":{"n":"SANTA MARTA","m":"ZACAPA","a":"Media","p":0},"geometry":{"type":"Point","coordinates":[-89.54837,14.99593]}},{"type":"Feature","properties":{"n":"GUAYABAL","m":"ESTANZUELA","a":"Baja","p":344},"geometry":{"type":"Point","coordinates":[-89.63171,15.00401]}},{"type":"Feature","properties":{"n":"SANTO DOMINGO","m":"RIO HONDO","a":"Muy Alta","p":32},"geometry":{"type":"Point","coordinates":[-89.64281,15.00648]}},{"type":"Feature","properties":{"n":"EL PEAJE","m":"RIO HONDO","a":"Baja","p":0},"geometry":{"type":"Point","coordinates":[-89.66892,15.00737]}},{"type":"Feature","properties":{"n":"EL NANCE","m":"RIO HONDO","a":"Media","p":0},"geometry":{"type":"Point","coordinates":[-89.63836,15.00783]}},{"type":"Feature","properties":{"n":"LO DE MEJIA","m":"RIO HONDO","a":"Media","p":34},"geometry":{"type":"Point","coordinates":[-89.63819,15.00951]}},{"type":"Feature","properties":{"n":"TEJERA","m":"RIO HONDO","a":"Baja","p":0},"geometry":{"type":"Point","coordinates":[-89.67728,15.01072]}},{"type":"Feature","properties":{"n":"LA CEIBITA","m":"RIO HONDO","a":"Media","p":170},"geometry":{"type":"Point","coordinates":[-89.65598,15.01149]}},{"type":"Feature","properties":{"n":"SANTA CRUZ","m":"RIO HONDO","a":"Baja","p":2012},"geometry":{"type":"Point","coordinates":[-89.6705,15.01313]}},{"type":"Feature","properties":{"n":"LA VEGA","m":"ZACUALPA","a":"Alta","p":362},"geometry":{"type":"Point","coordinates":[-90.86048,15.01597]}},{"type":"Feature","properties":{"n":"EL SUCESO","m":"RIO HONDO","a":"Baja","p":0},"geometry":{"type":"Point","coordinates":[-89.67708,15.01618]}},{"type":"Feature","properties":{"n":"OJO DE AGUA","m":"RIO HONDO","a":"Baja","p":508},"geometry":{"type":"Point","coordinates":[-89.65927,15.01678]}},{"type":"Feature","properties":{"n":"EL TUNO","m":"RIO HONDO","a":"Alta","p":0},"geometry":{"type":"Point","coordinates":[-89.67478,15.02124]}},{"type":"Feature","properties":{"n":"AGUA CALIENTE","m":"RIO HONDO","a":"Media","p":243},"geometry":{"type":"Point","coordinates":[-89.67752,15.03316]}},{"type":"Feature","properties":{"n":"CENIZA","m":"GUALAN","a":"Alta","p":67},"geometry":{"type":"Point","coordinates":[-89.26199,15.03305]}},{"type":"Feature","properties":{"n":"LOS LIMONES","m":"ZACAPA","a":"Baja","p":120},"geometry":{"type":"Point","coordinates":[-89.4713,15.04023]}},{"type":"Feature","properties":{"n":"JACAGUAY","m":"ZACAPA","a":"Alta","p":58},"geometry":{"type":"Point","coordinates":[-89.48399,15.04332]}},{"type":"Feature","properties":{"n":"LAMPARA","m":"ZACAPA","a":"Baja","p":69},"geometry":{"type":"Point","coordinates":[-89.53942,15.04369]}},{"type":"Feature","properties":{"n":"POTRERITOS","m":"ZACAPA","a":"Media","p":80},"geometry":{"type":"Point","coordinates":[-89.48975,15.05085]}},{"type":"Feature","properties":{"n":"LA VEGA","m":"GUALAN","a":"Alta","p":0},"geometry":{"type":"Point","coordinates":[-89.28752,15.04996]}},{"type":"Feature","properties":{"n":"CHUIXALCATA O PACANJA","m":"SANTA MARIA CHIQUIMULA","a":"Baja","p":238},"geometry":{"type":"Point","coordinates":[-91.29684,15.05684]}},{"type":"Feature","properties":{"n":"SIBABAJ","m":"SAN JERONIMO","a":"Baja","p":527},"geometry":{"type":"Point","coordinates":[-90.28182,15.05928]}},{"type":"Feature","properties":{"n":"EL CHORRO","m":"RIO HONDO","a":"Alta","p":13},"geometry":{"type":"Point","coordinates":[-89.59832,15.06106]}},{"type":"Feature","properties":{"n":"SANTA RITA","m":"SAN JERONIMO","a":"Baja","p":16},"geometry":{"type":"Point","coordinates":[-90.23431,15.06318]}},{"type":"Feature","properties":{"n":"LAS IMPRESIONES","m":"SAN JERONIMO","a":"Baja","p":72},"geometry":{"type":"Point","coordinates":[-90.2515,15.06375]}},{"type":"Feature","properties":{"n":"EL PETON","m":"RIO HONDO","a":"Media","p":0},"geometry":{"type":"Point","coordinates":[-89.50601,15.06468]}},{"type":"Feature","properties":{"n":"LOS MANGALES","m":"SAN JERONIMO","a":"Baja","p":167},"geometry":{"type":"Point","coordinates":[-90.24185,15.06793]}},{"type":"Feature","properties":{"n":"SANTA ROSALIA","m":"RIO HONDO","a":"Baja","p":269},"geometry":{"type":"Point","coordinates":[-89.71011,15.06688]}},{"type":"Feature","properties":{"n":"LOS JOCOTES","m":"SAN JERONIMO","a":"Baja","p":838},"geometry":{"type":"Point","coordinates":[-90.26091,15.06845]}},{"type":"Feature","properties":{"n":"EL PETON","m":"RIO HONDO","a":"Alta","p":485},"geometry":{"type":"Point","coordinates":[-89.50759,15.07049]}},{"type":"Feature","properties":{"n":"POBLACION DISPERSA","m":"SAN JERONIMO","a":"Baja","p":223},"geometry":{"type":"Point","coordinates":[-90.25281,15.07267]}},{"type":"Feature","properties":{"n":"ESCALERA","m":"GUALAN","a":"Baja","p":0},"geometry":{"type":"Point","coordinates":[-89.3254,15.07428]}},{"type":"Feature","properties":{"n":"PATA GALANA","m":"RIO HONDO","a":"Baja","p":404},"geometry":{"type":"Point","coordinates":[-89.50283,15.07531]}},{"type":"Feature","properties":{"n":"SANTA CATARINA","m":"SAN JERONIMO","a":"Baja","p":305},"geometry":{"type":"Point","coordinates":[-90.26226,15.07808]}},{"type":"Feature","properties":{"n":"LLANO DE LA PUERTA","m":"ZACAPA","a":"Media","p":0},"geometry":{"type":"Point","coordinates":[-89.44886,15.07835]}},{"type":"Feature","properties":{"n":"CHOYOYO","m":"GUALAN","a":"Media","p":0},"geometry":{"type":"Point","coordinates":[-89.46298,15.07931]}},{"type":"Feature","properties":{"n":"RINCON DE SAN PEDRO","m":"SAN MIGUEL CHICAJ","a":"Media","p":282},"geometry":{"type":"Point","coordinates":[-90.38454,15.08205]}},{"type":"Feature","properties":{"n":"PALIMONIX","m":"RABINAL","a":"Media","p":532},"geometry":{"type":"Point","coordinates":[-90.49448,15.0823]}},{"type":"Feature","properties":{"n":"SANTA MARTA","m":"SAN JERONIMO","a":"Alta","p":267},"geometry":{"type":"Point","coordinates":[-90.27953,15.08502]}},{"type":"Feature","properties":{"n":"LOS PINOS","m":"SALAMA","a":"Media","p":635},"geometry":{"type":"Point","coordinates":[-90.29637,15.08573]}},{"type":"Feature","properties":{"n":"IXCANAL","m":"ZACAPA","a":"Alta","p":0},"geometry":{"type":"Point","coordinates":[-89.44131,15.08485]}},{"type":"Feature","properties":{"n":"EL ZAPOTE","m":"GUALAN","a":"Media","p":242},"geometry":{"type":"Point","coordinates":[-89.33531,15.08609]}},{"type":"Feature","properties":{"n":"SANTIAGO ABAJO","m":"GUALAN","a":"Media","p":0},"geometry":{"type":"Point","coordinates":[-89.44542,15.08983]}},{"type":"Feature","properties":{"n":"ZAMORA","m":"GUALAN","a":"Muy Alta","p":0},"geometry":{"type":"Point","coordinates":[-89.34398,15.08988]}},{"type":"Feature","properties":{"n":"MANZANOTAL","m":"GUALAN","a":"Baja","p":273},"geometry":{"type":"Point","coordinates":[-89.43598,15.09147]}},{"type":"Feature","properties":{"n":"SANDOVAL","m":"SAN MIGUEL CHICAJ","a":"Alta","p":451},"geometry":{"type":"Point","coordinates":[-90.38665,15.09752]}},{"type":"Feature","properties":{"n":"PACUX","m":"RABINAL","a":"Baja","p":739},"geometry":{"type":"Point","coordinates":[-90.50355,15.0983]}},{"type":"Feature","properties":{"n":"EL ESTORAQUE","m":"SALAMA","a":"Baja","p":701},"geometry":{"type":"Point","coordinates":[-90.28473,15.09869]}},{"type":"Feature","properties":{"n":"VADO HONDO","m":"GUALAN","a":"Alta","p":0},"geometry":{"type":"Point","coordinates":[-89.35535,15.09888]}},{"type":"Feature","properties":{"n":"SANTA CRUZ","m":"SAN JERONIMO","a":"Media","p":804},"geometry":{"type":"Point","coordinates":[-90.11951,15.1031]}},{"type":"Feature","properties":{"n":"PANICTACAJ","m":"MOMOSTENANGO","a":"Media","p":0},"geometry":{"type":"Point","coordinates":[-91.32872,15.1035]}},{"type":"Feature","properties":{"n":"JUBUQUITO","m":"LOS AMATES","a":"Alta","p":845},"geometry":{"type":"Point","coordinates":[-89.08306,15.1012]}},{"type":"Feature","properties":{"n":"SANTIAGO","m":"GUALAN","a":"Baja","p":0},"geometry":{"type":"Point","coordinates":[-89.44064,15.10329]}},{"type":"Feature","properties":{"n":"PACAAL","m":"RABINAL","a":"Alta","p":128},"geometry":{"type":"Point","coordinates":[-90.5296,15.1089]}},{"type":"Feature","properties":{"n":"LA PEDRERA","m":"GUALAN","a":"Media","p":0},"geometry":{"type":"Point","coordinates":[-89.35823,15.10928]}},{"type":"Feature","properties":{"n":"LIMONES","m":"GUALAN","a":"Media","p":0},"geometry":{"type":"Point","coordinates":[-89.44873,15.11159]}},{"type":"Feature","properties":{"n":"LA VEGA CHICAJALAJ","m":"COMITANCILLO","a":"Alta","p":72},"geometry":{"type":"Point","coordinates":[-91.73414,15.11247]}},{"type":"Feature","properties":{"n":"LAS VERAPACES","m":"GUALAN","a":"Baja","p":436},"geometry":{"type":"Point","coordinates":[-89.4458,15.11672]}},{"type":"Feature","properties":{"n":"CHIGARCIA","m":"MOMOSTENANGO","a":"Baja","p":0},"geometry":{"type":"Point","coordinates":[-91.32468,15.11773]}},{"type":"Feature","properties":{"n":"LOS LIMONES","m":"GUALAN","a":"Baja","p":330},"geometry":{"type":"Point","coordinates":[-89.33787,15.11973]}},{"type":"Feature","properties":{"n":"PALO NEGRO","m":"GUALAN","a":"Media","p":0},"geometry":{"type":"Point","coordinates":[-89.34592,15.12128]}},{"type":"Feature","properties":{"n":"POBLACION DISPERSA","m":"GUALAN","a":"Baja","p":456},"geometry":{"type":"Point","coordinates":[-89.36479,15.12175]}},{"type":"Feature","properties":{"n":"SANTA TERESA","m":"GUALAN","a":"Baja","p":0},"geometry":{"type":"Point","coordinates":[-89.35952,15.1235]}},{"type":"Feature","properties":{"n":"SAN RAFAEL RACANA","m":"MOMOSTENANGO","a":"Baja","p":481},"geometry":{"type":"Point","coordinates":[-91.31812,15.12597]}},{"type":"Feature","properties":{"n":"LAS MANZANILLAS II","m":"TEJUTLA","a":"Baja","p":198},"geometry":{"type":"Point","coordinates":[-91.80049,15.13075]}},{"type":"Feature","properties":{"n":"SAN NICOLAS","m":"SALAMA","a":"Alta","p":574},"geometry":{"type":"Point","coordinates":[-90.33008,15.14245]}},{"type":"Feature","properties":{"n":"LAS TUNAS","m":"SALAMA","a":"Baja","p":268},"geometry":{"type":"Point","coordinates":[-90.34256,15.14255]}},{"type":"Feature","properties":{"n":"CHICAJAC","m":"SAN ANDRES SAJCABAJA","a":"Media","p":0},"geometry":{"type":"Point","coordinates":[-90.91832,15.14305]}},{"type":"Feature","properties":{"n":"PATIXLAN","m":"RABINAL","a":"Media","p":440},"geometry":{"type":"Point","coordinates":[-90.55539,15.14376]}},{"type":"Feature","properties":{"n":"PAPAJIT","m":"MOMOSTENANGO","a":"Alta","p":0},"geometry":{"type":"Point","coordinates":[-91.38657,15.1422]}},{"type":"Feature","properties":{"n":"LAS LAJAS","m":"GUALAN","a":"Alta","p":402},"geometry":{"type":"Point","coordinates":[-89.18386,15.14086]}},{"type":"Feature","properties":{"n":"PASO ANCHO","m":"SALAMA","a":"Media","p":634},"geometry":{"type":"Point","coordinates":[-90.33799,15.14581]}},{"type":"Feature","properties":{"n":"LOS NANCES","m":"GUALAN","a":"Baja","p":48},"geometry":{"type":"Point","coordinates":[-89.31978,15.14847]}},{"type":"Feature","properties":{"n":"EL GRANADILLO","m":"LOS AMATES","a":"Baja","p":0},"geometry":{"type":"Point","coordinates":[-89.092,15.14761]}},{"type":"Feature","properties":{"n":"EL CHORRO 20 PALOS","m":"TEJUTLA","a":"Baja","p":0},"geometry":{"type":"Point","coordinates":[-91.84446,15.14887]}},{"type":"Feature","properties":{"n":"SAN FRANCISCO","m":"SAN MIGUEL CHICAJ","a":"Alta","p":2174},"geometry":{"type":"Point","coordinates":[-90.38594,15.15331]}},{"type":"Feature","properties":{"n":"CAJULA","m":"MOMOSTENANGO","a":"Baja","p":162},"geometry":{"type":"Point","coordinates":[-91.37895,15.15314]}},{"type":"Feature","properties":{"n":"JAVILLAL","m":"SAN MIGUEL CHICAJ","a":"Alta","p":383},"geometry":{"type":"Point","coordinates":[-90.37178,15.15512]}},{"type":"Feature","properties":{"n":"POTRERO","m":"GUALAN","a":"Baja","p":23},"geometry":{"type":"Point","coordinates":[-89.30688,15.16169]}},{"type":"Feature","properties":{"n":"LA FRANCIA","m":"LOS AMATES","a":"Alta","p":27},"geometry":{"type":"Point","coordinates":[-88.968,15.16365]}},{"type":"Feature","properties":{"n":"CHALJA","m":"LOS AMATES","a":"Alta","p":253},"geometry":{"type":"Point","coordinates":[-89.07159,15.16669]}},{"type":"Feature","properties":{"n":"EL CHAPOTE","m":"CUBULCO","a":"Muy Alta","p":157},"geometry":{"type":"Point","coordinates":[-90.71612,15.17988]}},{"type":"Feature","properties":{"n":"MOJANES","m":"GUALAN","a":"Muy Alta","p":32},"geometry":{"type":"Point","coordinates":[-89.31192,15.17813]}},{"type":"Feature","properties":{"n":"AGUA FRIA","m":"LOS AMATES","a":"Alta","p":0},"geometry":{"type":"Point","coordinates":[-88.97109,15.18811]}},{"type":"Feature","properties":{"n":"EL MESTIZO LAS VEGAS","m":"GUALAN","a":"Baja","p":70},"geometry":{"type":"Point","coordinates":[-89.24234,15.20106]}},{"type":"Feature","properties":{"n":"NATALIA","m":"LOS AMATES","a":"Muy Alta","p":57},"geometry":{"type":"Point","coordinates":[-89.10152,15.20238]}},{"type":"Feature","properties":{"n":"CHIBOY","m":"SAN ANDRES SAJCABAJA","a":"Alta","p":359},"geometry":{"type":"Point","coordinates":[-90.86422,15.21147]}},{"type":"Feature","properties":{"n":"MANAGUA","m":"LOS AMATES","a":"Media","p":59},"geometry":{"type":"Point","coordinates":[-89.17656,15.20835]}},{"type":"Feature","properties":{"n":"GALLUSER","m":"LOS AMATES","a":"Alta","p":604},"geometry":{"type":"Point","coordinates":[-89.16756,15.20994]}},{"type":"Feature","properties":{"n":"LA CEIBA","m":"LOS AMATES","a":"Media","p":317},"geometry":{"type":"Point","coordinates":[-89.10376,15.20959]}},{"type":"Feature","properties":{"n":"SAN FRANCISCO","m":"LOS AMATES","a":"Baja","p":0},"geometry":{"type":"Point","coordinates":[-89.16914,15.2123]}},{"type":"Feature","properties":{"n":"SINANJA","m":"PURULHA","a":"Muy Alta","p":36},"geometry":{"type":"Point","coordinates":[-90.08543,15.21619]}},{"type":"Feature","properties":{"n":"LAS MORRAS O EL MORAL","m":"MALACATANCITO","a":"Media","p":88},"geometry":{"type":"Point","coordinates":[-91.39707,15.21863]}},{"type":"Feature","properties":{"n":"BARBASCO","m":"GUALAN","a":"Muy Alta","p":75},"geometry":{"type":"Point","coordinates":[-89.21084,15.21698]}},{"type":"Feature","properties":{"n":"ESTACION SANTA INES","m":"LOS AMATES","a":"Media","p":209},"geometry":{"type":"Point","coordinates":[-89.15461,15.21723]}},{"type":"Feature","properties":{"n":"LA MARINA","m":"LOS AMATES","a":"Media","p":0},"geometry":{"type":"Point","coordinates":[-89.07594,15.2206]}},{"type":"Feature","properties":{"n":"MOJON PANIMAQUITO","m":"PURULHA","a":"Media","p":137},"geometry":{"type":"Point","coordinates":[-90.11429,15.2248]}},{"type":"Feature","properties":{"n":"EL CARMEN","m":"PURULHA","a":"Baja","p":0},"geometry":{"type":"Point","coordinates":[-90.14651,15.22699]}},{"type":"Feature","properties":{"n":"OLIMPIA ESFUERZO","m":"PURULHA","a":"Media","p":0},"geometry":{"type":"Point","coordinates":[-90.02911,15.22945]}},{"type":"Feature","properties":{"n":"PUCAL","m":"MALACATANCITO","a":"Media","p":346},"geometry":{"type":"Point","coordinates":[-91.5189,15.22834]}},{"type":"Feature","properties":{"n":"LA VEGA","m":"SIPACAPA","a":"Muy Alta","p":63},"geometry":{"type":"Point","coordinates":[-91.61786,15.22817]}},{"type":"Feature","properties":{"n":"OLIMPIA","m":"PURULHA","a":"Media","p":207},"geometry":{"type":"Point","coordinates":[-90.03208,15.23099]}},{"type":"Feature","properties":{"n":"ARGELIA","m":"PURULHA","a":"Media","p":0},"geometry":{"type":"Point","coordinates":[-90.01235,15.23466]}},{"type":"Feature","properties":{"n":"POZA DE LA CAMPANA","m":"MALACATANCITO","a":"Baja","p":0},"geometry":{"type":"Point","coordinates":[-91.42483,15.23352]}},{"type":"Feature","properties":{"n":"SANTA BARBARA CARNERO","m":"PURULHA","a":"Media","p":120},"geometry":{"type":"Point","coordinates":[-90.31897,15.23668]}},{"type":"Feature","properties":{"n":"SAN RAMON","m":"MALACATANCITO","a":"Muy Alta","p":291},"geometry":{"type":"Point","coordinates":[-91.46904,15.23482]}},{"type":"Feature","properties":{"n":"LA HAMACA RIBACO","m":"PURULHA","a":"Muy Alta","p":0},"geometry":{"type":"Point","coordinates":[-90.01887,15.23797]}},{"type":"Feature","properties":{"n":"EL RICO","m":"LOS AMATES","a":"Media","p":610},"geometry":{"type":"Point","coordinates":[-89.11725,15.2356]}},{"type":"Feature","properties":{"n":"CHAPULCO","m":"LOS AMATES","a":"Alta","p":424},"geometry":{"type":"Point","coordinates":[-89.06918,15.23584]}},{"type":"Feature","properties":{"n":"JUAN DE PAZ","m":"LOS AMATES","a":"Media","p":280},"geometry":{"type":"Point","coordinates":[-89.18233,15.23654]}},{"type":"Feature","properties":{"n":"SANTA RITA NORTE","m":"SAN MIGUEL CHICAJ","a":"Alta","p":51},"geometry":{"type":"Point","coordinates":[-90.35959,15.24465]}},{"type":"Feature","properties":{"n":"LA CARI-OSA","m":"LOS AMATES","a":"Baja","p":0},"geometry":{"type":"Point","coordinates":[-89.11892,15.24124]}},{"type":"Feature","properties":{"n":"AGUA TIBIA","m":"TACANA","a":"Alta","p":119},"geometry":{"type":"Point","coordinates":[-92.07648,15.24849]}},{"type":"Feature","properties":{"n":"SAMUEL","m":"LOS AMATES","a":"Baja","p":161},"geometry":{"type":"Point","coordinates":[-89.08707,15.252]}},{"type":"Feature","properties":{"n":"FINCA NUEVA","m":"LOS AMATES","a":"Baja","p":257},"geometry":{"type":"Point","coordinates":[-89.07203,15.25674]}},{"type":"Feature","properties":{"n":"TEHUANA","m":"LOS AMATES","a":"Muy Alta","p":28},"geometry":{"type":"Point","coordinates":[-89.02718,15.25736]}},{"type":"Feature","properties":{"n":"CASA NUEVA","m":"SAN MIGUEL CHICAJ","a":"Alta","p":41},"geometry":{"type":"Point","coordinates":[-90.43891,15.26398]}},{"type":"Feature","properties":{"n":"PUENTE VIEJO","m":"SAN MIGUEL CHICAJ","a":"Muy Alta","p":0},"geometry":{"type":"Point","coordinates":[-90.4623,15.26576]}},{"type":"Feature","properties":{"n":"PAPUR PAJALES","m":"CUBULCO","a":"Media","p":72},"geometry":{"type":"Point","coordinates":[-90.61048,15.26632]}},{"type":"Feature","properties":{"n":"SAN PEDRO","m":"MORALES","a":"Muy Alta","p":24},"geometry":{"type":"Point","coordinates":[-88.88936,15.26072]}},{"type":"Feature","properties":{"n":"LA SIERRA","m":"LOS AMATES","a":"Baja","p":0},"geometry":{"type":"Point","coordinates":[-89.10744,15.26464]}},{"type":"Feature","properties":{"n":"AGUA CALIENTE","m":"LOS AMATES","a":"Alta","p":260},"geometry":{"type":"Point","coordinates":[-88.9911,15.26574]}},{"type":"Feature","properties":{"n":"MADRE VIEJA","m":"LOS AMATES","a":"Baja","p":23},"geometry":{"type":"Point","coordinates":[-89.10858,15.26777]}},{"type":"Feature","properties":{"n":"TRAPICHITOS","m":"SACAPULAS","a":"Alta","p":184},"geometry":{"type":"Point","coordinates":[-91.12679,15.27256]}},{"type":"Feature","properties":{"n":"MATANZAS","m":"PURULHA","a":"Alta","p":316},"geometry":{"type":"Point","coordinates":[-89.89935,15.27267]}},{"type":"Feature","properties":{"n":"PATZAJEL","m":"SACAPULAS","a":"Media","p":105},"geometry":{"type":"Point","coordinates":[-91.1327,15.27406]}},{"type":"Feature","properties":{"n":"LAGARTOS O COROCITOS","m":"LOS AMATES","a":"Muy Alta","p":0},"geometry":{"type":"Point","coordinates":[-88.97885,15.27097]}},{"type":"Feature","properties":{"n":"NUEVO JERUSALEM","m":"LOS AMATES","a":"Alta","p":98},"geometry":{"type":"Point","coordinates":[-89.10435,15.27223]}},{"type":"Feature","properties":{"n":"XETZAJAL","m":"SACAPULAS","a":"Media","p":0},"geometry":{"type":"Point","coordinates":[-91.13248,15.27653]}},{"type":"Feature","properties":{"n":"RIO CHIQUITO","m":"PANZOS","a":"Alta","p":235},"geometry":{"type":"Point","coordinates":[-89.67585,15.27691]}},{"type":"Feature","properties":{"n":"CHICOXOY","m":"SACAPULAS","a":"Media","p":315},"geometry":{"type":"Point","coordinates":[-91.12992,15.27802]}},{"type":"Feature","properties":{"n":"SAN JULIAN","m":"LOS AMATES","a":"Alta","p":0},"geometry":{"type":"Point","coordinates":[-89.09815,15.27653]}},{"type":"Feature","properties":{"n":"QUIRIGUA VIEJO","m":"LOS AMATES","a":"Alta","p":48},"geometry":{"type":"Point","coordinates":[-89.10442,15.27822]}},{"type":"Feature","properties":{"n":"RAXQUIX","m":"TUCURU","a":"Alta","p":601},"geometry":{"type":"Point","coordinates":[-90.06496,15.28504]}},{"type":"Feature","properties":{"n":"TEPEMECHINES","m":"LOS AMATES","a":"Baja","p":920},"geometry":{"type":"Point","coordinates":[-88.96821,15.28149]}},{"type":"Feature","properties":{"n":"MONTE MARIA YOCOCHO","m":"TUCURU","a":"Alta","p":0},"geometry":{"type":"Point","coordinates":[-90.10273,15.28878]}},{"type":"Feature","properties":{"n":"LA PLAYA","m":"TUCURU","a":"Alta","p":619},"geometry":{"type":"Point","coordinates":[-90.10948,15.29002]}},{"type":"Feature","properties":{"n":"PIEDRAS NEGRAS","m":"SACAPULAS","a":"Media","p":189},"geometry":{"type":"Point","coordinates":[-91.03741,15.29527]}},{"type":"Feature","properties":{"n":"BAQUEL COMONHOJ","m":"TAMAHU","a":"Media","p":308},"geometry":{"type":"Point","coordinates":[-90.17859,15.29713]}},{"type":"Feature","properties":{"n":"GUACAMAYO O MONTOYA","m":"LOS AMATES","a":"Baja","p":0},"geometry":{"type":"Point","coordinates":[-89.07516,15.29618]}},{"type":"Feature","properties":{"n":"NUEVA CONCEPCION","m":"TUCURU","a":"Media","p":85},"geometry":{"type":"Point","coordinates":[-90.1519,15.30099]}},{"type":"Feature","properties":{"n":"TAMPUR","m":"SANTA CATALINA LA TINTA","a":"Alta","p":1441},"geometry":{"type":"Point","coordinates":[-89.85287,15.30086]}},{"type":"Feature","properties":{"n":"COMUNIDAD SANTA CATALINA MATANZAS","m":"SANTA CATALINA LA TINTA","a":"Muy Alta","p":231},"geometry":{"type":"Point","coordinates":[-89.88396,15.30225]}},{"type":"Feature","properties":{"n":"PUENTE VIEJO","m":"SANTA CATALINA LA TINTA","a":"Muy Alta","p":594},"geometry":{"type":"Point","coordinates":[-89.88059,15.30304]}},{"type":"Feature","properties":{"n":"CUCANJA","m":"SANTA CATALINA LA TINTA","a":"Media","p":285},"geometry":{"type":"Point","coordinates":[-89.8171,15.30369]}},{"type":"Feature","properties":{"n":"JUYAMA","m":"MORALES","a":"Baja","p":791},"geometry":{"type":"Point","coordinates":[-88.91473,15.29945]}},{"type":"Feature","properties":{"n":"CEILAN","m":"TAMAHU","a":"Media","p":379},"geometry":{"type":"Point","coordinates":[-90.22551,15.30714]}},{"type":"Feature","properties":{"n":"SAQUIJA","m":"PANZOS","a":"Baja","p":243},"geometry":{"type":"Point","coordinates":[-89.6629,15.30575]}},{"type":"Feature","properties":{"n":"MONTA-A DAKOTA","m":"LOS AMATES","a":"Baja","p":481},"geometry":{"type":"Point","coordinates":[-89.03816,15.30314]}},{"type":"Feature","properties":{"n":"MERCEDES","m":"PANZOS","a":"Media","p":291},"geometry":{"type":"Point","coordinates":[-89.70173,15.30688]}},{"type":"Feature","properties":{"n":"LAS CANANRIAS","m":"PANZOS","a":"Media","p":0},"geometry":{"type":"Point","coordinates":[-89.69648,15.30691]}},{"type":"Feature","properties":{"n":"PELIGUAY","m":"LOS AMATES","a":"Baja","p":0},"geometry":{"type":"Point","coordinates":[-89.04337,15.30388]}},{"type":"Feature","properties":{"n":"LA BENDICION","m":"LOS AMATES","a":"Alta","p":0},"geometry":{"type":"Point","coordinates":[-89.05991,15.30403]}},{"type":"Feature","properties":{"n":"EL ROSARIO","m":"LOS AMATES","a":"Baja","p":0},"geometry":{"type":"Point","coordinates":[-89.07732,15.30415]}},{"type":"Feature","properties":{"n":"SANTA ANITA","m":"LOS AMATES","a":"Media","p":0},"geometry":{"type":"Point","coordinates":[-89.06643,15.30411]}},{"type":"Feature","properties":{"n":"SAN RAFAEL","m":"MORALES","a":"Baja","p":379},"geometry":{"type":"Point","coordinates":[-88.90713,15.30443]}},{"type":"Feature","properties":{"n":"LAS NUBES","m":"CONCEPCION TUTUAPA","a":"Alta","p":0},"geometry":{"type":"Point","coordinates":[-91.96323,15.30601]}},{"type":"Feature","properties":{"n":"SEMAU","m":"PANZOS","a":"Media","p":189},"geometry":{"type":"Point","coordinates":[-89.71397,15.3099]}},{"type":"Feature","properties":{"n":"MIRALVALLE","m":"PANZOS","a":"Baja","p":60},"geometry":{"type":"Point","coordinates":[-89.73019,15.31076]}},{"type":"Feature","properties":{"n":"TINAJAS","m":"PANZOS","a":"Muy Alta","p":0},"geometry":{"type":"Point","coordinates":[-89.65354,15.31063]}},{"type":"Feature","properties":{"n":"CANLUN I","m":"PANZOS","a":"Media","p":2618},"geometry":{"type":"Point","coordinates":[-89.77648,15.31139]}},{"type":"Feature","properties":{"n":"SAN JOSE EL PANORAMA","m":"PANZOS","a":"Muy Alta","p":103},"geometry":{"type":"Point","coordinates":[-89.57173,15.31251]}},{"type":"Feature","properties":{"n":"YUMA","m":"LOS AMATES","a":"Media","p":1015},"geometry":{"type":"Point","coordinates":[-88.97229,15.30965]}},{"type":"Feature","properties":{"n":"CHEYENNE","m":"MORALES","a":"Media","p":196},"geometry":{"type":"Point","coordinates":[-88.90549,15.31064]}},{"type":"Feature","properties":{"n":"PANSALCHE","m":"TACTIC","a":"Media","p":606},"geometry":{"type":"Point","coordinates":[-90.3598,15.31704]}},{"type":"Feature","properties":{"n":"EL PILAR","m":"LOS AMATES","a":"Media","p":609},"geometry":{"type":"Point","coordinates":[-88.95819,15.31186]}},{"type":"Feature","properties":{"n":"CHIJCORRAL O  CHICORRAL","m":"TACTIC","a":"Media","p":957},"geometry":{"type":"Point","coordinates":[-90.35766,15.31742]}},{"type":"Feature","properties":{"n":"SAN JULIAN","m":"TACTIC","a":"Baja","p":62},"geometry":{"type":"Point","coordinates":[-90.32576,15.31789]}},{"type":"Feature","properties":{"n":"BORDA DEL MOTAGUA","m":"LOS AMATES","a":"Media","p":0},"geometry":{"type":"Point","coordinates":[-88.92339,15.31251]}},{"type":"Feature","properties":{"n":"CUMBRE DE LA SIERRA ABAJO","m":"MORALES","a":"Muy Alta","p":388},"geometry":{"type":"Point","coordinates":[-88.79892,15.31175]}},{"type":"Feature","properties":{"n":"GUADALUPE","m":"LOS AMATES","a":"Alta","p":0},"geometry":{"type":"Point","coordinates":[-89.05076,15.31357]}},{"type":"Feature","properties":{"n":"NUEVO SAN JULIAN","m":"TACTIC","a":"Media","p":210},"geometry":{"type":"Point","coordinates":[-90.32753,15.31827]}},{"type":"Feature","properties":{"n":"EL SUSPIRO","m":"TACTIC","a":"Alta","p":0},"geometry":{"type":"Point","coordinates":[-90.33621,15.31852]}},{"type":"Feature","properties":{"n":"CHAMOJ 2","m":"TACTIC","a":"Baja","p":0},"geometry":{"type":"Point","coordinates":[-90.36613,15.31866]}},{"type":"Feature","properties":{"n":"MAGNOLIA","m":"TACTIC","a":"Alta","p":0},"geometry":{"type":"Point","coordinates":[-90.34164,15.31903]}},{"type":"Feature","properties":{"n":"TACTIC","m":"TACTIC","a":"Media","p":7135},"geometry":{"type":"Point","coordinates":[-90.35313,15.31938]}},{"type":"Feature","properties":{"n":"EL PAZO","m":"PANZOS","a":"Alta","p":0},"geometry":{"type":"Point","coordinates":[-89.66139,15.3188]}},{"type":"Feature","properties":{"n":"CHIBACABE","m":"HUEHUETENANGO","a":"Baja","p":0},"geometry":{"type":"Point","coordinates":[-91.52975,15.31866]}},{"type":"Feature","properties":{"n":"PUEBLO NUEVO","m":"PANZOS","a":"Media","p":226},"geometry":{"type":"Point","coordinates":[-89.68329,15.31966]}},{"type":"Feature","properties":{"n":"LA LIBERTAD","m":"TACTIC","a":"Muy Alta","p":0},"geometry":{"type":"Point","coordinates":[-90.36111,15.32141]}},{"type":"Feature","properties":{"n":"VITALES","m":"MORALES","a":"Media","p":160},"geometry":{"type":"Point","coordinates":[-88.80336,15.3153]}},{"type":"Feature","properties":{"n":"CHABALCOYO","m":"TACTIC","a":"Media","p":176},"geometry":{"type":"Point","coordinates":[-90.33801,15.32214]}},{"type":"Feature","properties":{"n":"CHAMCHE","m":"TACTIC","a":"Alta","p":239},"geometry":{"type":"Point","coordinates":[-90.35277,15.32225]}},{"type":"Feature","properties":{"n":"CHAJMAIC","m":"EL ESTOR","a":"Media","p":0},"geometry":{"type":"Point","coordinates":[-89.42346,15.31992]}},{"type":"Feature","properties":{"n":"LAS VEGAS 1","m":"PANZOS","a":"Baja","p":0},"geometry":{"type":"Point","coordinates":[-89.63638,15.32126]}},{"type":"Feature","properties":{"n":"CHINEBAL","m":"EL ESTOR","a":"Media","p":720},"geometry":{"type":"Point","coordinates":[-89.45592,15.32162]}},{"type":"Feature","properties":{"n":"PLAYA CHICASAW","m":"LOS AMATES","a":"Alta","p":339},"geometry":{"type":"Point","coordinates":[-88.94505,15.31899]}},{"type":"Feature","properties":{"n":"LA CONFIANZA CHAVILANO","m":"EL ESTOR","a":"Media","p":0},"geometry":{"type":"Point","coordinates":[-89.46826,15.32208]}},{"type":"Feature","properties":{"n":"LAS VEGAS 2","m":"PANZOS","a":"Alta","p":0},"geometry":{"type":"Point","coordinates":[-89.6304,15.3229]}},{"type":"Feature","properties":{"n":"EL ARCO","m":"TACTIC","a":"Alta","p":284},"geometry":{"type":"Point","coordinates":[-90.36295,15.32502]}},{"type":"Feature","properties":{"n":"TEPEMECHINES","m":"MORALES","a":"Baja","p":151},"geometry":{"type":"Point","coordinates":[-88.80036,15.31966]}},{"type":"Feature","properties":{"n":"CHISAC","m":"TACTIC","a":"Alta","p":34},"geometry":{"type":"Point","coordinates":[-90.38098,15.32612]}},{"type":"Feature","properties":{"n":"PALESTINA","m":"PANZOS","a":"Media","p":101},"geometry":{"type":"Point","coordinates":[-89.62234,15.32474]}},{"type":"Feature","properties":{"n":"ARAPAGO VIEJO","m":"MORALES","a":"Media","p":878},"geometry":{"type":"Point","coordinates":[-88.89495,15.32072]}},{"type":"Feature","properties":{"n":"ZACULEU EL LLANO","m":"HUEHUETENANGO","a":"Alta","p":3816},"geometry":{"type":"Point","coordinates":[-91.52187,15.32508]}},{"type":"Feature","properties":{"n":"LA PLAYA O SELEMPIN","m":"EL ESTOR","a":"Alta","p":127},"geometry":{"type":"Point","coordinates":[-89.39088,15.32533]}},{"type":"Feature","properties":{"n":"EL MANGUITO I","m":"EL ESTOR","a":"Baja","p":459},"geometry":{"type":"Point","coordinates":[-89.48872,15.32598]}},{"type":"Feature","properties":{"n":"EL SAUCE","m":"PANZOS","a":"Alta","p":0},"geometry":{"type":"Point","coordinates":[-89.75315,15.3271]}},{"type":"Feature","properties":{"n":"PARRACHOCH","m":"TACTIC","a":"Media","p":99},"geometry":{"type":"Point","coordinates":[-90.39844,15.32838]}},{"type":"Feature","properties":{"n":"CREEK","m":"LOS AMATES","a":"Alta","p":884},"geometry":{"type":"Point","coordinates":[-88.9406,15.32382]}},{"type":"Feature","properties":{"n":"SIN NOMBRE","m":"PANZOS","a":"Media","p":0},"geometry":{"type":"Point","coordinates":[-89.61496,15.32764]}},{"type":"Feature","properties":{"n":"EL CHOCO","m":"MORALES","a":"Baja","p":0},"geometry":{"type":"Point","coordinates":[-88.8671,15.32439]}},{"type":"Feature","properties":{"n":"BOCA ANCHA","m":"EL ESTOR","a":"Muy Alta","p":444},"geometry":{"type":"Point","coordinates":[-89.37256,15.3298]}},{"type":"Feature","properties":{"n":"EL ROSARIO CHOCO","m":"MORALES","a":"Media","p":200},"geometry":{"type":"Point","coordinates":[-88.86342,15.32669]}},{"type":"Feature","properties":{"n":"CUMUNIDAD CHICOOC","m":"PANZOS","a":"Muy Alta","p":0},"geometry":{"type":"Point","coordinates":[-89.6731,15.33256]}},{"type":"Feature","properties":{"n":"CHIKASAW","m":"LOS AMATES","a":"Alta","p":479},"geometry":{"type":"Point","coordinates":[-88.94297,15.33151]}},{"type":"Feature","properties":{"n":"PERICON","m":"USPANTAN","a":"Baja","p":0},"geometry":{"type":"Point","coordinates":[-90.89555,15.33756]}},{"type":"Feature","properties":{"n":"XEPEQUEN","m":"USPANTAN","a":"Muy Alta","p":78},"geometry":{"type":"Point","coordinates":[-90.88025,15.33787]}},{"type":"Feature","properties":{"n":"CHOCTAW","m":"LOS AMATES","a":"Muy Alta","p":889},"geometry":{"type":"Point","coordinates":[-88.94408,15.33314]}},{"type":"Feature","properties":{"n":"PATZUN","m":"LOS AMATES","a":"Muy Alta","p":158},"geometry":{"type":"Point","coordinates":[-88.94498,15.33417]}},{"type":"Feature","properties":{"n":"XOLEC","m":"USPANTAN","a":"Media","p":0},"geometry":{"type":"Point","coordinates":[-90.88231,15.33957]}},{"type":"Feature","properties":{"n":"PATZUN","m":"LOS AMATES","a":"Muy Alta","p":66},"geometry":{"type":"Point","coordinates":[-88.95082,15.33603]}},{"type":"Feature","properties":{"n":"SANTA ISABEL","m":"CHICAMAN","a":"Baja","p":111},"geometry":{"type":"Point","coordinates":[-90.55329,15.34151]}},{"type":"Feature","properties":{"n":"LOS LIMONES","m":"MORALES","a":"Muy Alta","p":117},"geometry":{"type":"Point","coordinates":[-88.81024,15.33609]}},{"type":"Feature","properties":{"n":"POBLACION DISPERSA","m":"CHICAMAN","a":"Alta","p":10},"geometry":{"type":"Point","coordinates":[-90.79966,15.34249]}},{"type":"Feature","properties":{"n":"ARAPAGO NUEVO","m":"MORALES","a":"Alta","p":0},"geometry":{"type":"Point","coordinates":[-88.89737,15.33695]}},{"type":"Feature","properties":{"n":"RANCHO MAYA","m":"LOS AMATES","a":"Baja","p":58},"geometry":{"type":"Point","coordinates":[-89.00915,15.3378]}},{"type":"Feature","properties":{"n":"LIMON ZARCO","m":"PANZOS","a":"Alta","p":292},"geometry":{"type":"Point","coordinates":[-89.57821,15.34105]}},{"type":"Feature","properties":{"n":"CRISTINA","m":"LOS AMATES","a":"Media","p":894},"geometry":{"type":"Point","coordinates":[-89.03527,15.3392]}},{"type":"Feature","properties":{"n":"AGUACATAN","m":"AGUACATAN","a":"Alta","p":4999},"geometry":{"type":"Point","coordinates":[-91.31083,15.34264]}},{"type":"Feature","properties":{"n":"SAN FRANCISCO","m":"EL ESTOR","a":"Media","p":0},"geometry":{"type":"Point","coordinates":[-89.51619,15.34236]}},{"type":"Feature","properties":{"n":"CANAAN","m":"LOS AMATES","a":"Muy Alta","p":46},"geometry":{"type":"Point","coordinates":[-88.94155,15.33984]}},{"type":"Feature","properties":{"n":"DON PEDRO","m":"SANTA CRUZ VERAPAZ","a":"Media","p":0},"geometry":{"type":"Point","coordinates":[-90.42346,15.34529]}},{"type":"Feature","properties":{"n":"EL TESORO","m":"MORALES","a":"Alta","p":0},"geometry":{"type":"Point","coordinates":[-88.83908,15.33936]}},{"type":"Feature","properties":{"n":"LANQUIN I","m":"MORALES","a":"Muy Alta","p":0},"geometry":{"type":"Point","coordinates":[-88.88505,15.343]}},{"type":"Feature","properties":{"n":"ZACULEO","m":"MORALES","a":"Alta","p":0},"geometry":{"type":"Point","coordinates":[-88.88866,15.3432]}},{"type":"Feature","properties":{"n":"SAN LUCAS","m":"PANZOS","a":"Alta","p":1073},"geometry":{"type":"Point","coordinates":[-89.53995,15.34765]}},{"type":"Feature","properties":{"n":"RIO ZARCO","m":"PANZOS","a":"Media","p":532},"geometry":{"type":"Point","coordinates":[-89.58182,15.34789]}},{"type":"Feature","properties":{"n":"CRISTINA","m":"LOS AMATES","a":"Media","p":0},"geometry":{"type":"Point","coordinates":[-89.04044,15.34593]}},{"type":"Feature","properties":{"n":"SAN LUIS BELLA VISTA","m":"CHIANTLA","a":"Media","p":0},"geometry":{"type":"Point","coordinates":[-91.45838,15.34961]}},{"type":"Feature","properties":{"n":"CHOLA","m":"HUEHUETENANGO","a":"Media","p":174},"geometry":{"type":"Point","coordinates":[-91.49499,15.35172]}},{"type":"Feature","properties":{"n":"CHIRIQUI","m":"LOS AMATES","a":"Muy Alta","p":186},"geometry":{"type":"Point","coordinates":[-88.9316,15.3495]}},{"type":"Feature","properties":{"n":"RIOS ZARQUITO","m":"EL ESTOR","a":"Baja","p":0},"geometry":{"type":"Point","coordinates":[-89.33207,15.35222]}},{"type":"Feature","properties":{"n":"LAS FLORES","m":"MORALES","a":"Baja","p":0},"geometry":{"type":"Point","coordinates":[-88.81805,15.34998]}},{"type":"Feature","properties":{"n":"MONTA-A PATZUN","m":"LOS AMATES","a":"Baja","p":659},"geometry":{"type":"Point","coordinates":[-88.95653,15.35129]}},{"type":"Feature","properties":{"n":"LAGUNA CHICHOJ","m":"SAN CRISTOBAL VERAPAZ","a":"Media","p":0},"geometry":{"type":"Point","coordinates":[-90.47629,15.35743]}},{"type":"Feature","properties":{"n":"LANQUIN DOS","m":"MORALES","a":"Alta","p":0},"geometry":{"type":"Point","coordinates":[-88.86993,15.35205]}},{"type":"Feature","properties":{"n":"SAN RAFAEL","m":"SANTA CRUZ VERAPAZ","a":"Media","p":179},"geometry":{"type":"Point","coordinates":[-90.42392,15.35807]}},{"type":"Feature","properties":{"n":"TRES ARROYOS","m":"PANZOS","a":"Alta","p":203},"geometry":{"type":"Point","coordinates":[-89.53858,15.3561]}},{"type":"Feature","properties":{"n":"ONANDAGA","m":"MORALES","a":"Media","p":162},"geometry":{"type":"Point","coordinates":[-88.81888,15.35193]}},{"type":"Feature","properties":{"n":"SAN JORGE LAS COLINAS","m":"PANZOS","a":"Alta","p":93},"geometry":{"type":"Point","coordinates":[-89.53417,15.35637]}},{"type":"Feature","properties":{"n":"GUADALUPE I","m":"PANZOS","a":"Alta","p":46},"geometry":{"type":"Point","coordinates":[-89.52411,15.35677]}},{"type":"Feature","properties":{"n":"MOPA","m":"MORALES","a":"Alta","p":47},"geometry":{"type":"Point","coordinates":[-88.90377,15.35399]}},{"type":"Feature","properties":{"n":"SETO LOSH","m":"EL ESTOR","a":"Alta","p":336},"geometry":{"type":"Point","coordinates":[-89.51788,15.358]}},{"type":"Feature","properties":{"n":"CHILOCOM","m":"SANTA CRUZ VERAPAZ","a":"Alta","p":399},"geometry":{"type":"Point","coordinates":[-90.43482,15.36054]}},{"type":"Feature","properties":{"n":"TIKAL","m":"MORALES","a":"Muy Alta","p":240},"geometry":{"type":"Point","coordinates":[-88.86232,15.35456]}},{"type":"Feature","properties":{"n":"SEYAMAC I","m":"PANZOS","a":"Media","p":85},"geometry":{"type":"Point","coordinates":[-89.58762,15.359]}},{"type":"Feature","properties":{"n":"EL REMOLINO","m":"PANZOS","a":"Media","p":130},"geometry":{"type":"Point","coordinates":[-89.58396,15.35906]}},{"type":"Feature","properties":{"n":"SEBOL","m":"MORALES","a":"Muy Alta","p":0},"geometry":{"type":"Point","coordinates":[-88.85479,15.35568]}},{"type":"Feature","properties":{"n":"GUADALUPE II","m":"PANZOS","a":"Muy Alta","p":94},"geometry":{"type":"Point","coordinates":[-89.52454,15.3601]}},{"type":"Feature","properties":{"n":"SAN VICENTE II","m":"PANZOS","a":"Alta","p":31},"geometry":{"type":"Point","coordinates":[-89.62581,15.36089]}},{"type":"Feature","properties":{"n":"SAN JUAN LAS PACAYAS","m":"PANZOS","a":"Muy Alta","p":117},"geometry":{"type":"Point","coordinates":[-89.53843,15.36099]}},{"type":"Feature","properties":{"n":"PUEBLO NUEVO O SELECIA","m":"PANZOS","a":"Media","p":61},"geometry":{"type":"Point","coordinates":[-89.58341,15.36143]}},{"type":"Feature","properties":{"n":"SAN VICENTE","m":"PANZOS","a":"Alta","p":0},"geometry":{"type":"Point","coordinates":[-89.62091,15.36211]}},{"type":"Feature","properties":{"n":"PLAYITAS","m":"MORALES","a":"Alta","p":669},"geometry":{"type":"Point","coordinates":[-88.81953,15.35776]}},{"type":"Feature","properties":{"n":"CHICOOC","m":"PANZOS","a":"Media","p":0},"geometry":{"type":"Point","coordinates":[-89.6389,15.36377]}},{"type":"Feature","properties":{"n":"PALAJACHUJ","m":"SAN SEBASTIAN HUEHUETENANGO","a":"Muy Alta","p":1108},"geometry":{"type":"Point","coordinates":[-91.55612,15.36373]}},{"type":"Feature","properties":{"n":"COMUNIDAD IMPOSIBLE","m":"PANZOS","a":"Muy Alta","p":166},"geometry":{"type":"Point","coordinates":[-89.52534,15.36425]}},{"type":"Feature","properties":{"n":"COMUNIDAD LAS PACAYAS","m":"PANZOS","a":"Baja","p":119},"geometry":{"type":"Point","coordinates":[-89.5135,15.3649]}},{"type":"Feature","properties":{"n":"EL RANCHO","m":"PANZOS","a":"Muy Alta","p":275},"geometry":{"type":"Point","coordinates":[-89.56176,15.36534]}},{"type":"Feature","properties":{"n":"TRINITARIA","m":"MORALES","a":"Alta","p":119},"geometry":{"type":"Point","coordinates":[-88.89814,15.36192]}},{"type":"Feature","properties":{"n":"LA ESPERANZA","m":"PANZOS","a":"Baja","p":444},"geometry":{"type":"Point","coordinates":[-89.53872,15.36617]}},{"type":"Feature","properties":{"n":"PATAXTE","m":"EL ESTOR","a":"Muy Alta","p":762},"geometry":{"type":"Point","coordinates":[-89.29506,15.36523]}},{"type":"Feature","properties":{"n":"PARAISO","m":"MORALES","a":"Alta","p":22},"geometry":{"type":"Point","coordinates":[-88.90954,15.36316]}},{"type":"Feature","properties":{"n":"SIN NOMBRE","m":"SAN CRISTOBAL VERAPAZ","a":"Baja","p":0},"geometry":{"type":"Point","coordinates":[-90.47057,15.36987]}},{"type":"Feature","properties":{"n":"PANORAMA","m":"MORALES","a":"Alta","p":59},"geometry":{"type":"Point","coordinates":[-88.89046,15.36424]}},{"type":"Feature","properties":{"n":"AGUA CALIENTE","m":"TECTITAN","a":"Media","p":243},"geometry":{"type":"Point","coordinates":[-92.05533,15.36485]}},{"type":"Feature","properties":{"n":"LOS ARCOS","m":"SANTA CRUZ VERAPAZ","a":"Baja","p":0},"geometry":{"type":"Point","coordinates":[-90.43763,15.3722]}},{"type":"Feature","properties":{"n":"EL CANGREJO","m":"SANTA CRUZ VERAPAZ","a":"Muy Alta","p":85},"geometry":{"type":"Point","coordinates":[-90.44509,15.37247]}},{"type":"Feature","properties":{"n":"SIN NOMBRE","m":"SAN CRISTOBAL VERAPAZ","a":"Baja","p":0},"geometry":{"type":"Point","coordinates":[-90.46146,15.37354]}},{"type":"Feature","properties":{"n":"NUEVO CHIRIQUI","m":"MORALES","a":"Alta","p":172},"geometry":{"type":"Point","coordinates":[-88.9243,15.36859]}},{"type":"Feature","properties":{"n":"PANQUIYOU","m":"SANTA CRUZ VERAPAZ","a":"Baja","p":91},"geometry":{"type":"Point","coordinates":[-90.40688,15.37472]}},{"type":"Feature","properties":{"n":"EL ATLANTICO","m":"MORALES","a":"Alta","p":196},"geometry":{"type":"Point","coordinates":[-88.88699,15.36912]}},{"type":"Feature","properties":{"n":"EL REAL O RAMAL BOBOS","m":"MORALES","a":"Muy Alta","p":211},"geometry":{"type":"Point","coordinates":[-88.86958,15.36954]}},{"type":"Feature","properties":{"n":"POM BAAC","m":"PANZOS","a":"Baja","p":289},"geometry":{"type":"Point","coordinates":[-89.53934,15.37429]}},{"type":"Feature","properties":{"n":"GUARITAS","m":"EL ESTOR","a":"Muy Alta","p":446},"geometry":{"type":"Point","coordinates":[-89.27004,15.37587]}},{"type":"Feature","properties":{"n":"EL CEDRO","m":"MORALES","a":"Baja","p":1457},"geometry":{"type":"Point","coordinates":[-88.92242,15.3765]}},{"type":"Feature","properties":{"n":"SHANE","m":"MORALES","a":"Media","p":0},"geometry":{"type":"Point","coordinates":[-88.81807,15.37791]}},{"type":"Feature","properties":{"n":"EL NARANJO","m":"CUILCO","a":"Muy Alta","p":114},"geometry":{"type":"Point","coordinates":[-92.05524,15.37997]}},{"type":"Feature","properties":{"n":"SAN PEDRO","m":"EL ESTOR","a":"Alta","p":0},"geometry":{"type":"Point","coordinates":[-89.38608,15.38431]}},{"type":"Feature","properties":{"n":"TORLON","m":"CHIANTLA","a":"Alta","p":221},"geometry":{"type":"Point","coordinates":[-91.53389,15.38484]}},{"type":"Feature","properties":{"n":"CASERIO  LA  HAMACA","m":"IXTAHUACAN","a":"Media","p":0},"geometry":{"type":"Point","coordinates":[-91.82984,15.38403]}},{"type":"Feature","properties":{"n":"BALANDRA","m":"EL ESTOR","a":"Media","p":359},"geometry":{"type":"Point","coordinates":[-89.23918,15.38647]}},{"type":"Feature","properties":{"n":"EL CHAPIN ABAJO","m":"EL ESTOR","a":"Muy Alta","p":397},"geometry":{"type":"Point","coordinates":[-89.26714,15.38684]}},{"type":"Feature","properties":{"n":"SAN GASPAR IXCHIL","m":"SAN GASPAR IXCHIL","a":"Baja","p":523},"geometry":{"type":"Point","coordinates":[-91.72667,15.38721]}},{"type":"Feature","properties":{"n":"SACAJUT","m":"SAN JUAN CHAMELCO","a":"Baja","p":89},"geometry":{"type":"Point","coordinates":[-90.34817,15.39747]}},{"type":"Feature","properties":{"n":"LANCETILLO","m":"EL ESTOR","a":"Media","p":36},"geometry":{"type":"Point","coordinates":[-89.48445,15.39646]}},{"type":"Feature","properties":{"n":"POLIGONO 2","m":"PANZOS","a":"Alta","p":0},"geometry":{"type":"Point","coordinates":[-89.54229,15.39726]}},{"type":"Feature","properties":{"n":"CHAPIN ARRIBA","m":"EL ESTOR","a":"Muy Alta","p":222},"geometry":{"type":"Point","coordinates":[-89.25803,15.39629]}},{"type":"Feature","properties":{"n":"EL RECUERDO","m":"SAN JUAN CHAMELCO","a":"Media","p":0},"geometry":{"type":"Point","coordinates":[-90.35106,15.39989]}},{"type":"Feature","properties":{"n":"SOSI GRANDE","m":"CUILCO","a":"Baja","p":187},"geometry":{"type":"Point","coordinates":[-91.95442,15.39578]}},{"type":"Feature","properties":{"n":"CREEK ZARCO","m":"MORALES","a":"Alta","p":0},"geometry":{"type":"Point","coordinates":[-88.81734,15.39457]}},{"type":"Feature","properties":{"n":"EL RECREO","m":"SAN CRISTOBAL VERAPAZ","a":"Baja","p":78},"geometry":{"type":"Point","coordinates":[-90.4519,15.40147]}},{"type":"Feature","properties":{"n":"POLIGONO I","m":"PANZOS","a":"Alta","p":177},"geometry":{"type":"Point","coordinates":[-89.53057,15.39977]}},{"type":"Feature","properties":{"n":"SANTA ROSA","m":"EL ESTOR","a":"Media","p":0},"geometry":{"type":"Point","coordinates":[-89.49114,15.40137]}},{"type":"Feature","properties":{"n":"SANTA LUISA","m":"LOS AMATES","a":"Alta","p":6},"geometry":{"type":"Point","coordinates":[-89.15019,15.40038]}},{"type":"Feature","properties":{"n":"MUSINGA O ESTERO","m":"LOS AMATES","a":"Alta","p":0},"geometry":{"type":"Point","coordinates":[-89.1556,15.40062]}},{"type":"Feature","properties":{"n":"SANTA LUCIA","m":"PANZOS","a":"Alta","p":0},"geometry":{"type":"Point","coordinates":[-89.52459,15.40295]}},{"type":"Feature","properties":{"n":"SAN RAFAEL","m":"EL ESTOR","a":"Alta","p":0},"geometry":{"type":"Point","coordinates":[-89.41509,15.40265]}},{"type":"Feature","properties":{"n":"CHIPAY O RIO ESCONDIDO","m":"SAN JUAN CHAMELCO","a":"Media","p":0},"geometry":{"type":"Point","coordinates":[-90.33225,15.40657]}},{"type":"Feature","properties":{"n":"YUSCARAN","m":"EL ESTOR","a":"Media","p":0},"geometry":{"type":"Point","coordinates":[-89.46313,15.40427]}},{"type":"Feature","properties":{"n":"LA VEGA","m":"CUILCO","a":"Media","p":0},"geometry":{"type":"Point","coordinates":[-91.87085,15.40246]}},{"type":"Feature","properties":{"n":"LOS CARLOS","m":"EL ESTOR","a":"Muy Alta","p":0},"geometry":{"type":"Point","coordinates":[-89.47047,15.40462]}},{"type":"Feature","properties":{"n":"EL ESPINAL","m":"CUILCO","a":"Muy Alta","p":28},"geometry":{"type":"Point","coordinates":[-91.99931,15.40284]}},{"type":"Feature","properties":{"n":"SANTA ELENA","m":"EL ESTOR","a":"Alta","p":22},"geometry":{"type":"Point","coordinates":[-89.49665,15.4058]}},{"type":"Feature","properties":{"n":"CACAO","m":"LOS AMATES","a":"Media","p":0},"geometry":{"type":"Point","coordinates":[-89.14515,15.40439]}},{"type":"Feature","properties":{"n":"CAROLINA","m":"LOS AMATES","a":"Alta","p":98},"geometry":{"type":"Point","coordinates":[-89.18327,15.40515]}},{"type":"Feature","properties":{"n":"JOCOTALES","m":"CUILCO","a":"Alta","p":262},"geometry":{"type":"Point","coordinates":[-91.95416,15.40466]}},{"type":"Feature","properties":{"n":"IZABAL","m":"LOS AMATES","a":"Alta","p":673},"geometry":{"type":"Point","coordinates":[-89.13742,15.40577]}},{"type":"Feature","properties":{"n":"LA COPIOSA","m":"LOS AMATES","a":"Alta","p":0},"geometry":{"type":"Point","coordinates":[-89.12969,15.40592]}},{"type":"Feature","properties":{"n":"EL SORDO","m":"LOS AMATES","a":"Alta","p":0},"geometry":{"type":"Point","coordinates":[-89.1878,15.40651]}},{"type":"Feature","properties":{"n":"LA NUEVA ESPERANZA","m":"EL ESTOR","a":"Media","p":158},"geometry":{"type":"Point","coordinates":[-89.45794,15.40794]}},{"type":"Feature","properties":{"n":"LAS CA-AS","m":"LOS AMATES","a":"Muy Alta","p":20},"geometry":{"type":"Point","coordinates":[-89.20882,15.40731]}},{"type":"Feature","properties":{"n":"LOS ANDES","m":"LOS AMATES","a":"Alta","p":0},"geometry":{"type":"Point","coordinates":[-89.11788,15.40763]}},{"type":"Feature","properties":{"n":"LA LIBERTAD","m":"MORALES","a":"Baja","p":2420},"geometry":{"type":"Point","coordinates":[-88.86008,15.40758]}},{"type":"Feature","properties":{"n":"LOS ANDES","m":"MORALES","a":"Baja","p":865},"geometry":{"type":"Point","coordinates":[-88.96545,15.40839]}},{"type":"Feature","properties":{"n":"POZA DEL CHINO O SAN FRANCISCO","m":"MORALES","a":"Baja","p":149},"geometry":{"type":"Point","coordinates":[-88.94693,15.40908]}},{"type":"Feature","properties":{"n":"POBLACION DISPERSA","m":"CUILCO","a":"Media","p":40},"geometry":{"type":"Point","coordinates":[-91.94154,15.41018]}},{"type":"Feature","properties":{"n":"EL MORRO","m":"LOS AMATES","a":"Alta","p":0},"geometry":{"type":"Point","coordinates":[-89.11887,15.41305]}},{"type":"Feature","properties":{"n":"LAS CA-AS","m":"LOS AMATES","a":"Alta","p":0},"geometry":{"type":"Point","coordinates":[-89.21707,15.41387]}},{"type":"Feature","properties":{"n":"SIOUX","m":"MORALES","a":"Muy Alta","p":342},"geometry":{"type":"Point","coordinates":[-88.81037,15.41184]}},{"type":"Feature","properties":{"n":"LAGARTOS","m":"PANZOS","a":"Alta","p":271},"geometry":{"type":"Point","coordinates":[-89.53442,15.41713]}},{"type":"Feature","properties":{"n":"CAKIXINCHE","m":"SAN JUAN CHAMELCO","a":"Baja","p":578},"geometry":{"type":"Point","coordinates":[-90.33731,15.4203]}},{"type":"Feature","properties":{"n":"MILLA CUARENTICINCO SAN FRANCISCO","m":"MORALES","a":"Baja","p":411},"geometry":{"type":"Point","coordinates":[-88.95531,15.41524]}},{"type":"Feature","properties":{"n":"SWITCH QUEBRADAS","m":"MORALES","a":"Alta","p":348},"geometry":{"type":"Point","coordinates":[-88.80685,15.41478]}},{"type":"Feature","properties":{"n":"PURJA","m":"SAN JUAN CHAMELCO","a":"Baja","p":692},"geometry":{"type":"Point","coordinates":[-90.31998,15.42177]}},{"type":"Feature","properties":{"n":"SANTA BARBARA","m":"LOS AMATES","a":"Baja","p":0},"geometry":{"type":"Point","coordinates":[-89.07716,15.41791]}},{"type":"Feature","properties":{"n":"LA ESPERANZA O CHIO","m":"SAN JUAN CHAMELCO","a":"Media","p":520},"geometry":{"type":"Point","coordinates":[-90.34111,15.4294]}},{"type":"Feature","properties":{"n":"MARISCOS","m":"LOS AMATES","a":"Alta","p":736},"geometry":{"type":"Point","coordinates":[-89.08026,15.42633]}},{"type":"Feature","properties":{"n":"CUARENTA Y CUATRO O LA CURVA","m":"MORALES","a":"Muy Alta","p":0},"geometry":{"type":"Point","coordinates":[-88.93938,15.42733]}},{"type":"Feature","properties":{"n":"LAS PARCELAS DE LA LIBERTAD","m":"MORALES","a":"Media","p":33},"geometry":{"type":"Point","coordinates":[-88.88737,15.42827]}},{"type":"Feature","properties":{"n":"MARISCO GUAPINOL","m":"LOS AMATES","a":"Media","p":270},"geometry":{"type":"Point","coordinates":[-89.06079,15.43027]}},{"type":"Feature","properties":{"n":"NUEVA VIRGINIA","m":"MORALES","a":"Alta","p":142},"geometry":{"type":"Point","coordinates":[-88.92897,15.43021]}},{"type":"Feature","properties":{"n":"SANTA CRUZ","m":"PANZOS","a":"Alta","p":0},"geometry":{"type":"Point","coordinates":[-89.52631,15.4376]}},{"type":"Feature","properties":{"n":"LA BARRANCA","m":"MORALES","a":"Alta","p":0},"geometry":{"type":"Point","coordinates":[-88.83996,15.43553]}},{"type":"Feature","properties":{"n":"VIRGINIA","m":"MORALES","a":"Media","p":797},"geometry":{"type":"Point","coordinates":[-88.92448,15.44054]}},{"type":"Feature","properties":{"n":"SANTA ANITA","m":"MORALES","a":"Media","p":0},"geometry":{"type":"Point","coordinates":[-88.86965,15.44146]}},{"type":"Feature","properties":{"n":"ONEIDA","m":"MORALES","a":"Alta","p":882},"geometry":{"type":"Point","coordinates":[-88.83215,15.44639]}},{"type":"Feature","properties":{"n":"SALVADOR CHACON","m":"LOS AMATES","a":"Alta","p":0},"geometry":{"type":"Point","coordinates":[-89.04659,15.44829]}},{"type":"Feature","properties":{"n":"LA COLONIA","m":"PANZOS","a":"Baja","p":0},"geometry":{"type":"Point","coordinates":[-89.57528,15.45188]}},{"type":"Feature","properties":{"n":"SIN NOMBRE","m":"MORALES","a":"Baja","p":0},"geometry":{"type":"Point","coordinates":[-88.92616,15.44873]}},{"type":"Feature","properties":{"n":"MONTE VIDEO","m":"MORALES","a":"Baja","p":0},"geometry":{"type":"Point","coordinates":[-88.93813,15.44979]}},{"type":"Feature","properties":{"n":"PUENTE VIRGINIA","m":"MORALES","a":"Baja","p":0},"geometry":{"type":"Point","coordinates":[-88.9378,15.45107]}},{"type":"Feature","properties":{"n":"LOS CHIFLES","m":"MORALES","a":"Media","p":0},"geometry":{"type":"Point","coordinates":[-88.85503,15.45092]}},{"type":"Feature","properties":{"n":"LAS ANIMAS","m":"MORALES","a":"Muy Alta","p":0},"geometry":{"type":"Point","coordinates":[-88.70674,15.44991]}},{"type":"Feature","properties":{"n":"CAHABONCITO","m":"PANZOS","a":"Media","p":2749},"geometry":{"type":"Point","coordinates":[-89.55861,15.45568]}},{"type":"Feature","properties":{"n":"RIO POLOCHIC","m":"EL ESTOR","a":"Baja","p":0},"geometry":{"type":"Point","coordinates":[-89.51726,15.45572]}},{"type":"Feature","properties":{"n":"RIO BLANCO","m":"LOS AMATES","a":"Muy Alta","p":228},"geometry":{"type":"Point","coordinates":[-89.0489,15.45318]}},{"type":"Feature","properties":{"n":"SAN FRANCISCO","m":"SAN JUAN COTZAL","a":"Alta","p":2188},"geometry":{"type":"Point","coordinates":[-90.91072,15.45907]}},{"type":"Feature","properties":{"n":"LAS MARIAS","m":"MORALES","a":"Alta","p":14},"geometry":{"type":"Point","coordinates":[-88.8096,15.45517]}},{"type":"Feature","properties":{"n":"LA ESPERANZA","m":"COBAN","a":"Media","p":5413},"geometry":{"type":"Point","coordinates":[-90.42129,15.4618]}},{"type":"Feature","properties":{"n":"MARATON","m":"MORALES","a":"Baja","p":0},"geometry":{"type":"Point","coordinates":[-88.91103,15.45785]}},{"type":"Feature","properties":{"n":"SIN NOMBRE","m":"SAN PEDRO CARCHA","a":"Media","p":0},"geometry":{"type":"Point","coordinates":[-90.29056,15.46388]}},{"type":"Feature","properties":{"n":"COOPERATIVA CHICOJ","m":"COBAN","a":"Alta","p":1143},"geometry":{"type":"Point","coordinates":[-90.41863,15.46603]}},{"type":"Feature","properties":{"n":"RANCHO GRANDE","m":"MORALES","a":"Alta","p":991},"geometry":{"type":"Point","coordinates":[-88.83328,15.45993]}},{"type":"Feature","properties":{"n":"CARILINA LAS FLORES","m":"LOS AMATES","a":"Media","p":0},"geometry":{"type":"Point","coordinates":[-89.03547,15.46219]}},{"type":"Feature","properties":{"n":"BARRIO SAN ANTONIO","m":"MORALES","a":"Alta","p":721},"geometry":{"type":"Point","coordinates":[-88.84885,15.46144]}},{"type":"Feature","properties":{"n":"TZUNUTZ","m":"SAN PEDRO CARCHA","a":"Media","p":470},"geometry":{"type":"Point","coordinates":[-90.29,15.46907]}},{"type":"Feature","properties":{"n":"LA VEINTE","m":"MORALES","a":"Alta","p":142},"geometry":{"type":"Point","coordinates":[-88.78284,15.46253]}},{"type":"Feature","properties":{"n":"LA DEMOCRACIA","m":"MORALES","a":"Muy Alta","p":616},"geometry":{"type":"Point","coordinates":[-88.83061,15.46305]}},{"type":"Feature","properties":{"n":"LAS QUEBRADAS","m":"MORALES","a":"Muy Alta","p":0},"geometry":{"type":"Point","coordinates":[-88.76348,15.46293]}},{"type":"Feature","properties":{"n":"PALMERAS","m":"MORALES","a":"Media","p":0},"geometry":{"type":"Point","coordinates":[-88.90622,15.46413]}},{"type":"Feature","properties":{"n":"BARRIO SANTA BARBARA O MODERNO","m":"MORALES","a":"Media","p":0},"geometry":{"type":"Point","coordinates":[-88.84922,15.46381]}},{"type":"Feature","properties":{"n":"BANANERA","m":"MORALES","a":"Media","p":4569},"geometry":{"type":"Point","coordinates":[-88.84291,15.46393]}},{"type":"Feature","properties":{"n":"CHACSAQUIL","m":"SAN PEDRO CARCHA","a":"Media","p":901},"geometry":{"type":"Point","coordinates":[-90.29945,15.47042]}},{"type":"Feature","properties":{"n":"BUENA VISTA","m":"MORALES","a":"Muy Alta","p":368},"geometry":{"type":"Point","coordinates":[-88.81847,15.46414]}},{"type":"Feature","properties":{"n":"MOJACA","m":"MORALES","a":"Baja","p":359},"geometry":{"type":"Point","coordinates":[-88.91416,15.46509]}},{"type":"Feature","properties":{"n":"PEQUE-A","m":"MORALES","a":"Alta","p":40},"geometry":{"type":"Point","coordinates":[-88.84007,15.46462]}},{"type":"Feature","properties":{"n":"CHIBENCORRAL","m":"COBAN","a":"Media","p":517},"geometry":{"type":"Point","coordinates":[-90.40553,15.47103]}},{"type":"Feature","properties":{"n":"CHIVENCORRAL","m":"COBAN","a":"Baja","p":281},"geometry":{"type":"Point","coordinates":[-90.40556,15.4713]}},{"type":"Feature","properties":{"n":"FUENTE DEL NORTE","m":"MORALES","a":"Baja","p":0},"geometry":{"type":"Point","coordinates":[-88.91653,15.46595]}},{"type":"Feature","properties":{"n":"SAMAC O RAXQUICA","m":"COBAN","a":"Media","p":588},"geometry":{"type":"Point","coordinates":[-90.44685,15.47241]}},{"type":"Feature","properties":{"n":"BARRIO LA ESTACION","m":"MORALES","a":"Media","p":143},"geometry":{"type":"Point","coordinates":[-88.83759,15.46621]}},{"type":"Feature","properties":{"n":"YORK","m":"MORALES","a":"Media","p":481},"geometry":{"type":"Point","coordinates":[-88.8886,15.46668]}},{"type":"Feature","properties":{"n":"GRANDE","m":"MORALES","a":"Media","p":106},"geometry":{"type":"Point","coordinates":[-88.8408,15.46699]}},{"type":"Feature","properties":{"n":"COLONIA CACIC","m":"COBAN","a":"Media","p":630},"geometry":{"type":"Point","coordinates":[-90.40203,15.47412]}},{"type":"Feature","properties":{"n":"XIBALBA","m":"MORALES","a":"Muy Alta","p":21},"geometry":{"type":"Point","coordinates":[-88.79748,15.46835]}},{"type":"Feature","properties":{"n":"FRANCIA","m":"MORALES","a":"Muy Alta","p":23},"geometry":{"type":"Point","coordinates":[-88.82141,15.46869]}},{"type":"Feature","properties":{"n":"CHIPOC","m":"COBAN","a":"Media","p":0},"geometry":{"type":"Point","coordinates":[-90.39814,15.47534]}},{"type":"Feature","properties":{"n":"PETET CHIXIC","m":"COBAN","a":"Alta","p":1540},"geometry":{"type":"Point","coordinates":[-90.40437,15.4754]}},{"type":"Feature","properties":{"n":"SENECA MILLA 38","m":"MORALES","a":"Media","p":192},"geometry":{"type":"Point","coordinates":[-88.86982,15.46948]}},{"type":"Feature","properties":{"n":"BANDEGUA","m":"MORALES","a":"Media","p":71},"geometry":{"type":"Point","coordinates":[-88.83767,15.46963]}},{"type":"Feature","properties":{"n":"EL ESFUERZO","m":"MORALES","a":"Media","p":0},"geometry":{"type":"Point","coordinates":[-88.90095,15.47017]}},{"type":"Feature","properties":{"n":"PUENTE DE ORO","m":"MORALES","a":"Alta","p":0},"geometry":{"type":"Point","coordinates":[-88.90554,15.47036]}},{"type":"Feature","properties":{"n":"TRINIDAD","m":"SAN PEDRO CARCHA","a":"Baja","p":1640},"geometry":{"type":"Point","coordinates":[-90.32953,15.47699]}},{"type":"Feature","properties":{"n":"MILLA TREINTISIETE","m":"MORALES","a":"Baja","p":1830},"geometry":{"type":"Point","coordinates":[-88.85297,15.47138]}},{"type":"Feature","properties":{"n":"SAN PEDRO CARCHA","m":"SAN PEDRO CARCHA","a":"Media","p":8929},"geometry":{"type":"Point","coordinates":[-90.31098,15.4796]}},{"type":"Feature","properties":{"n":"SIMON BOLIVAR","m":"MORALES","a":"Alta","p":105},"geometry":{"type":"Point","coordinates":[-88.71335,15.4726]}},{"type":"Feature","properties":{"n":"BARRIO LA BOLSA","m":"MORALES","a":"Alta","p":304},"geometry":{"type":"Point","coordinates":[-88.83538,15.47394]}},{"type":"Feature","properties":{"n":"MONTE REY","m":"MORALES","a":"Alta","p":0},"geometry":{"type":"Point","coordinates":[-88.89084,15.47478]}},{"type":"Feature","properties":{"n":"BARRIO CARIBE","m":"MORALES","a":"Alta","p":265},"geometry":{"type":"Point","coordinates":[-88.82696,15.47434]}},{"type":"Feature","properties":{"n":"SANTA BARBARA","m":"MORALES","a":"Media","p":468},"geometry":{"type":"Point","coordinates":[-88.84795,15.47508]}},{"type":"Feature","properties":{"n":"CHIPATI","m":"SAN PEDRO CARCHA","a":"Baja","p":47},"geometry":{"type":"Point","coordinates":[-90.32771,15.48141]}},{"type":"Feature","properties":{"n":"SANTO DOMINGO","m":"SAN PEDRO CARCHA","a":"Media","p":482},"geometry":{"type":"Point","coordinates":[-90.32246,15.48146]}},{"type":"Feature","properties":{"n":"BARRIO EL REMOLINO","m":"MORALES","a":"Muy Alta","p":197},"geometry":{"type":"Point","coordinates":[-88.83744,15.4754]}},{"type":"Feature","properties":{"n":"MARIA LUISA","m":"MORALES","a":"Baja","p":0},"geometry":{"type":"Point","coordinates":[-88.893,15.47743]}},{"type":"Feature","properties":{"n":"EL TRIANGULO","m":"MORALES","a":"Muy Alta","p":0},"geometry":{"type":"Point","coordinates":[-88.71764,15.4764]}},{"type":"Feature","properties":{"n":"EL MITCHAL","m":"MORALES","a":"Media","p":2650},"geometry":{"type":"Point","coordinates":[-88.84992,15.4777]}},{"type":"Feature","properties":{"n":"MORALES","m":"MORALES","a":"Muy Alta","p":4266},"geometry":{"type":"Point","coordinates":[-88.82813,15.47759]}},{"type":"Feature","properties":{"n":"BARRIO LA CANCHA","m":"MORALES","a":"Muy Alta","p":367},"geometry":{"type":"Point","coordinates":[-88.82508,15.47761]}},{"type":"Feature","properties":{"n":"BARRIO LA GASOLINERA","m":"MORALES","a":"Alta","p":87},"geometry":{"type":"Point","coordinates":[-88.84144,15.47807]}},{"type":"Feature","properties":{"n":"HERMANA PATRICIA","m":"MORALES","a":"Alta","p":141},"geometry":{"type":"Point","coordinates":[-88.84636,15.47912]}},{"type":"Feature","properties":{"n":"NULBAL","m":"MORALES","a":"Alta","p":0},"geometry":{"type":"Point","coordinates":[-88.88537,15.47946]}},{"type":"Feature","properties":{"n":"BARRIO LOS CASTRO","m":"MORALES","a":"Alta","p":155},"geometry":{"type":"Point","coordinates":[-88.83747,15.47966]}},{"type":"Feature","properties":{"n":"VILLA REAL","m":"MORALES","a":"Alta","p":0},"geometry":{"type":"Point","coordinates":[-88.85357,15.47991]}},{"type":"Feature","properties":{"n":"SANTA ANA","m":"MORALES","a":"Alta","p":0},"geometry":{"type":"Point","coordinates":[-88.69614,15.48101]}},{"type":"Feature","properties":{"n":"PUNTA BRAVA","m":"LOS AMATES","a":"Alta","p":240},"geometry":{"type":"Point","coordinates":[-89.01877,15.48351]}},{"type":"Feature","properties":{"n":"SAN CRITOBAL","m":"MORALES","a":"Alta","p":0},"geometry":{"type":"Point","coordinates":[-88.87894,15.48286]}},{"type":"Feature","properties":{"n":"SANTA MARIA ENTRE CERROS","m":"MORALES","a":"Media","p":0},"geometry":{"type":"Point","coordinates":[-88.87189,15.48381]}},{"type":"Feature","properties":{"n":"QUIXAL GRANDE","m":"SAN CRISTOBAL VERAPAZ","a":"Baja","p":84},"geometry":{"type":"Point","coordinates":[-90.60459,15.4905]}},{"type":"Feature","properties":{"n":"LIBIA","m":"MORALES","a":"Media","p":0},"geometry":{"type":"Point","coordinates":[-88.87058,15.48467]}},{"type":"Feature","properties":{"n":"POBLACION DISPERSA","m":"MORALES","a":"Muy Alta","p":272},"geometry":{"type":"Point","coordinates":[-88.83657,15.48511]}},{"type":"Feature","properties":{"n":"CASAS AMARILLAS","m":"MORALES","a":"Alta","p":176},"geometry":{"type":"Point","coordinates":[-88.71697,15.48501]}},{"type":"Feature","properties":{"n":"NACHO CREEK","m":"MORALES","a":"Muy Alta","p":0},"geometry":{"type":"Point","coordinates":[-88.73263,15.48591]}},{"type":"Feature","properties":{"n":"EL RENJON DON MEME","m":"MORALES","a":"Media","p":33},"geometry":{"type":"Point","coordinates":[-88.86472,15.48827]}},{"type":"Feature","properties":{"n":"LA GLORIA","m":"MORALES","a":"Alta","p":0},"geometry":{"type":"Point","coordinates":[-88.71893,15.48725]}},{"type":"Feature","properties":{"n":"LOS TECOMATES","m":"LOS AMATES","a":"Alta","p":38},"geometry":{"type":"Point","coordinates":[-89.00635,15.49237]}},{"type":"Feature","properties":{"n":"PESCAR CREEK","m":"MORALES","a":"Muy Alta","p":0},"geometry":{"type":"Point","coordinates":[-88.71546,15.49026]}},{"type":"Feature","properties":{"n":"LAS POZAS","m":"MORALES","a":"Media","p":653},"geometry":{"type":"Point","coordinates":[-88.82699,15.49281]}},{"type":"Feature","properties":{"n":"EL MIRADOR","m":"MORALES","a":"Media","p":0},"geometry":{"type":"Point","coordinates":[-88.8303,15.49369]}},{"type":"Feature","properties":{"n":"EL CORTEZ","m":"MORALES","a":"Media","p":0},"geometry":{"type":"Point","coordinates":[-88.85622,15.49559]}},{"type":"Feature","properties":{"n":"ALEMANA","m":"MORALES","a":"Muy Alta","p":0},"geometry":{"type":"Point","coordinates":[-88.68228,15.49486]}},{"type":"Feature","properties":{"n":"SIN NOMBRE","m":"MORALES","a":"Alta","p":0},"geometry":{"type":"Point","coordinates":[-88.83571,15.49615]}},{"type":"Feature","properties":{"n":"SAN FRANCISCO","m":"LOS AMATES","a":"Alta","p":0},"geometry":{"type":"Point","coordinates":[-89.00241,15.49806]}},{"type":"Feature","properties":{"n":"LA FORTALEZA GENERAL","m":"LOS AMATES","a":"Muy Alta","p":0},"geometry":{"type":"Point","coordinates":[-88.98867,15.49974]}},{"type":"Feature","properties":{"n":"MOJANALES II","m":"MORALES","a":"Muy Alta","p":0},"geometry":{"type":"Point","coordinates":[-88.69274,15.49873]}},{"type":"Feature","properties":{"n":"MONTE CRISTO","m":"MORALES","a":"Media","p":0},"geometry":{"type":"Point","coordinates":[-88.70249,15.50079]}},{"type":"Feature","properties":{"n":"FATIMA","m":"MORALES","a":"Baja","p":594},"geometry":{"type":"Point","coordinates":[-88.56348,15.50005]}},{"type":"Feature","properties":{"n":"LA RUIDOSA","m":"MORALES","a":"Baja","p":0},"geometry":{"type":"Point","coordinates":[-88.83431,15.50233]}},{"type":"Feature","properties":{"n":"LA CEIBA","m":"MORALES","a":"Baja","p":0},"geometry":{"type":"Point","coordinates":[-88.82084,15.50251]}},{"type":"Feature","properties":{"n":"SAN MARCOS","m":"MORALES","a":"Muy Alta","p":159},"geometry":{"type":"Point","coordinates":[-88.695,15.5016]}},{"type":"Feature","properties":{"n":"LOS ESPA-A","m":"MORALES","a":"Muy Alta","p":0},"geometry":{"type":"Point","coordinates":[-88.66664,15.50248]}},{"type":"Feature","properties":{"n":"SIN NOMBRE","m":"LOS AMATES","a":"Baja","p":0},"geometry":{"type":"Point","coordinates":[-88.97341,15.50488]}},{"type":"Feature","properties":{"n":"SAN GABRIEL","m":"MORALES","a":"Alta","p":0},"geometry":{"type":"Point","coordinates":[-88.8111,15.50738]}},{"type":"Feature","properties":{"n":"SAN AGUSTIN","m":"MORALES","a":"Baja","p":130},"geometry":{"type":"Point","coordinates":[-88.80952,15.50779]}},{"type":"Feature","properties":{"n":"VICENTE COZAA","m":"MORALES","a":"Baja","p":25},"geometry":{"type":"Point","coordinates":[-88.61634,15.50675]}},{"type":"Feature","properties":{"n":"BOCA ANCHA","m":"LOS AMATES","a":"Alta","p":274},"geometry":{"type":"Point","coordinates":[-88.98196,15.5109]}},{"type":"Feature","properties":{"n":"SAN JUAN DEL RIO","m":"MORALES","a":"Muy Alta","p":0},"geometry":{"type":"Point","coordinates":[-88.68664,15.50967]}},{"type":"Feature","properties":{"n":"SANTA ROSA LAS FLORES","m":"MORALES","a":"Muy Alta","p":93},"geometry":{"type":"Point","coordinates":[-88.80047,15.51086]}},{"type":"Feature","properties":{"n":"PE-ITAS","m":"MORALES","a":"Media","p":581},"geometry":{"type":"Point","coordinates":[-88.60046,15.50942]}},{"type":"Feature","properties":{"n":"MILLA TREINTIDOS","m":"MORALES","a":"Alta","p":58},"geometry":{"type":"Point","coordinates":[-88.79325,15.51117]}},{"type":"Feature","properties":{"n":"SANTA TERESA","m":"MORALES","a":"Media","p":0},"geometry":{"type":"Point","coordinates":[-88.62111,15.50986]}},{"type":"Feature","properties":{"n":"SANTA SOFIA","m":"MORALES","a":"Muy Alta","p":0},"geometry":{"type":"Point","coordinates":[-88.784,15.51127]}},{"type":"Feature","properties":{"n":"VALLE VERDE","m":"MORALES","a":"Alta","p":0},"geometry":{"type":"Point","coordinates":[-88.75911,15.51169]}},{"type":"Feature","properties":{"n":"SANT ROSA","m":"MORALES","a":"Media","p":0},"geometry":{"type":"Point","coordinates":[-88.80417,15.51326]}},{"type":"Feature","properties":{"n":"EL COCODRILO","m":"EL ESTOR","a":"Media","p":27},"geometry":{"type":"Point","coordinates":[-89.28409,15.51787]}},{"type":"Feature","properties":{"n":"PLANTA EXMIBAL","m":"EL ESTOR","a":"Media","p":0},"geometry":{"type":"Point","coordinates":[-89.36394,15.51927]}},{"type":"Feature","properties":{"n":"LA ESCONDIDA","m":"MORALES","a":"Muy Alta","p":0},"geometry":{"type":"Point","coordinates":[-88.66396,15.51496]}},{"type":"Feature","properties":{"n":"LAS DANTAS","m":"EL ESTOR","a":"Media","p":0},"geometry":{"type":"Point","coordinates":[-89.35836,15.52052]}},{"type":"Feature","properties":{"n":"RIO CHIQUITO","m":"MORALES","a":"Alta","p":0},"geometry":{"type":"Point","coordinates":[-88.61141,15.51712]}},{"type":"Feature","properties":{"n":"LAS FLORES","m":"MORALES","a":"Baja","p":491},"geometry":{"type":"Point","coordinates":[-88.79663,15.52048]}},{"type":"Feature","properties":{"n":"SAN FERNANDO CHINATAL","m":"CAHABON","a":"Baja","p":276},"geometry":{"type":"Point","coordinates":[-89.85787,15.52794]}},{"type":"Feature","properties":{"n":"CERRO AZUL","m":"MORALES","a":"Baja","p":163},"geometry":{"type":"Point","coordinates":[-88.78303,15.52505]}},{"type":"Feature","properties":{"n":"CARPUL","m":"MORALES","a":"Alta","p":0},"geometry":{"type":"Point","coordinates":[-88.59248,15.52373]}},{"type":"Feature","properties":{"n":"SAN JORGE","m":"EL ESTOR","a":"Media","p":0},"geometry":{"type":"Point","coordinates":[-89.321,15.53011]}},{"type":"Feature","properties":{"n":"GRANO DE ORO","m":"MORALES","a":"Baja","p":0},"geometry":{"type":"Point","coordinates":[-88.75795,15.52685]}},{"type":"Feature","properties":{"n":"BRASILIA","m":"MORALES","a":"Muy Alta","p":0},"geometry":{"type":"Point","coordinates":[-88.60793,15.52616]}},{"type":"Feature","properties":{"n":"LA VEGONA RIO NEGRO","m":"MORALES","a":"Alta","p":0},"geometry":{"type":"Point","coordinates":[-88.6383,15.52687]}},{"type":"Feature","properties":{"n":"EL CAYO","m":"EL ESTOR","a":"Baja","p":0},"geometry":{"type":"Point","coordinates":[-89.28903,15.53237]}},{"type":"Feature","properties":{"n":"EL ZAPATILLO","m":"EL ESTOR","a":"Baja","p":0},"geometry":{"type":"Point","coordinates":[-89.31187,15.53251]}},{"type":"Feature","properties":{"n":"NAVAJOA","m":"MORALES","a":"Baja","p":708},"geometry":{"type":"Point","coordinates":[-88.72266,15.52951]}},{"type":"Feature","properties":{"n":"SAN LUCAS","m":"MORALES","a":"Alta","p":0},"geometry":{"type":"Point","coordinates":[-88.69255,15.52941]}},{"type":"Feature","properties":{"n":"ALEJADRINA","m":"MORALES","a":"Muy Alta","p":0},"geometry":{"type":"Point","coordinates":[-88.59976,15.52943]}},{"type":"Feature","properties":{"n":"AMATILLO ABAJO","m":"MORALES","a":"Alta","p":0},"geometry":{"type":"Point","coordinates":[-88.9539,15.53282]}},{"type":"Feature","properties":{"n":"LA CHICLERA","m":"MORALES","a":"Muy Alta","p":0},"geometry":{"type":"Point","coordinates":[-88.70991,15.53199]}},{"type":"Feature","properties":{"n":"EL SAUCE","m":"EL ESTOR","a":"Media","p":394},"geometry":{"type":"Point","coordinates":[-89.27855,15.53638]}},{"type":"Feature","properties":{"n":"LAS DELICIAS","m":"EL ESTOR","a":"Media","p":0},"geometry":{"type":"Point","coordinates":[-89.27398,15.5378]}},{"type":"Feature","properties":{"n":"SANTA ISABEL","m":"EL ESTOR","a":"Baja","p":0},"geometry":{"type":"Point","coordinates":[-89.28677,15.53958]}},{"type":"Feature","properties":{"n":"CAYUGA","m":"MORALES","a":"Baja","p":1872},"geometry":{"type":"Point","coordinates":[-88.69973,15.53565]}},{"type":"Feature","properties":{"n":"CHIACAM","m":"SAN PEDRO CARCHA","a":"Baja","p":877},"geometry":{"type":"Point","coordinates":[-90.11161,15.54549]}},{"type":"Feature","properties":{"n":"SALAMACLECO","m":"EL ESTOR","a":"Alta","p":0},"geometry":{"type":"Point","coordinates":[-89.26021,15.543]}},{"type":"Feature","properties":{"n":"CHACHAGUALILLA","m":"PUERTO BARRIOS","a":"Media","p":191},"geometry":{"type":"Point","coordinates":[-88.50552,15.53831]}},{"type":"Feature","properties":{"n":"BELLA VISTA","m":"MORALES","a":"Alta","p":0},"geometry":{"type":"Point","coordinates":[-88.55375,15.53925]}},{"type":"Feature","properties":{"n":"CHIPOC","m":"CAHABON","a":"Baja","p":2274},"geometry":{"type":"Point","coordinates":[-89.92418,15.54708]}},{"type":"Feature","properties":{"n":"SIN NOMBRE","m":"EL ESTOR","a":"Media","p":0},"geometry":{"type":"Point","coordinates":[-89.29669,15.5446]}},{"type":"Feature","properties":{"n":"VIENA BRASILIA","m":"MORALES","a":"Muy Alta","p":0},"geometry":{"type":"Point","coordinates":[-88.55743,15.53944]}},{"type":"Feature","properties":{"n":"PICUATZ","m":"MORALES","a":"Baja","p":960},"geometry":{"type":"Point","coordinates":[-88.68057,15.54066]}},{"type":"Feature","properties":{"n":"RIO ZARCO","m":"EL ESTOR","a":"Media","p":210},"geometry":{"type":"Point","coordinates":[-89.29395,15.54547]}},{"type":"Feature","properties":{"n":"LANCETILLO","m":"CHICAMAN","a":"Alta","p":0},"geometry":{"type":"Point","coordinates":[-90.7287,15.55035]}},{"type":"Feature","properties":{"n":"ESMERALDA","m":"EL ESTOR","a":"Muy Alta","p":0},"geometry":{"type":"Point","coordinates":[-89.24475,15.54721]}},{"type":"Feature","properties":{"n":"LA ARENERA","m":"PUERTO BARRIOS","a":"Media","p":0},"geometry":{"type":"Point","coordinates":[-88.46349,15.54439]}},{"type":"Feature","properties":{"n":"EL ZOMPOPO","m":"MORALES","a":"Alta","p":0},"geometry":{"type":"Point","coordinates":[-88.57792,15.54695]}},{"type":"Feature","properties":{"n":"BUENOS AIRES","m":"MORALES","a":"Muy Alta","p":59},"geometry":{"type":"Point","coordinates":[-88.59427,15.54712]}},{"type":"Feature","properties":{"n":"EL RECREO","m":"EL ESTOR","a":"Baja","p":25},"geometry":{"type":"Point","coordinates":[-89.28887,15.55234]}},{"type":"Feature","properties":{"n":"PUNTA DE RIELES","m":"PUERTO BARRIOS","a":"Muy Alta","p":30},"geometry":{"type":"Point","coordinates":[-88.47397,15.54932]}},{"type":"Feature","properties":{"n":"LOS MURCIELAGOS","m":"LIVINGSTON","a":"Muy Alta","p":0},"geometry":{"type":"Point","coordinates":[-88.98569,15.55408]}},{"type":"Feature","properties":{"n":"PUNTA DE RIELES","m":"MORALES","a":"Muy Alta","p":0},"geometry":{"type":"Point","coordinates":[-88.5925,15.55114]}},{"type":"Feature","properties":{"n":"BARRANCA","m":"MORALES","a":"Alta","p":856},"geometry":{"type":"Point","coordinates":[-88.58962,15.55114]}},{"type":"Feature","properties":{"n":"EL POMO","m":"PUERTO BARRIOS","a":"Alta","p":0},"geometry":{"type":"Point","coordinates":[-88.55348,15.55259]}},{"type":"Feature","properties":{"n":"SECHUTA","m":"EL ESTOR","a":"Baja","p":0},"geometry":{"type":"Point","coordinates":[-89.44365,15.55885]}},{"type":"Feature","properties":{"n":"SAN FRANCISCO II","m":"MORALES","a":"Alta","p":0},"geometry":{"type":"Point","coordinates":[-88.58087,15.55316]}},{"type":"Feature","properties":{"n":"EL SAUCE, SALCHIJA O SALCHAJILA","m":"EL ESTOR","a":"Muy Alta","p":143},"geometry":{"type":"Point","coordinates":[-89.39901,15.56043]}},{"type":"Feature","properties":{"n":"SAMUTZ","m":"CHICAMAN","a":"Baja","p":114},"geometry":{"type":"Point","coordinates":[-90.71407,15.56322]}},{"type":"Feature","properties":{"n":"BOLA-OS","m":"MORALES","a":"Alta","p":0},"geometry":{"type":"Point","coordinates":[-88.55469,15.55492]}},{"type":"Feature","properties":{"n":"LURDES","m":"MORALES","a":"Alta","p":354},"geometry":{"type":"Point","coordinates":[-88.58118,15.55618]}},{"type":"Feature","properties":{"n":"ICACAL","m":"LIVINGSTON","a":"Alta","p":50},"geometry":{"type":"Point","coordinates":[-88.98665,15.55969]}},{"type":"Feature","properties":{"n":"VIENA","m":"MORALES","a":"Alta","p":0},"geometry":{"type":"Point","coordinates":[-88.56108,15.55677]}},{"type":"Feature","properties":{"n":"TENEDORES","m":"MORALES","a":"Alta","p":1156},"geometry":{"type":"Point","coordinates":[-88.62799,15.55736]}},{"type":"Feature","properties":{"n":"CHAMPAS CORRIENTES","m":"PUERTO BARRIOS","a":"Baja","p":420},"geometry":{"type":"Point","coordinates":[-88.43355,15.55571]}},{"type":"Feature","properties":{"n":"SELUIJA","m":"EL ESTOR","a":"Muy Alta","p":0},"geometry":{"type":"Point","coordinates":[-89.39571,15.56268]}},{"type":"Feature","properties":{"n":"GRANO DE ORO","m":"MORALES","a":"Alta","p":0},"geometry":{"type":"Point","coordinates":[-88.59528,15.55743]}},{"type":"Feature","properties":{"n":"MADRID","m":"MORALES","a":"Alta","p":0},"geometry":{"type":"Point","coordinates":[-88.55517,15.55823]}},{"type":"Feature","properties":{"n":"EL SEMILLERO","m":"MORALES","a":"Alta","p":0},"geometry":{"type":"Point","coordinates":[-88.5805,15.56101]}},{"type":"Feature","properties":{"n":"BUENOS AIRES","m":"LIVINGSTON","a":"Alta","p":1589},"geometry":{"type":"Point","coordinates":[-88.91893,15.5647]}},{"type":"Feature","properties":{"n":"BARCELONA","m":"MORALES","a":"Muy Alta","p":0},"geometry":{"type":"Point","coordinates":[-88.59036,15.56277]}},{"type":"Feature","properties":{"n":"MONTENEGRO","m":"EL ESTOR","a":"Media","p":0},"geometry":{"type":"Point","coordinates":[-89.23454,15.56751]}},{"type":"Feature","properties":{"n":"OMAGUA I","m":"MORALES","a":"Muy Alta","p":62},"geometry":{"type":"Point","coordinates":[-88.56473,15.56309]}},{"type":"Feature","properties":{"n":"EL INJERTO B","m":"LA LIBERTAD","a":"Baja","p":167},"geometry":{"type":"Point","coordinates":[-91.94497,15.56695]}},{"type":"Feature","properties":{"n":"ESMERALDA","m":"EL ESTOR","a":"Baja","p":70},"geometry":{"type":"Point","coordinates":[-89.2418,15.56835]}},{"type":"Feature","properties":{"n":"CHIMOTE","m":"COBAN","a":"Baja","p":253},"geometry":{"type":"Point","coordinates":[-90.3472,15.57245]}},{"type":"Feature","properties":{"n":"QUISIL","m":"SAN JUAN IXCOY","a":"Baja","p":959},"geometry":{"type":"Point","coordinates":[-91.40936,15.57065]}},{"type":"Feature","properties":{"n":"ARANA OSORIO","m":"LIVINGSTON","a":"Media","p":0},"geometry":{"type":"Point","coordinates":[-88.97279,15.56835]}},{"type":"Feature","properties":{"n":"OMAGUA II","m":"MORALES","a":"Muy Alta","p":269},"geometry":{"type":"Point","coordinates":[-88.56833,15.56524]}},{"type":"Feature","properties":{"n":"BUENA VISTA","m":"PUERTO BARRIOS","a":"Media","p":0},"geometry":{"type":"Point","coordinates":[-88.50205,15.56466]}},{"type":"Feature","properties":{"n":"VALDIZON","m":"LIVINGSTON","a":"Alta","p":0},"geometry":{"type":"Point","coordinates":[-88.97694,15.56896]}},{"type":"Feature","properties":{"n":"LONDRES","m":"MORALES","a":"Alta","p":5},"geometry":{"type":"Point","coordinates":[-88.56221,15.56594]}},{"type":"Feature","properties":{"n":"VILLA OTTO","m":"MORALES","a":"Alta","p":0},"geometry":{"type":"Point","coordinates":[-88.56476,15.56613]}},{"type":"Feature","properties":{"n":"SAN MARCOS","m":"LIVINGSTON","a":"Muy Alta","p":0},"geometry":{"type":"Point","coordinates":[-88.88939,15.56916]}},{"type":"Feature","properties":{"n":"EL PARAISO","m":"EL ESTOR","a":"Media","p":132},"geometry":{"type":"Point","coordinates":[-89.19725,15.57196]}},{"type":"Feature","properties":{"n":"MURCIELAGO Y ANEXO","m":"EL ESTOR","a":"Alta","p":242},"geometry":{"type":"Point","coordinates":[-89.14504,15.5727]}},{"type":"Feature","properties":{"n":"DUBLIN","m":"MORALES","a":"Alta","p":191},"geometry":{"type":"Point","coordinates":[-88.58758,15.56881]}},{"type":"Feature","properties":{"n":"MARBACH","m":"CAHABON","a":"Alta","p":102},"geometry":{"type":"Point","coordinates":[-89.77997,15.57622]}},{"type":"Feature","properties":{"n":"UTE","m":"PUERTO BARRIOS","a":"Media","p":137},"geometry":{"type":"Point","coordinates":[-88.50725,15.56875]}},{"type":"Feature","properties":{"n":"QUI-ONES","m":"PUERTO BARRIOS","a":"Baja","p":0},"geometry":{"type":"Point","coordinates":[-88.4306,15.5681]}},{"type":"Feature","properties":{"n":"LA MINERA O SAN JULIAN","m":"EL ESTOR","a":"Baja","p":19},"geometry":{"type":"Point","coordinates":[-89.22316,15.57483]}},{"type":"Feature","properties":{"n":"SAN LUIS","m":"MORALES","a":"Muy Alta","p":0},"geometry":{"type":"Point","coordinates":[-88.5656,15.57069]}},{"type":"Feature","properties":{"n":"CHICASA","m":"CAHABON","a":"Media","p":74},"geometry":{"type":"Point","coordinates":[-89.77782,15.57806]}},{"type":"Feature","properties":{"n":"EL MILAGRO","m":"LIVINGSTON","a":"Media","p":353},"geometry":{"type":"Point","coordinates":[-88.87611,15.57413]}},{"type":"Feature","properties":{"n":"BOLA-OS II","m":"MORALES","a":"Muy Alta","p":0},"geometry":{"type":"Point","coordinates":[-88.56725,15.57181]}},{"type":"Feature","properties":{"n":"TEPEZCUINTLE","m":"PUERTO BARRIOS","a":"Alta","p":0},"geometry":{"type":"Point","coordinates":[-88.48037,15.57112]}},{"type":"Feature","properties":{"n":"CHOLA","m":"TODOS SANTOS CUCHUMATANES","a":"Media","p":37},"geometry":{"type":"Point","coordinates":[-91.67475,15.57727]}},{"type":"Feature","properties":{"n":"SATAL CHIRREMOX SACOC I","m":"COBAN","a":"Baja","p":0},"geometry":{"type":"Point","coordinates":[-90.55796,15.58308]}},{"type":"Feature","properties":{"n":"SANTA ELISA","m":"LIVINGSTON","a":"Baja","p":0},"geometry":{"type":"Point","coordinates":[-88.96626,15.57783]}},{"type":"Feature","properties":{"n":"LA TANA","m":"USPANTAN","a":"Muy Alta","p":1237},"geometry":{"type":"Point","coordinates":[-90.82825,15.58312]}},{"type":"Feature","properties":{"n":"HORAL","m":"LIVINGSTON","a":"Baja","p":0},"geometry":{"type":"Point","coordinates":[-88.96047,15.57824]}},{"type":"Feature","properties":{"n":"CAMPAMENTO TENEDORES","m":"MORALES","a":"Alta","p":633},"geometry":{"type":"Point","coordinates":[-88.629,15.5761]}},{"type":"Feature","properties":{"n":"EL MANANTIAL","m":"PUERTO BARRIOS","a":"Media","p":0},"geometry":{"type":"Point","coordinates":[-88.43284,15.57466]}},{"type":"Feature","properties":{"n":"SANTA CRUZ","m":"LIVINGSTON","a":"Alta","p":62},"geometry":{"type":"Point","coordinates":[-89.09645,15.58017]}},{"type":"Feature","properties":{"n":"SANTA ROSA CHIVITE","m":"CAHABON","a":"Media","p":643},"geometry":{"type":"Point","coordinates":[-89.85525,15.5846]}},{"type":"Feature","properties":{"n":"SIN NOMBRE","m":"PUERTO BARRIOS","a":"Alta","p":0},"geometry":{"type":"Point","coordinates":[-88.44426,15.57635]}},{"type":"Feature","properties":{"n":"LA ENSENADA","m":"EL ESTOR","a":"Baja","p":628},"geometry":{"type":"Point","coordinates":[-89.18426,15.5825]}},{"type":"Feature","properties":{"n":"CHIOYAL","m":"CAHABON","a":"Alta","p":214},"geometry":{"type":"Point","coordinates":[-89.81113,15.58605]}},{"type":"Feature","properties":{"n":"RUBELPEC","m":"EL ESTOR","a":"Media","p":156},"geometry":{"type":"Point","coordinates":[-89.33264,15.58416]}},{"type":"Feature","properties":{"n":"SINTE","m":"EL ESTOR","a":"Baja","p":0},"geometry":{"type":"Point","coordinates":[-89.17791,15.58355]}},{"type":"Feature","properties":{"n":"BERLIN","m":"MORALES","a":"Muy Alta","p":119},"geometry":{"type":"Point","coordinates":[-88.56681,15.57933]}},{"type":"Feature","properties":{"n":"CIMARRON","m":"MORALES","a":"Baja","p":543},"geometry":{"type":"Point","coordinates":[-88.63829,15.57995]}},{"type":"Feature","properties":{"n":"MONTERRICO","m":"USPANTAN","a":"Muy Alta","p":0},"geometry":{"type":"Point","coordinates":[-90.84216,15.58849]}},{"type":"Feature","properties":{"n":"SANTA CRUZ","m":"EL ESTOR","a":"Muy Alta","p":44},"geometry":{"type":"Point","coordinates":[-89.10833,15.58453]}},{"type":"Feature","properties":{"n":"VICTORIA","m":"MORALES","a":"Alta","p":0},"geometry":{"type":"Point","coordinates":[-88.60026,15.5815]}},{"type":"Feature","properties":{"n":"CUMANA","m":"LIVINGSTON","a":"Muy Alta","p":0},"geometry":{"type":"Point","coordinates":[-88.95161,15.58491]}},{"type":"Feature","properties":{"n":"LA VEGA","m":"LIVINGSTON","a":"Alta","p":84},"geometry":{"type":"Point","coordinates":[-88.94269,15.58488]}},{"type":"Feature","properties":{"n":"EL CACAO","m":"PUERTO BARRIOS","a":"Media","p":505},"geometry":{"type":"Point","coordinates":[-88.44295,15.58163]}},{"type":"Feature","properties":{"n":"SAN FRANCISCO","m":"MORALES","a":"Muy Alta","p":1418},"geometry":{"type":"Point","coordinates":[-88.59397,15.5838]}},{"type":"Feature","properties":{"n":"SINAI","m":"MORALES","a":"Media","p":286},"geometry":{"type":"Point","coordinates":[-88.59939,15.5843]}},{"type":"Feature","properties":{"n":"MARRUECOS","m":"LIVINGSTON","a":"Media","p":0},"geometry":{"type":"Point","coordinates":[-89.08249,15.58886]}},{"type":"Feature","properties":{"n":"CHAMPONA","m":"MORALES","a":"Media","p":572},"geometry":{"type":"Point","coordinates":[-88.57248,15.58541]}},{"type":"Feature","properties":{"n":"CAIMANES","m":"LIVINGSTON","a":"Alta","p":151},"geometry":{"type":"Point","coordinates":[-89.07232,15.59041]}},{"type":"Feature","properties":{"n":"MARIANA","m":"PUERTO BARRIOS","a":"Media","p":214},"geometry":{"type":"Point","coordinates":[-88.48277,15.5874]}},{"type":"Feature","properties":{"n":"LA LAGUNA","m":"LIVINGSTON","a":"Media","p":0},"geometry":{"type":"Point","coordinates":[-89.09216,15.59245]}},{"type":"Feature","properties":{"n":"BALDIZAN","m":"LIVINGSTON","a":"Alta","p":31},"geometry":{"type":"Point","coordinates":[-88.9642,15.59336]}},{"type":"Feature","properties":{"n":"LA FLOR","m":"PUERTO BARRIOS","a":"Media","p":942},"geometry":{"type":"Point","coordinates":[-88.45068,15.58981]}},{"type":"Feature","properties":{"n":"SAN MARCOS","m":"LIVINGSTON","a":"Muy Alta","p":0},"geometry":{"type":"Point","coordinates":[-88.9653,15.59548]}},{"type":"Feature","properties":{"n":"NANZALES","m":"LIVINGSTON","a":"Baja","p":0},"geometry":{"type":"Point","coordinates":[-88.91263,15.59533]}},{"type":"Feature","properties":{"n":"SECCION CUATRO","m":"PUERTO BARRIOS","a":"Alta","p":0},"geometry":{"type":"Point","coordinates":[-88.55685,15.59312]}},{"type":"Feature","properties":{"n":"PUNTA DE LECHUGA","m":"LIVINGSTON","a":"Muy Alta","p":0},"geometry":{"type":"Point","coordinates":[-88.99713,15.59759]}},{"type":"Feature","properties":{"n":"SANTA ISABEL","m":"MORALES","a":"Baja","p":0},"geometry":{"type":"Point","coordinates":[-88.57265,15.59467]}},{"type":"Feature","properties":{"n":"CHAMA CONOB","m":"COBAN","a":"Alta","p":74},"geometry":{"type":"Point","coordinates":[-90.59524,15.60483]}},{"type":"Feature","properties":{"n":"UTHE","m":"PUERTO BARRIOS","a":"Alta","p":0},"geometry":{"type":"Point","coordinates":[-88.4805,15.59581]}},{"type":"Feature","properties":{"n":"BANDERAS","m":"PUERTO BARRIOS","a":"Media","p":0},"geometry":{"type":"Point","coordinates":[-88.37247,15.59747]}},{"type":"Feature","properties":{"n":"TORONJO","m":"LIVINGSTON","a":"Baja","p":0},"geometry":{"type":"Point","coordinates":[-89.07799,15.60344]}},{"type":"Feature","properties":{"n":"SESTEADERO","m":"PUERTO BARRIOS","a":"Alta","p":28},"geometry":{"type":"Point","coordinates":[-88.46767,15.59942]}},{"type":"Feature","properties":{"n":"UNIYA PACALA","m":"USPANTAN","a":"Baja","p":469},"geometry":{"type":"Point","coordinates":[-90.63184,15.60893]}},{"type":"Feature","properties":{"n":"ESTACION PECUARIA SANTO TOMAS DE CASTILLA","m":"PUERTO BARRIOS","a":"Media","p":0},"geometry":{"type":"Point","coordinates":[-88.56969,15.602]}},{"type":"Feature","properties":{"n":"EL PALMAR","m":"LA DEMOCRACIA","a":"Baja","p":72},"geometry":{"type":"Point","coordinates":[-91.93851,15.60689]}},{"type":"Feature","properties":{"n":"EL PALMAR","m":"CAHABON","a":"Alta","p":153},"geometry":{"type":"Point","coordinates":[-89.69892,15.61203]}},{"type":"Feature","properties":{"n":"EL PORVENIR","m":"MORALES","a":"Muy Alta","p":0},"geometry":{"type":"Point","coordinates":[-88.61124,15.6059]}},{"type":"Feature","properties":{"n":"RIO NUEVO","m":"PUERTO BARRIOS","a":"Media","p":0},"geometry":{"type":"Point","coordinates":[-88.44342,15.60474]}},{"type":"Feature","properties":{"n":"LA ISLA MOTAGUA","m":"PUERTO BARRIOS","a":"Muy Alta","p":0},"geometry":{"type":"Point","coordinates":[-88.44933,15.6049]}},{"type":"Feature","properties":{"n":"CANARIAS","m":"PUERTO BARRIOS","a":"Alta","p":0},"geometry":{"type":"Point","coordinates":[-88.47521,15.60563]}},{"type":"Feature","properties":{"n":"SAN FELIPE DE LAR EL COLORADO","m":"LIVINGSTON","a":"Alta","p":0},"geometry":{"type":"Point","coordinates":[-88.96717,15.60964]}},{"type":"Feature","properties":{"n":"CUARENTA","m":"MORALES","a":"Muy Alta","p":0},"geometry":{"type":"Point","coordinates":[-88.6091,15.60738]}},{"type":"Feature","properties":{"n":"MIRALA","m":"LIVINGSTON","a":"Muy Alta","p":0},"geometry":{"type":"Point","coordinates":[-89.10107,15.61124]}},{"type":"Feature","properties":{"n":"EL REMANSO","m":"LIVINGSTON","a":"Alta","p":0},"geometry":{"type":"Point","coordinates":[-89.10089,15.61276]}},{"type":"Feature","properties":{"n":"SECACAO","m":"EL ESTOR","a":"Muy Alta","p":32},"geometry":{"type":"Point","coordinates":[-89.15301,15.61344]}},{"type":"Feature","properties":{"n":"LA ESPERANZA","m":"PUERTO BARRIOS","a":"Muy Alta","p":0},"geometry":{"type":"Point","coordinates":[-88.45083,15.60971]}},{"type":"Feature","properties":{"n":"JOCOLO","m":"LIVINGSTON","a":"Media","p":143},"geometry":{"type":"Point","coordinates":[-89.05724,15.61576]}},{"type":"Feature","properties":{"n":"ESKIMO","m":"PUERTO BARRIOS","a":"Muy Alta","p":400},"geometry":{"type":"Point","coordinates":[-88.46402,15.61211]}},{"type":"Feature","properties":{"n":"LA MARINA","m":"PUERTO BARRIOS","a":"Muy Alta","p":0},"geometry":{"type":"Point","coordinates":[-88.46167,15.61376]}},{"type":"Feature","properties":{"n":"TALISMAN Y KALIMAN","m":"LIVINGSTON","a":"Baja","p":0},"geometry":{"type":"Point","coordinates":[-88.89832,15.61765]}},{"type":"Feature","properties":{"n":"JIMERITO","m":"PUERTO BARRIOS","a":"Alta","p":132},"geometry":{"type":"Point","coordinates":[-88.40379,15.61362]}},{"type":"Feature","properties":{"n":"CAMPO VERDE","m":"PUERTO BARRIOS","a":"Alta","p":581},"geometry":{"type":"Point","coordinates":[-88.48967,15.61473]}},{"type":"Feature","properties":{"n":"DOCTOR ORTEGA","m":"LIVINGSTON","a":"Muy Alta","p":0},"geometry":{"type":"Point","coordinates":[-88.98072,15.6191]}},{"type":"Feature","properties":{"n":"PATA NEGRA","m":"PUERTO BARRIOS","a":"Alta","p":0},"geometry":{"type":"Point","coordinates":[-88.49161,15.61526]}},{"type":"Feature","properties":{"n":"PROVIDENCIA","m":"PUERTO BARRIOS","a":"Muy Alta","p":0},"geometry":{"type":"Point","coordinates":[-88.47555,15.61512]}},{"type":"Feature","properties":{"n":"CREEK COLORADO","m":"LIVINGSTON","a":"Muy Alta","p":106},"geometry":{"type":"Point","coordinates":[-88.9711,15.61987]}},{"type":"Feature","properties":{"n":"XALIJA CHAMIL","m":"CAHABON","a":"Media","p":92},"geometry":{"type":"Point","coordinates":[-89.69811,15.62403]}},{"type":"Feature","properties":{"n":"VERACRUZ","m":"PUERTO BARRIOS","a":"Baja","p":693},"geometry":{"type":"Point","coordinates":[-88.55145,15.6172]}},{"type":"Feature","properties":{"n":"JOCOLO","m":"LIVINGSTON","a":"Baja","p":0},"geometry":{"type":"Point","coordinates":[-89.04375,15.62152]}},{"type":"Feature","properties":{"n":"CHINOOK","m":"PUERTO BARRIOS","a":"Media","p":995},"geometry":{"type":"Point","coordinates":[-88.45196,15.61765]}},{"type":"Feature","properties":{"n":"DE HUIS","m":"LIVINGSTON","a":"Media","p":0},"geometry":{"type":"Point","coordinates":[-88.92897,15.62264]}},{"type":"Feature","properties":{"n":"EL CINCHADO","m":"PUERTO BARRIOS","a":"Media","p":106},"geometry":{"type":"Point","coordinates":[-88.43205,15.61973]}},{"type":"Feature","properties":{"n":"YOLANDA","m":"PUERTO BARRIOS","a":"Alta","p":0},"geometry":{"type":"Point","coordinates":[-88.48702,15.621]}},{"type":"Feature","properties":{"n":"SANTA BARBARA","m":"PUERTO BARRIOS","a":"Muy Alta","p":0},"geometry":{"type":"Point","coordinates":[-88.54106,15.622]}},{"type":"Feature","properties":{"n":"YULA","m":"SOLOMA","a":"Baja","p":306},"geometry":{"type":"Point","coordinates":[-91.4015,15.62944]}},{"type":"Feature","properties":{"n":"LA COSTA LAGO COCALES","m":"LIVINGSTON","a":"Alta","p":63},"geometry":{"type":"Point","coordinates":[-89.02938,15.62647]}},{"type":"Feature","properties":{"n":"LOS PE-ASCOS ORDO-EZ","m":"LA DEMOCRACIA","a":"Baja","p":0},"geometry":{"type":"Point","coordinates":[-91.86315,15.62782]}},{"type":"Feature","properties":{"n":"NOGALES","m":"PUERTO BARRIOS","a":"Muy Alta","p":28},"geometry":{"type":"Point","coordinates":[-88.40089,15.62458]}},{"type":"Feature","properties":{"n":"LA ESPERANZA","m":"LIVINGSTON","a":"Media","p":0},"geometry":{"type":"Point","coordinates":[-89.02457,15.63033]}},{"type":"Feature","properties":{"n":"LA ESPERANZA","m":"LIVINGSTON","a":"Media","p":79},"geometry":{"type":"Point","coordinates":[-89.02144,15.63097]}},{"type":"Feature","properties":{"n":"LOUISIANA","m":"PUERTO BARRIOS","a":"Alta","p":410},"geometry":{"type":"Point","coordinates":[-88.42752,15.62806]}},{"type":"Feature","properties":{"n":"MESETAS","m":"PUERTO BARRIOS","a":"Muy Alta","p":0},"geometry":{"type":"Point","coordinates":[-88.40794,15.63169]}},{"type":"Feature","properties":{"n":"SAN FELIPE","m":"LIVINGSTON","a":"Media","p":1062},"geometry":{"type":"Point","coordinates":[-88.99979,15.63677]}},{"type":"Feature","properties":{"n":"BUENA ESPERANZA","m":"LIVINGSTON","a":"Baja","p":0},"geometry":{"type":"Point","coordinates":[-88.94904,15.63648]}},{"type":"Feature","properties":{"n":"ARIZONA","m":"PUERTO BARRIOS","a":"Alta","p":61},"geometry":{"type":"Point","coordinates":[-88.40163,15.63247]}},{"type":"Feature","properties":{"n":"PLACA I","m":"PUERTO BARRIOS","a":"Alta","p":2343},"geometry":{"type":"Point","coordinates":[-88.53222,15.6337]}},{"type":"Feature","properties":{"n":"LAS GAVIOTAS","m":"LIVINGSTON","a":"Muy Alta","p":0},"geometry":{"type":"Point","coordinates":[-88.9889,15.6385]}},{"type":"Feature","properties":{"n":"COOPERATIVA CHILTE","m":"COBAN","a":"Baja","p":0},"geometry":{"type":"Point","coordinates":[-90.38322,15.64663]}},{"type":"Feature","properties":{"n":"JUAN VICENTE","m":"LIVINGSTON","a":"Muy Alta","p":0},"geometry":{"type":"Point","coordinates":[-88.98011,15.6425]}},{"type":"Feature","properties":{"n":"KIKAPOO","m":"PUERTO BARRIOS","a":"Media","p":415},"geometry":{"type":"Point","coordinates":[-88.41726,15.63872]}},{"type":"Feature","properties":{"n":"SANTA ELENA","m":"PUERTO BARRIOS","a":"Muy Alta","p":0},"geometry":{"type":"Point","coordinates":[-88.44902,15.6397]}},{"type":"Feature","properties":{"n":"MANSION DEL RIO","m":"LIVINGSTON","a":"Baja","p":0},"geometry":{"type":"Point","coordinates":[-89.00403,15.64483]}},{"type":"Feature","properties":{"n":"ALABAMA","m":"PUERTO BARRIOS","a":"Muy Alta","p":0},"geometry":{"type":"Point","coordinates":[-88.39664,15.64048]}},{"type":"Feature","properties":{"n":"JOYA DE ORO","m":"LIVINGSTON","a":"Alta","p":33},"geometry":{"type":"Point","coordinates":[-88.96525,15.6454]}},{"type":"Feature","properties":{"n":"EL RETIRO","m":"PUERTO BARRIOS","a":"Muy Alta","p":0},"geometry":{"type":"Point","coordinates":[-88.49486,15.64228]}},{"type":"Feature","properties":{"n":"SAN  FRANCISCO","m":"PUERTO BARRIOS","a":"Alta","p":0},"geometry":{"type":"Point","coordinates":[-88.45544,15.64342]}},{"type":"Feature","properties":{"n":"MACHADOS","m":"LIVINGSTON","a":"Media","p":0},"geometry":{"type":"Point","coordinates":[-89.00185,15.64806]}},{"type":"Feature","properties":{"n":"YESENIA","m":"PUERTO BARRIOS","a":"Muy Alta","p":0},"geometry":{"type":"Point","coordinates":[-88.46056,15.64707]}},{"type":"Feature","properties":{"n":"LAS DELICIAS","m":"LIVINGSTON","a":"Media","p":0},"geometry":{"type":"Point","coordinates":[-89.00387,15.65169]}},{"type":"Feature","properties":{"n":"LAS DELICIAS","m":"LIVINGSTON","a":"Baja","p":0},"geometry":{"type":"Point","coordinates":[-89.00158,15.65336]}},{"type":"Feature","properties":{"n":"LA ESPERANZA","m":"LIVINGSTON","a":"Alta","p":0},"geometry":{"type":"Point","coordinates":[-89.00824,15.65543]}},{"type":"Feature","properties":{"n":"TURICENTRO MARIMONTE","m":"LIVINGSTON","a":"Media","p":0},"geometry":{"type":"Point","coordinates":[-88.99389,15.65553]}},{"type":"Feature","properties":{"n":"SANTA ISABEL","m":"PUERTO BARRIOS","a":"Alta","p":0},"geometry":{"type":"Point","coordinates":[-88.42901,15.65094]}},{"type":"Feature","properties":{"n":"EL RELLENO","m":"LIVINGSTON","a":"Muy Alta","p":291},"geometry":{"type":"Point","coordinates":[-88.99663,15.65656]}},{"type":"Feature","properties":{"n":"LA PALMA","m":"PUERTO BARRIOS","a":"Alta","p":0},"geometry":{"type":"Point","coordinates":[-88.3888,15.65204]}},{"type":"Feature","properties":{"n":"CHISAY","m":"COBAN","a":"Alta","p":208},"geometry":{"type":"Point","coordinates":[-90.37171,15.66294]}},{"type":"Feature","properties":{"n":"SAN FRANCISCO","m":"PUERTO BARRIOS","a":"Media","p":297},"geometry":{"type":"Point","coordinates":[-88.45953,15.65436]}},{"type":"Feature","properties":{"n":"SALITRE","m":"SOLOMA","a":"Baja","p":611},"geometry":{"type":"Point","coordinates":[-91.40633,15.66312]}},{"type":"Feature","properties":{"n":"MOJANALES","m":"PUERTO BARRIOS","a":"Muy Alta","p":121},"geometry":{"type":"Point","coordinates":[-88.37946,15.65474]}},{"type":"Feature","properties":{"n":"FRONTERAS","m":"LIVINGSTON","a":"Media","p":3974},"geometry":{"type":"Point","coordinates":[-89.00478,15.66138]}},{"type":"Feature","properties":{"n":"CUBILHUITZ","m":"COBAN","a":"Baja","p":711},"geometry":{"type":"Point","coordinates":[-90.42892,15.66808]}},{"type":"Feature","properties":{"n":"HOPI UNO Y DOS","m":"PUERTO BARRIOS","a":"Muy Alta","p":800},"geometry":{"type":"Point","coordinates":[-88.39736,15.65827]}},{"type":"Feature","properties":{"n":"HOTEL CATAMARAN","m":"LIVINGSTON","a":"Media","p":0},"geometry":{"type":"Point","coordinates":[-89.00177,15.66475]}},{"type":"Feature","properties":{"n":"SAMARIA","m":"PUERTO BARRIOS","a":"Alta","p":0},"geometry":{"type":"Point","coordinates":[-88.41191,15.66076]}},{"type":"Feature","properties":{"n":"CHICOY","m":"COBAN","a":"Muy Alta","p":130},"geometry":{"type":"Point","coordinates":[-90.35493,15.67213]}},{"type":"Feature","properties":{"n":"SAMUTZ SEPALAU","m":"COBAN","a":"Baja","p":380},"geometry":{"type":"Point","coordinates":[-90.58695,15.67241]}},{"type":"Feature","properties":{"n":"PATATE II","m":"SAN PEDRO CARCHA","a":"Media","p":0},"geometry":{"type":"Point","coordinates":[-90.33258,15.67276]}},{"type":"Feature","properties":{"n":"CINCO RANCHOS","m":"LIVINGSTON","a":"Baja","p":0},"geometry":{"type":"Point","coordinates":[-89.00121,15.66805]}},{"type":"Feature","properties":{"n":"CHAJ LAB  RIO MOJARRAS","m":"COBAN","a":"Media","p":249},"geometry":{"type":"Point","coordinates":[-90.44134,15.6743]}},{"type":"Feature","properties":{"n":"SECUA'CHIL","m":"COBAN","a":"Alta","p":25},"geometry":{"type":"Point","coordinates":[-90.57299,15.67493]}},{"type":"Feature","properties":{"n":"RIO FRIO","m":"LIVINGSTON","a":"Media","p":61},"geometry":{"type":"Point","coordinates":[-88.92266,15.66952]}},{"type":"Feature","properties":{"n":"PATATE I","m":"SAN PEDRO CARCHA","a":"Baja","p":62},"geometry":{"type":"Point","coordinates":[-90.33677,15.67642]}},{"type":"Feature","properties":{"n":"CANGUINIC","m":"COBAN","a":"Media","p":59},"geometry":{"type":"Point","coordinates":[-90.57958,15.67663]}},{"type":"Feature","properties":{"n":"RIO TINTO","m":"PUERTO BARRIOS","a":"Media","p":21},"geometry":{"type":"Point","coordinates":[-88.3256,15.66683]}},{"type":"Feature","properties":{"n":"LAS ILUSIONES","m":"PUERTO BARRIOS","a":"Alta","p":0},"geometry":{"type":"Point","coordinates":[-88.39762,15.67036]}},{"type":"Feature","properties":{"n":"LA ESMERALDA","m":"LIVINGSTON","a":"Media","p":733},"geometry":{"type":"Point","coordinates":[-88.98721,15.6764]}},{"type":"Feature","properties":{"n":"EL CARTAGO O POZA DEL MUERTO","m":"PUERTO BARRIOS","a":"Alta","p":0},"geometry":{"type":"Point","coordinates":[-88.44946,15.67216]}},{"type":"Feature","properties":{"n":"NUEVO PORVENIR","m":"COBAN","a":"Media","p":446},"geometry":{"type":"Point","coordinates":[-90.44348,15.68272]}},{"type":"Feature","properties":{"n":"EL MANGO","m":"LIVINGSTON","a":"Media","p":0},"geometry":{"type":"Point","coordinates":[-88.9808,15.67828]}},{"type":"Feature","properties":{"n":"DOLORES","m":"COBAN","a":"Alta","p":0},"geometry":{"type":"Point","coordinates":[-90.41237,15.6838]}},{"type":"Feature","properties":{"n":"SANTA ANA HUISTA","m":"SANTA ANA HUISTA","a":"Alta","p":1910},"geometry":{"type":"Point","coordinates":[-91.82174,15.68133]}},{"type":"Feature","properties":{"n":"LA LAGUNA","m":"PUERTO BARRIOS","a":"Alta","p":241},"geometry":{"type":"Point","coordinates":[-88.39113,15.67539]}},{"type":"Feature","properties":{"n":"CAYO PIEDRA","m":"LIVINGSTON","a":"Media","p":20},"geometry":{"type":"Point","coordinates":[-88.89855,15.67999]}},{"type":"Feature","properties":{"n":"PUNTA DE MARA-ON","m":"LIVINGSTON","a":"Muy Alta","p":0},"geometry":{"type":"Point","coordinates":[-88.9787,15.68195]}},{"type":"Feature","properties":{"n":"SAN JORGE","m":"LIVINGSTON","a":"Media","p":0},"geometry":{"type":"Point","coordinates":[-88.99729,15.68242]}},{"type":"Feature","properties":{"n":"CAMACHO","m":"LIVINGSTON","a":"Alta","p":0},"geometry":{"type":"Point","coordinates":[-88.9686,15.6833]}},{"type":"Feature","properties":{"n":"LAS PROMESAS","m":"COBAN","a":"Baja","p":360},"geometry":{"type":"Point","coordinates":[-90.43602,15.68911]}},{"type":"Feature","properties":{"n":"PITEROS I","m":"PUERTO BARRIOS","a":"Alta","p":381},"geometry":{"type":"Point","coordinates":[-88.492,15.68016]}},{"type":"Feature","properties":{"n":"CASA GUATEMALA O BRISAS DEL GOLFETE","m":"LIVINGSTON","a":"Alta","p":0},"geometry":{"type":"Point","coordinates":[-88.94355,15.68388]}},{"type":"Feature","properties":{"n":"LAS VEGAS","m":"PUERTO BARRIOS","a":"Alta","p":321},"geometry":{"type":"Point","coordinates":[-88.33181,15.67906]}},{"type":"Feature","properties":{"n":"PIEDRAS NEGRAS","m":"PUERTO BARRIOS","a":"Baja","p":3610},"geometry":{"type":"Point","coordinates":[-88.60014,15.68255]}},{"type":"Feature","properties":{"n":"SANTO TOMAS DE CASTILLA","m":"PUERTO BARRIOS","a":"Baja","p":6377},"geometry":{"type":"Point","coordinates":[-88.622,15.68395]}},{"type":"Feature","properties":{"n":"EL MANANTIAL","m":"PUERTO BARRIOS","a":"Media","p":1167},"geometry":{"type":"Point","coordinates":[-88.62777,15.68477]}},{"type":"Feature","properties":{"n":"LA REPEGUA","m":"PUERTO BARRIOS","a":"Baja","p":816},"geometry":{"type":"Point","coordinates":[-88.60055,15.68576]}},{"type":"Feature","properties":{"n":"LAS FLORES","m":"PUERTO BARRIOS","a":"Muy Alta","p":763},"geometry":{"type":"Point","coordinates":[-88.62627,15.68683]}},{"type":"Feature","properties":{"n":"LAS PALMERAS","m":"PUERTO BARRIOS","a":"Alta","p":0},"geometry":{"type":"Point","coordinates":[-88.62462,15.68711]}},{"type":"Feature","properties":{"n":"BANVI II","m":"PUERTO BARRIOS","a":"Baja","p":830},"geometry":{"type":"Point","coordinates":[-88.61501,15.68705]}},{"type":"Feature","properties":{"n":"SEJA","m":"LIVINGSTON","a":"Muy Alta","p":0},"geometry":{"type":"Point","coordinates":[-88.97926,15.69007]}},{"type":"Feature","properties":{"n":"LOP","m":"SANTA ANA HUISTA","a":"Baja","p":269},"geometry":{"type":"Point","coordinates":[-91.83282,15.69141]}},{"type":"Feature","properties":{"n":"SAN ANDRES","m":"PUERTO BARRIOS","a":"Media","p":1064},"geometry":{"type":"Point","coordinates":[-88.60534,15.6873]}},{"type":"Feature","properties":{"n":"EL PUEBLITO","m":"PUERTO BARRIOS","a":"Media","p":835},"geometry":{"type":"Point","coordinates":[-88.62691,15.68751]}},{"type":"Feature","properties":{"n":"MARIA LUISA I Y II","m":"PUERTO BARRIOS","a":"Baja","p":448},"geometry":{"type":"Point","coordinates":[-88.61027,15.68823]}},{"type":"Feature","properties":{"n":"BANVI I","m":"PUERTO BARRIOS","a":"Baja","p":0},"geometry":{"type":"Point","coordinates":[-88.61444,15.68828]}},{"type":"Feature","properties":{"n":"RIO BONITO","m":"LIVINGSTON","a":"Media","p":0},"geometry":{"type":"Point","coordinates":[-88.87176,15.69092]}},{"type":"Feature","properties":{"n":"SAN FELIPE","m":"PUERTO BARRIOS","a":"Media","p":0},"geometry":{"type":"Point","coordinates":[-88.48024,15.68808]}},{"type":"Feature","properties":{"n":"QUINCE DE ABRIL","m":"PUERTO BARRIOS","a":"Media","p":0},"geometry":{"type":"Point","coordinates":[-88.61324,15.68939]}},{"type":"Feature","properties":{"n":"CANIJA II","m":"COBAN","a":"Media","p":0},"geometry":{"type":"Point","coordinates":[-90.5861,15.69869]}},{"type":"Feature","properties":{"n":"SETANIA II","m":"COBAN","a":"Alta","p":192},"geometry":{"type":"Point","coordinates":[-90.51781,15.69899]}},{"type":"Feature","properties":{"n":"CAYO VIEJO","m":"PUERTO BARRIOS","a":"Alta","p":0},"geometry":{"type":"Point","coordinates":[-88.26534,15.68774]}},{"type":"Feature","properties":{"n":"REYNA","m":"PUERTO BARRIOS","a":"Media","p":0},"geometry":{"type":"Point","coordinates":[-88.42894,15.68991]}},{"type":"Feature","properties":{"n":"RIO BONITO","m":"LIVINGSTON","a":"Baja","p":0},"geometry":{"type":"Point","coordinates":[-88.87045,15.69378]}},{"type":"Feature","properties":{"n":"GUACHIPILIN","m":"SANTA ANA HUISTA","a":"Baja","p":0},"geometry":{"type":"Point","coordinates":[-91.84744,15.69598]}},{"type":"Feature","properties":{"n":"LA FORTEZA O FORTALEZA","m":"PUERTO BARRIOS","a":"Media","p":300},"geometry":{"type":"Point","coordinates":[-88.61426,15.69206]}},{"type":"Feature","properties":{"n":"TIERRA ESCONDIDA","m":"PUERTO BARRIOS","a":"Alta","p":0},"geometry":{"type":"Point","coordinates":[-88.4291,15.69123]}},{"type":"Feature","properties":{"n":"EL PARAISO","m":"PUERTO BARRIOS","a":"Muy Alta","p":0},"geometry":{"type":"Point","coordinates":[-88.27542,15.68981]}},{"type":"Feature","properties":{"n":"SANDOVAL","m":"PUERTO BARRIOS","a":"Muy Alta","p":0},"geometry":{"type":"Point","coordinates":[-88.44145,15.69264]}},{"type":"Feature","properties":{"n":"INCA","m":"PUERTO BARRIOS","a":"Alta","p":298},"geometry":{"type":"Point","coordinates":[-88.35049,15.69211]}},{"type":"Feature","properties":{"n":"SAN MANUEL","m":"PUERTO BARRIOS","a":"Media","p":2429},"geometry":{"type":"Point","coordinates":[-88.58755,15.69509]}},{"type":"Feature","properties":{"n":"LAS MERCEDES II","m":"LIVINGSTON","a":"Media","p":0},"geometry":{"type":"Point","coordinates":[-89.01144,15.69856]}},{"type":"Feature","properties":{"n":"SANTA ELENA COPON","m":"IXCAN","a":"Baja","p":257},"geometry":{"type":"Point","coordinates":[-90.87788,15.70638]}},{"type":"Feature","properties":{"n":"VUELTA GRANDE","m":"PUERTO BARRIOS","a":"Alta","p":0},"geometry":{"type":"Point","coordinates":[-88.4273,15.69774]}},{"type":"Feature","properties":{"n":"SAN MANUEL BETHANIA","m":"PUERTO BARRIOS","a":"Media","p":943},"geometry":{"type":"Point","coordinates":[-88.58421,15.69935]}},{"type":"Feature","properties":{"n":"MERCEDES","m":"LIVINGSTON","a":"Baja","p":0},"geometry":{"type":"Point","coordinates":[-89.02284,15.70326]}},{"type":"Feature","properties":{"n":"TIERRA LINDA","m":"PUERTO BARRIOS","a":"Media","p":0},"geometry":{"type":"Point","coordinates":[-88.42979,15.6985]}},{"type":"Feature","properties":{"n":"LOS QUINELES","m":"PUERTO BARRIOS","a":"Muy Alta","p":35},"geometry":{"type":"Point","coordinates":[-88.29547,15.69797]}},{"type":"Feature","properties":{"n":"EL REMOLINO","m":"PUERTO BARRIOS","a":"Alta","p":0},"geometry":{"type":"Point","coordinates":[-88.41932,15.70001]}},{"type":"Feature","properties":{"n":"LAS BRISAS","m":"PUERTO BARRIOS","a":"Muy Alta","p":0},"geometry":{"type":"Point","coordinates":[-88.3311,15.69983]}},{"type":"Feature","properties":{"n":"SAN FRANCISCO","m":"PUERTO BARRIOS","a":"Media","p":0},"geometry":{"type":"Point","coordinates":[-88.42688,15.70093]}},{"type":"Feature","properties":{"n":"YAMPIO","m":"PUERTO BARRIOS","a":"Muy Alta","p":0},"geometry":{"type":"Point","coordinates":[-88.47155,15.70171]}},{"type":"Feature","properties":{"n":"NUEVO AMANECER","m":"COBAN","a":"Baja","p":132},"geometry":{"type":"Point","coordinates":[-90.47533,15.71144]}},{"type":"Feature","properties":{"n":"PAUJIL","m":"LIVINGSTON","a":"Muy Alta","p":0},"geometry":{"type":"Point","coordinates":[-88.87753,15.70577]}},{"type":"Feature","properties":{"n":"BRISAS DEL MAR","m":"PUERTO BARRIOS","a":"Alta","p":0},"geometry":{"type":"Point","coordinates":[-88.58922,15.70462]}},{"type":"Feature","properties":{"n":"LA REFINERIA O EL MITCH","m":"PUERTO BARRIOS","a":"Media","p":868},"geometry":{"type":"Point","coordinates":[-88.58339,15.70464]}},{"type":"Feature","properties":{"n":"PITEROS II","m":"PUERTO BARRIOS","a":"Muy Alta","p":119},"geometry":{"type":"Point","coordinates":[-88.44771,15.70403]}},{"type":"Feature","properties":{"n":"LUIS TORRES","m":"PUERTO BARRIOS","a":"Muy Alta","p":0},"geometry":{"type":"Point","coordinates":[-88.41074,15.7037]}},{"type":"Feature","properties":{"n":"OCAN","m":"LIVINGSTON","a":"Media","p":0},"geometry":{"type":"Point","coordinates":[-88.97809,15.70865]}},{"type":"Feature","properties":{"n":"OXLAJU CHAJOM","m":"CHAHAL","a":"Media","p":157},"geometry":{"type":"Point","coordinates":[-89.55339,15.7133]}},{"type":"Feature","properties":{"n":"POBLACION DISPERSA","m":"PUERTO BARRIOS","a":"Baja","p":270},"geometry":{"type":"Point","coordinates":[-88.58368,15.70729]}},{"type":"Feature","properties":{"n":"REFINERIA GUATCAL COBIGUA","m":"PUERTO BARRIOS","a":"Baja","p":604},"geometry":{"type":"Point","coordinates":[-88.58835,15.70843]}},{"type":"Feature","properties":{"n":"ISRAEL","m":"COBAN","a":"Alta","p":240},"geometry":{"type":"Point","coordinates":[-90.45754,15.7169]}},{"type":"Feature","properties":{"n":"LA PERIFERICA","m":"PUERTO BARRIOS","a":"Baja","p":0},"geometry":{"type":"Point","coordinates":[-88.57071,15.70842]}},{"type":"Feature","properties":{"n":"EL QUETZALITO","m":"PUERTO BARRIOS","a":"Alta","p":0},"geometry":{"type":"Point","coordinates":[-88.25255,15.70759]}},{"type":"Feature","properties":{"n":"MEDIA LUNA","m":"PUERTO BARRIOS","a":"Muy Alta","p":112},"geometry":{"type":"Point","coordinates":[-88.3124,15.70827]}},{"type":"Feature","properties":{"n":"SAN JUAN CERVANTES","m":"PUERTO BARRIOS","a":"Muy Alta","p":0},"geometry":{"type":"Point","coordinates":[-88.41061,15.70952]}},{"type":"Feature","properties":{"n":"MAYALAND","m":"PUERTO BARRIOS","a":"Alta","p":0},"geometry":{"type":"Point","coordinates":[-88.47864,15.71053]}},{"type":"Feature","properties":{"n":"PANTANAL","m":"PUERTO BARRIOS","a":"Alta","p":156},"geometry":{"type":"Point","coordinates":[-88.59258,15.71197]}},{"type":"Feature","properties":{"n":"LA GLORIA","m":"PUERTO BARRIOS","a":"Alta","p":0},"geometry":{"type":"Point","coordinates":[-88.35216,15.71013]}},{"type":"Feature","properties":{"n":"LA CEIBA","m":"PUERTO BARRIOS","a":"Baja","p":0},"geometry":{"type":"Point","coordinates":[-88.58993,15.71286]}},{"type":"Feature","properties":{"n":"VALLE VERDE","m":"SAN PEDRO CARCHA","a":"Alta","p":0},"geometry":{"type":"Point","coordinates":[-89.93844,15.72167]}},{"type":"Feature","properties":{"n":"QUIEBRA PEZCUESO","m":"PUERTO BARRIOS","a":"Media","p":0},"geometry":{"type":"Point","coordinates":[-88.64713,15.71468]}},{"type":"Feature","properties":{"n":"LAS PALMERAS","m":"PUERTO BARRIOS","a":"Alta","p":0},"geometry":{"type":"Point","coordinates":[-88.33801,15.71379]}},{"type":"Feature","properties":{"n":"FLOR DEL CAIBO","m":"LIVINGSTON","a":"Alta","p":0},"geometry":{"type":"Point","coordinates":[-88.93645,15.7189]}},{"type":"Feature","properties":{"n":"SEMOCOCH","m":"FRAY BARTOLOME DE LAS CASAS","a":"Alta","p":0},"geometry":{"type":"Point","coordinates":[-89.93816,15.72405]}},{"type":"Feature","properties":{"n":"LA ROMANA","m":"PUERTO BARRIOS","a":"Alta","p":0},"geometry":{"type":"Point","coordinates":[-88.64714,15.72031]}},{"type":"Feature","properties":{"n":"VIRGINIA","m":"PUERTO BARRIOS","a":"Alta","p":1356},"geometry":{"type":"Point","coordinates":[-88.6008,15.71993]}},{"type":"Feature","properties":{"n":"EL RANCHO","m":"COBAN","a":"Media","p":47},"geometry":{"type":"Point","coordinates":[-90.74793,15.72861]}},{"type":"Feature","properties":{"n":"SIN NOMBRE","m":"PUERTO BARRIOS","a":"Alta","p":0},"geometry":{"type":"Point","coordinates":[-88.35631,15.71972]}},{"type":"Feature","properties":{"n":"XALAJA CANGUINIC","m":"COBAN","a":"Media","p":52},"geometry":{"type":"Point","coordinates":[-90.50152,15.7304]}},{"type":"Feature","properties":{"n":"RIO CREEK 4 CAYOS","m":"LIVINGSTON","a":"Media","p":55},"geometry":{"type":"Point","coordinates":[-88.94553,15.72536]}},{"type":"Feature","properties":{"n":"BELEN","m":"PUERTO BARRIOS","a":"Alta","p":0},"geometry":{"type":"Point","coordinates":[-88.59996,15.72289]}},{"type":"Feature","properties":{"n":"EL PROGRESO","m":"PUERTO BARRIOS","a":"Alta","p":656},"geometry":{"type":"Point","coordinates":[-88.60316,15.72384]}},{"type":"Feature","properties":{"n":"LA IZABEL","m":"LIVINGSTON","a":"Muy Alta","p":0},"geometry":{"type":"Point","coordinates":[-89.0581,15.72803]}},{"type":"Feature","properties":{"n":"EL SAUCE","m":"PUERTO BARRIOS","a":"Muy Alta","p":0},"geometry":{"type":"Point","coordinates":[-88.36382,15.72257]}},{"type":"Feature","properties":{"n":"EL NAZARENO","m":"IXCAN","a":"Baja","p":84},"geometry":{"type":"Point","coordinates":[-90.78234,15.73318]}},{"type":"Feature","properties":{"n":"EL ROSARIO","m":"COBAN","a":"Baja","p":81},"geometry":{"type":"Point","coordinates":[-90.77802,15.7335]}},{"type":"Feature","properties":{"n":"LA GLORIA","m":"LIVINGSTON","a":"Alta","p":0},"geometry":{"type":"Point","coordinates":[-89.00083,15.72878]}},{"type":"Feature","properties":{"n":"SAN HUMBERTO","m":"LIVINGSTON","a":"Alta","p":0},"geometry":{"type":"Point","coordinates":[-89.01765,15.72911]}},{"type":"Feature","properties":{"n":"EL ESFUERZO","m":"PUERTO BARRIOS","a":"Alta","p":0},"geometry":{"type":"Point","coordinates":[-88.60226,15.72603]}},{"type":"Feature","properties":{"n":"HIGUERITO SAN GIL","m":"LIVINGSTON","a":"Alta","p":0},"geometry":{"type":"Point","coordinates":[-88.84807,15.7283]}},{"type":"Feature","properties":{"n":"EL QUETZALITO O BARRA DEL MOTAGUA","m":"PUERTO BARRIOS","a":"Alta","p":198},"geometry":{"type":"Point","coordinates":[-88.28388,15.72344]}},{"type":"Feature","properties":{"n":"REFINSA LA CIENEGA","m":"LIVINGSTON","a":"Alta","p":20},"geometry":{"type":"Point","coordinates":[-89.07952,15.73045]}},{"type":"Feature","properties":{"n":"SESAB","m":"SAN PEDRO CARCHA","a":"Baja","p":187},"geometry":{"type":"Point","coordinates":[-90.11731,15.73474]}},{"type":"Feature","properties":{"n":"NI-A BONITA","m":"PUERTO BARRIOS","a":"Muy Alta","p":0},"geometry":{"type":"Point","coordinates":[-88.35198,15.72553]}},{"type":"Feature","properties":{"n":"PUERTO BARRIOS","m":"PUERTO BARRIOS","a":"Alta","p":27652},"geometry":{"type":"Point","coordinates":[-88.59411,15.72781]}},{"type":"Feature","properties":{"n":"LA ESPERANZA","m":"PUERTO BARRIOS","a":"Baja","p":161},"geometry":{"type":"Point","coordinates":[-88.64432,15.72842]}},{"type":"Feature","properties":{"n":"CABO LEE","m":"PUERTO BARRIOS","a":"Muy Alta","p":0},"geometry":{"type":"Point","coordinates":[-88.60243,15.7281]}},{"type":"Feature","properties":{"n":"SECOLAY","m":"FRAY BARTOLOME DE LAS CASAS","a":"Baja","p":284},"geometry":{"type":"Point","coordinates":[-89.74977,15.73559]}},{"type":"Feature","properties":{"n":"EL CIMARRONCITO","m":"LIVINGSTON","a":"Baja","p":99},"geometry":{"type":"Point","coordinates":[-88.97907,15.73223]}},{"type":"Feature","properties":{"n":"ERIVON","m":"LIVINGSTON","a":"Muy Alta","p":0},"geometry":{"type":"Point","coordinates":[-89.06468,15.73342]}},{"type":"Feature","properties":{"n":"LOS VASQUEZ","m":"LIVINGSTON","a":"Baja","p":0},"geometry":{"type":"Point","coordinates":[-89.02991,15.73502]}},{"type":"Feature","properties":{"n":"LA MANZANITA","m":"LIVINGSTON","a":"Alta","p":0},"geometry":{"type":"Point","coordinates":[-88.83604,15.73383]}},{"type":"Feature","properties":{"n":"PUNTA ARENA","m":"LIVINGSTON","a":"Baja","p":191},"geometry":{"type":"Point","coordinates":[-88.91946,15.73504]}},{"type":"Feature","properties":{"n":"GUAPINOL","m":"CHISEC","a":"Media","p":229},"geometry":{"type":"Point","coordinates":[-90.02316,15.7411]}},{"type":"Feature","properties":{"n":"BLANCO CREEK","m":"LIVINGSTON","a":"Media","p":0},"geometry":{"type":"Point","coordinates":[-88.81947,15.73585]}},{"type":"Feature","properties":{"n":"TAMAJA","m":"LIVINGSTON","a":"Media","p":141},"geometry":{"type":"Point","coordinates":[-88.79871,15.73586]}},{"type":"Feature","properties":{"n":"SAN FRANCISCO","m":"LIVINGSTON","a":"Media","p":0},"geometry":{"type":"Point","coordinates":[-89.09542,15.73819]}},{"type":"Feature","properties":{"n":"SECACAJ","m":"FRAY BARTOLOME DE LAS CASAS","a":"Media","p":78},"geometry":{"type":"Point","coordinates":[-89.83212,15.74274]}},{"type":"Feature","properties":{"n":"SEPAC","m":"CHAHAL","a":"Baja","p":329},"geometry":{"type":"Point","coordinates":[-89.62843,15.74259]}},{"type":"Feature","properties":{"n":"EL NARANJO","m":"PUERTO BARRIOS","a":"Muy Alta","p":0},"geometry":{"type":"Point","coordinates":[-88.34542,15.73481]}},{"type":"Feature","properties":{"n":"LA COCONA","m":"PUERTO BARRIOS","a":"Media","p":477},"geometry":{"type":"Point","coordinates":[-88.68609,15.74041]}},{"type":"Feature","properties":{"n":"NUEVO SAN CARLOS","m":"PUERTO BARRIOS","a":"Alta","p":0},"geometry":{"type":"Point","coordinates":[-88.65683,15.7421]}},{"type":"Feature","properties":{"n":"RANCHO GRANDE","m":"LIVINGSTON","a":"Media","p":0},"geometry":{"type":"Point","coordinates":[-88.9005,15.74485]}},{"type":"Feature","properties":{"n":"PAICONOP","m":"SANTA EULALIA","a":"Baja","p":710},"geometry":{"type":"Point","coordinates":[-91.43101,15.74922]}},{"type":"Feature","properties":{"n":"SOSELA CHINAJU","m":"FRAY BARTOLOME DE LAS CASAS","a":"Baja","p":0},"geometry":{"type":"Point","coordinates":[-89.65959,15.7527]}},{"type":"Feature","properties":{"n":"SEMOX III ANEXO","m":"SAN PEDRO CARCHA","a":"Baja","p":153},"geometry":{"type":"Point","coordinates":[-90.07388,15.7542]}},{"type":"Feature","properties":{"n":"EL HIGUERITO","m":"LIVINGSTON","a":"Media","p":0},"geometry":{"type":"Point","coordinates":[-88.84155,15.7484]}},{"type":"Feature","properties":{"n":"SEMUY SINCHEJ O SINCHEU","m":"FRAY BARTOLOME DE LAS CASAS","a":"Baja","p":279},"geometry":{"type":"Point","coordinates":[-89.85391,15.75397]}},{"type":"Feature","properties":{"n":"BUENA VISTA","m":"LIVINGSTON","a":"Media","p":0},"geometry":{"type":"Point","coordinates":[-88.84104,15.74973]}},{"type":"Feature","properties":{"n":"SAN ANDRES","m":"PUERTO BARRIOS","a":"Baja","p":0},"geometry":{"type":"Point","coordinates":[-88.65834,15.74845]}},{"type":"Feature","properties":{"n":"EL COCO","m":"PUERTO BARRIOS","a":"Media","p":0},"geometry":{"type":"Point","coordinates":[-88.64103,15.74995]}},{"type":"Feature","properties":{"n":"VIRGINIA","m":"PUERTO BARRIOS","a":"Muy Alta","p":0},"geometry":{"type":"Point","coordinates":[-88.38999,15.74837]}},{"type":"Feature","properties":{"n":"SAN JUAN BOSCO","m":"SAN PEDRO CARCHA","a":"Alta","p":252},"geometry":{"type":"Point","coordinates":[-90.09184,15.75825]}},{"type":"Feature","properties":{"n":"PLAYA LAMPARA","m":"LIVINGSTON","a":"Baja","p":0},"geometry":{"type":"Point","coordinates":[-88.78311,15.75323]}},{"type":"Feature","properties":{"n":"SEQUIXPEC","m":"SAN PEDRO CARCHA","a":"Media","p":277},"geometry":{"type":"Point","coordinates":[-90.13319,15.75986]}},{"type":"Feature","properties":{"n":"XALA","m":"CHAHAL","a":"Alta","p":0},"geometry":{"type":"Point","coordinates":[-89.5341,15.75819]}},{"type":"Feature","properties":{"n":"SAN PABLO COMUNJA","m":"FRAY BARTOLOME DE LAS CASAS","a":"Media","p":423},"geometry":{"type":"Point","coordinates":[-89.69916,15.75949]}},{"type":"Feature","properties":{"n":"SESINCHEU","m":"CHAHAL","a":"Baja","p":262},"geometry":{"type":"Point","coordinates":[-89.53136,15.75916]}},{"type":"Feature","properties":{"n":"CAPIJA","m":"COBAN","a":"Media","p":0},"geometry":{"type":"Point","coordinates":[-90.5173,15.76133]}},{"type":"Feature","properties":{"n":"SAN ISIDRO","m":"PUERTO BARRIOS","a":"Baja","p":0},"geometry":{"type":"Point","coordinates":[-88.64785,15.75348]}},{"type":"Feature","properties":{"n":"SAHILA","m":"LIVINGSTON","a":"Muy Alta","p":897},"geometry":{"type":"Point","coordinates":[-89.1175,15.7581]}},{"type":"Feature","properties":{"n":"LA CALERA","m":"LIVINGSTON","a":"Baja","p":0},"geometry":{"type":"Point","coordinates":[-88.83753,15.75651]}},{"type":"Feature","properties":{"n":"LAMPARA","m":"LIVINGSTON","a":"Muy Alta","p":0},"geometry":{"type":"Point","coordinates":[-88.78971,15.7562]}},{"type":"Feature","properties":{"n":"EL TRIUNFO","m":"PUERTO BARRIOS","a":"Alta","p":0},"geometry":{"type":"Point","coordinates":[-88.41687,15.75316]}},{"type":"Feature","properties":{"n":"GALLITO","m":"LIVINGSTON","a":"Baja","p":0},"geometry":{"type":"Point","coordinates":[-88.83411,15.7574]}},{"type":"Feature","properties":{"n":"TAPILA","m":"SAN PEDRO CARCHA","a":"Media","p":367},"geometry":{"type":"Point","coordinates":[-90.10964,15.76461]}},{"type":"Feature","properties":{"n":"CASTULO CREEK","m":"LIVINGSTON","a":"Alta","p":92},"geometry":{"type":"Point","coordinates":[-88.94279,15.76028]}},{"type":"Feature","properties":{"n":"VALENZUELA","m":"LIVINGSTON","a":"Media","p":0},"geometry":{"type":"Point","coordinates":[-88.97289,15.76131]}},{"type":"Feature","properties":{"n":"CAYO VICTORIA","m":"LIVINGSTON","a":"Media","p":0},"geometry":{"type":"Point","coordinates":[-88.83146,15.7613]}},{"type":"Feature","properties":{"n":"EL COCO","m":"LIVINGSTON","a":"Muy Alta","p":22},"geometry":{"type":"Point","coordinates":[-88.93051,15.76242]}},{"type":"Feature","properties":{"n":"MACHACAS DEL MAR","m":"PUERTO BARRIOS","a":"Alta","p":168},"geometry":{"type":"Point","coordinates":[-88.53655,15.76288]}},{"type":"Feature","properties":{"n":"OJO DE AGUA","m":"CHAHAL","a":"Alta","p":0},"geometry":{"type":"Point","coordinates":[-89.63726,15.77114]}},{"type":"Feature","properties":{"n":"CHINA COBEJA","m":"FRAY BARTOLOME DE LAS CASAS","a":"Media","p":664},"geometry":{"type":"Point","coordinates":[-89.78464,15.77195]}},{"type":"Feature","properties":{"n":"SIN NOMBRE","m":"LIVINGSTON","a":"Media","p":0},"geometry":{"type":"Point","coordinates":[-88.97355,15.76808]}},{"type":"Feature","properties":{"n":"SAN ANTONIO TZEJA","m":"IXCAN","a":"Baja","p":915},"geometry":{"type":"Point","coordinates":[-90.94736,15.77305]}},{"type":"Feature","properties":{"n":"SAN PEDRO CANAN","m":"COBAN","a":"Baja","p":448},"geometry":{"type":"Point","coordinates":[-90.50278,15.7739]}},{"type":"Feature","properties":{"n":"SESAJAR","m":"CHAHAL","a":"Baja","p":0},"geometry":{"type":"Point","coordinates":[-89.4919,15.77227]}},{"type":"Feature","properties":{"n":"SANTA ROSA","m":"LIVINGSTON","a":"Alta","p":0},"geometry":{"type":"Point","coordinates":[-88.95634,15.76985]}},{"type":"Feature","properties":{"n":"PUNTA DE PALMA","m":"PUERTO BARRIOS","a":"Baja","p":329},"geometry":{"type":"Point","coordinates":[-88.66402,15.76923]}},{"type":"Feature","properties":{"n":"BARRA LAMPARA I","m":"LIVINGSTON","a":"Muy Alta","p":130},"geometry":{"type":"Point","coordinates":[-88.79481,15.77069]}},{"type":"Feature","properties":{"n":"EL REFUGIO","m":"CHAHAL","a":"Alta","p":0},"geometry":{"type":"Point","coordinates":[-89.63461,15.77578]}},{"type":"Feature","properties":{"n":"CASTULO CREEK","m":"LIVINGSTON","a":"Muy Alta","p":0},"geometry":{"type":"Point","coordinates":[-88.9664,15.77324]}},{"type":"Feature","properties":{"n":"NIMLACOBEHA","m":"FRAY BARTOLOME DE LAS CASAS","a":"Alta","p":150},"geometry":{"type":"Point","coordinates":[-89.84168,15.7777]}},{"type":"Feature","properties":{"n":"BARRA LAMPARA II","m":"LIVINGSTON","a":"Alta","p":100},"geometry":{"type":"Point","coordinates":[-88.80204,15.77273]}},{"type":"Feature","properties":{"n":"EL REFUGIO","m":"CHAHAL","a":"Alta","p":0},"geometry":{"type":"Point","coordinates":[-89.63342,15.77766]}},{"type":"Feature","properties":{"n":"XALITZUL","m":"FRAY BARTOLOME DE LAS CASAS","a":"Muy Alta","p":369},"geometry":{"type":"Point","coordinates":[-89.8311,15.77885]}},{"type":"Feature","properties":{"n":"EL RECREO","m":"CHAHAL","a":"Baja","p":0},"geometry":{"type":"Point","coordinates":[-89.58279,15.77814]}},{"type":"Feature","properties":{"n":"COATEPEQUE CENTRO II","m":"LIVINGSTON","a":"Baja","p":245},"geometry":{"type":"Point","coordinates":[-89.07389,15.77565]}},{"type":"Feature","properties":{"n":"RUBELJUM","m":"COBAN","a":"Alta","p":170},"geometry":{"type":"Point","coordinates":[-90.54134,15.78043]}},{"type":"Feature","properties":{"n":"SOSELJA","m":"CHAHAL","a":"Muy Alta","p":0},"geometry":{"type":"Point","coordinates":[-89.49894,15.77873]}},{"type":"Feature","properties":{"n":"PELAEZ","m":"LIVINGSTON","a":"Muy Alta","p":0},"geometry":{"type":"Point","coordinates":[-88.93909,15.77635]}},{"type":"Feature","properties":{"n":"VISTA HERMOSA","m":"PUERTO BARRIOS","a":"Baja","p":0},"geometry":{"type":"Point","coordinates":[-88.48218,15.77311]}},{"type":"Feature","properties":{"n":"RANCHO B","m":"FRAY BARTOLOME DE LAS CASAS","a":"Alta","p":0},"geometry":{"type":"Point","coordinates":[-89.80872,15.78302]}},{"type":"Feature","properties":{"n":"SANTA MARIA","m":"PUERTO BARRIOS","a":"Media","p":305},"geometry":{"type":"Point","coordinates":[-88.675,15.77696]}},{"type":"Feature","properties":{"n":"SIN NOMBRE","m":"CHAHAL","a":"Media","p":0},"geometry":{"type":"Point","coordinates":[-89.61586,15.78362]}},{"type":"Feature","properties":{"n":"EL SOCORRO","m":"FRAY BARTOLOME DE LAS CASAS","a":"Alta","p":0},"geometry":{"type":"Point","coordinates":[-89.65189,15.78389]}},{"type":"Feature","properties":{"n":"YALCU","m":"FRAY BARTOLOME DE LAS CASAS","a":"Alta","p":0},"geometry":{"type":"Point","coordinates":[-89.79613,15.78478]}},{"type":"Feature","properties":{"n":"SIN NOMBRE","m":"CHAHAL","a":"Alta","p":0},"geometry":{"type":"Point","coordinates":[-89.61623,15.78472]}},{"type":"Feature","properties":{"n":"SANTA ELENA SEPAC","m":"CHAHAL","a":"Baja","p":0},"geometry":{"type":"Point","coordinates":[-89.61184,15.78661]}},{"type":"Feature","properties":{"n":"XATELA","m":"NENTON","a":"Muy Alta","p":0},"geometry":{"type":"Point","coordinates":[-91.7273,15.78579]}},{"type":"Feature","properties":{"n":"NUEVO EDEN","m":"LIVINGSTON","a":"Muy Alta","p":0},"geometry":{"type":"Point","coordinates":[-88.96405,15.78414]}},{"type":"Feature","properties":{"n":"SAN CARLOS EL MIRADOR O PIE DE LA CUESTA","m":"IXCAN","a":"Media","p":579},"geometry":{"type":"Point","coordinates":[-91.09047,15.78936]}},{"type":"Feature","properties":{"n":"SELLAN CHIYU","m":"CHAHAL","a":"Media","p":0},"geometry":{"type":"Point","coordinates":[-89.59356,15.78843]}},{"type":"Feature","properties":{"n":"SISVILA","m":"FRAY BARTOLOME DE LAS CASAS","a":"Baja","p":234},"geometry":{"type":"Point","coordinates":[-89.88536,15.78985]}},{"type":"Feature","properties":{"n":"SAN FERNANDO","m":"CHAHAL","a":"Baja","p":876},"geometry":{"type":"Point","coordinates":[-89.60211,15.78952]}},{"type":"Feature","properties":{"n":"NUEVO CHAHAL O SAN FERNANDO","m":"CHAHAL","a":"Media","p":3018},"geometry":{"type":"Point","coordinates":[-89.60192,15.78977]}},{"type":"Feature","properties":{"n":"SEPOC","m":"FRAY BARTOLOME DE LAS CASAS","a":"Baja","p":85},"geometry":{"type":"Point","coordinates":[-89.78421,15.79092]}},{"type":"Feature","properties":{"n":"SANTA ELENA CHIYU","m":"CHAHAL","a":"Media","p":133},"geometry":{"type":"Point","coordinates":[-89.58578,15.79021]}},{"type":"Feature","properties":{"n":"CONCEPCION MACHACAS","m":"LIVINGSTON","a":"Alta","p":0},"geometry":{"type":"Point","coordinates":[-88.94022,15.78847]}},{"type":"Feature","properties":{"n":"YALICOC","m":"CHISEC","a":"Baja","p":1249},"geometry":{"type":"Point","coordinates":[-89.96033,15.79456]}},{"type":"Feature","properties":{"n":"MACHACAS","m":"LIVINGSTON","a":"Alta","p":70},"geometry":{"type":"Point","coordinates":[-88.93834,15.79084]}},{"type":"Feature","properties":{"n":"COMUNIDAD NUEVA LIBERTAD","m":"FRAY BARTOLOME DE LAS CASAS","a":"Baja","p":960},"geometry":{"type":"Point","coordinates":[-89.88421,15.79574]}},{"type":"Feature","properties":{"n":"LAGUNETA SALVADOR","m":"LIVINGSTON","a":"Baja","p":57},"geometry":{"type":"Point","coordinates":[-88.86254,15.79094]}},{"type":"Feature","properties":{"n":"RIO BLANCO","m":"LIVINGSTON","a":"Media","p":0},"geometry":{"type":"Point","coordinates":[-88.74422,15.79012]}},{"type":"Feature","properties":{"n":"ACHIOTAL","m":"FRAY BARTOLOME DE LAS CASAS","a":"Media","p":73},"geometry":{"type":"Point","coordinates":[-89.89158,15.7966]}},{"type":"Feature","properties":{"n":"SETSOL","m":"CHAHAL","a":"Baja","p":248},"geometry":{"type":"Point","coordinates":[-89.56649,15.79599]}},{"type":"Feature","properties":{"n":"EL CASTEJON","m":"LIVINGSTON","a":"Muy Alta","p":0},"geometry":{"type":"Point","coordinates":[-88.96262,15.79286]}},{"type":"Feature","properties":{"n":"BLANK CREEK","m":"LIVINGSTON","a":"Alta","p":23},"geometry":{"type":"Point","coordinates":[-88.90227,15.79425]}},{"type":"Feature","properties":{"n":"COMUNIDAD EL FAISAN I","m":"COBAN","a":"Baja","p":219},"geometry":{"type":"Point","coordinates":[-90.60077,15.80037]}},{"type":"Feature","properties":{"n":"IXMULA O BATERIA","m":"LIVINGSTON","a":"Baja","p":0},"geometry":{"type":"Point","coordinates":[-89.05757,15.79596]}},{"type":"Feature","properties":{"n":"SETAL SECAPUR","m":"FRAY BARTOLOME DE LAS CASAS","a":"Media","p":203},"geometry":{"type":"Point","coordinates":[-89.7309,15.8011]}},{"type":"Feature","properties":{"n":"SANTA ELENA RIO BLANCO","m":"LIVINGSTON","a":"Media","p":0},"geometry":{"type":"Point","coordinates":[-88.74098,15.79549]}},{"type":"Feature","properties":{"n":"HACIENDA LA LIBERTAD","m":"NENTON","a":"Media","p":12},"geometry":{"type":"Point","coordinates":[-91.8857,15.79854]}},{"type":"Feature","properties":{"n":"CALIX CREEK","m":"LIVINGSTON","a":"Media","p":122},"geometry":{"type":"Point","coordinates":[-88.87677,15.7973]}},{"type":"Feature","properties":{"n":"YALCOBE","m":"FRAY BARTOLOME DE LAS CASAS","a":"Muy Alta","p":0},"geometry":{"type":"Point","coordinates":[-89.84202,15.80288]}},{"type":"Feature","properties":{"n":"NIMA","m":"FRAY BARTOLOME DE LAS CASAS","a":"Media","p":0},"geometry":{"type":"Point","coordinates":[-89.6171,15.80231]}},{"type":"Feature","properties":{"n":"SEBOL","m":"FRAY BARTOLOME DE LAS CASAS","a":"Alta","p":313},"geometry":{"type":"Point","coordinates":[-89.94192,15.8043]}},{"type":"Feature","properties":{"n":"COMUNIDAD FAISAN LA LAGUNA II","m":"COBAN","a":"Baja","p":255},"geometry":{"type":"Point","coordinates":[-90.58407,15.80565]}},{"type":"Feature","properties":{"n":"SEGUACHIL","m":"CHISEC","a":"Baja","p":818},"geometry":{"type":"Point","coordinates":[-90.26146,15.80557]}},{"type":"Feature","properties":{"n":"SIN NOMBRE","m":"IXCAN","a":"Media","p":0},"geometry":{"type":"Point","coordinates":[-91.07817,15.80631]}},{"type":"Feature","properties":{"n":"SAN ANTONIO","m":"BARILLAS","a":"Baja","p":667},"geometry":{"type":"Point","coordinates":[-91.23206,15.80605]}},{"type":"Feature","properties":{"n":"SEBOL","m":"CHISEC","a":"Baja","p":52},"geometry":{"type":"Point","coordinates":[-89.96189,15.80677]}},{"type":"Feature","properties":{"n":"EL SAGRADO CORAZON","m":"LIVINGSTON","a":"Baja","p":0},"geometry":{"type":"Point","coordinates":[-89.03264,15.80438]}},{"type":"Feature","properties":{"n":"SIN NOMBRE","m":"CHAHAL","a":"Baja","p":0},"geometry":{"type":"Point","coordinates":[-89.54065,15.80763]}},{"type":"Feature","properties":{"n":"BLANK CREEK","m":"LIVINGSTON","a":"Media","p":14},"geometry":{"type":"Point","coordinates":[-88.89237,15.80459]}},{"type":"Feature","properties":{"n":"BLUE CREEK","m":"LIVINGSTON","a":"Baja","p":0},"geometry":{"type":"Point","coordinates":[-88.98574,15.80616]}},{"type":"Feature","properties":{"n":"SAGRADO CORAZ+N","m":"CHAHAL","a":"Media","p":0},"geometry":{"type":"Point","coordinates":[-89.55658,15.80952]}},{"type":"Feature","properties":{"n":"SEMOCH","m":"CHISEC","a":"Alta","p":0},"geometry":{"type":"Point","coordinates":[-90.34871,15.81257]}},{"type":"Feature","properties":{"n":"GUINEO","m":"PUERTO BARRIOS","a":"Baja","p":0},"geometry":{"type":"Point","coordinates":[-88.35035,15.80347]}},{"type":"Feature","properties":{"n":"QUIXAL","m":"NENTON","a":"Baja","p":624},"geometry":{"type":"Point","coordinates":[-91.72425,15.81245]}},{"type":"Feature","properties":{"n":"MIRAMAR","m":"LIVINGSTON","a":"Baja","p":154},"geometry":{"type":"Point","coordinates":[-88.75596,15.80984]}},{"type":"Feature","properties":{"n":"EL CEIBO","m":"FRAY BARTOLOME DE LAS CASAS","a":"Baja","p":134},"geometry":{"type":"Point","coordinates":[-89.89383,15.81625]}},{"type":"Feature","properties":{"n":"LA CANDELARIA","m":"BARILLAS","a":"Media","p":0},"geometry":{"type":"Point","coordinates":[-91.23879,15.81842]}},{"type":"Feature","properties":{"n":"VENTURA","m":"PUERTO BARRIOS","a":"Muy Alta","p":0},"geometry":{"type":"Point","coordinates":[-88.38429,15.80947]}},{"type":"Feature","properties":{"n":"LA CEIBA","m":"CHISEC","a":"Baja","p":0},"geometry":{"type":"Point","coordinates":[-90.3241,15.81988]}},{"type":"Feature","properties":{"n":"MANGLARES","m":"PUERTO BARRIOS","a":"Media","p":0},"geometry":{"type":"Point","coordinates":[-88.36213,15.81023]}},{"type":"Feature","properties":{"n":"NUEVO NACIMIENTO CALIX","m":"LIVINGSTON","a":"Media","p":0},"geometry":{"type":"Point","coordinates":[-88.87743,15.81662]}},{"type":"Feature","properties":{"n":"COMUNIDAD CORRAL TZUL","m":"CHISEC","a":"Alta","p":49},"geometry":{"type":"Point","coordinates":[-90.26736,15.82319]}},{"type":"Feature","properties":{"n":"PUNTA DE COCO","m":"PUERTO BARRIOS","a":"Alta","p":0},"geometry":{"type":"Point","coordinates":[-88.41598,15.81532]}},{"type":"Feature","properties":{"n":"SIN NOMBRE","m":"FRAY BARTOLOME DE LAS CASAS","a":"Baja","p":0},"geometry":{"type":"Point","coordinates":[-89.80699,15.8244]}},{"type":"Feature","properties":{"n":"MACHACA VIEJA","m":"PUERTO BARRIOS","a":"Alta","p":0},"geometry":{"type":"Point","coordinates":[-88.5513,15.81766]}},{"type":"Feature","properties":{"n":"QUIXPURILA","m":"LIVINGSTON","a":"Alta","p":0},"geometry":{"type":"Point","coordinates":[-89.42633,15.82554]}},{"type":"Feature","properties":{"n":"TODOS SANTOS","m":"NEBAJ","a":"Alta","p":0},"geometry":{"type":"Point","coordinates":[-91.14728,15.82751]}},{"type":"Feature","properties":{"n":"TABLADAS","m":"PUERTO BARRIOS","a":"Baja","p":0},"geometry":{"type":"Point","coordinates":[-88.41455,15.81904]}},{"type":"Feature","properties":{"n":"SANTA ANA","m":"LIVINGSTON","a":"Baja","p":0},"geometry":{"type":"Point","coordinates":[-89.29088,15.82796]}},{"type":"Feature","properties":{"n":"SANTA RITA","m":"CHAHAL","a":"Media","p":136},"geometry":{"type":"Point","coordinates":[-89.52513,15.82937]}},{"type":"Feature","properties":{"n":"SIN NOMBRE","m":"LIVINGSTON","a":"Alta","p":0},"geometry":{"type":"Point","coordinates":[-89.2866,15.82837]}},{"type":"Feature","properties":{"n":"GUITARRA","m":"LIVINGSTON","a":"Media","p":1210},"geometry":{"type":"Point","coordinates":[-89.28046,15.82861]}},{"type":"Feature","properties":{"n":"SERRAXIC","m":"CHAHAL","a":"Media","p":152},"geometry":{"type":"Point","coordinates":[-89.44292,15.83059]}},{"type":"Feature","properties":{"n":"PITITEROS","m":"PUERTO BARRIOS","a":"Baja","p":0},"geometry":{"type":"Point","coordinates":[-88.40846,15.82393]}},{"type":"Feature","properties":{"n":"MONTE SION","m":"CHISEC","a":"Muy Alta","p":46},"geometry":{"type":"Point","coordinates":[-90.28785,15.83402]}},{"type":"Feature","properties":{"n":"LA VIRGEN","m":"FRAY BARTOLOME DE LAS CASAS","a":"Baja","p":0},"geometry":{"type":"Point","coordinates":[-89.75516,15.83291]}},{"type":"Feature","properties":{"n":"JALOA","m":"PUERTO BARRIOS","a":"Muy Alta","p":34},"geometry":{"type":"Point","coordinates":[-88.38784,15.82495]}},{"type":"Feature","properties":{"n":"POBLACION DISPERSA","m":"LIVINGSTON","a":"Baja","p":980},"geometry":{"type":"Point","coordinates":[-88.76967,15.82887]}},{"type":"Feature","properties":{"n":"TIAJAILA","m":"SAN SEBASTIAN COATAN","a":"Media","p":249},"geometry":{"type":"Point","coordinates":[-91.71272,15.83249]}},{"type":"Feature","properties":{"n":"SEVILA","m":"LIVINGSTON","a":"Media","p":484},"geometry":{"type":"Point","coordinates":[-89.0742,15.83162]}},{"type":"Feature","properties":{"n":"LOS PATOS","m":"FRAY BARTOLOME DE LAS CASAS","a":"Media","p":0},"geometry":{"type":"Point","coordinates":[-89.75482,15.83508]}},{"type":"Feature","properties":{"n":"ROSHELA","m":"FRAY BARTOLOME DE LAS CASAS","a":"Media","p":0},"geometry":{"type":"Point","coordinates":[-89.75074,15.83508]}},{"type":"Feature","properties":{"n":"SAN FRANCISCO","m":"CHISEC","a":"Baja","p":428},"geometry":{"type":"Point","coordinates":[-90.19646,15.83984]}},{"type":"Feature","properties":{"n":"XOXTAC","m":"NENTON","a":"Alta","p":401},"geometry":{"type":"Point","coordinates":[-91.66348,15.83766]}},{"type":"Feature","properties":{"n":"EL ROSARIO","m":"CHAHAL","a":"Alta","p":190},"geometry":{"type":"Point","coordinates":[-89.48246,15.8384]}},{"type":"Feature","properties":{"n":"RANCHERIA SAN JOSE","m":"CHAHAL","a":"Baja","p":0},"geometry":{"type":"Point","coordinates":[-89.42735,15.83841]}},{"type":"Feature","properties":{"n":"BUENA VISTA","m":"NENTON","a":"Alta","p":231},"geometry":{"type":"Point","coordinates":[-91.67403,15.83851]}},{"type":"Feature","properties":{"n":"RIO SAN FRANCISCO","m":"PUERTO BARRIOS","a":"Baja","p":0},"geometry":{"type":"Point","coordinates":[-88.42495,15.83189]}},{"type":"Feature","properties":{"n":"SAN JOSE","m":"CHAHAL","a":"Muy Alta","p":161},"geometry":{"type":"Point","coordinates":[-89.49179,15.83987]}},{"type":"Feature","properties":{"n":"SANTA TERESA","m":"NENTON","a":"Media","p":316},"geometry":{"type":"Point","coordinates":[-91.86637,15.8382]}},{"type":"Feature","properties":{"n":"EL BOSQUE","m":"NENTON","a":"Baja","p":0},"geometry":{"type":"Point","coordinates":[-91.71448,15.84005]}},{"type":"Feature","properties":{"n":"TZOJBAL","m":"NENTON","a":"Alta","p":568},"geometry":{"type":"Point","coordinates":[-91.7135,15.84151]}},{"type":"Feature","properties":{"n":"CHINIC","m":"FRAY BARTOLOME DE LAS CASAS","a":"Baja","p":0},"geometry":{"type":"Point","coordinates":[-89.80413,15.84404]}},{"type":"Feature","properties":{"n":"LA PIMIENTA","m":"PUERTO BARRIOS","a":"Baja","p":0},"geometry":{"type":"Point","coordinates":[-88.47166,15.83646]}},{"type":"Feature","properties":{"n":"LAGUNA ESCONDIDA","m":"PUERTO BARRIOS","a":"Alta","p":0},"geometry":{"type":"Point","coordinates":[-88.41123,15.83662]}},{"type":"Feature","properties":{"n":"QUEQUECHE","m":"LIVINGSTON","a":"Alta","p":100},"geometry":{"type":"Point","coordinates":[-88.76916,15.84061]}},{"type":"Feature","properties":{"n":"MONTE ALEGRE","m":"LIVINGSTON","a":"Baja","p":135},"geometry":{"type":"Point","coordinates":[-89.23731,15.84453]}},{"type":"Feature","properties":{"n":"CHINACOLAY","m":"FRAY BARTOLOME DE LAS CASAS","a":"Alta","p":0},"geometry":{"type":"Point","coordinates":[-89.70236,15.84921]}},{"type":"Feature","properties":{"n":"LAS VEGAS","m":"LIVINGSTON","a":"Media","p":0},"geometry":{"type":"Point","coordinates":[-89.2158,15.84769]}},{"type":"Feature","properties":{"n":"SAN LUIS TONTZUL","m":"CHISEC","a":"Baja","p":245},"geometry":{"type":"Point","coordinates":[-90.05267,15.85264]}},{"type":"Feature","properties":{"n":"LOS GARCIA","m":"CHAHAL","a":"Media","p":0},"geometry":{"type":"Point","coordinates":[-89.41114,15.85279]}},{"type":"Feature","properties":{"n":"SESUTZUJ O SETAL","m":"CHAHAL","a":"Alta","p":317},"geometry":{"type":"Point","coordinates":[-89.4743,15.85541]}},{"type":"Feature","properties":{"n":"CHUNACTE","m":"LIVINGSTON","a":"Muy Alta","p":187},"geometry":{"type":"Point","coordinates":[-89.39596,15.85527]}},{"type":"Feature","properties":{"n":"ALTA CAROLINA","m":"LIVINGSTON","a":"Alta","p":0},"geometry":{"type":"Point","coordinates":[-89.40543,15.8555]}},{"type":"Feature","properties":{"n":"EL PORVENIR O SESUTZUJ","m":"CHAHAL","a":"Muy Alta","p":197},"geometry":{"type":"Point","coordinates":[-89.47963,15.85656]}},{"type":"Feature","properties":{"n":"SANTIAGO","m":"CHAHAL","a":"Media","p":0},"geometry":{"type":"Point","coordinates":[-89.42578,15.85687]}},{"type":"Feature","properties":{"n":"RAXAHI","m":"CHAHAL","a":"Media","p":58},"geometry":{"type":"Point","coordinates":[-89.44888,15.85821]}},{"type":"Feature","properties":{"n":"RESIDENCIALES SANTO DOMINGO","m":"CHISEC","a":"Media","p":0},"geometry":{"type":"Point","coordinates":[-90.03894,15.86062]}},{"type":"Feature","properties":{"n":"SOSELA","m":"SAN LUIS","a":"Media","p":0},"geometry":{"type":"Point","coordinates":[-89.44751,15.8592]}},{"type":"Feature","properties":{"n":"SAN FRANCISCO DEL MAR","m":"PUERTO BARRIOS","a":"Alta","p":299},"geometry":{"type":"Point","coordinates":[-88.43912,15.85201]}},{"type":"Feature","properties":{"n":"ROTJA POMTILA","m":"COBAN","a":"Baja","p":711},"geometry":{"type":"Point","coordinates":[-90.61849,15.86301]}},{"type":"Feature","properties":{"n":"EL ESFUERZO","m":"CHISEC","a":"Media","p":0},"geometry":{"type":"Point","coordinates":[-90.03289,15.86471]}},{"type":"Feature","properties":{"n":"EL ESFUERZO","m":"CHISEC","a":"Alta","p":286},"geometry":{"type":"Point","coordinates":[-90.01217,15.86597]}},{"type":"Feature","properties":{"n":"EL CEMENTERIO","m":"CHISEC","a":"Alta","p":0},"geometry":{"type":"Point","coordinates":[-90.0482,15.86627]}},{"type":"Feature","properties":{"n":"LOS LAURELES","m":"CHISEC","a":"Alta","p":0},"geometry":{"type":"Point","coordinates":[-90.0198,15.86665]}},{"type":"Feature","properties":{"n":"RAXRUJA","m":"CHISEC","a":"Media","p":4932},"geometry":{"type":"Point","coordinates":[-90.04151,15.867]}},{"type":"Feature","properties":{"n":"LA GUAIRA","m":"LIVINGSTON","a":"Baja","p":34},"geometry":{"type":"Point","coordinates":[-88.80755,15.86229]}},{"type":"Feature","properties":{"n":"SANTA MARIA CANDELARIA O NUEVA COMUNIDAD","m":"IXCAN","a":"Alta","p":978},"geometry":{"type":"Point","coordinates":[-91.06293,15.86845]}},{"type":"Feature","properties":{"n":"MUJBILHA","m":"CHISEC","a":"Media","p":290},"geometry":{"type":"Point","coordinates":[-90.14124,15.86967]}},{"type":"Feature","properties":{"n":"CHOCON ANEXO","m":"LIVINGSTON","a":"Alta","p":0},"geometry":{"type":"Point","coordinates":[-89.10389,15.86633]}},{"type":"Feature","properties":{"n":"BUENA VISTA II","m":"LIVINGSTON","a":"Alta","p":56},"geometry":{"type":"Point","coordinates":[-88.8554,15.86471]}},{"type":"Feature","properties":{"n":"EL GRAN CHAPARRAL","m":"LIVINGSTON","a":"Baja","p":0},"geometry":{"type":"Point","coordinates":[-89.19492,15.86856]}},{"type":"Feature","properties":{"n":"LOS OLIVOS","m":"LIVINGSTON","a":"Media","p":0},"geometry":{"type":"Point","coordinates":[-89.19293,15.8692]}},{"type":"Feature","properties":{"n":"NUEVA JERUSALEM","m":"LIVINGSTON","a":"Alta","p":0},"geometry":{"type":"Point","coordinates":[-89.09217,15.86948]}},{"type":"Feature","properties":{"n":"SIN NOMBRE","m":"LIVINGSTON","a":"Baja","p":0},"geometry":{"type":"Point","coordinates":[-89.09732,15.86972]}},{"type":"Feature","properties":{"n":"EL AGUACATE","m":"LIVINGSTON","a":"Alta","p":0},"geometry":{"type":"Point","coordinates":[-89.1078,15.87025]}},{"type":"Feature","properties":{"n":"AGUACATE","m":"LIVINGSTON","a":"Media","p":381},"geometry":{"type":"Point","coordinates":[-89.1141,15.87122]}},{"type":"Feature","properties":{"n":"SAN ANTONIO YALPEMECH","m":"CHISEC","a":"Media","p":0},"geometry":{"type":"Point","coordinates":[-90.09236,15.87571]}},{"type":"Feature","properties":{"n":"SAN ANTONIO LAS FLORES","m":"CHISEC","a":"Muy Alta","p":314},"geometry":{"type":"Point","coordinates":[-90.08158,15.87612]}},{"type":"Feature","properties":{"n":"CANDELARIA","m":"BARILLAS","a":"Media","p":181},"geometry":{"type":"Point","coordinates":[-91.18723,15.87621]}},{"type":"Feature","properties":{"n":"SECOLAY","m":"FRAY BARTOLOME DE LAS CASAS","a":"Baja","p":304},"geometry":{"type":"Point","coordinates":[-89.63361,15.87611]}},{"type":"Feature","properties":{"n":"LA GRACIOSA","m":"PUERTO BARRIOS","a":"Media","p":0},"geometry":{"type":"Point","coordinates":[-88.5075,15.86998]}},{"type":"Feature","properties":{"n":"LOS LIMA","m":"LIVINGSTON","a":"Baja","p":0},"geometry":{"type":"Point","coordinates":[-89.16123,15.8768]}},{"type":"Feature","properties":{"n":"HORIZONTES","m":"IXCAN","a":"Baja","p":306},"geometry":{"type":"Point","coordinates":[-90.75968,15.88154]}},{"type":"Feature","properties":{"n":"EL CARRIZAL 2 O  NORTE","m":"FRAY BARTOLOME DE LAS CASAS","a":"Baja","p":0},"geometry":{"type":"Point","coordinates":[-89.95398,15.8823]}},{"type":"Feature","properties":{"n":"VILLA FRANCIA","m":"PUERTO BARRIOS","a":"Baja","p":0},"geometry":{"type":"Point","coordinates":[-88.48391,15.87367]}},{"type":"Feature","properties":{"n":"BRISAS","m":"IXCAN","a":"Alta","p":0},"geometry":{"type":"Point","coordinates":[-90.81905,15.88347]}},{"type":"Feature","properties":{"n":"CRUCE CALLE 4","m":"FRAY BARTOLOME DE LAS CASAS","a":"Baja","p":150},"geometry":{"type":"Point","coordinates":[-89.78922,15.88274]}},{"type":"Feature","properties":{"n":"RAUDAL GRANDE","m":"FRAY BARTOLOME DE LAS CASAS","a":"Alta","p":0},"geometry":{"type":"Point","coordinates":[-89.9499,15.88403]}},{"type":"Feature","properties":{"n":"LAGUNA GRANDE O LAGUNILLA CREEK","m":"LIVINGSTON","a":"Baja","p":0},"geometry":{"type":"Point","coordinates":[-88.99378,15.87966]}},{"type":"Feature","properties":{"n":"SAN FRANCISCO","m":"LIVINGSTON","a":"Muy Alta","p":0},"geometry":{"type":"Point","coordinates":[-88.9832,15.88112]}},{"type":"Feature","properties":{"n":"WARRE CREEK","m":"LIVINGSTON","a":"Alta","p":100},"geometry":{"type":"Point","coordinates":[-89.13974,15.88248]}},{"type":"Feature","properties":{"n":"BARRIO LOS PARACAIDISTAS","m":"LIVINGSTON","a":"Baja","p":985},"geometry":{"type":"Point","coordinates":[-89.20616,15.88336]}},{"type":"Feature","properties":{"n":"SARSTUN","m":"LIVINGSTON","a":"Media","p":0},"geometry":{"type":"Point","coordinates":[-88.97844,15.88198]}},{"type":"Feature","properties":{"n":"SAN SIMON RAUDAL","m":"CHISEC","a":"Baja","p":129},"geometry":{"type":"Point","coordinates":[-90.00721,15.88686]}},{"type":"Feature","properties":{"n":"SEACTE I","m":"FRAY BARTOLOME DE LAS CASAS","a":"Baja","p":120},"geometry":{"type":"Point","coordinates":[-89.89096,15.88855]}},{"type":"Feature","properties":{"n":"SANTA ELENA TZEJA","m":"IXCAN","a":"Media","p":114},"geometry":{"type":"Point","coordinates":[-90.81419,15.88923]}},{"type":"Feature","properties":{"n":"CHOCCHOC","m":"LIVINGSTON","a":"Media","p":339},"geometry":{"type":"Point","coordinates":[-89.2184,15.88648]}},{"type":"Feature","properties":{"n":"PARCELAMIENTOS SIN NOMBRE 2,3 Y 7","m":"LIVINGSTON","a":"Alta","p":0},"geometry":{"type":"Point","coordinates":[-89.209,15.88802]}},{"type":"Feature","properties":{"n":"SARSTUN","m":"LIVINGSTON","a":"Alta","p":538},"geometry":{"type":"Point","coordinates":[-88.92168,15.88629]}},{"type":"Feature","properties":{"n":"SAN SIMON","m":"CHISEC","a":"Baja","p":319},"geometry":{"type":"Point","coordinates":[-89.97066,15.89316]}},{"type":"Feature","properties":{"n":"SESALTUL","m":"CHISEC","a":"Baja","p":282},"geometry":{"type":"Point","coordinates":[-90.13992,15.89597]}},{"type":"Feature","properties":{"n":"NACIMIENTO 2","m":"CHISEC","a":"Muy Alta","p":0},"geometry":{"type":"Point","coordinates":[-90.09687,15.89712]}},{"type":"Feature","properties":{"n":"CADENAS O MODESTO MENDEZ","m":"SAN LUIS","a":"Alta","p":67},"geometry":{"type":"Point","coordinates":[-89.22933,15.8944]}},{"type":"Feature","properties":{"n":"MANUEL CAMPOS","m":"LIVINGSTON","a":"Muy Alta","p":0},"geometry":{"type":"Point","coordinates":[-89.17571,15.89531]}},{"type":"Feature","properties":{"n":"CORAZON DE JESUS","m":"LIVINGSTON","a":"Media","p":0},"geometry":{"type":"Point","coordinates":[-89.14992,15.89552]}},{"type":"Feature","properties":{"n":"LA IGUANA","m":"LIVINGSTON","a":"Alta","p":0},"geometry":{"type":"Point","coordinates":[-89.16502,15.89576]}},{"type":"Feature","properties":{"n":"CABECERA DEL AGUACATE","m":"LIVINGSTON","a":"Baja","p":0},"geometry":{"type":"Point","coordinates":[-89.11325,15.89635]}},{"type":"Feature","properties":{"n":"CAMBALACHE","m":"PUERTO BARRIOS","a":"Alta","p":0},"geometry":{"type":"Point","coordinates":[-88.54996,15.89515]}},{"type":"Feature","properties":{"n":"EL NACIMIENTO I","m":"CHISEC","a":"Media","p":594},"geometry":{"type":"Point","coordinates":[-90.09727,15.90371]}},{"type":"Feature","properties":{"n":"EL ZAPOTAL","m":"NENTON","a":"Media","p":0},"geometry":{"type":"Point","coordinates":[-91.80253,15.90056]}},{"type":"Feature","properties":{"n":"BACADILLA CANCUEN","m":"FRAY BARTOLOME DE LAS CASAS","a":"Baja","p":322},"geometry":{"type":"Point","coordinates":[-89.79082,15.9041]}},{"type":"Feature","properties":{"n":"ROBERTO MORALES","m":"LIVINGSTON","a":"Alta","p":0},"geometry":{"type":"Point","coordinates":[-89.1795,15.90261]}},{"type":"Feature","properties":{"n":"BACO WARRE CREEK","m":"LIVINGSTON","a":"Muy Alta","p":0},"geometry":{"type":"Point","coordinates":[-89.13437,15.90353]}},{"type":"Feature","properties":{"n":"RIVERAS DEL CHIXOY","m":"IXCAN","a":"Baja","p":229},"geometry":{"type":"Point","coordinates":[-90.75812,15.90927]}},{"type":"Feature","properties":{"n":"SAN  JOSE  PACAYAL","m":"LIVINGSTON","a":"Muy Alta","p":87},"geometry":{"type":"Point","coordinates":[-89.37338,15.90688]}},{"type":"Feature","properties":{"n":"LOS SARGENTOS","m":"BARILLAS","a":"Baja","p":0},"geometry":{"type":"Point","coordinates":[-91.18506,15.90983]}},{"type":"Feature","properties":{"n":"POLIGONO 2","m":"CHISEC","a":"Media","p":0},"geometry":{"type":"Point","coordinates":[-90.05644,15.91176]}},{"type":"Feature","properties":{"n":"SAN JOSE QUEBRADA SECA","m":"FRAY BARTOLOME DE LAS CASAS","a":"Baja","p":435},"geometry":{"type":"Point","coordinates":[-89.66291,15.91063]}},{"type":"Feature","properties":{"n":"SAN JORGE","m":"CHISEC","a":"Media","p":0},"geometry":{"type":"Point","coordinates":[-90.05581,15.91254]}},{"type":"Feature","properties":{"n":"GREEK PATO","m":"PUERTO BARRIOS","a":"Baja","p":73},"geometry":{"type":"Point","coordinates":[-88.5607,15.90436]}},{"type":"Feature","properties":{"n":"OJO DE AGUA","m":"NENTON","a":"Alta","p":254},"geometry":{"type":"Point","coordinates":[-91.78428,15.91047]}},{"type":"Feature","properties":{"n":"SAN SIMON","m":"CHISEC","a":"Media","p":0},"geometry":{"type":"Point","coordinates":[-89.99287,15.9137]}},{"type":"Feature","properties":{"n":"HACIENDA  RAMIRITO","m":"SAN LUIS","a":"Alta","p":0},"geometry":{"type":"Point","coordinates":[-89.22868,15.91068]}},{"type":"Feature","properties":{"n":"ARENALES","m":"LIVINGSTON","a":"Alta","p":379},"geometry":{"type":"Point","coordinates":[-89.29328,15.91197]}},{"type":"Feature","properties":{"n":"LOS PINTOS","m":"LIVINGSTON","a":"Alta","p":0},"geometry":{"type":"Point","coordinates":[-89.23472,15.91182]}},{"type":"Feature","properties":{"n":"FINCA SANTA SOFIA","m":"SAN LUIS","a":"Muy Alta","p":0},"geometry":{"type":"Point","coordinates":[-89.29385,15.91335]}},{"type":"Feature","properties":{"n":"SIN NOMBRE","m":"FRAY BARTOLOME DE LAS CASAS","a":"Media","p":0},"geometry":{"type":"Point","coordinates":[-89.75395,15.9159]}},{"type":"Feature","properties":{"n":"CENTRO 12","m":"BARILLAS","a":"Media","p":25},"geometry":{"type":"Point","coordinates":[-91.07629,15.91688]}},{"type":"Feature","properties":{"n":"EL PROGRESO","m":"COBAN","a":"Media","p":102},"geometry":{"type":"Point","coordinates":[-90.7488,15.91756]}},{"type":"Feature","properties":{"n":"SEXAN","m":"FRAY BARTOLOME DE LAS CASAS","a":"Baja","p":204},"geometry":{"type":"Point","coordinates":[-89.51728,15.91596]}},{"type":"Feature","properties":{"n":"RANCHERIA SANTA SOFIA","m":"LIVINGSTON","a":"Muy Alta","p":0},"geometry":{"type":"Point","coordinates":[-89.28538,15.91486]}},{"type":"Feature","properties":{"n":"SIN NOMBRE","m":"FRAY BARTOLOME DE LAS CASAS","a":"Alta","p":0},"geometry":{"type":"Point","coordinates":[-89.62288,15.91663]}},{"type":"Feature","properties":{"n":"SANTA SOFIA","m":"LIVINGSTON","a":"Baja","p":228},"geometry":{"type":"Point","coordinates":[-89.27624,15.91564]}},{"type":"Feature","properties":{"n":"SECACAO","m":"FRAY BARTOLOME DE LAS CASAS","a":"Baja","p":0},"geometry":{"type":"Point","coordinates":[-89.99329,15.91965]}},{"type":"Feature","properties":{"n":"SAQUI BAJ","m":"NENTON","a":"Alta","p":28},"geometry":{"type":"Point","coordinates":[-91.81158,15.91636]}},{"type":"Feature","properties":{"n":"POZO SECO","m":"CHISEC","a":"Baja","p":194},"geometry":{"type":"Point","coordinates":[-90.51826,15.92052]}},{"type":"Feature","properties":{"n":"NUBILA","m":"BARILLAS","a":"Media","p":350},"geometry":{"type":"Point","coordinates":[-91.19931,15.91997]}},{"type":"Feature","properties":{"n":"TRECE AGUAS","m":"CHAHAL","a":"Baja","p":84},"geometry":{"type":"Point","coordinates":[-89.48972,15.91879]}},{"type":"Feature","properties":{"n":"LA LAGUNA","m":"SAN LUIS","a":"Baja","p":141},"geometry":{"type":"Point","coordinates":[-89.83757,15.92108]}},{"type":"Feature","properties":{"n":"LA MONTERIA","m":"SAN LUIS","a":"Baja","p":225},"geometry":{"type":"Point","coordinates":[-89.7998,15.92198]}},{"type":"Feature","properties":{"n":"SIN NOMBRE","m":"SAN LUIS","a":"Alta","p":0},"geometry":{"type":"Point","coordinates":[-89.23189,15.91942]}},{"type":"Feature","properties":{"n":"POMILA O SAMANI","m":"FRAY BARTOLOME DE LAS CASAS","a":"Baja","p":306},"geometry":{"type":"Point","coordinates":[-89.6822,15.92244]}},{"type":"Feature","properties":{"n":"SAN PABLO SECHAJ","m":"CHISEC","a":"Alta","p":0},"geometry":{"type":"Point","coordinates":[-90.05256,15.9246]}},{"type":"Feature","properties":{"n":"HACIENDA CALIFORNIA","m":"SAN LUIS","a":"Alta","p":0},"geometry":{"type":"Point","coordinates":[-89.23051,15.92165]}},{"type":"Feature","properties":{"n":"EL NARANJAL","m":"FRAY BARTOLOME DE LAS CASAS","a":"Baja","p":968},"geometry":{"type":"Point","coordinates":[-89.88657,15.92542]}},{"type":"Feature","properties":{"n":"ESPERANZA XABAL","m":"IXCAN","a":"Alta","p":0},"geometry":{"type":"Point","coordinates":[-90.96622,15.92767]}},{"type":"Feature","properties":{"n":"NUEVA TIERRA","m":"CHISEC","a":"Baja","p":466},"geometry":{"type":"Point","coordinates":[-90.51095,15.9288]}},{"type":"Feature","properties":{"n":"ESMERALDA","m":"IXCAN","a":"Alta","p":0},"geometry":{"type":"Point","coordinates":[-90.96311,15.92874]}},{"type":"Feature","properties":{"n":"LA PAPAYA","m":"CHISEC","a":"Baja","p":201},"geometry":{"type":"Point","coordinates":[-90.40469,15.92963]}},{"type":"Feature","properties":{"n":"EMANUEL","m":"CHISEC","a":"Baja","p":26},"geometry":{"type":"Point","coordinates":[-90.29227,15.93007]}},{"type":"Feature","properties":{"n":"ESTERO LAGARTO","m":"PUERTO BARRIOS","a":"Media","p":0},"geometry":{"type":"Point","coordinates":[-88.58539,15.92193]}},{"type":"Feature","properties":{"n":"EL ARENAL SECHACTI","m":"FRAY BARTOLOME DE LAS CASAS","a":"Alta","p":101},"geometry":{"type":"Point","coordinates":[-89.70358,15.93052]}},{"type":"Feature","properties":{"n":"SANTO TOMAS","m":"IXCAN","a":"Baja","p":0},"geometry":{"type":"Point","coordinates":[-90.95554,15.93177]}},{"type":"Feature","properties":{"n":"SAN PEDRO EL LIMON","m":"CHISEC","a":"Baja","p":790},"geometry":{"type":"Point","coordinates":[-90.42597,15.93312]}},{"type":"Feature","properties":{"n":"SEMELVIJA","m":"FRAY BARTOLOME DE LAS CASAS","a":"Alta","p":250},"geometry":{"type":"Point","coordinates":[-89.73331,15.93227]}},{"type":"Feature","properties":{"n":"HACIENDA MAYALANDIA","m":"SAN LUIS","a":"Media","p":0},"geometry":{"type":"Point","coordinates":[-89.23267,15.9309]}},{"type":"Feature","properties":{"n":"CHIPANTUN","m":"COBAN","a":"Alta","p":47},"geometry":{"type":"Point","coordinates":[-90.73397,15.93533]}},{"type":"Feature","properties":{"n":"SIN NOMBRE","m":"CHISEC","a":"Media","p":0},"geometry":{"type":"Point","coordinates":[-90.53227,15.93614]}},{"type":"Feature","properties":{"n":"IXBOBO","m":"SAN LUIS","a":"Baja","p":0},"geometry":{"type":"Point","coordinates":[-89.2348,15.9326]}},{"type":"Feature","properties":{"n":"SAN PABLO TUILA","m":"FRAY BARTOLOME DE LAS CASAS","a":"Muy Alta","p":265},"geometry":{"type":"Point","coordinates":[-89.7492,15.93518]}},{"type":"Feature","properties":{"n":"SIN NOMBRE","m":"SAN LUIS","a":"Media","p":0},"geometry":{"type":"Point","coordinates":[-89.23695,15.9339]}},{"type":"Feature","properties":{"n":"LA DIEZ","m":"BARILLAS","a":"Media","p":255},"geometry":{"type":"Point","coordinates":[-91.13019,15.93669]}},{"type":"Feature","properties":{"n":"CHINAHOCOC","m":"FRAY BARTOLOME DE LAS CASAS","a":"Media","p":56},"geometry":{"type":"Point","coordinates":[-89.69328,15.93765]}},{"type":"Feature","properties":{"n":"RANCHO LAS MARIAS","m":"SAN LUIS","a":"Media","p":0},"geometry":{"type":"Point","coordinates":[-89.23505,15.93661]}},{"type":"Feature","properties":{"n":"LA ESCONDIDA","m":"SAN LUIS","a":"Alta","p":0},"geometry":{"type":"Point","coordinates":[-89.23772,15.93682]}},{"type":"Feature","properties":{"n":"SAN JOSE ICBOLAY","m":"COBAN","a":"Media","p":402},"geometry":{"type":"Point","coordinates":[-90.55385,15.94226]}},{"type":"Feature","properties":{"n":"MAGDALENA","m":"CHISEC","a":"Media","p":0},"geometry":{"type":"Point","coordinates":[-90.02116,15.94204]}},{"type":"Feature","properties":{"n":"NARANJALES","m":"SAN LUIS","a":"Media","p":277},"geometry":{"type":"Point","coordinates":[-89.8788,15.94205]}},{"type":"Feature","properties":{"n":"SANTO DOMINGO CANCUEN","m":"FRAY BARTOLOME DE LAS CASAS","a":"Baja","p":450},"geometry":{"type":"Point","coordinates":[-89.73977,15.94393]}},{"type":"Feature","properties":{"n":"SANTA ISABEL","m":"FRAY BARTOLOME DE LAS CASAS","a":"Alta","p":904},"geometry":{"type":"Point","coordinates":[-89.90592,15.94531]}},{"type":"Feature","properties":{"n":"PUNTA DE MANABIQUE","m":"PUERTO BARRIOS","a":"Media","p":94},"geometry":{"type":"Point","coordinates":[-88.61164,15.9388]}},{"type":"Feature","properties":{"n":"POTRERO DEL MORRO","m":"NENTON","a":"Alta","p":0},"geometry":{"type":"Point","coordinates":[-91.8039,15.94347]}},{"type":"Feature","properties":{"n":"ENTRE RIOS","m":"COBAN","a":"Alta","p":0},"geometry":{"type":"Point","coordinates":[-90.54665,15.94848]}},{"type":"Feature","properties":{"n":"QUEBRADA SECA","m":"SAN LUIS","a":"Alta","p":0},"geometry":{"type":"Point","coordinates":[-89.245,15.94609]}},{"type":"Feature","properties":{"n":"SANTA MARIA SEBANOS","m":"FRAY BARTOLOME DE LAS CASAS","a":"Alta","p":101},"geometry":{"type":"Point","coordinates":[-89.90089,15.95066]}},{"type":"Feature","properties":{"n":"EL NACIMIENTO","m":"CHISEC","a":"Alta","p":0},"geometry":{"type":"Point","coordinates":[-90.4331,15.95284]}},{"type":"Feature","properties":{"n":"ARMENIA","m":"IXCAN","a":"Media","p":77},"geometry":{"type":"Point","coordinates":[-90.75495,15.95303]}},{"type":"Feature","properties":{"n":"SAN PERDO","m":"SAN LUIS","a":"Alta","p":0},"geometry":{"type":"Point","coordinates":[-89.24024,15.94973]}},{"type":"Feature","properties":{"n":"ESPERANZA GRANDE","m":"FRAY BARTOLOME DE LAS CASAS","a":"Media","p":512},"geometry":{"type":"Point","coordinates":[-89.95604,15.95422]}},{"type":"Feature","properties":{"n":"LA ISLA","m":"FRAY BARTOLOME DE LAS CASAS","a":"Media","p":139},"geometry":{"type":"Point","coordinates":[-89.92341,15.95591]}},{"type":"Feature","properties":{"n":"PE-A BLANCA","m":"SAN LUIS","a":"Alta","p":0},"geometry":{"type":"Point","coordinates":[-89.24618,15.95335]}},{"type":"Feature","properties":{"n":"EL RINCON","m":"CHISEC","a":"Alta","p":0},"geometry":{"type":"Point","coordinates":[-90.01725,15.95688]}},{"type":"Feature","properties":{"n":"YALICAR","m":"COBAN","a":"Alta","p":0},"geometry":{"type":"Point","coordinates":[-90.54321,15.95871]}},{"type":"Feature","properties":{"n":"LA ESPERANZA III","m":"FRAY BARTOLOME DE LAS CASAS","a":"Baja","p":0},"geometry":{"type":"Point","coordinates":[-89.95943,15.95866]}},{"type":"Feature","properties":{"n":"LA CASTELLANA","m":"FRAY BARTOLOME DE LAS CASAS","a":"Baja","p":145},"geometry":{"type":"Point","coordinates":[-89.96516,15.9588]}},{"type":"Feature","properties":{"n":"SANTA MARTHA","m":"FRAY BARTOLOME DE LAS CASAS","a":"Media","p":331},"geometry":{"type":"Point","coordinates":[-89.91336,15.95927]}},{"type":"Feature","properties":{"n":"SUTIJA CANCUEN","m":"FRAY BARTOLOME DE LAS CASAS","a":"Media","p":154},"geometry":{"type":"Point","coordinates":[-89.70471,15.95965]}},{"type":"Feature","properties":{"n":"MOJARRITA","m":"FRAY BARTOLOME DE LAS CASAS","a":"Baja","p":0},"geometry":{"type":"Point","coordinates":[-89.92412,15.9604]}},{"type":"Feature","properties":{"n":"LA MOJARRA","m":"FRAY BARTOLOME DE LAS CASAS","a":"Alta","p":264},"geometry":{"type":"Point","coordinates":[-89.91949,15.96079]}},{"type":"Feature","properties":{"n":"LOS ANGELES","m":"SAN LUIS","a":"Media","p":222},"geometry":{"type":"Point","coordinates":[-89.26073,15.95826]}},{"type":"Feature","properties":{"n":"COOPERATIVA SEBANOS","m":"FRAY BARTOLOME DE LAS CASAS","a":"Baja","p":127},"geometry":{"type":"Point","coordinates":[-89.89514,15.96314]}},{"type":"Feature","properties":{"n":"CABO TRES PUNTAS","m":"PUERTO BARRIOS","a":"Alta","p":157},"geometry":{"type":"Point","coordinates":[-88.57945,15.95582]}},{"type":"Feature","properties":{"n":"PLAYA GANDE","m":"IXCAN","a":"Media","p":0},"geometry":{"type":"Point","coordinates":[-90.74446,15.96847]}},{"type":"Feature","properties":{"n":"YALICAR","m":"COBAN","a":"Baja","p":236},"geometry":{"type":"Point","coordinates":[-90.52942,15.96871]}},{"type":"Feature","properties":{"n":"PROYECTO FUNDARY","m":"PUERTO BARRIOS","a":"Media","p":0},"geometry":{"type":"Point","coordinates":[-88.62035,15.9622]}},{"type":"Feature","properties":{"n":"PALO ALTO","m":"COBAN","a":"Media","p":121},"geometry":{"type":"Point","coordinates":[-90.52469,15.97123]}},{"type":"Feature","properties":{"n":"GUAYACAN","m":"FRAY BARTOLOME DE LAS CASAS","a":"Media","p":0},"geometry":{"type":"Point","coordinates":[-90.00303,15.97124]}},{"type":"Feature","properties":{"n":"SAN FRANCISCO CANCUEN","m":"SAN LUIS","a":"Baja","p":85},"geometry":{"type":"Point","coordinates":[-89.73581,15.97072]}},{"type":"Feature","properties":{"n":"TIERRA LINDA I","m":"CHISEC","a":"Media","p":741},"geometry":{"type":"Point","coordinates":[-90.35191,15.97642]}},{"type":"Feature","properties":{"n":"LA MOJARRA","m":"FRAY BARTOLOME DE LAS CASAS","a":"Alta","p":0},"geometry":{"type":"Point","coordinates":[-89.94938,15.97662]}},{"type":"Feature","properties":{"n":"ASUNCION","m":"FRAY BARTOLOME DE LAS CASAS","a":"Media","p":0},"geometry":{"type":"Point","coordinates":[-90.00455,15.97749]}},{"type":"Feature","properties":{"n":"NUEVO AMANECER EL PLAN","m":"COBAN","a":"Media","p":0},"geometry":{"type":"Point","coordinates":[-90.5142,15.9782]}},{"type":"Feature","properties":{"n":"LA ESPERANZA II","m":"FRAY BARTOLOME DE LAS CASAS","a":"Muy Alta","p":390},"geometry":{"type":"Point","coordinates":[-89.95818,15.97842]}},{"type":"Feature","properties":{"n":"SAN LUIS PALO GRANDE","m":"COBAN","a":"Baja","p":233},"geometry":{"type":"Point","coordinates":[-90.51237,15.98058]}},{"type":"Feature","properties":{"n":"LA ESPERANZA","m":"SAN LUIS","a":"Media","p":0},"geometry":{"type":"Point","coordinates":[-89.95136,15.98145]}},{"type":"Feature","properties":{"n":"YALAMBOJOCH","m":"NENTON","a":"Baja","p":825},"geometry":{"type":"Point","coordinates":[-91.57101,15.98052]}},{"type":"Feature","properties":{"n":"TRES MARIAS","m":"BARILLAS","a":"Alta","p":0},"geometry":{"type":"Point","coordinates":[-91.11973,15.98931]}},{"type":"Feature","properties":{"n":"LA ESPERANZA","m":"BARILLAS","a":"Alta","p":28},"geometry":{"type":"Point","coordinates":[-91.12066,15.9928]}},{"type":"Feature","properties":{"n":"EL CASIANO","m":"SAYAXCHE","a":"Baja","p":193},"geometry":{"type":"Point","coordinates":[-89.95715,15.99416]}},{"type":"Feature","properties":{"n":"LA NUEVA MAQUINA","m":"IXCAN","a":"Media","p":490},"geometry":{"type":"Point","coordinates":[-90.49771,15.99805]}},{"type":"Feature","properties":{"n":"COMUNIDAD LAS BRISAS","m":"COBAN","a":"Media","p":102},"geometry":{"type":"Point","coordinates":[-90.57982,16.00172]}},{"type":"Feature","properties":{"n":"LA CHAPINA","m":"CHISEC","a":"Media","p":245},"geometry":{"type":"Point","coordinates":[-90.48874,16.00196]}},{"type":"Feature","properties":{"n":"EL NARANJO","m":"FRAY BARTOLOME DE LAS CASAS","a":"Baja","p":423},"geometry":{"type":"Point","coordinates":[-89.62518,16.00235]}},{"type":"Feature","properties":{"n":"PASO DELCAPITAN","m":"IXCAN","a":"Alta","p":0},"geometry":{"type":"Point","coordinates":[-90.69911,16.00439]}},{"type":"Feature","properties":{"n":"EL PASO","m":"IXCAN","a":"Media","p":141},"geometry":{"type":"Point","coordinates":[-90.4945,16.0046]}},{"type":"Feature","properties":{"n":"COMUNIDAD PIE DEL CERRO","m":"COBAN","a":"Baja","p":227},"geometry":{"type":"Point","coordinates":[-90.62618,16.00496]}},{"type":"Feature","properties":{"n":"LA BALSITA","m":"SAN LUIS","a":"Media","p":0},"geometry":{"type":"Point","coordinates":[-89.58453,16.0107]}},{"type":"Feature","properties":{"n":"LA BALSITA","m":"FRAY BARTOLOME DE LAS CASAS","a":"Baja","p":697},"geometry":{"type":"Point","coordinates":[-89.58576,16.01107]}},{"type":"Feature","properties":{"n":"LA PLAYITA","m":"CHISEC","a":"Baja","p":454},"geometry":{"type":"Point","coordinates":[-90.45029,16.01304]}},{"type":"Feature","properties":{"n":"SANTA CRUZ","m":"SAN LUIS","a":"Baja","p":0},"geometry":{"type":"Point","coordinates":[-89.22344,16.01191]}},{"type":"Feature","properties":{"n":"NUEVA ESPERANZA","m":"IXCAN","a":"Baja","p":731},"geometry":{"type":"Point","coordinates":[-90.73392,16.01632]}},{"type":"Feature","properties":{"n":"COMUNIDAD TIERRA BLANCA I","m":"COBAN","a":"Media","p":648},"geometry":{"type":"Point","coordinates":[-90.6136,16.0167]}},{"type":"Feature","properties":{"n":"LAS VEGAS CHIXSOY","m":"IXCAN","a":"Alta","p":137},"geometry":{"type":"Point","coordinates":[-90.71217,16.01771]}},{"type":"Feature","properties":{"n":"SANTA MARIA SETZUL","m":"CHISEC","a":"Baja","p":39},"geometry":{"type":"Point","coordinates":[-90.37747,16.01818]}},{"type":"Feature","properties":{"n":"EL PEYAN","m":"COBAN","a":"Baja","p":0},"geometry":{"type":"Point","coordinates":[-90.68435,16.01857]}},{"type":"Feature","properties":{"n":"LA BALSA","m":"SAN LUIS","a":"Alta","p":706},"geometry":{"type":"Point","coordinates":[-89.60091,16.01819]}},{"type":"Feature","properties":{"n":"EL IMPERIO","m":"SAYAXCHE","a":"Baja","p":0},"geometry":{"type":"Point","coordinates":[-90.04436,16.02076]}},{"type":"Feature","properties":{"n":"TIERRA BLANCA CHIXOY","m":"COBAN","a":"Media","p":0},"geometry":{"type":"Point","coordinates":[-90.61887,16.02246]}},{"type":"Feature","properties":{"n":"EL POZO","m":"IXCAN","a":"Media","p":0},"geometry":{"type":"Point","coordinates":[-90.48779,16.02283]}},{"type":"Feature","properties":{"n":"TIERRA BLANCA II","m":"COBAN","a":"Muy Alta","p":0},"geometry":{"type":"Point","coordinates":[-90.59938,16.02489]}},{"type":"Feature","properties":{"n":"LA ESMERALDA","m":"IXCAN","a":"Muy Alta","p":0},"geometry":{"type":"Point","coordinates":[-90.53658,16.02753]}},{"type":"Feature","properties":{"n":"LA ESPERANZA","m":"SAYAXCHE","a":"Media","p":0},"geometry":{"type":"Point","coordinates":[-90.05931,16.02965]}},{"type":"Feature","properties":{"n":"TRES RIOS","m":"IXCAN","a":"Baja","p":255},"geometry":{"type":"Point","coordinates":[-90.46012,16.03046]}},{"type":"Feature","properties":{"n":"QUIMALA","m":"CHISEC","a":"Baja","p":154},"geometry":{"type":"Point","coordinates":[-90.42355,16.03104]}},{"type":"Feature","properties":{"n":"LA LAGUNA ROSATITLAN","m":"SAN LUIS","a":"Media","p":164},"geometry":{"type":"Point","coordinates":[-89.80699,16.03126]}},{"type":"Feature","properties":{"n":"COMUNIDAD ISLA LAS TORTUGAS","m":"COBAN","a":"Alta","p":162},"geometry":{"type":"Point","coordinates":[-90.60008,16.03304]}},{"type":"Feature","properties":{"n":"LA ISLA","m":"CHISEC","a":"Media","p":139},"geometry":{"type":"Point","coordinates":[-90.43714,16.03335]}},{"type":"Feature","properties":{"n":"PARAISO DE ADAN","m":"IXCAN","a":"Baja","p":380},"geometry":{"type":"Point","coordinates":[-90.7272,16.03467]}},{"type":"Feature","properties":{"n":"ENTRE RIOS","m":"SAYAXCHE","a":"Alta","p":266},"geometry":{"type":"Point","coordinates":[-89.87224,16.03757]}},{"type":"Feature","properties":{"n":"LOTIFICACION SAN JACOBO II","m":"IXCAN","a":"Muy Alta","p":0},"geometry":{"type":"Point","coordinates":[-90.62776,16.03852]}},{"type":"Feature","properties":{"n":"LA REFORMITA","m":"IXCAN","a":"Baja","p":219},"geometry":{"type":"Point","coordinates":[-90.52252,16.0387]}},{"type":"Feature","properties":{"n":"BAJIO MACHAQUILAITO","m":"SAN LUIS","a":"Alta","p":151},"geometry":{"type":"Point","coordinates":[-89.8537,16.03821]}},{"type":"Feature","properties":{"n":"EL COROZO","m":"BARILLAS","a":"Baja","p":453},"geometry":{"type":"Point","coordinates":[-91.13903,16.03849]}},{"type":"Feature","properties":{"n":"ISLOTE CANANA","m":"IXCAN","a":"Alta","p":0},"geometry":{"type":"Point","coordinates":[-90.65076,16.04092]}},{"type":"Feature","properties":{"n":"LA DICHA","m":"SAYAXCHE","a":"Media","p":0},"geometry":{"type":"Point","coordinates":[-90.04989,16.04116]}},{"type":"Feature","properties":{"n":"SUTIJA","m":"SAN LUIS","a":"Media","p":82},"geometry":{"type":"Point","coordinates":[-89.55128,16.04094]}},{"type":"Feature","properties":{"n":"RAXQUISH","m":"SAN LUIS","a":"Media","p":28},"geometry":{"type":"Point","coordinates":[-89.84734,16.04245]}},{"type":"Feature","properties":{"n":"LAS MERCEDES","m":"CHISEC","a":"Media","p":339},"geometry":{"type":"Point","coordinates":[-90.43314,16.04343]}},{"type":"Feature","properties":{"n":"SUTIJA","m":"FRAY BARTOLOME DE LAS CASAS","a":"Baja","p":438},"geometry":{"type":"Point","coordinates":[-89.5342,16.04365]}},{"type":"Feature","properties":{"n":"SAN LUIS","m":"SAN LUIS","a":"Alta","p":0},"geometry":{"type":"Point","coordinates":[-89.84512,16.05057]}},{"type":"Feature","properties":{"n":"MONTE CRISTO 1","m":"CHISEC","a":"Baja","p":0},"geometry":{"type":"Point","coordinates":[-90.30724,16.05153]}},{"type":"Feature","properties":{"n":"ATLANTIDA","m":"IXCAN","a":"Baja","p":174},"geometry":{"type":"Point","coordinates":[-90.86026,16.05187]}},{"type":"Feature","properties":{"n":"NUEVA MARAVILLA SANTO DOMINGO","m":"BARILLAS","a":"Baja","p":272},"geometry":{"type":"Point","coordinates":[-91.17505,16.05336]}},{"type":"Feature","properties":{"n":"RAXUJA","m":"SAN LUIS","a":"Alta","p":439},"geometry":{"type":"Point","coordinates":[-89.81543,16.05384]}},{"type":"Feature","properties":{"n":"ESPERANCITA DEL RIO","m":"CHISEC","a":"Baja","p":332},"geometry":{"type":"Point","coordinates":[-90.38475,16.05517]}},{"type":"Feature","properties":{"n":"SIN NOMBRE","m":"SAN LUIS","a":"Baja","p":0},"geometry":{"type":"Point","coordinates":[-89.52031,16.05372]}},{"type":"Feature","properties":{"n":"LAS TRES MARIAS","m":"SAN LUIS","a":"Muy Alta","p":0},"geometry":{"type":"Point","coordinates":[-89.73429,16.05686]}},{"type":"Feature","properties":{"n":"ROSA ATITLAN","m":"SAN LUIS","a":"Muy Alta","p":311},"geometry":{"type":"Point","coordinates":[-89.77681,16.06125]}},{"type":"Feature","properties":{"n":"CENTRO SAN FRANCISCO","m":"IXCAN","a":"Baja","p":0},"geometry":{"type":"Point","coordinates":[-91.03636,16.06193]}},{"type":"Feature","properties":{"n":"CAMP. VICTORIA 20 DE ENERO","m":"IXCAN","a":"Baja","p":1496},"geometry":{"type":"Point","coordinates":[-90.94494,16.06294]}},{"type":"Feature","properties":{"n":"LA CACHIMBA","m":"SAYAXCHE","a":"Baja","p":26},"geometry":{"type":"Point","coordinates":[-90.06617,16.06337]}},{"type":"Feature","properties":{"n":"SAN AGUSTIN","m":"SAYAXCHE","a":"Baja","p":0},"geometry":{"type":"Point","coordinates":[-90.41583,16.06562]}},{"type":"Feature","properties":{"n":"GUARDA RAYA","m":"IXCAN","a":"Baja","p":0},"geometry":{"type":"Point","coordinates":[-90.4455,16.06597]}},{"type":"Feature","properties":{"n":"CANSIS","m":"SAN LUIS","a":"Alta","p":0},"geometry":{"type":"Point","coordinates":[-89.43788,16.06374]}},{"type":"Feature","properties":{"n":"LAS MERCEDES 2","m":"CHISEC","a":"Media","p":0},"geometry":{"type":"Point","coordinates":[-90.41654,16.06638]}},{"type":"Feature","properties":{"n":"SEMARAK","m":"SAN LUIS","a":"Baja","p":275},"geometry":{"type":"Point","coordinates":[-89.6217,16.06566]}},{"type":"Feature","properties":{"n":"SANTA ISABEL","m":"SAN LUIS","a":"Alta","p":507},"geometry":{"type":"Point","coordinates":[-89.46795,16.06542]}},{"type":"Feature","properties":{"n":"LOMA LINDA LA FRONTERA","m":"BARILLAS","a":"Baja","p":302},"geometry":{"type":"Point","coordinates":[-91.20619,16.06788]}},{"type":"Feature","properties":{"n":"COOPERATIVA EL ZAPOTE","m":"SAN LUIS","a":"Media","p":991},"geometry":{"type":"Point","coordinates":[-89.71743,16.06869]}},{"type":"Feature","properties":{"n":"TRECE AGUAS","m":"SAN LUIS","a":"Alta","p":275},"geometry":{"type":"Point","coordinates":[-89.82609,16.06999]}},{"type":"Feature","properties":{"n":"RIGIBERTO AQUINO","m":"SAN LUIS","a":"Media","p":0},"geometry":{"type":"Point","coordinates":[-89.24961,16.06904]}},{"type":"Feature","properties":{"n":"TEZULUTLAN II","m":"SAYAXCHE","a":"Baja","p":235},"geometry":{"type":"Point","coordinates":[-90.36022,16.07794]}},{"type":"Feature","properties":{"n":"LA PROMESA","m":"SAN LUIS","a":"Alta","p":0},"geometry":{"type":"Point","coordinates":[-89.89153,16.07829]}},{"type":"Feature","properties":{"n":"CANSIS ABAJO","m":"SAN LUIS","a":"Muy Alta","p":94},"geometry":{"type":"Point","coordinates":[-89.40585,16.07658]}},{"type":"Feature","properties":{"n":"LA NUEVA LIBERTAD","m":"SAYAXCHE","a":"Baja","p":0},"geometry":{"type":"Point","coordinates":[-90.05922,16.07935]}},{"type":"Feature","properties":{"n":"SAN AGUSTIN CHIXOY","m":"CHISEC","a":"Alta","p":0},"geometry":{"type":"Point","coordinates":[-90.44434,16.08229]}},{"type":"Feature","properties":{"n":"NARANJAL","m":"SAN LUIS","a":"Media","p":75},"geometry":{"type":"Point","coordinates":[-89.41332,16.08358]}},{"type":"Feature","properties":{"n":"SAN MARTIN","m":"SAN LUIS","a":"Media","p":243},"geometry":{"type":"Point","coordinates":[-89.87289,16.09222]}},{"type":"Feature","properties":{"n":"SANTO DOMINGO","m":"SAYAXCHE","a":"Baja","p":0},"geometry":{"type":"Point","coordinates":[-90.4236,16.09566]}},{"type":"Feature","properties":{"n":"EL PATO","m":"SAYAXCHE","a":"Media","p":1313},"geometry":{"type":"Point","coordinates":[-90.0686,16.09579]}},{"type":"Feature","properties":{"n":"EL PARAISO","m":"SAN LUIS","a":"Media","p":241},"geometry":{"type":"Point","coordinates":[-89.67184,16.09507]}},{"type":"Feature","properties":{"n":"EL MATRIMONIO O SAN ANTONIO EL NUEVO","m":"SAN LUIS","a":"Baja","p":71},"geometry":{"type":"Point","coordinates":[-89.70033,16.09593]}},{"type":"Feature","properties":{"n":"CHAPAYAL","m":"SAYAXCHE","a":"Baja","p":45},"geometry":{"type":"Point","coordinates":[-90.06911,16.09875]}},{"type":"Feature","properties":{"n":"SANTA ELENA","m":"SAYAXCHE","a":"Muy Alta","p":0},"geometry":{"type":"Point","coordinates":[-90.45576,16.10105]}},{"type":"Feature","properties":{"n":"SANTA ELENA","m":"SAYAXCHE","a":"Media","p":298},"geometry":{"type":"Point","coordinates":[-90.4243,16.10369]}},{"type":"Feature","properties":{"n":"BUENA VISTA","m":"SAN LUIS","a":"Muy Alta","p":0},"geometry":{"type":"Point","coordinates":[-89.80647,16.11577]}},{"type":"Feature","properties":{"n":"ARROYO EL DELEGADO","m":"SAN LUIS","a":"Alta","p":254},"geometry":{"type":"Point","coordinates":[-89.8597,16.11691]}},{"type":"Feature","properties":{"n":"NUEVA ESPERANZA","m":"SAYAXCHE","a":"Muy Alta","p":0},"geometry":{"type":"Point","coordinates":[-90.03951,16.11766]}},{"type":"Feature","properties":{"n":"SIN NOMBRE","m":"SAYAXCHE","a":"Media","p":0},"geometry":{"type":"Point","coordinates":[-90.07023,16.11773]}},{"type":"Feature","properties":{"n":"CHINAJA","m":"SAN LUIS","a":"Alta","p":0},"geometry":{"type":"Point","coordinates":[-89.75507,16.1187]}},{"type":"Feature","properties":{"n":"NICTE","m":"SAYAXCHE","a":"Media","p":0},"geometry":{"type":"Point","coordinates":[-90.0973,16.12083]}},{"type":"Feature","properties":{"n":"CHINCHILA","m":"SAN LUIS","a":"Baja","p":1103},"geometry":{"type":"Point","coordinates":[-89.45253,16.12502]}},{"type":"Feature","properties":{"n":"EL ESCOBO","m":"SAN LUIS","a":"Media","p":0},"geometry":{"type":"Point","coordinates":[-89.93957,16.12971]}},{"type":"Feature","properties":{"n":"EL DANUBIO","m":"SAYAXCHE","a":"Media","p":0},"geometry":{"type":"Point","coordinates":[-90.03015,16.13119]}},{"type":"Feature","properties":{"n":"CANSIS","m":"SAN LUIS","a":"Media","p":0},"geometry":{"type":"Point","coordinates":[-89.38292,16.12999]}},{"type":"Feature","properties":{"n":"LAS GEMELAS","m":"SAN LUIS","a":"Muy Alta","p":0},"geometry":{"type":"Point","coordinates":[-89.93773,16.13358]}},{"type":"Feature","properties":{"n":"SAN ANTONIO EL CALVARIO","m":"SAN LUIS","a":"Baja","p":245},"geometry":{"type":"Point","coordinates":[-89.31801,16.1331]}},{"type":"Feature","properties":{"n":"SANTA AMELIA","m":"SAN LUIS","a":"Alta","p":0},"geometry":{"type":"Point","coordinates":[-89.93698,16.13836]}},{"type":"Feature","properties":{"n":"SAN PATRICIO","m":"SAYAXCHE","a":"Media","p":0},"geometry":{"type":"Point","coordinates":[-90.01235,16.13941]}},{"type":"Feature","properties":{"n":"SIN NOMBRE","m":"SAYAXCHE","a":"Alta","p":0},"geometry":{"type":"Point","coordinates":[-90.03523,16.14016]}},{"type":"Feature","properties":{"n":"CANALE-A","m":"SAYAXCHE","a":"Media","p":278},"geometry":{"type":"Point","coordinates":[-90.23186,16.14222]}},{"type":"Feature","properties":{"n":"SEMUC","m":"SAN LUIS","a":"Alta","p":0},"geometry":{"type":"Point","coordinates":[-89.97676,16.1439]}},{"type":"Feature","properties":{"n":"SIN NOMBRE","m":"SAYAXCHE","a":"Media","p":0},"geometry":{"type":"Point","coordinates":[-90.03538,16.14465]}},{"type":"Feature","properties":{"n":"PAITE SECO","m":"SAN LUIS","a":"Alta","p":83},"geometry":{"type":"Point","coordinates":[-89.24541,16.14147]}},{"type":"Feature","properties":{"n":"LA TORRE","m":"SAYAXCHE","a":"Baja","p":289},"geometry":{"type":"Point","coordinates":[-90.18131,16.14698]}},{"type":"Feature","properties":{"n":"LA JUTERA","m":"SAYAXCHE","a":"Media","p":0},"geometry":{"type":"Point","coordinates":[-90.02342,16.14704]}},{"type":"Feature","properties":{"n":"TRES MARIAS","m":"SAN LUIS","a":"Baja","p":0},"geometry":{"type":"Point","coordinates":[-89.39496,16.14472]}},{"type":"Feature","properties":{"n":"SANTA ISABEL","m":"SAN LUIS","a":"Alta","p":0},"geometry":{"type":"Point","coordinates":[-89.96719,16.14838]}},{"type":"Feature","properties":{"n":"EL CUERVO","m":"SAN LUIS","a":"Alta","p":0},"geometry":{"type":"Point","coordinates":[-89.98708,16.14913]}},{"type":"Feature","properties":{"n":"SANTA  TERESITA","m":"SAN LUIS","a":"Alta","p":0},"geometry":{"type":"Point","coordinates":[-89.8217,16.14892]}},{"type":"Feature","properties":{"n":"SIN NOMBRE","m":"SAN LUIS","a":"Alta","p":0},"geometry":{"type":"Point","coordinates":[-89.97093,16.15212]}},{"type":"Feature","properties":{"n":"IXBOBO","m":"SAN LUIS","a":"Baja","p":754},"geometry":{"type":"Point","coordinates":[-89.40343,16.15039]}},{"type":"Feature","properties":{"n":"SIN NOMBRE","m":"SAN LUIS","a":"Alta","p":0},"geometry":{"type":"Point","coordinates":[-89.97661,16.15332]}},{"type":"Feature","properties":{"n":"LA UNION","m":"SAYAXCHE","a":"Baja","p":0},"geometry":{"type":"Point","coordinates":[-90.01205,16.15452]}},{"type":"Feature","properties":{"n":"CANACHI","m":"SAN LUIS","a":"Baja","p":171},"geometry":{"type":"Point","coordinates":[-89.3544,16.1526]}},{"type":"Feature","properties":{"n":"CHILE VERDE O QUEBRADA SECA","m":"SAN LUIS","a":"Media","p":84},"geometry":{"type":"Point","coordinates":[-89.7823,16.15539]}},{"type":"Feature","properties":{"n":"TIERRA BLANCA","m":"SAYAXCHE","a":"Media","p":1378},"geometry":{"type":"Point","coordinates":[-90.31983,16.15791]}},{"type":"Feature","properties":{"n":"CHICHIJA","m":"SAN LUIS","a":"Baja","p":0},"geometry":{"type":"Point","coordinates":[-89.32315,16.15694]}},{"type":"Feature","properties":{"n":"LA NUEVA","m":"SAYAXCHE","a":"Baja","p":0},"geometry":{"type":"Point","coordinates":[-90.01265,16.15975]}},{"type":"Feature","properties":{"n":"LOS ENCUENTROS","m":"SAYAXCHE","a":"Media","p":540},"geometry":{"type":"Point","coordinates":[-89.94866,16.15971]}},{"type":"Feature","properties":{"n":"CUARTA LINEA","m":"SAN LUIS","a":"Baja","p":128},"geometry":{"type":"Point","coordinates":[-89.52537,16.15934]}},{"type":"Feature","properties":{"n":"HACIENDA RIO BLANCO","m":"SAN LUIS","a":"Muy Alta","p":0},"geometry":{"type":"Point","coordinates":[-89.25295,16.16683]}},{"type":"Feature","properties":{"n":"HACIENDA EL TORO","m":"SAN LUIS","a":"Media","p":0},"geometry":{"type":"Point","coordinates":[-90.03752,16.1745]}},{"type":"Feature","properties":{"n":"EL TORO","m":"SAYAXCHE","a":"Alta","p":172},"geometry":{"type":"Point","coordinates":[-90.03598,16.17893]}},{"type":"Feature","properties":{"n":"CARIBE","m":"SAYAXCHE","a":"Baja","p":293},"geometry":{"type":"Point","coordinates":[-90.43723,16.18294]}},{"type":"Feature","properties":{"n":"NACIMIENTO BOBILA","m":"SAN LUIS","a":"Muy Alta","p":177},"geometry":{"type":"Point","coordinates":[-89.76285,16.18289]}},{"type":"Feature","properties":{"n":"SEJUX","m":"SAN LUIS","a":"Muy Alta","p":0},"geometry":{"type":"Point","coordinates":[-89.71032,16.19908]}},{"type":"Feature","properties":{"n":"SECOLAY","m":"POPTUN","a":"Media","p":91},"geometry":{"type":"Point","coordinates":[-89.94977,16.20278]}},{"type":"Feature","properties":{"n":"SAN ISIDRO","m":"SAYAXCHE","a":"Muy Alta","p":0},"geometry":{"type":"Point","coordinates":[-90.4521,16.20395]}},{"type":"Feature","properties":{"n":"LA NUEVE","m":"SAN LUIS","a":"Media","p":0},"geometry":{"type":"Point","coordinates":[-89.32388,16.20295]}},{"type":"Feature","properties":{"n":"ESQUIPULAS ESPOLON","m":"SAN LUIS","a":"Media","p":0},"geometry":{"type":"Point","coordinates":[-89.70932,16.20634]}},{"type":"Feature","properties":{"n":"SANTA AMELIA ELOYAN","m":"SAN LUIS","a":"Baja","p":78},"geometry":{"type":"Point","coordinates":[-89.8011,16.20711]}},{"type":"Feature","properties":{"n":"ARROYO SANTA AMELIA","m":"SAYAXCHE","a":"Baja","p":163},"geometry":{"type":"Point","coordinates":[-90.0172,16.21202]}},{"type":"Feature","properties":{"n":"SAN ROMAN","m":"SAYAXCHE","a":"Baja","p":582},"geometry":{"type":"Point","coordinates":[-90.32706,16.21598]}},{"type":"Feature","properties":{"n":"EL COLORADO","m":"SAYAXCHE","a":"Baja","p":104},"geometry":{"type":"Point","coordinates":[-90.08425,16.21977]}},{"type":"Feature","properties":{"n":"EL BRAMADERO II","m":"SAYAXCHE","a":"Baja","p":46},"geometry":{"type":"Point","coordinates":[-90.02099,16.22056]}},{"type":"Feature","properties":{"n":"LAS DELICIAS","m":"SAYAXCHE","a":"Media","p":177},"geometry":{"type":"Point","coordinates":[-90.42958,16.2386]}},{"type":"Feature","properties":{"n":"CHAMANEC","m":"SAYAXCHE","a":"Alta","p":0},"geometry":{"type":"Point","coordinates":[-90.08652,16.2425]}},{"type":"Feature","properties":{"n":"LA CUMBRE","m":"SAYAXCHE","a":"Muy Alta","p":0},"geometry":{"type":"Point","coordinates":[-90.1242,16.24429]}},{"type":"Feature","properties":{"n":"LA BOLSA","m":"SAYAXCHE","a":"Alta","p":0},"geometry":{"type":"Point","coordinates":[-90.44659,16.25236]}},{"type":"Feature","properties":{"n":"CHOCON","m":"POPTUN","a":"Alta","p":102},"geometry":{"type":"Point","coordinates":[-89.87294,16.25475]}},{"type":"Feature","properties":{"n":"EL LIMONAR","m":"SAYAXCHE","a":"Alta","p":0},"geometry":{"type":"Point","coordinates":[-90.43889,16.25764]}},{"type":"Feature","properties":{"n":"LA CORTADA","m":"SAYAXCHE","a":"Media","p":0},"geometry":{"type":"Point","coordinates":[-90.41654,16.26929]}},{"type":"Feature","properties":{"n":"JABALI BRAVO","m":"POPTUN","a":"Alta","p":135},"geometry":{"type":"Point","coordinates":[-89.84487,16.26995]}},{"type":"Feature","properties":{"n":"LA BENDICION","m":"POPTUN","a":"Baja","p":124},"geometry":{"type":"Point","coordinates":[-89.60488,16.26951]}},{"type":"Feature","properties":{"n":"SANTA MARIA SECHACTI","m":"POPTUN","a":"Muy Alta","p":180},"geometry":{"type":"Point","coordinates":[-89.87365,16.27216]}},{"type":"Feature","properties":{"n":"NACIMIENTO","m":"SAYAXCHE","a":"Alta","p":730},"geometry":{"type":"Point","coordinates":[-89.84744,16.27292]}},{"type":"Feature","properties":{"n":"EL HORIZONTE","m":"SAYAXCHE","a":"Media","p":120},"geometry":{"type":"Point","coordinates":[-90.07996,16.27368]}},{"type":"Feature","properties":{"n":"SAN FRANCISCO","m":"POPTUN","a":"Muy Alta","p":52},"geometry":{"type":"Point","coordinates":[-89.60453,16.27348]}},{"type":"Feature","properties":{"n":"CARMELITAS","m":"POPTUN","a":"Media","p":171},"geometry":{"type":"Point","coordinates":[-89.87237,16.27976]}},{"type":"Feature","properties":{"n":"LAGUNA SOLDEDAD","m":"SAYAXCHE","a":"Media","p":594},"geometry":{"type":"Point","coordinates":[-90.40604,16.28824]}},{"type":"Feature","properties":{"n":"MONTA-A RUSA","m":"POPTUN","a":"Media","p":23},"geometry":{"type":"Point","coordinates":[-89.40539,16.28689]}},{"type":"Feature","properties":{"n":"EL SEPENSE","m":"SAYAXCHE","a":"Baja","p":0},"geometry":{"type":"Point","coordinates":[-90.37014,16.29055]}},{"type":"Feature","properties":{"n":"ROTO NUEVO","m":"SAYAXCHE","a":"Alta","p":161},"geometry":{"type":"Point","coordinates":[-90.43125,16.29115]}},{"type":"Feature","properties":{"n":"SANTA CRUZ","m":"POPTUN","a":"Media","p":153},"geometry":{"type":"Point","coordinates":[-89.38191,16.28934]}},{"type":"Feature","properties":{"n":"EL CHILAR II","m":"POPTUN","a":"Baja","p":208},"geometry":{"type":"Point","coordinates":[-89.62957,16.29281]}},{"type":"Feature","properties":{"n":"SANTA AMELIA","m":"SAYAXCHE","a":"Media","p":152},"geometry":{"type":"Point","coordinates":[-90.04897,16.29467]}},{"type":"Feature","properties":{"n":"ROSITA","m":"POPTUN","a":"Muy Alta","p":0},"geometry":{"type":"Point","coordinates":[-89.41424,16.29269]}},{"type":"Feature","properties":{"n":"CHINAJA","m":"POPTUN","a":"Muy Alta","p":446},"geometry":{"type":"Point","coordinates":[-89.8645,16.29531]}},{"type":"Feature","properties":{"n":"LA PROVIDENCIA","m":"POPTUN","a":"Muy Alta","p":160},"geometry":{"type":"Point","coordinates":[-89.83217,16.29611]}},{"type":"Feature","properties":{"n":"EL CHILAR I","m":"POPTUN","a":"Media","p":66},"geometry":{"type":"Point","coordinates":[-89.60028,16.29811]}},{"type":"Feature","properties":{"n":"UCANALES","m":"SAYAXCHE","a":"Baja","p":190},"geometry":{"type":"Point","coordinates":[-90.09492,16.30092]}},{"type":"Feature","properties":{"n":"LA CHAMPONA","m":"POPTUN","a":"Baja","p":0},"geometry":{"type":"Point","coordinates":[-89.63669,16.30024]}},{"type":"Feature","properties":{"n":"SAN MARCOS","m":"DOLORES","a":"Media","p":215},"geometry":{"type":"Point","coordinates":[-89.90237,16.30208]}},{"type":"Feature","properties":{"n":"SAN MARCOS","m":"POPTUN","a":"Media","p":113},"geometry":{"type":"Point","coordinates":[-89.8229,16.31645]}},{"type":"Feature","properties":{"n":"EL ACHIOTALITO","m":"POPTUN","a":"Muy Alta","p":150},"geometry":{"type":"Point","coordinates":[-89.66378,16.31721]}},{"type":"Feature","properties":{"n":"SAN PEDRO","m":"POPTUN","a":"Alta","p":263},"geometry":{"type":"Point","coordinates":[-89.87915,16.32046]}},{"type":"Feature","properties":{"n":"MOLLEJON","m":"SAYAXCHE","a":"Baja","p":65},"geometry":{"type":"Point","coordinates":[-90.41044,16.32354]}},{"type":"Feature","properties":{"n":"MARAVILLAS","m":"SAYAXCHE","a":"Baja","p":115},"geometry":{"type":"Point","coordinates":[-90.05489,16.32766]}},{"type":"Feature","properties":{"n":"CHAPAYAL","m":"POPTUN","a":"Muy Alta","p":113},"geometry":{"type":"Point","coordinates":[-89.56508,16.32755]}},{"type":"Feature","properties":{"n":"LA PELUDA","m":"POPTUN","a":"Media","p":60},"geometry":{"type":"Point","coordinates":[-89.62506,16.32855]}},{"type":"Feature","properties":{"n":"EL LIMON","m":"DOLORES","a":"Media","p":369},"geometry":{"type":"Point","coordinates":[-89.89181,16.33003]}},{"type":"Feature","properties":{"n":"SANTA RITA","m":"SAYAXCHE","a":"Baja","p":568},"geometry":{"type":"Point","coordinates":[-90.04471,16.33614]}},{"type":"Feature","properties":{"n":"ARROYON","m":"POPTUN","a":"Media","p":0},"geometry":{"type":"Point","coordinates":[-89.55169,16.33668]}},{"type":"Feature","properties":{"n":"ACHIOTAL","m":"POPTUN","a":"Baja","p":0},"geometry":{"type":"Point","coordinates":[-89.55062,16.34151]}},{"type":"Feature","properties":{"n":"BOTAN","m":"SAYAXCHE","a":"Baja","p":48},"geometry":{"type":"Point","coordinates":[-90.0362,16.35397]}},{"type":"Feature","properties":{"n":"LA DEMOCRACIA","m":"SAYAXCHE","a":"Baja","p":994},"geometry":{"type":"Point","coordinates":[-89.98396,16.35613]}},{"type":"Feature","properties":{"n":"PALO ALTO","m":"DOLORES","a":"Media","p":0},"geometry":{"type":"Point","coordinates":[-90.042,16.36059]}},{"type":"Feature","properties":{"n":"RIO BLANCO","m":"POPTUN","a":"Muy Alta","p":115},"geometry":{"type":"Point","coordinates":[-89.77454,16.36015]}},{"type":"Feature","properties":{"n":"EL RANCHON","m":"POPTUN","a":"Baja","p":0},"geometry":{"type":"Point","coordinates":[-89.4175,16.36431]}},{"type":"Feature","properties":{"n":"NACIMIENTO ORIENTAL","m":"POPTUN","a":"Media","p":182},"geometry":{"type":"Point","coordinates":[-89.77754,16.3715]}},{"type":"Feature","properties":{"n":"CONCOMA","m":"POPTUN","a":"Media","p":436},"geometry":{"type":"Point","coordinates":[-89.52366,16.37723]}},{"type":"Feature","properties":{"n":"HACIENDA LAS MARIAS TRES","m":"DOLORES","a":"Baja","p":0},"geometry":{"type":"Point","coordinates":[-89.28417,16.37603]}},{"type":"Feature","properties":{"n":"PICO DE ORO","m":"SAYAXCHE","a":"Baja","p":85},"geometry":{"type":"Point","coordinates":[-90.39336,16.38499]}},{"type":"Feature","properties":{"n":"SANTA MARTA  EL MIRADOR","m":"POPTUN","a":"Alta","p":234},"geometry":{"type":"Point","coordinates":[-89.80131,16.39124]}},{"type":"Feature","properties":{"n":"MACHAQUILA","m":"POPTUN","a":"Muy Alta","p":2273},"geometry":{"type":"Point","coordinates":[-89.44621,16.39217]}},{"type":"Feature","properties":{"n":"LA LAGUNA","m":"POPTUN","a":"Muy Alta","p":0},"geometry":{"type":"Point","coordinates":[-89.51337,16.39654]}},{"type":"Feature","properties":{"n":"LA GLORIA","m":"POPTUN","a":"Muy Alta","p":159},"geometry":{"type":"Point","coordinates":[-89.51308,16.39933]}},{"type":"Feature","properties":{"n":"LA PRIMAVERA","m":"DOLORES","a":"Muy Alta","p":0},"geometry":{"type":"Point","coordinates":[-89.45291,16.39961]}},{"type":"Feature","properties":{"n":"AGUA BRAVA","m":"POPTUN","a":"Alta","p":13},"geometry":{"type":"Point","coordinates":[-89.48048,16.40018]}},{"type":"Feature","properties":{"n":"YAKUTU DOS","m":"DOLORES","a":"Media","p":0},"geometry":{"type":"Point","coordinates":[-89.49945,16.40028]}},{"type":"Feature","properties":{"n":"EL PARAISO","m":"POPTUN","a":"Muy Alta","p":32},"geometry":{"type":"Point","coordinates":[-89.49106,16.4017]}},{"type":"Feature","properties":{"n":"YOLANDA","m":"DOLORES","a":"Alta","p":0},"geometry":{"type":"Point","coordinates":[-89.43833,16.40144]}},{"type":"Feature","properties":{"n":"EL OLVIDO","m":"POPTUN","a":"Media","p":0},"geometry":{"type":"Point","coordinates":[-89.47261,16.4019]}},{"type":"Feature","properties":{"n":"LOS OLIVOS","m":"SAYAXCHE","a":"Baja","p":178},"geometry":{"type":"Point","coordinates":[-90.12538,16.40549]}},{"type":"Feature","properties":{"n":"LA PETENERA","m":"DOLORES","a":"Alta","p":0},"geometry":{"type":"Point","coordinates":[-89.25687,16.40484]}},{"type":"Feature","properties":{"n":"TAMARINDO II","m":"SAYAXCHE","a":"Alta","p":497},"geometry":{"type":"Point","coordinates":[-90.15159,16.41225]}},{"type":"Feature","properties":{"n":"TAMARINDO I","m":"SAYAXCHE","a":"Alta","p":195},"geometry":{"type":"Point","coordinates":[-90.16796,16.41254]}},{"type":"Feature","properties":{"n":"LA MACHACA I","m":"POPTUN","a":"Media","p":408},"geometry":{"type":"Point","coordinates":[-89.6443,16.41428]}},{"type":"Feature","properties":{"n":"LA NUEVA ESPERANZA","m":"POPTUN","a":"Alta","p":285},"geometry":{"type":"Point","coordinates":[-89.62131,16.41465]}},{"type":"Feature","properties":{"n":"EL ESTADIO","m":"POPTUN","a":"Muy Alta","p":206},"geometry":{"type":"Point","coordinates":[-89.72231,16.42173]}},{"type":"Feature","properties":{"n":"SIN NOMBRE","m":"DOLORES","a":"Muy Alta","p":0},"geometry":{"type":"Point","coordinates":[-89.70948,16.42951]}},{"type":"Feature","properties":{"n":"POXTE I","m":"DOLORES","a":"Alta","p":0},"geometry":{"type":"Point","coordinates":[-89.6987,16.43547]}},{"type":"Feature","properties":{"n":"SIN NOMBRE","m":"DOLORES","a":"Baja","p":0},"geometry":{"type":"Point","coordinates":[-89.68579,16.43901]}},{"type":"Feature","properties":{"n":"LA MACHACA II","m":"POPTUN","a":"Alta","p":74},"geometry":{"type":"Point","coordinates":[-89.57473,16.44864]}},{"type":"Feature","properties":{"n":"EL MILAGRO","m":"POPTUN","a":"Baja","p":131},"geometry":{"type":"Point","coordinates":[-89.49028,16.44861]}},{"type":"Feature","properties":{"n":"SAN SIMON","m":"DOLORES","a":"Baja","p":0},"geometry":{"type":"Point","coordinates":[-89.43517,16.45348]}},{"type":"Feature","properties":{"n":"SABALAM","m":"DOLORES","a":"Media","p":0},"geometry":{"type":"Point","coordinates":[-89.49199,16.45383]}},{"type":"Feature","properties":{"n":"LAS MOJARRAS II","m":"DOLORES","a":"Alta","p":80},"geometry":{"type":"Point","coordinates":[-89.84699,16.45824]}},{"type":"Feature","properties":{"n":"ENSIMIO MORALES","m":"DOLORES","a":"Baja","p":7},"geometry":{"type":"Point","coordinates":[-89.79964,16.45858]}},{"type":"Feature","properties":{"n":"IXTUTZ","m":"DOLORES","a":"Muy Alta","p":0},"geometry":{"type":"Point","coordinates":[-89.4717,16.4575]}},{"type":"Feature","properties":{"n":"HACIENDA EL OBRERO","m":"SAYAXCHE","a":"Baja","p":0},"geometry":{"type":"Point","coordinates":[-90.14309,16.46078]}},{"type":"Feature","properties":{"n":"GUCUMATZ","m":"DOLORES","a":"Alta","p":0},"geometry":{"type":"Point","coordinates":[-89.77585,16.46196]}},{"type":"Feature","properties":{"n":"LA CUATRO","m":"DOLORES","a":"Media","p":0},"geometry":{"type":"Point","coordinates":[-89.71841,16.46591]}},{"type":"Feature","properties":{"n":"BUENOS AIRES","m":"SAYAXCHE","a":"Media","p":0},"geometry":{"type":"Point","coordinates":[-90.5006,16.46917]}},{"type":"Feature","properties":{"n":"LOS ANGELES","m":"DOLORES","a":"Alta","p":0},"geometry":{"type":"Point","coordinates":[-89.72608,16.46923]}},{"type":"Feature","properties":{"n":"LA TRES","m":"DOLORES","a":"Media","p":0},"geometry":{"type":"Point","coordinates":[-89.7172,16.47128]}},{"type":"Feature","properties":{"n":"SACNITE","m":"DOLORES","a":"Muy Alta","p":0},"geometry":{"type":"Point","coordinates":[-89.73133,16.47306]}},{"type":"Feature","properties":{"n":"EL INGENIERO","m":"DOLORES","a":"Baja","p":0},"geometry":{"type":"Point","coordinates":[-89.7631,16.47748]}},{"type":"Feature","properties":{"n":"PASO PERDIDO","m":"DOLORES","a":"Alta","p":0},"geometry":{"type":"Point","coordinates":[-89.72863,16.47774]}},{"type":"Feature","properties":{"n":"LA VERDE","m":"DOLORES","a":"Baja","p":155},"geometry":{"type":"Point","coordinates":[-89.6722,16.47901]}},{"type":"Feature","properties":{"n":"ACCION PORTE  O ACCION POXTE","m":"DOLORES","a":"Muy Alta","p":254},"geometry":{"type":"Point","coordinates":[-89.75379,16.48144]}},{"type":"Feature","properties":{"n":"PARAISO I","m":"SAYAXCHE","a":"Baja","p":120},"geometry":{"type":"Point","coordinates":[-90.22055,16.48284]}},{"type":"Feature","properties":{"n":"EL ESFUERZO","m":"DOLORES","a":"Baja","p":65},"geometry":{"type":"Point","coordinates":[-89.65897,16.49311]}},{"type":"Feature","properties":{"n":"VALLE AZUL LA MACHACA","m":"DOLORES","a":"Baja","p":0},"geometry":{"type":"Point","coordinates":[-89.77284,16.50879]}},{"type":"Feature","properties":{"n":"PUSILA","m":"DOLORES","a":"Media","p":0},"geometry":{"type":"Point","coordinates":[-89.83564,16.51117]}},{"type":"Feature","properties":{"n":"NUEVA PALESTINA","m":"SAYAXCHE","a":"Media","p":32},"geometry":{"type":"Point","coordinates":[-90.22668,16.51323]}},{"type":"Feature","properties":{"n":"UNION BAYER","m":"DOLORES","a":"Media","p":168},"geometry":{"type":"Point","coordinates":[-89.80518,16.51921]}},{"type":"Feature","properties":{"n":"RANCHOMIRA FLORES","m":"DOLORES","a":"Baja","p":0},"geometry":{"type":"Point","coordinates":[-89.74882,16.52119]}},{"type":"Feature","properties":{"n":"SAN MIGUEL YALU","m":"DOLORES","a":"Muy Alta","p":91},"geometry":{"type":"Point","coordinates":[-89.37864,16.5204]}},{"type":"Feature","properties":{"n":"AFRICA","m":"DOLORES","a":"Alta","p":54},"geometry":{"type":"Point","coordinates":[-89.83196,16.52357]}},{"type":"Feature","properties":{"n":"SAN PABLO","m":"DOLORES","a":"Baja","p":0},"geometry":{"type":"Point","coordinates":[-89.73754,16.52431]}},{"type":"Feature","properties":{"n":"XAHAN","m":"DOLORES","a":"Baja","p":921},"geometry":{"type":"Point","coordinates":[-89.33131,16.52606]}},{"type":"Feature","properties":{"n":"PAJARERA","m":"DOLORES","a":"Media","p":164},"geometry":{"type":"Point","coordinates":[-89.81492,16.52908]}},{"type":"Feature","properties":{"n":"EL CHIQUERITO","m":"DOLORES","a":"Baja","p":0},"geometry":{"type":"Point","coordinates":[-89.76926,16.52901]}},{"type":"Feature","properties":{"n":"GUADALUPE","m":"SAN FRANCISCO","a":"Media","p":152},"geometry":{"type":"Point","coordinates":[-89.99571,16.53386]}},{"type":"Feature","properties":{"n":"NUEVA ISRAELITA O SAN MARTIN","m":"SAYAXCHE","a":"Media","p":185},"geometry":{"type":"Point","coordinates":[-89.99579,16.5339]}},{"type":"Feature","properties":{"n":"CHAGUITE","m":"DOLORES","a":"Media","p":0},"geometry":{"type":"Point","coordinates":[-89.76766,16.53597]}},{"type":"Feature","properties":{"n":"EL VALLE","m":"DOLORES","a":"Muy Alta","p":0},"geometry":{"type":"Point","coordinates":[-89.80654,16.53621]}},{"type":"Feature","properties":{"n":"EL QUETZALITO","m":"DOLORES","a":"Baja","p":215},"geometry":{"type":"Point","coordinates":[-89.76317,16.53651]}},{"type":"Feature","properties":{"n":"MOPAN II","m":"DOLORES","a":"Media","p":204},"geometry":{"type":"Point","coordinates":[-89.3808,16.53746]}},{"type":"Feature","properties":{"n":"LA SAMARITANA","m":"SAYAXCHE","a":"Muy Alta","p":48},"geometry":{"type":"Point","coordinates":[-89.97595,16.54233]}},{"type":"Feature","properties":{"n":"SAN JUAN EL OLVIDO","m":"DOLORES","a":"Alta","p":220},"geometry":{"type":"Point","coordinates":[-89.78736,16.54302]}},{"type":"Feature","properties":{"n":"VALLE DE LA ESMERALDA","m":"DOLORES","a":"Baja","p":485},"geometry":{"type":"Point","coordinates":[-89.24539,16.55007]}},{"type":"Feature","properties":{"n":"NUMERO 1","m":"DOLORES","a":"Muy Alta","p":0},"geometry":{"type":"Point","coordinates":[-89.65946,16.55257]}},{"type":"Feature","properties":{"n":"EL MANANTIAL","m":"LA LIBERTAD","a":"Baja","p":0},"geometry":{"type":"Point","coordinates":[-90.54016,16.55472]}},{"type":"Feature","properties":{"n":"CRISTO REY","m":"SAN FRANCISCO","a":"Media","p":95},"geometry":{"type":"Point","coordinates":[-89.83722,16.55489]}},{"type":"Feature","properties":{"n":"SANTA ROSITA","m":"DOLORES","a":"Alta","p":304},"geometry":{"type":"Point","coordinates":[-89.60884,16.55742]}},{"type":"Feature","properties":{"n":"RESUMIDERO MOPAN","m":"DOLORES","a":"Muy Alta","p":0},"geometry":{"type":"Point","coordinates":[-89.3785,16.56175]}},{"type":"Feature","properties":{"n":"MACHAQUITA","m":"SAN FRANCISCO","a":"Muy Alta","p":0},"geometry":{"type":"Point","coordinates":[-89.66041,16.56322]}},{"type":"Feature","properties":{"n":"EL ESFUERZO","m":"SAN FRANCISCO","a":"Muy Alta","p":0},"geometry":{"type":"Point","coordinates":[-89.66082,16.56655]}},{"type":"Feature","properties":{"n":"SIN NOMBRE","m":"SAN FRANCISCO","a":"Media","p":0},"geometry":{"type":"Point","coordinates":[-89.66295,16.56811]}},{"type":"Feature","properties":{"n":"EL PARAISO ONUEVA MACHACA","m":"SAN FRANCISCO","a":"Media","p":0},"geometry":{"type":"Point","coordinates":[-89.664,16.57004]}},{"type":"Feature","properties":{"n":"MACHACAS III","m":"SAN FRANCISCO","a":"Alta","p":0},"geometry":{"type":"Point","coordinates":[-89.66025,16.57081]}},{"type":"Feature","properties":{"n":"NUMERO 3","m":"SAN FRANCISCO","a":"Media","p":0},"geometry":{"type":"Point","coordinates":[-89.66195,16.57313]}},{"type":"Feature","properties":{"n":"MACHAS II","m":"SAN FRANCISCO","a":"Alta","p":0},"geometry":{"type":"Point","coordinates":[-89.66039,16.57393]}},{"type":"Feature","properties":{"n":"DIOS HAY","m":"DOLORES","a":"Media","p":0},"geometry":{"type":"Point","coordinates":[-89.57012,16.57505]}},{"type":"Feature","properties":{"n":"LAS VEGAS","m":"SAN FRANCISCO","a":"Baja","p":0},"geometry":{"type":"Point","coordinates":[-89.66097,16.57622]}},{"type":"Feature","properties":{"n":"CATARINA","m":"SAN FRANCISCO","a":"Media","p":0},"geometry":{"type":"Point","coordinates":[-89.86262,16.58103]}},{"type":"Feature","properties":{"n":"SANTA MARIA TRINIDAD","m":"SAN FRANCISCO","a":"Alta","p":0},"geometry":{"type":"Point","coordinates":[-89.86727,16.5814]}},{"type":"Feature","properties":{"n":"EL ZAMIR","m":"SAN FRANCISCO","a":"Muy Alta","p":0},"geometry":{"type":"Point","coordinates":[-89.85993,16.58158]}},{"type":"Feature","properties":{"n":"RANCHO SINAI","m":"SAN FRANCISCO","a":"Baja","p":0},"geometry":{"type":"Point","coordinates":[-89.86281,16.58446]}},{"type":"Feature","properties":{"n":"LA POTRA","m":"SAN FRANCISCO","a":"Alta","p":0},"geometry":{"type":"Point","coordinates":[-89.85993,16.58446]}},{"type":"Feature","properties":{"n":"EL JAMAICAL","m":"DOLORES","a":"Media","p":0},"geometry":{"type":"Point","coordinates":[-89.67075,16.58485]}},{"type":"Feature","properties":{"n":"HACIENDA TRES ISLAS","m":"SAN FRANCISCO","a":"Muy Alta","p":0},"geometry":{"type":"Point","coordinates":[-89.84386,16.5868]}},{"type":"Feature","properties":{"n":"SAN MARTIN MONTERREY","m":"SAN FRANCISCO","a":"Media","p":352},"geometry":{"type":"Point","coordinates":[-89.86141,16.58955]}},{"type":"Feature","properties":{"n":"MARIO CHAVARRIA","m":"DOLORES","a":"Baja","p":0},"geometry":{"type":"Point","coordinates":[-89.65557,16.58882]}},{"type":"Feature","properties":{"n":"LA CEIBITA","m":"SAN FRANCISCO","a":"Media","p":0},"geometry":{"type":"Point","coordinates":[-89.86355,16.59292]}},{"type":"Feature","properties":{"n":"SANTA TERESA","m":"SAN FRANCISCO","a":"Baja","p":105},"geometry":{"type":"Point","coordinates":[-89.85622,16.59697]}},{"type":"Feature","properties":{"n":"EL GRINGO","m":"SAN FRANCISCO","a":"Baja","p":0},"geometry":{"type":"Point","coordinates":[-89.86225,16.59905]}},{"type":"Feature","properties":{"n":"BRASILIA","m":"SAN FRANCISCO","a":"Baja","p":0},"geometry":{"type":"Point","coordinates":[-89.62922,16.60532]}},{"type":"Feature","properties":{"n":"SANTA ISABEL","m":"LA LIBERTAD","a":"Media","p":0},"geometry":{"type":"Point","coordinates":[-90.28413,16.61709]}},{"type":"Feature","properties":{"n":"COLPETEN","m":"DOLORES","a":"Media","p":623},"geometry":{"type":"Point","coordinates":[-89.57984,16.62011]}},{"type":"Feature","properties":{"n":"SAN JUAN","m":"DOLORES","a":"Alta","p":742},"geometry":{"type":"Point","coordinates":[-89.60206,16.63083]}},{"type":"Feature","properties":{"n":"ESTACION PECUARIA","m":"SAN FRANCISCO","a":"Baja","p":0},"geometry":{"type":"Point","coordinates":[-90.18383,16.63276]}},{"type":"Feature","properties":{"n":"EL PUCTE","m":"LA LIBERTAD","a":"Alta","p":0},"geometry":{"type":"Point","coordinates":[-90.39334,16.63515]}},{"type":"Feature","properties":{"n":"EL SUBIN","m":"LA LIBERTAD","a":"Baja","p":106},"geometry":{"type":"Point","coordinates":[-90.18025,16.63772]}},{"type":"Feature","properties":{"n":"ARANCEL EXPERIMENTAL","m":"SAN FRANCISCO","a":"Baja","p":0},"geometry":{"type":"Point","coordinates":[-90.19379,16.6405]}},{"type":"Feature","properties":{"n":"SANTA TERESA","m":"SAN FRANCISCO","a":"Media","p":0},"geometry":{"type":"Point","coordinates":[-90.1581,16.64182]}},{"type":"Feature","properties":{"n":"MESA DEL CHORRO","m":"LA LIBERTAD","a":"Muy Alta","p":0},"geometry":{"type":"Point","coordinates":[-90.65323,16.64257]}},{"type":"Feature","properties":{"n":"ZAPOTAL II","m":"SAN FRANCISCO","a":"Media","p":185},"geometry":{"type":"Point","coordinates":[-89.92503,16.64349]}},{"type":"Feature","properties":{"n":"HACIENDA PRANCHO MARIA TERESA","m":"SAN FRANCISCO","a":"Baja","p":0},"geometry":{"type":"Point","coordinates":[-90.1334,16.64643]}},{"type":"Feature","properties":{"n":"HACIENDA SANTA TERESA","m":"SAN FRANCISCO","a":"Alta","p":0},"geometry":{"type":"Point","coordinates":[-90.17656,16.64664]}},{"type":"Feature","properties":{"n":"EL PACAY","m":"SAN FRANCISCO","a":"Alta","p":0},"geometry":{"type":"Point","coordinates":[-89.7829,16.64802]}},{"type":"Feature","properties":{"n":"EL ZAPOTAL","m":"SAN FRANCISCO","a":"Baja","p":96},"geometry":{"type":"Point","coordinates":[-89.92309,16.64948]}},{"type":"Feature","properties":{"n":"SAN MARTIN MONTERREY","m":"SAN FRANCISCO","a":"Media","p":352},"geometry":{"type":"Point","coordinates":[-90.10351,16.65082]}},{"type":"Feature","properties":{"n":"LAS CRUCES","m":"LA LIBERTAD","a":"Baja","p":292},"geometry":{"type":"Point","coordinates":[-90.26289,16.65486]}},{"type":"Feature","properties":{"n":"KILOMETRO SIETE","m":"LA LIBERTAD","a":"Baja","p":0},"geometry":{"type":"Point","coordinates":[-90.25959,16.65697]}},{"type":"Feature","properties":{"n":"LAS CRUCES","m":"LA LIBERTAD","a":"Alta","p":5673},"geometry":{"type":"Point","coordinates":[-90.29017,16.65755]}},{"type":"Feature","properties":{"n":"HACIENDA EL GUACUL","m":"SAN FRANCISCO","a":"Baja","p":0},"geometry":{"type":"Point","coordinates":[-90.04163,16.66011]}},{"type":"Feature","properties":{"n":"LA TRINIDAD","m":"SAN FRANCISCO","a":"Media","p":0},"geometry":{"type":"Point","coordinates":[-89.80078,16.65966]}},{"type":"Feature","properties":{"n":"NUEVO LEON","m":"LA LIBERTAD","a":"Alta","p":408},"geometry":{"type":"Point","coordinates":[-90.30339,16.66211]}},{"type":"Feature","properties":{"n":"EL COROZAL II","m":"DOLORES","a":"Baja","p":136},"geometry":{"type":"Point","coordinates":[-89.39604,16.65966]}},{"type":"Feature","properties":{"n":"EL ZAPOTE","m":"LA LIBERTAD","a":"Baja","p":0},"geometry":{"type":"Point","coordinates":[-90.31901,16.66445]}},{"type":"Feature","properties":{"n":"PUPTE","m":"LALIBERTAD","a":"Baja","p":197},"geometry":{"type":"Point","coordinates":[-90.35096,16.66455]}},{"type":"Feature","properties":{"n":"LOS BATRES","m":"LA LIBERTAD","a":"Media","p":0},"geometry":{"type":"Point","coordinates":[-90.36934,16.66616]}},{"type":"Feature","properties":{"n":"LA ESTRELLA","m":"LA LIBERTAD","a":"Baja","p":0},"geometry":{"type":"Point","coordinates":[-90.3591,16.66862]}},{"type":"Feature","properties":{"n":"SANTA AMELIA","m":"SAN FRANCISCO","a":"Media","p":0},"geometry":{"type":"Point","coordinates":[-89.97702,16.66855]}},{"type":"Feature","properties":{"n":"LA BACADILLA","m":"LA LIBERTAD","a":"Baja","p":177},"geometry":{"type":"Point","coordinates":[-90.56174,16.66942]}},{"type":"Feature","properties":{"n":"NINET","m":"SAN FRANCISCO","a":"Muy Alta","p":0},"geometry":{"type":"Point","coordinates":[-89.99838,16.6698]}},{"type":"Feature","properties":{"n":"LA PALMA","m":"LA LIBERTAD","a":"Muy Alta","p":0},"geometry":{"type":"Point","coordinates":[-90.28336,16.67343]}},{"type":"Feature","properties":{"n":"OLGUITA","m":"LA LIBERTAD","a":"Muy Alta","p":0},"geometry":{"type":"Point","coordinates":[-90.29045,16.6752]}},{"type":"Feature","properties":{"n":"OJO DE AGUA","m":"SAN FRANCISCO","a":"Media","p":0},"geometry":{"type":"Point","coordinates":[-89.92225,16.67583]}},{"type":"Feature","properties":{"n":"SANTA ROSITA","m":"SAN FRANCISCO","a":"Alta","p":0},"geometry":{"type":"Point","coordinates":[-89.71365,16.67564]}},{"type":"Feature","properties":{"n":"EL ROSARIO","m":"DOLORES","a":"Alta","p":351},"geometry":{"type":"Point","coordinates":[-89.34393,16.67527]}},{"type":"Feature","properties":{"n":"SIN NOMBRE","m":"LA LIBERTAD","a":"Baja","p":0},"geometry":{"type":"Point","coordinates":[-90.29577,16.67874]}},{"type":"Feature","properties":{"n":"CANANTEH","m":"SAN FRANCISCO","a":"Alta","p":0},"geometry":{"type":"Point","coordinates":[-89.87602,16.67818]}},{"type":"Feature","properties":{"n":"PALESTINA","m":"LA LIBERTAD","a":"Media","p":1657},"geometry":{"type":"Point","coordinates":[-90.48429,16.68128]}},{"type":"Feature","properties":{"n":"LAS DELICIAS","m":"DOLORES","a":"Media","p":111},"geometry":{"type":"Point","coordinates":[-89.42219,16.67958]}},{"type":"Feature","properties":{"n":"NUEVO HORIZONTE","m":"SANTA ANA","a":"Muy Alta","p":369},"geometry":{"type":"Point","coordinates":[-89.72444,16.68267]}},{"type":"Feature","properties":{"n":"LAS MARIAS","m":"SANTA ANA","a":"Alta","p":0},"geometry":{"type":"Point","coordinates":[-89.73272,16.68338]}},{"type":"Feature","properties":{"n":"EXCOCON","m":"SAN FRANCISCO","a":"Alta","p":0},"geometry":{"type":"Point","coordinates":[-89.75822,16.68364]}},{"type":"Feature","properties":{"n":"LA ESPERANZA","m":"SAN FRANCISCO","a":"Media","p":0},"geometry":{"type":"Point","coordinates":[-89.90164,16.68454]}},{"type":"Feature","properties":{"n":"IXPETO","m":"SAN FRANCISCO","a":"Media","p":0},"geometry":{"type":"Point","coordinates":[-89.94827,16.68965]}},{"type":"Feature","properties":{"n":"EL CABRO","m":"DOLORES","a":"Media","p":0},"geometry":{"type":"Point","coordinates":[-89.4151,16.68881]}},{"type":"Feature","properties":{"n":"LAS TRES MARIAS","m":"LA LIBERTAD","a":"Alta","p":0},"geometry":{"type":"Point","coordinates":[-90.29425,16.69191]}},{"type":"Feature","properties":{"n":"LOS MANUELES","m":"LA LIBERTAD","a":"Media","p":374},"geometry":{"type":"Point","coordinates":[-90.53705,16.6945]}},{"type":"Feature","properties":{"n":"VISTA HERMOSA","m":"LA LIBERTAD","a":"Baja","p":1189},"geometry":{"type":"Point","coordinates":[-90.58806,16.70172]}},{"type":"Feature","properties":{"n":"MAMACAL","m":"SAN FRANCISCO","a":"Alta","p":0},"geometry":{"type":"Point","coordinates":[-89.90632,16.70175]}},{"type":"Feature","properties":{"n":"BONANZA","m":"SAN FRANCISCO","a":"Baja","p":0},"geometry":{"type":"Point","coordinates":[-89.75122,16.7056]}},{"type":"Feature","properties":{"n":"EL GRAN CHAPARRAL","m":"LA LIBERTAD","a":"Media","p":0},"geometry":{"type":"Point","coordinates":[-90.59605,16.70869]}},{"type":"Feature","properties":{"n":"LA SARDINA","m":"SANTA ANA","a":"Media","p":519},"geometry":{"type":"Point","coordinates":[-89.69257,16.71063]}},{"type":"Feature","properties":{"n":"EL PUMPAL","m":"LA LIBERTAD","a":"Muy Alta","p":0},"geometry":{"type":"Point","coordinates":[-90.28685,16.71577]}},{"type":"Feature","properties":{"n":"MONTERREY","m":"SAN FRANCISCO","a":"Baja","p":0},"geometry":{"type":"Point","coordinates":[-89.78006,16.71944]}},{"type":"Feature","properties":{"n":"MONLAN","m":"LA LIBERTAD","a":"Alta","p":0},"geometry":{"type":"Point","coordinates":[-90.18592,16.7208]}},{"type":"Feature","properties":{"n":"LAS RUINAS","m":"LA LIBERTAD","a":"Baja","p":0},"geometry":{"type":"Point","coordinates":[-90.61734,16.7244]}},{"type":"Feature","properties":{"n":"CHICHA","m":"LA LIBERTAD","a":"Baja","p":0},"geometry":{"type":"Point","coordinates":[-90.15359,16.72964]}},{"type":"Feature","properties":{"n":"LA DOCE","m":"SANTA ANA","a":"Alta","p":0},"geometry":{"type":"Point","coordinates":[-89.75431,16.72999]}},{"type":"Feature","properties":{"n":"LA CUEVA","m":"SAN FRANCISCO","a":"Baja","p":0},"geometry":{"type":"Point","coordinates":[-89.96227,16.7314]}},{"type":"Feature","properties":{"n":"CALZADA MOPAN","m":"DOLORES","a":"Media","p":1345},"geometry":{"type":"Point","coordinates":[-89.37563,16.72913]}},{"type":"Feature","properties":{"n":"EL BOMBILLO","m":"DOLORES","a":"Media","p":294},"geometry":{"type":"Point","coordinates":[-89.32787,16.73293]}},{"type":"Feature","properties":{"n":"CHILOLO","m":"SAN FRANCISCO","a":"Baja","p":0},"geometry":{"type":"Point","coordinates":[-90.14446,16.73625]}},{"type":"Feature","properties":{"n":"EL POTRO","m":"DOLORES","a":"Muy Alta","p":46},"geometry":{"type":"Point","coordinates":[-89.37262,16.73372]}},{"type":"Feature","properties":{"n":"LOS LEONES","m":"LA LIBERTAD","a":"Alta","p":0},"geometry":{"type":"Point","coordinates":[-90.30446,16.73689]}},{"type":"Feature","properties":{"n":"RIO SECO","m":"LA LIBERTAD","a":"Baja","p":0},"geometry":{"type":"Point","coordinates":[-90.64518,16.7393]}},{"type":"Feature","properties":{"n":"SIN NOMBRE","m":"SAN FRANCISCO","a":"Baja","p":0},"geometry":{"type":"Point","coordinates":[-90.13835,16.74018]}},{"type":"Feature","properties":{"n":"EL ZAPOTE BOBAL","m":"SANTA ANA","a":"Baja","p":218},"geometry":{"type":"Point","coordinates":[-89.72007,16.73988]}},{"type":"Feature","properties":{"n":"ARROYO SECO","m":"LA LIBERTAD","a":"Baja","p":0},"geometry":{"type":"Point","coordinates":[-90.65176,16.74161]}},{"type":"Feature","properties":{"n":"EL COPO","m":"SAN FRANCISCO","a":"Baja","p":0},"geometry":{"type":"Point","coordinates":[-90.14342,16.74391]}},{"type":"Feature","properties":{"n":"PUERTA NEGRA","m":"LA LIBERTAD","a":"Baja","p":26},"geometry":{"type":"Point","coordinates":[-90.65846,16.7458]}},{"type":"Feature","properties":{"n":"LA PITA","m":"SAN FRANCISCO","a":"Alta","p":0},"geometry":{"type":"Point","coordinates":[-89.7558,16.74495]}},{"type":"Feature","properties":{"n":"MARIA ERNESTINA","m":"LA LIBERTAD","a":"Baja","p":0},"geometry":{"type":"Point","coordinates":[-90.15676,16.75007]}},{"type":"Feature","properties":{"n":"EL PARAISO","m":"LA LIBERTAD","a":"Media","p":0},"geometry":{"type":"Point","coordinates":[-90.31084,16.75148]}},{"type":"Feature","properties":{"n":"PITORREAL","m":"DOLORES","a":"Muy Alta","p":94},"geometry":{"type":"Point","coordinates":[-89.46422,16.75023]}},{"type":"Feature","properties":{"n":"PARCELA BRENDITA","m":"LA LIBERTAD","a":"Media","p":0},"geometry":{"type":"Point","coordinates":[-90.68361,16.75569]}},{"type":"Feature","properties":{"n":"ECATARINA","m":"SAN FRANCISCO","a":"Baja","p":0},"geometry":{"type":"Point","coordinates":[-89.78081,16.76607]}},{"type":"Feature","properties":{"n":"BUENA VISTA O LA COCHERA","m":"DOLORES","a":"Muy Alta","p":53},"geometry":{"type":"Point","coordinates":[-89.38807,16.76985]}},{"type":"Feature","properties":{"n":"CHAMPA QUEMADA","m":"SANTA ANA","a":"Media","p":0},"geometry":{"type":"Point","coordinates":[-89.81027,16.77314]}},{"type":"Feature","properties":{"n":"BELEN","m":"LA LIBERTAD","a":"Baja","p":31},"geometry":{"type":"Point","coordinates":[-90.7184,16.78066]}},{"type":"Feature","properties":{"n":"JUNTECHOLOL","m":"SAN FRANCISCO","a":"Baja","p":0},"geometry":{"type":"Point","coordinates":[-89.814,16.78367]}},{"type":"Feature","properties":{"n":"MORALES","m":"SAN FRANCISCO","a":"Media","p":0},"geometry":{"type":"Point","coordinates":[-90.09226,16.78735]}},{"type":"Feature","properties":{"n":"EL GUANAL","m":"SAN FRANCISCO","a":"Alta","p":0},"geometry":{"type":"Point","coordinates":[-90.08103,16.7876]}},{"type":"Feature","properties":{"n":"LA LIBERTAD","m":"LA LIBERTAD","a":"Baja","p":7112},"geometry":{"type":"Point","coordinates":[-90.11924,16.78849]}},{"type":"Feature","properties":{"n":"DON FERNANDO","m":"LA LIBERTAD","a":"Media","p":0},"geometry":{"type":"Point","coordinates":[-90.74518,16.79039]}},{"type":"Feature","properties":{"n":"SACANIX","m":"LA LIBERTAD","a":"Baja","p":0},"geometry":{"type":"Point","coordinates":[-90.73726,16.79364]}},{"type":"Feature","properties":{"n":"LA COCHERA","m":"DOLORES","a":"Baja","p":0},"geometry":{"type":"Point","coordinates":[-89.38867,16.79164]}},{"type":"Feature","properties":{"n":"NUEVO AMANECER","m":"SAN FRANCISCO","a":"Media","p":0},"geometry":{"type":"Point","coordinates":[-90.01422,16.80033]}},{"type":"Feature","properties":{"n":"LOS AMIGOS","m":"SAN FRANCISCO","a":"Media","p":0},"geometry":{"type":"Point","coordinates":[-90.09516,16.80436]}},{"type":"Feature","properties":{"n":"UCANAL DOS","m":"DOLORES","a":"Alta","p":0},"geometry":{"type":"Point","coordinates":[-89.37385,16.80846]}},{"type":"Feature","properties":{"n":"EL QUINTO","m":"SAN FRANCISCO","a":"Media","p":0},"geometry":{"type":"Point","coordinates":[-90.07837,16.81388]}},{"type":"Feature","properties":{"n":"LAS VIOLETAS","m":"SAN FRANCISCO","a":"Alta","p":0},"geometry":{"type":"Point","coordinates":[-90.04668,16.81565]}},{"type":"Feature","properties":{"n":"CRUCE LA ESPERANZA","m":"LA LIBERTAD","a":"Alta","p":123},"geometry":{"type":"Point","coordinates":[-90.06378,16.81866]}},{"type":"Feature","properties":{"n":"CANCOPO","m":"LA LIBERTAD","a":"Media","p":0},"geometry":{"type":"Point","coordinates":[-90.11222,16.82122]}},{"type":"Feature","properties":{"n":"NUEVA CONCEPCION","m":"SAN FRANCISCO","a":"Alta","p":411},"geometry":{"type":"Point","coordinates":[-90.0239,16.83003]}},{"type":"Feature","properties":{"n":"SABANA EL PEDREGAL","m":"LA LIBERTAD","a":"Baja","p":0},"geometry":{"type":"Point","coordinates":[-90.27538,16.83135]}},{"type":"Feature","properties":{"n":"LA CHACA","m":"LA LIBERTAD","a":"Media","p":0},"geometry":{"type":"Point","coordinates":[-90.27,16.8326]}},{"type":"Feature","properties":{"n":"ULCANAL DOS","m":"DOLORES","a":"Alta","p":0},"geometry":{"type":"Point","coordinates":[-89.36771,16.82973]}},{"type":"Feature","properties":{"n":"MANACAN 2","m":"LA LIBERTAD","a":"Media","p":0},"geometry":{"type":"Point","coordinates":[-90.26503,16.83384]}},{"type":"Feature","properties":{"n":"MANACAN 1","m":"LA LIBERTAD","a":"Baja","p":0},"geometry":{"type":"Point","coordinates":[-90.25975,16.8358]}},{"type":"Feature","properties":{"n":"NUEVAS ARMENIAS","m":"MELCHOR DE MENCOS","a":"Media","p":41},"geometry":{"type":"Point","coordinates":[-89.25624,16.83237]}},{"type":"Feature","properties":{"n":"LA ESPERANZA","m":"SAN BENITO","a":"Baja","p":0},"geometry":{"type":"Point","coordinates":[-90.07349,16.84241]}},{"type":"Feature","properties":{"n":"EL PICHELITO","m":"MELCHOR DE MENCOS","a":"Baja","p":94},"geometry":{"type":"Point","coordinates":[-89.35214,16.84046]}},{"type":"Feature","properties":{"n":"UCANAL UNO","m":"DOLORES","a":"Baja","p":0},"geometry":{"type":"Point","coordinates":[-89.35596,16.84969]}},{"type":"Feature","properties":{"n":"SAN ANTONIO","m":"SAN BENITO","a":"Baja","p":0},"geometry":{"type":"Point","coordinates":[-90.10618,16.85307]}},{"type":"Feature","properties":{"n":"LA ESPERANZA","m":"MELCHOR DE MENCOS","a":"Muy Alta","p":72},"geometry":{"type":"Point","coordinates":[-89.24761,16.87434]}},{"type":"Feature","properties":{"n":"LA ESPERANZA","m":"SAN BENITO","a":"Muy Alta","p":0},"geometry":{"type":"Point","coordinates":[-89.93106,16.89416]}},{"type":"Feature","properties":{"n":"EL TINTAL","m":"LA LIBERTAD","a":"Muy Alta","p":0},"geometry":{"type":"Point","coordinates":[-90.18991,16.89595]}},{"type":"Feature","properties":{"n":"LAS 3 S","m":"SAN BENITO","a":"Alta","p":0},"geometry":{"type":"Point","coordinates":[-89.93162,16.89788]}},{"type":"Feature","properties":{"n":"SALVAMENTO","m":"LA LIBERTAD","a":"Baja","p":0},"geometry":{"type":"Point","coordinates":[-91.05639,16.89953]}},{"type":"Feature","properties":{"n":"EL MANGAL","m":"FLORES","a":"Media","p":0},"geometry":{"type":"Point","coordinates":[-89.8301,16.89998]}},{"type":"Feature","properties":{"n":"SANTO DOMINGO","m":"LA LIBERTAD","a":"Baja","p":0},"geometry":{"type":"Point","coordinates":[-90.96965,16.90332]}},{"type":"Feature","properties":{"n":"EL TIRANO","m":"FLORES","a":"Baja","p":0},"geometry":{"type":"Point","coordinates":[-89.79854,16.90635]}},{"type":"Feature","properties":{"n":"TIKAL","m":"SAN BENITO","a":"Alta","p":0},"geometry":{"type":"Point","coordinates":[-89.93087,16.90991]}},{"type":"Feature","properties":{"n":"LOS JULEQUES","m":"FLORES","a":"Baja","p":0},"geometry":{"type":"Point","coordinates":[-89.80917,16.90954]}},{"type":"Feature","properties":{"n":"SABAN EL SOS","m":"SAN BENITO","a":"Baja","p":0},"geometry":{"type":"Point","coordinates":[-90.11076,16.9112]}},{"type":"Feature","properties":{"n":"LA PAZ","m":"SAN BENITO","a":"Alta","p":0},"geometry":{"type":"Point","coordinates":[-89.93194,16.91271]}},{"type":"Feature","properties":{"n":"TIKAL","m":"SAN BENITO","a":"Baja","p":2000},"geometry":{"type":"Point","coordinates":[-89.92988,16.91376]}},{"type":"Feature","properties":{"n":"PANORAMA","m":"SAN BENITO","a":"Baja","p":1526},"geometry":{"type":"Point","coordinates":[-89.92599,16.91432]}},{"type":"Feature","properties":{"n":"IXPAMPAJUL","m":"FLORES","a":"Muy Alta","p":0},"geometry":{"type":"Point","coordinates":[-89.82151,16.91449]}},{"type":"Feature","properties":{"n":"POBLACION DISPERSA","m":"FLORES","a":"Media","p":330},"geometry":{"type":"Point","coordinates":[-89.88471,16.91592]}},{"type":"Feature","properties":{"n":"BELLO HORIZONTE","m":"SAN BENITO","a":"Alta","p":563},"geometry":{"type":"Point","coordinates":[-89.93764,16.91664]}},{"type":"Feature","properties":{"n":"QUEXIL","m":"FLORES","a":"Media","p":0},"geometry":{"type":"Point","coordinates":[-89.81812,16.91803]}},{"type":"Feature","properties":{"n":"LOS ISLOTES","m":"FLORES","a":"Baja","p":0},"geometry":{"type":"Point","coordinates":[-89.82857,16.91815]}},{"type":"Feature","properties":{"n":"EL ESFUERZO","m":"MELCHOR DE MENCOS","a":"Media","p":64},"geometry":{"type":"Point","coordinates":[-89.31379,16.91801]}},{"type":"Feature","properties":{"n":"POBLACION DISPERSA","m":"SAN BENITO","a":"Baja","p":123},"geometry":{"type":"Point","coordinates":[-89.91747,16.92288]}},{"type":"Feature","properties":{"n":"MICHOACAN","m":"FLORES","a":"Muy Alta","p":0},"geometry":{"type":"Point","coordinates":[-89.79552,16.92279]}},{"type":"Feature","properties":{"n":"TEXAS","m":"MELCHOR DE MENCOS","a":"Baja","p":71},"geometry":{"type":"Point","coordinates":[-89.28558,16.92092]}},{"type":"Feature","properties":{"n":"FLORES","m":"FLORES","a":"Baja","p":1001},"geometry":{"type":"Point","coordinates":[-89.89149,16.92962]}},{"type":"Feature","properties":{"n":"SAN ANTONIO YALTUTU","m":"MELCHOR DE MENCOS","a":"Baja","p":232},"geometry":{"type":"Point","coordinates":[-89.30829,16.92756]}},{"type":"Feature","properties":{"n":"YALTUTU","m":"MELCHOR DE MENCOS","a":"Media","p":253},"geometry":{"type":"Point","coordinates":[-89.3151,16.93225]}},{"type":"Feature","properties":{"n":"BUENOS AIRES CARIBE","m":"LA LIBERTAD","a":"Baja","p":257},"geometry":{"type":"Point","coordinates":[-90.2306,16.93807]}},{"type":"Feature","properties":{"n":"SANTA ROSA","m":"MELCHOR DE MENCOS","a":"Baja","p":91},"geometry":{"type":"Point","coordinates":[-89.24697,16.93451]}},{"type":"Feature","properties":{"n":"CANDELARIA","m":"SAN BENITO","a":"Media","p":0},"geometry":{"type":"Point","coordinates":[-89.975,16.93833]}},{"type":"Feature","properties":{"n":"LAGUNA DE SOTZ","m":"SAN BENITO","a":"Muy Alta","p":0},"geometry":{"type":"Point","coordinates":[-90.05265,16.94003]}},{"type":"Feature","properties":{"n":"SALPET","m":"MELCHOR DE MENCOS","a":"Baja","p":152},"geometry":{"type":"Point","coordinates":[-89.27426,16.93704]}},{"type":"Feature","properties":{"n":"LA GLORIA","m":"LA LIBERTAD","a":"Baja","p":1388},"geometry":{"type":"Point","coordinates":[-90.37069,16.94174]}},{"type":"Feature","properties":{"n":"LEPETE","m":"FLORES","a":"Alta","p":0},"geometry":{"type":"Point","coordinates":[-89.90733,16.94503]}},{"type":"Feature","properties":{"n":"EL ARROYO","m":"FLORES","a":"Alta","p":0},"geometry":{"type":"Point","coordinates":[-89.62431,16.94553]}},{"type":"Feature","properties":{"n":"COOPERATIVA LA LUCHA","m":"LA LIBERTAD","a":"Alta","p":287},"geometry":{"type":"Point","coordinates":[-90.89927,16.95305]}},{"type":"Feature","properties":{"n":"OASIS","m":"FLORES","a":"Alta","p":0},"geometry":{"type":"Point","coordinates":[-89.60173,16.95436]}},{"type":"Feature","properties":{"n":"EL NARANJO","m":"FLORES","a":"Alta","p":1261},"geometry":{"type":"Point","coordinates":[-89.57434,16.95493]}},{"type":"Feature","properties":{"n":"SINAI","m":"FLORES","a":"Media","p":0},"geometry":{"type":"Point","coordinates":[-89.59335,16.95566]}},{"type":"Feature","properties":{"n":"BUENA VENTURA","m":"FLORES","a":"Alta","p":0},"geometry":{"type":"Point","coordinates":[-89.60624,16.95594]}},{"type":"Feature","properties":{"n":"PUXTEAL","m":"FLORES","a":"Muy Alta","p":0},"geometry":{"type":"Point","coordinates":[-89.7838,16.97157]}},{"type":"Feature","properties":{"n":"LA ARENERA","m":"FLORES","a":"Alta","p":0},"geometry":{"type":"Point","coordinates":[-89.8348,16.97285]}},{"type":"Feature","properties":{"n":"EL RODEO","m":"FLORES","a":"Muy Alta","p":0},"geometry":{"type":"Point","coordinates":[-89.86017,16.97443]}},{"type":"Feature","properties":{"n":"TRES NACIONES","m":"FLORES","a":"Baja","p":50},"geometry":{"type":"Point","coordinates":[-89.75309,16.97431]}},{"type":"Feature","properties":{"n":"GUACANCHE","m":"FLORES","a":"Baja","p":0},"geometry":{"type":"Point","coordinates":[-89.67055,16.9758]}},{"type":"Feature","properties":{"n":"SANTA TERESA","m":"FLORES","a":"Baja","p":0},"geometry":{"type":"Point","coordinates":[-89.66638,16.9773]}},{"type":"Feature","properties":{"n":"LOS COCOS","m":"FLORES","a":"Baja","p":0},"geometry":{"type":"Point","coordinates":[-89.65827,16.97927]}},{"type":"Feature","properties":{"n":"PICHAIN","m":"FLORES","a":"Alta","p":0},"geometry":{"type":"Point","coordinates":[-89.76771,16.9801]}},{"type":"Feature","properties":{"n":"NIMA","m":"FLORES","a":"Muy Alta","p":0},"geometry":{"type":"Point","coordinates":[-89.85366,16.9849]}},{"type":"Feature","properties":{"n":"LA REFORMA","m":"SANTA ANA","a":"Baja","p":0},"geometry":{"type":"Point","coordinates":[-89.69125,16.98533]}},{"type":"Feature","properties":{"n":"LA REFORMA O EL REMATE","m":"FLORES","a":"Media","p":1247},"geometry":{"type":"Point","coordinates":[-89.69116,16.99181]}},{"type":"Feature","properties":{"n":"PIEDRA BLANCA","m":"SANTA ANA","a":"Muy Alta","p":0},"geometry":{"type":"Point","coordinates":[-89.69327,16.99567]}},{"type":"Feature","properties":{"n":"MIRAMAR","m":"FLORES","a":"Baja","p":0},"geometry":{"type":"Point","coordinates":[-89.69886,16.99841]}},{"type":"Feature","properties":{"n":"LA TRINIDAD","m":"SAN JOSE","a":"Baja","p":0},"geometry":{"type":"Point","coordinates":[-89.87504,17.00928]}},{"type":"Feature","properties":{"n":"CIDABENQUE","m":"MELCHOR DE MENCOS","a":"Media","p":502},"geometry":{"type":"Point","coordinates":[-89.24252,17.00745]}},{"type":"Feature","properties":{"n":"LA PASADITA","m":"LA LIBERTAD","a":"Baja","p":0},"geometry":{"type":"Point","coordinates":[-91.04517,17.01645]}},{"type":"Feature","properties":{"n":"EL POTRERO","m":"MELCHOR DE MENCOS","a":"Baja","p":0},"geometry":{"type":"Point","coordinates":[-89.24505,17.01904]}},{"type":"Feature","properties":{"n":"EL MANANTIAL","m":"LA LIBERTAD","a":"Media","p":36},"geometry":{"type":"Point","coordinates":[-90.52136,17.02381]}},{"type":"Feature","properties":{"n":"PALISOCOC","m":"LA LIBERTAD","a":"Baja","p":0},"geometry":{"type":"Point","coordinates":[-90.5225,17.03069]}},{"type":"Feature","properties":{"n":"EL ARROYO","m":"SAN JOSE","a":"Media","p":0},"geometry":{"type":"Point","coordinates":[-89.83546,17.0387]}},{"type":"Feature","properties":{"n":"JOBOMO","m":"SAN ANDRES","a":"Alta","p":0},"geometry":{"type":"Point","coordinates":[-89.89196,17.04258]}},{"type":"Feature","properties":{"n":"EL VAYAL","m":"SAN ANDRES","a":"Media","p":0},"geometry":{"type":"Point","coordinates":[-90.16918,17.04507]}},{"type":"Feature","properties":{"n":"HOGAR DE BENEFICENCIA RANCHO DE LOS NI-OS","m":"SAN ANDRES","a":"Baja","p":0},"geometry":{"type":"Point","coordinates":[-89.91647,17.04825]}},{"type":"Feature","properties":{"n":"OJO DE AGUA","m":"SAN ANDRES","a":"Baja","p":32},"geometry":{"type":"Point","coordinates":[-90.07539,17.0565]}},{"type":"Feature","properties":{"n":"JOBOMO","m":"SAN ANDRES","a":"Alta","p":0},"geometry":{"type":"Point","coordinates":[-89.90878,17.05792]}},{"type":"Feature","properties":{"n":"SAN CLEMENTE UNO","m":"FLORES","a":"Alta","p":0},"geometry":{"type":"Point","coordinates":[-89.49271,17.05932]}},{"type":"Feature","properties":{"n":"EL GUIRO","m":"SAN JOSE","a":"Media","p":0},"geometry":{"type":"Point","coordinates":[-89.78064,17.06194]}},{"type":"Feature","properties":{"n":"EL MANANTIAL","m":"LA LIBERTAD","a":"Media","p":514},"geometry":{"type":"Point","coordinates":[-90.77601,17.06305]}},{"type":"Feature","properties":{"n":"RANCHO LA ESPERANZA","m":"SAN ANDRES","a":"Alta","p":10},"geometry":{"type":"Point","coordinates":[-89.94066,17.06274]}},{"type":"Feature","properties":{"n":"ACTE","m":"SAN ANDRES","a":"Media","p":0},"geometry":{"type":"Point","coordinates":[-89.95027,17.07071]}},{"type":"Feature","properties":{"n":"SANTA AMELIA","m":"LA LIBERTAD","a":"Baja","p":634},"geometry":{"type":"Point","coordinates":[-90.8489,17.07217]}},{"type":"Feature","properties":{"n":"EL FILIN","m":"LA LIBERTAD","a":"Media","p":40},"geometry":{"type":"Point","coordinates":[-90.53518,17.07383]}},{"type":"Feature","properties":{"n":"LAGUNA PERDIDA","m":"SAN ANDRES","a":"Media","p":684},"geometry":{"type":"Point","coordinates":[-90.20781,17.07462]}},{"type":"Feature","properties":{"n":"IXAIRIO","m":"SAN ANDRES","a":"Baja","p":0},"geometry":{"type":"Point","coordinates":[-89.96157,17.07443]}},{"type":"Feature","properties":{"n":"SAN JORGE","m":"LA LIBERTAD","a":"Baja","p":0},"geometry":{"type":"Point","coordinates":[-90.33742,17.0815]}},{"type":"Feature","properties":{"n":"LA PISTA","m":"LA LIBERTAD","a":"Baja","p":948},"geometry":{"type":"Point","coordinates":[-90.33771,17.08433]}},{"type":"Feature","properties":{"n":"LA MEJIA","m":"SAN JOSE","a":"Baja","p":0},"geometry":{"type":"Point","coordinates":[-89.71398,17.08625]}},{"type":"Feature","properties":{"n":"GUACUTUL","m":"SAN ANDRES","a":"Baja","p":0},"geometry":{"type":"Point","coordinates":[-90.01084,17.10142]}},{"type":"Feature","properties":{"n":"LANQUIN O ZOCOTZAL","m":"FLORES","a":"Baja","p":292},"geometry":{"type":"Point","coordinates":[-89.68012,17.10396]}},{"type":"Feature","properties":{"n":"LA CEIBITA","m":"SAN ANDRES","a":"Baja","p":186},"geometry":{"type":"Point","coordinates":[-90.16224,17.10891]}},{"type":"Feature","properties":{"n":"PAPACTUN","m":"SAN ANDRES","a":"Alta","p":0},"geometry":{"type":"Point","coordinates":[-89.95697,17.11741]}},{"type":"Feature","properties":{"n":"NUEVA FLORIDA","m":"LA LIBERTAD","a":"Baja","p":216},"geometry":{"type":"Point","coordinates":[-90.40731,17.12026]}},{"type":"Feature","properties":{"n":"SANTA TERESA LA ZARCA","m":"MELCHOR DE MENCOS","a":"Media","p":23},"geometry":{"type":"Point","coordinates":[-89.174,17.13887]}},{"type":"Feature","properties":{"n":"TAMARIS LAS VEGAS","m":"LA LIBERTAD","a":"Baja","p":836},"geometry":{"type":"Point","coordinates":[-90.42137,17.14811]}},{"type":"Feature","properties":{"n":"PENJAMO","m":"LA LIBERTAD","a":"Baja","p":0},"geometry":{"type":"Point","coordinates":[-90.80425,17.14905]}},{"type":"Feature","properties":{"n":"EL CARMEN","m":"SAN ANDRES","a":"Alta","p":0},"geometry":{"type":"Point","coordinates":[-90.08389,17.15666]}},{"type":"Feature","properties":{"n":"LAGUNITAS","m":"LA LIBERTAD","a":"Baja","p":1511},"geometry":{"type":"Point","coordinates":[-90.83855,17.16867]}},{"type":"Feature","properties":{"n":"LA CAOBA","m":"SAN ANDRES","a":"Alta","p":55},"geometry":{"type":"Point","coordinates":[-90.10049,17.18086]}},{"type":"Feature","properties":{"n":"SAN MIGUEL","m":"SAN ANDRES","a":"Media","p":108},"geometry":{"type":"Point","coordinates":[-89.93305,17.18068]}},{"type":"Feature","properties":{"n":"EL MANGO","m":"LA LIBERTAD","a":"Alta","p":629},"geometry":{"type":"Point","coordinates":[-90.62928,17.1841]}},{"type":"Feature","properties":{"n":"LA PAVA","m":"SAN ANDRES","a":"Baja","p":0},"geometry":{"type":"Point","coordinates":[-90.45406,17.18492]}},{"type":"Feature","properties":{"n":"EL AGUACATE","m":"LA LIBERTAD","a":"Alta","p":325},"geometry":{"type":"Point","coordinates":[-90.58462,17.1869]}},{"type":"Feature","properties":{"n":"EL PORVENIR","m":"LA LIBERTAD","a":"Alta","p":0},"geometry":{"type":"Point","coordinates":[-90.61237,17.19228]}},{"type":"Feature","properties":{"n":"SIN NOMBRE","m":"SAN ANDRES","a":"Media","p":0},"geometry":{"type":"Point","coordinates":[-90.2045,17.19217]}},{"type":"Feature","properties":{"n":"LA GUACAMAYA","m":"SAN ANDRES","a":"Alta","p":0},"geometry":{"type":"Point","coordinates":[-90.33003,17.22908]}},{"type":"Feature","properties":{"n":"LOS ALMENDROS","m":"SAN ANDRES","a":"Alta","p":78},"geometry":{"type":"Point","coordinates":[-90.2142,17.23817]}},{"type":"Feature","properties":{"n":"ICOTEA","m":"LA LIBERTAD","a":"Media","p":93},"geometry":{"type":"Point","coordinates":[-90.71872,17.24291]}},{"type":"Feature","properties":{"n":"VUELTA DE FABRE","m":"SAN ANDRES","a":"Alta","p":0},"geometry":{"type":"Point","coordinates":[-90.26576,17.25095]}},{"type":"Feature","properties":{"n":"LA PROFUNDIDAD","m":"SAN ANDRES","a":"Baja","p":108},"geometry":{"type":"Point","coordinates":[-90.93707,17.28761]}},{"type":"Feature","properties":{"n":"RANCHO SAN ANTONIO","m":"SAN ANDRES","a":"Baja","p":0},"geometry":{"type":"Point","coordinates":[-90.6701,17.30267]}},{"type":"Feature","properties":{"n":"RIO ESCONDIDO","m":"SAN ANDRES","a":"Baja","p":0},"geometry":{"type":"Point","coordinates":[-90.70164,17.33177]}},{"type":"Feature","properties":{"n":"BUENOS AIRES","m":"SAN ANDRES","a":"Media","p":0},"geometry":{"type":"Point","coordinates":[-90.91505,17.33357]}},{"type":"Feature","properties":{"n":"RANCHO EL PETENERO","m":"SAN ANDRES","a":"Baja","p":0},"geometry":{"type":"Point","coordinates":[-90.68221,17.33954]}},{"type":"Feature","properties":{"n":"CARROS QUEMADOS","m":"SAN ANDRES","a":"Alta","p":64},"geometry":{"type":"Point","coordinates":[-90.6666,17.34744]}},{"type":"Feature","properties":{"n":"PICHIJA","m":"SAN ANDRES","a":"Baja","p":67},"geometry":{"type":"Point","coordinates":[-90.69838,17.3735]}},{"type":"Feature","properties":{"n":"CRUCE LOS PESCADITOS","m":"SAN ANDRES","a":"Alta","p":27},"geometry":{"type":"Point","coordinates":[-89.99439,17.38438]}},{"type":"Feature","properties":{"n":"LA PALA","m":"SAN ANDRES","a":"Baja","p":41},"geometry":{"type":"Point","coordinates":[-89.99701,17.38972]}},{"type":"Feature","properties":{"n":"CHULTUM","m":"SAN ANDRES","a":"Alta","p":0},"geometry":{"type":"Point","coordinates":[-90.16172,17.43321]}},{"type":"Feature","properties":{"n":"RIO ESCONDIDO II","m":"SAN ANDRES","a":"Muy Alta","p":36},"geometry":{"type":"Point","coordinates":[-90.64536,17.43682]}},{"type":"Feature","properties":{"n":"PARCELAMIENTO KILOMETRO 25","m":"SAN ANDRES","a":"Baja","p":87},"geometry":{"type":"Point","coordinates":[-90.69239,17.43776]}},{"type":"Feature","properties":{"n":"EL COLORADO","m":"SAN ANDRES","a":"Baja","p":150},"geometry":{"type":"Point","coordinates":[-90.1516,17.44643]}},{"type":"Feature","properties":{"n":"PARQUE NAC. LAGUNA DEL TIGRE","m":"SAN ANDRES","a":"Muy Alta","p":0},"geometry":{"type":"Point","coordinates":[-90.72001,17.45309]}},{"type":"Feature","properties":{"n":"LA GLORIA","m":"SAN ANDRES","a":"Muy Alta","p":0},"geometry":{"type":"Point","coordinates":[-89.98672,17.45445]}},{"type":"Feature","properties":{"n":"SIN NOMBRE","m":"SAN ANDRES","a":"Alta","p":0},"geometry":{"type":"Point","coordinates":[-90.64263,17.4577]}},{"type":"Feature","properties":{"n":"SANTA AMELIA CRUCE","m":"SAN ANDRES","a":"Media","p":730},"geometry":{"type":"Point","coordinates":[-90.67544,17.46312]}},{"type":"Feature","properties":{"n":"SUCELY","m":"SAN ANDRES","a":"Media","p":268},"geometry":{"type":"Point","coordinates":[-90.69759,17.46434]}},{"type":"Feature","properties":{"n":"LAGUNA VISTA HERMOSA","m":"SAN ANDRES","a":"Media","p":305},"geometry":{"type":"Point","coordinates":[-90.71582,17.46552]}},{"type":"Feature","properties":{"n":"CALABAZAL","m":"SAN ANDRES","a":"Baja","p":0},"geometry":{"type":"Point","coordinates":[-89.96929,17.47926]}},{"type":"Feature","properties":{"n":"LOS REYES","m":"SAN ANDRES","a":"Baja","p":225},"geometry":{"type":"Point","coordinates":[-90.65915,17.48154]}},{"type":"Feature","properties":{"n":"EL HULE","m":"FLORES","a":"Media","p":0},"geometry":{"type":"Point","coordinates":[-89.62678,17.48116]}},{"type":"Feature","properties":{"n":"POZO PETROLERO","m":"SAN ANDRES","a":"Baja","p":0},"geometry":{"type":"Point","coordinates":[-90.6437,17.49431]}},{"type":"Feature","properties":{"n":"EL RAMONAL","m":"FLORES","a":"Media","p":0},"geometry":{"type":"Point","coordinates":[-89.61169,17.50137]}},{"type":"Feature","properties":{"n":"LAGUNA TRES TUBOS","m":"SAN ANDRES","a":"Alta","p":260},"geometry":{"type":"Point","coordinates":[-90.63555,17.50707]}},{"type":"Feature","properties":{"n":"SANTA ROSA","m":"SAN ANDRES","a":"Baja","p":0},"geometry":{"type":"Point","coordinates":[-90.78351,17.53364]}},{"type":"Feature","properties":{"n":"LOS LAGARTOS","m":"FLORES","a":"Media","p":263},"geometry":{"type":"Point","coordinates":[-89.83138,17.74345]}}]}