{
"type": "FeatureCollection",
"name": "puentes",
"crs": { "type": "name", "properties": { "name": "urn:ogc:def:crs:OGC:1.3:CRS84" } },
"xy_coordinate_resolution": 1e-05,
"features": [
{ "type": "Feature", "properties": { "id": 3.0, "m": "San Francisco", "d": "Petén" }, "geometry": { "type": "Point", "coordinates": [ -89.73179, 16.68532 ] } },
{ "type": "Feature", "properties": { "id": 8.0, "m": "Santa Ana", "d": "Petén" }, "geometry": { "type": "Point", "coordinates": [ -89.603, 16.63068 ] } },
{ "type": "Feature", "properties": { "id": 13.0, "m": "Dolores", "d": "Petén" }, "geometry": { "type": "Point", "coordinates": [ -89.54822, 16.62104 ] } },
{ "type": "Feature", "properties": { "id": 18.0, "m": "Dolores", "d": "Petén" }, "geometry": { "type": "Point", "coordinates": [ -89.54212, 16.61519 ] } },
{ "type": "Feature", "properties": { "id": 23.0, "m": "Dolores", "d": "Petén" }, "geometry": { "type": "Point", "coordinates": [ -89.42591, 16.47757 ] } },
{ "type": "Feature", "properties": { "id": 28.0, "m": "Dolores", "d": "Petén" }, "geometry": { "type": "Point", "coordinates": [ -89.43112, 16.44899 ] } },
{ "type": "Feature", "properties": { "id": 33.0, "m": "Dolores", "d": "Petén" }, "geometry": { "type": "Point", "coordinates": [ -89.43927, 16.42337 ] } },
{ "type": "Feature", "properties": { "id": 38.0, "m": "Dolores", "d": "Petén" }, "geometry": { "type": "Point", "coordinates": [ -89.44107, 16.39347 ] } },
{ "type": "Feature", "properties": { "id": 43.0, "m": "San Luis", "d": "Petén" }, "geometry": { "type": "Point", "coordinates": [ -89.42388, 16.18642 ] } },
{ "type": "Feature", "properties": { "id": 49.0, "m": "San Luis", "d": "Petén" }, "geometry": { "type": "Point", "coordinates": [ -89.408, 16.15751 ] } },
{ "type": "Feature", "properties": { "id": 52.0, "m": "San Luis", "d": "Petén" }, "geometry": { "type": "Point", "coordinates": [ -89.40646, 16.15491 ] } },
{ "type": "Feature", "properties": { "id": 58.0, "m": "San Luis", "d": "Petén" }, "geometry": { "type": "Point", "coordinates": [ -89.40075, 16.14648 ] } },
{ "type": "Feature", "properties": { "id": 63.0, "m": "San Luis", "d": "Petén" }, "geometry": { "type": "Point", "coordinates": [ -89.38445, 16.12729 ] } },
{ "type": "Feature", "properties": { "id": 68.0, "m": "San Luis", "d": "Petén" }, "geometry": { "type": "Point", "coordinates": [ -89.35045, 16.09008 ] } },
{ "type": "Feature", "properties": { "id": 75.0, "m": "San Luis", "d": "Petén" }, "geometry": { "type": "Point", "coordinates": [ -89.30295, 16.02259 ] } },
{ "type": "Feature", "properties": { "id": 79.0, "m": "San Luis", "d": "Petén" }, "geometry": { "type": "Point", "coordinates": [ -89.31959, 16.02084 ] } },
{ "type": "Feature", "properties": { "id": 80.0, "m": "San Luis", "d": "Petén" }, "geometry": { "type": "Point", "coordinates": [ -89.31269, 16.02053 ] } },
{ "type": "Feature", "properties": { "id": 88.0, "m": "San Luis", "d": "Petén" }, "geometry": { "type": "Point", "coordinates": [ -89.2936, 15.99384 ] } },
{ "type": "Feature", "properties": { "id": 95.0, "m": "Playa Grande -Ixcán", "d": "Quiché" }, "geometry": { "type": "Point", "coordinates": [ -90.74834, 15.96862 ] } },
{ "type": "Feature", "properties": { "id": 98.0, "m": "San Luis", "d": "Petén" }, "geometry": { "type": "Point", "coordinates": [ -89.24557, 15.94607 ] } },
{ "type": "Feature", "properties": { "id": 100.0, "m": "San Luis", "d": "Petén" }, "geometry": { "type": "Point", "coordinates": [ -89.24028, 15.94527 ] } },
{ "type": "Feature", "properties": { "id": 108.0, "m": "San Luis", "d": "Petén" }, "geometry": { "type": "Point", "coordinates": [ -89.23852, 15.9408 ] } },
{ "type": "Feature", "properties": { "id": 113.0, "m": "San Luis", "d": "Petén" }, "geometry": { "type": "Point", "coordinates": [ -89.23254, 15.92477 ] } },
{ "type": "Feature", "properties": { "id": 118.0, "m": "Playa Grande -Ixcán", "d": "Quiché" }, "geometry": { "type": "Point", "coordinates": [ -90.9591, 15.92589 ] } },
{ "type": "Feature", "properties": { "id": 123.0, "m": "San Luis", "d": "Petén" }, "geometry": { "type": "Point", "coordinates": [ -89.22766, 15.8978 ] } },
{ "type": "Feature", "properties": { "id": 128.0, "m": "Barillas", "d": "Huehuetenango" }, "geometry": { "type": "Point", "coordinates": [ -91.1484, 15.91784 ] } },
{ "type": "Feature", "properties": { "id": 133.0, "m": "Livingston", "d": "Izabal" }, "geometry": { "type": "Point", "coordinates": [ -89.22973, 15.87788 ] } },
{ "type": "Feature", "properties": { "id": 138.0, "m": "Fray Bartolomé de las Casas", "d": "Alta Verapaz" }, "geometry": { "type": "Point", "coordinates": [ -89.94358, 15.80418 ] } },
{ "type": "Feature", "properties": { "id": 143.0, "m": "Barillas", "d": "Huehuetenango" }, "geometry": { "type": "Point", "coordinates": [ -91.31947, 15.80506 ] } },
{ "type": "Feature", "properties": { "id": 148.0, "m": "Nentón", "d": "Huehuetenango" }, "geometry": { "type": "Point", "coordinates": [ -91.75352, 15.80254 ] } },
{ "type": "Feature", "properties": { "id": 153.0, "m": "Livingston", "d": "Izabal" }, "geometry": { "type": "Point", "coordinates": [ -89.07778, 15.73349 ] } },
{ "type": "Feature", "properties": { "id": 159.0, "m": "Puerto Barrios", "d": "Izabal" }, "geometry": { "type": "Point", "coordinates": [ -88.5864, 15.70056 ] } },
{ "type": "Feature", "properties": { "id": 163.0, "m": "San Pedro Carchá", "d": "Alta Verapaz" }, "geometry": { "type": "Point", "coordinates": [ -89.94082, 15.72163 ] } },
{ "type": "Feature", "properties": { "id": 168.0, "m": "Puerto Barrios", "d": "Izabal" }, "geometry": { "type": "Point", "coordinates": [ -88.58688, 15.69481 ] } },
{ "type": "Feature", "properties": { "id": 177.0, "m": "Puerto Barrios", "d": "Izabal" }, "geometry": { "type": "Point", "coordinates": [ -88.5968, 15.68711 ] } },
{ "type": "Feature", "properties": { "id": 178.0, "m": "Puerto Barrios", "d": "Izabal" }, "geometry": { "type": "Point", "coordinates": [ -88.60338, 15.68702 ] } },
{ "type": "Feature", "properties": { "id": 179.0, "m": "Puerto Barrios", "d": "Izabal" }, "geometry": { "type": "Point", "coordinates": [ -88.60942, 15.68625 ] } },
{ "type": "Feature", "properties": { "id": 188.0, "m": "Puerto Barrios", "d": "Izabal" }, "geometry": { "type": "Point", "coordinates": [ -88.57684, 15.68088 ] } },
{ "type": "Feature", "properties": { "id": 193.0, "m": "Livingston", "d": "Izabal" }, "geometry": { "type": "Point", "coordinates": [ -89.04373, 15.68073 ] } },
{ "type": "Feature", "properties": { "id": 198.0, "m": "Soloma", "d": "Huehuetenango" }, "geometry": { "type": "Point", "coordinates": [ -91.43517, 15.69045 ] } },
{ "type": "Feature", "properties": { "id": 203.0, "m": null, "d": null }, "geometry": { "type": "Point", "coordinates": [ -88.99889, 15.65604 ] } },
{ "type": "Feature", "properties": { "id": 208.0, "m": "Puerto Barrios", "d": "Izabal" }, "geometry": { "type": "Point", "coordinates": [ -88.55155, 15.6311 ] } },
{ "type": "Feature", "properties": { "id": 213.0, "m": "Puerto Barrios", "d": "Izabal" }, "geometry": { "type": "Point", "coordinates": [ -88.55978, 15.61943 ] } },
{ "type": "Feature", "properties": { "id": 218.0, "m": "San Juan Ixcoy", "d": "Huehuetenango" }, "geometry": { "type": "Point", "coordinates": [ -91.44355, 15.65542 ] } },
{ "type": "Feature", "properties": { "id": 222.0, "m": "Puerto Barrios", "d": "Izabal" }, "geometry": { "type": "Point", "coordinates": [ -88.56683, 15.61281 ] } },
{ "type": "Feature", "properties": { "id": 228.0, "m": "San Juan Ixcoy", "d": "Huehuetenango" }, "geometry": { "type": "Point", "coordinates": [ -91.45049, 15.63928 ] } },
{ "type": "Feature", "properties": { "id": 234.0, "m": "La Democracia", "d": "Huehuetenango" }, "geometry": { "type": "Point", "coordinates": [ -91.9267, 15.63215 ] } },
{ "type": "Feature", "properties": { "id": 237.0, "m": "Morales", "d": "Izabal" }, "geometry": { "type": "Point", "coordinates": [ -88.57735, 15.58855 ] } },
{ "type": "Feature", "properties": { "id": 243.0, "m": "Morales", "d": "Izabal" }, "geometry": { "type": "Point", "coordinates": [ -88.58601, 15.58228 ] } },
{ "type": "Feature", "properties": { "id": 248.0, "m": "San Juan Ixcoy", "d": "Huehuetenango" }, "geometry": { "type": "Point", "coordinates": [ -91.43589, 15.61588 ] } },
{ "type": "Feature", "properties": { "id": 253.0, "m": "Morales", "d": "Izabal" }, "geometry": { "type": "Point", "coordinates": [ -88.62862, 15.57459 ] } },
{ "type": "Feature", "properties": { "id": 258.0, "m": "Livingston", "d": "Izabal" }, "geometry": { "type": "Point", "coordinates": [ -88.9156, 15.57013 ] } },
{ "type": "Feature", "properties": { "id": 264.0, "m": "La Democracia", "d": "Huehuetenango" }, "geometry": { "type": "Point", "coordinates": [ -91.86079, 15.58287 ] } },
{ "type": "Feature", "properties": { "id": 267.0, "m": "Morales", "d": "Izabal" }, "geometry": { "type": "Point", "coordinates": [ -88.71919, 15.54196 ] } },
{ "type": "Feature", "properties": { "id": 273.0, "m": "Morales", "d": "Izabal" }, "geometry": { "type": "Point", "coordinates": [ -88.90345, 15.53772 ] } },
{ "type": "Feature", "properties": { "id": 278.0, "m": "Morales", "d": "Izabal" }, "geometry": { "type": "Point", "coordinates": [ -88.76289, 15.53257 ] } },
{ "type": "Feature", "properties": { "id": 283.0, "m": "La Democracia", "d": "Huehuetenango" }, "geometry": { "type": "Point", "coordinates": [ -91.85282, 15.56054 ] } },
{ "type": "Feature", "properties": { "id": 288.0, "m": "El Estor", "d": "Izabal" }, "geometry": { "type": "Point", "coordinates": [ -89.33886, 15.52326 ] } },
{ "type": "Feature", "properties": { "id": 293.0, "m": "Morales", "d": "Izabal" }, "geometry": { "type": "Point", "coordinates": [ -88.85658, 15.49405 ] } },
{ "type": "Feature", "properties": { "id": 298.0, "m": "Morales", "d": "Izabal" }, "geometry": { "type": "Point", "coordinates": [ -88.82392, 15.48541 ] } },
{ "type": "Feature", "properties": { "id": 305.0, "m": "Morales", "d": "Izabal" }, "geometry": { "type": "Point", "coordinates": [ -88.87047, 15.48233 ] } },
{ "type": "Feature", "properties": { "id": 309.0, "m": "Morales", "d": "Izabal" }, "geometry": { "type": "Point", "coordinates": [ -88.88342, 15.47948 ] } },
{ "type": "Feature", "properties": { "id": 311.0, "m": "La Democracia", "d": "Huehuetenango" }, "geometry": { "type": "Point", "coordinates": [ -91.83293, 15.51451 ] } },
{ "type": "Feature", "properties": { "id": 318.0, "m": "Morales", "d": "Izabal" }, "geometry": { "type": "Point", "coordinates": [ -88.89968, 15.47095 ] } },
{ "type": "Feature", "properties": { "id": 323.0, "m": "Morales", "d": "Izabal" }, "geometry": { "type": "Point", "coordinates": [ -88.90964, 15.46508 ] } },
{ "type": "Feature", "properties": { "id": 328.0, "m": "San Idelfonso Ixtahuacán", "d": "Huehuetenango" }, "geometry": { "type": "Point", "coordinates": [ -91.79758, 15.49551 ] } },
{ "type": "Feature", "properties": { "id": 334.0, "m": "San Pedro Carchá", "d": "Alta Verapaz" }, "geometry": { "type": "Point", "coordinates": [ -90.30864, 15.47876 ] } },
{ "type": "Feature", "properties": { "id": 340.0, "m": "San Pedro Carchá", "d": "Alta Verapaz" }, "geometry": { "type": "Point", "coordinates": [ -90.31818, 15.4766 ] } },
{ "type": "Feature", "properties": { "id": 342.0, "m": "San Pedro Carchá", "d": "Alta Verapaz" }, "geometry": { "type": "Point", "coordinates": [ -90.31057, 15.47596 ] } },
{ "type": "Feature", "properties": { "id": 347.0, "m": "San Idelfonso Ixtahuacán", "d": "Huehuetenango" }, "geometry": { "type": "Point", "coordinates": [ -91.79231, 15.48726 ] } },
{ "type": "Feature", "properties": { "id": 355.0, "m": "Cobán", "d": "Alta Verapaz" }, "geometry": { "type": "Point", "coordinates": [ -90.35856, 15.47186 ] } },
{ "type": "Feature", "properties": { "id": 360.0, "m": "Morales", "d": "Izabal" }, "geometry": { "type": "Point", "coordinates": [ -88.93758, 15.44941 ] } },
{ "type": "Feature", "properties": { "id": 367.0, "m": "Panzos", "d": "Alta Verapaz" }, "geometry": { "type": "Point", "coordinates": [ -89.55345, 15.45847 ] } },
{ "type": "Feature", "properties": { "id": 368.0, "m": "El Estor", "d": "Izabal" }, "geometry": { "type": "Point", "coordinates": [ -89.54947, 15.45837 ] } },
{ "type": "Feature", "properties": { "id": 371.0, "m": "Panzos", "d": "Alta Verapaz" }, "geometry": { "type": "Point", "coordinates": [ -89.55759, 15.45754 ] } },
{ "type": "Feature", "properties": { "id": 379.0, "m": "Panzos", "d": "Alta Verapaz" }, "geometry": { "type": "Point", "coordinates": [ -89.56292, 15.45588 ] } },
{ "type": "Feature", "properties": { "id": 385.0, "m": "Cobán", "d": "Alta Verapaz" }, "geometry": { "type": "Point", "coordinates": [ -90.38072, 15.46523 ] } },
{ "type": "Feature", "properties": { "id": 387.0, "m": "Panzos", "d": "Alta Verapaz" }, "geometry": { "type": "Point", "coordinates": [ -89.56981, 15.45408 ] } },
{ "type": "Feature", "properties": { "id": 395.0, "m": "Panzos", "d": "Alta Verapaz" }, "geometry": { "type": "Point", "coordinates": [ -89.57358, 15.45163 ] } },
{ "type": "Feature", "properties": { "id": 397.0, "m": "Panzos", "d": "Alta Verapaz" }, "geometry": { "type": "Point", "coordinates": [ -89.53594, 15.45073 ] } },
{ "type": "Feature", "properties": { "id": 401.0, "m": "San Idelfonso Ixtahuacán", "d": "Huehuetenango" }, "geometry": { "type": "Point", "coordinates": [ -91.79222, 15.47342 ] } },
{ "type": "Feature", "properties": { "id": 407.0, "m": "Panzos", "d": "Alta Verapaz" }, "geometry": { "type": "Point", "coordinates": [ -89.57961, 15.44841 ] } },
{ "type": "Feature", "properties": { "id": 418.0, "m": "Panzos", "d": "Alta Verapaz" }, "geometry": { "type": "Point", "coordinates": [ -89.58487, 15.44575 ] } },
{ "type": "Feature", "properties": { "id": 419.0, "m": "Panzos", "d": "Alta Verapaz" }, "geometry": { "type": "Point", "coordinates": [ -89.58885, 15.44488 ] } },
{ "type": "Feature", "properties": { "id": 423.0, "m": "Panzos", "d": "Alta Verapaz" }, "geometry": { "type": "Point", "coordinates": [ -89.59218, 15.44423 ] } },
{ "type": "Feature", "properties": { "id": 427.0, "m": "Panzos", "d": "Alta Verapaz" }, "geometry": { "type": "Point", "coordinates": [ -89.59765, 15.44342 ] } },
{ "type": "Feature", "properties": { "id": 434.0, "m": "Panzos", "d": "Alta Verapaz" }, "geometry": { "type": "Point", "coordinates": [ -89.60506, 15.44184 ] } },
{ "type": "Feature", "properties": { "id": 437.0, "m": "Panzos", "d": "Alta Verapaz" }, "geometry": { "type": "Point", "coordinates": [ -89.6135, 15.44038 ] } },
{ "type": "Feature", "properties": { "id": 445.0, "m": "San Idelfonso Ixtahuacán", "d": "Huehuetenango" }, "geometry": { "type": "Point", "coordinates": [ -91.77489, 15.45955 ] } },
{ "type": "Feature", "properties": { "id": 447.0, "m": "Panzos", "d": "Alta Verapaz" }, "geometry": { "type": "Point", "coordinates": [ -89.61736, 15.43482 ] } },
{ "type": "Feature", "properties": { "id": 451.0, "m": "Morales", "d": "Izabal" }, "geometry": { "type": "Point", "coordinates": [ -88.9851, 15.42376 ] } },
{ "type": "Feature", "properties": { "id": 458.0, "m": "Panzos", "d": "Alta Verapaz" }, "geometry": { "type": "Point", "coordinates": [ -89.62142, 15.43142 ] } },
{ "type": "Feature", "properties": { "id": 464.0, "m": "Panzos", "d": "Alta Verapaz" }, "geometry": { "type": "Point", "coordinates": [ -89.62604, 15.42799 ] } },
{ "type": "Feature", "properties": { "id": 467.0, "m": "San Idelfonso Ixtahuacán", "d": "Huehuetenango" }, "geometry": { "type": "Point", "coordinates": [ -91.7557, 15.44781 ] } },
{ "type": "Feature", "properties": { "id": 472.0, "m": "Panzos", "d": "Alta Verapaz" }, "geometry": { "type": "Point", "coordinates": [ -89.63039, 15.42232 ] } },
{ "type": "Feature", "properties": { "id": 480.0, "m": "Panzos", "d": "Alta Verapaz" }, "geometry": { "type": "Point", "coordinates": [ -89.63112, 15.41894 ] } },
{ "type": "Feature", "properties": { "id": 481.0, "m": "Los Amates", "d": "Izabal" }, "geometry": { "type": "Point", "coordinates": [ -88.99894, 15.40792 ] } },
{ "type": "Feature", "properties": { "id": 487.0, "m": "Panzos", "d": "Alta Verapaz" }, "geometry": { "type": "Point", "coordinates": [ -89.63226, 15.41642 ] } },
{ "type": "Feature", "properties": { "id": 493.0, "m": "Panzos", "d": "Alta Verapaz" }, "geometry": { "type": "Point", "coordinates": [ -89.63443, 15.414 ] } },
{ "type": "Feature", "properties": { "id": 498.0, "m": "Panzos", "d": "Alta Verapaz" }, "geometry": { "type": "Point", "coordinates": [ -89.63712, 15.40917 ] } },
{ "type": "Feature", "properties": { "id": 503.0, "m": "Panzos", "d": "Alta Verapaz" }, "geometry": { "type": "Point", "coordinates": [ -89.63862, 15.4053 ] } },
{ "type": "Feature", "properties": { "id": 510.0, "m": "Colotenango", "d": "Huehuetenango" }, "geometry": { "type": "Point", "coordinates": [ -91.72552, 15.42083 ] } },
{ "type": "Feature", "properties": { "id": 511.0, "m": "Panzos", "d": "Alta Verapaz" }, "geometry": { "type": "Point", "coordinates": [ -89.64115, 15.39893 ] } },
{ "type": "Feature", "properties": { "id": 526.0, "m": "Cuilco", "d": "Huehuetenango" }, "geometry": { "type": "Point", "coordinates": [ -91.87597, 15.41787 ] } },
{ "type": "Feature", "properties": { "id": 532.0, "m": "Panzos", "d": "Alta Verapaz" }, "geometry": { "type": "Point", "coordinates": [ -89.64479, 15.39435 ] } },
{ "type": "Feature", "properties": { "id": 536.0, "m": "Cuilco", "d": "Huehuetenango" }, "geometry": { "type": "Point", "coordinates": [ -91.91216, 15.41681 ] } },
{ "type": "Feature", "properties": { "id": 537.0, "m": "Cuilco", "d": "Huehuetenango" }, "geometry": { "type": "Point", "coordinates": [ -91.8653, 15.41651 ] } },
{ "type": "Feature", "properties": { "id": 538.0, "m": "San Idelfonso Ixtahuacán", "d": "Huehuetenango" }, "geometry": { "type": "Point", "coordinates": [ -91.76675, 15.41585 ] } },
{ "type": "Feature", "properties": { "id": 546.0, "m": "San Idelfonso Ixtahuacán", "d": "Huehuetenango" }, "geometry": { "type": "Point", "coordinates": [ -91.86104, 15.41519 ] } },
{ "type": "Feature", "properties": { "id": 554.0, "m": "San Idelfonso Ixtahuacán", "d": "Huehuetenango" }, "geometry": { "type": "Point", "coordinates": [ -91.83473, 15.41429 ] } },
{ "type": "Feature", "properties": { "id": 556.0, "m": "Colotenango", "d": "Huehuetenango" }, "geometry": { "type": "Point", "coordinates": [ -91.71522, 15.41329 ] } },
{ "type": "Feature", "properties": { "id": 558.0, "m": "San Idelfonso Ixtahuacán", "d": "Huehuetenango" }, "geometry": { "type": "Point", "coordinates": [ -91.78025, 15.41351 ] } },
{ "type": "Feature", "properties": { "id": 559.0, "m": "San Idelfonso Ixtahuacán", "d": "Huehuetenango" }, "geometry": { "type": "Point", "coordinates": [ -91.81757, 15.41323 ] } },
{ "type": "Feature", "properties": { "id": 563.0, "m": "Colotenango", "d": "Huehuetenango" }, "geometry": { "type": "Point", "coordinates": [ -91.71106, 15.41187 ] } },
{ "type": "Feature", "properties": { "id": 564.0, "m": "San Idelfonso Ixtahuacán", "d": "Huehuetenango" }, "geometry": { "type": "Point", "coordinates": [ -91.79863, 15.41235 ] } },
{ "type": "Feature", "properties": { "id": 565.0, "m": "San Idelfonso Ixtahuacán", "d": "Huehuetenango" }, "geometry": { "type": "Point", "coordinates": [ -91.7896, 15.41224 ] } },
{ "type": "Feature", "properties": { "id": 578.0, "m": "Los Amates", "d": "Izabal" }, "geometry": { "type": "Point", "coordinates": [ -89.02158, 15.37752 ] } },
{ "type": "Feature", "properties": { "id": 590.0, "m": "Cuilco", "d": "Huehuetenango" }, "geometry": { "type": "Point", "coordinates": [ -91.94219, 15.40628 ] } },
{ "type": "Feature", "properties": { "id": 591.0, "m": "Cuilco", "d": "Huehuetenango" }, "geometry": { "type": "Point", "coordinates": [ -91.93634, 15.406 ] } },
{ "type": "Feature", "properties": { "id": 599.0, "m": "Panzos", "d": "Alta Verapaz" }, "geometry": { "type": "Point", "coordinates": [ -89.66587, 15.3791 ] } },
{ "type": "Feature", "properties": { "id": 603.0, "m": "Santa Bárbara", "d": "Huehuetenango" }, "geometry": { "type": "Point", "coordinates": [ -91.64685, 15.39638 ] } },
{ "type": "Feature", "properties": { "id": 608.0, "m": "San Sebastián Huehuetenango", "d": "Huehuetenango" }, "geometry": { "type": "Point", "coordinates": [ -91.6176, 15.38622 ] } },
{ "type": "Feature", "properties": { "id": 613.0, "m": "Santa Cruz Verapaz", "d": "Alta Verapaz" }, "geometry": { "type": "Point", "coordinates": [ -90.43851, 15.37064 ] } },
{ "type": "Feature", "properties": { "id": 620.0, "m": "Santa Bárbara", "d": "Huehuetenango" }, "geometry": { "type": "Point", "coordinates": [ -91.59895, 15.37729 ] } },
{ "type": "Feature", "properties": { "id": 621.0, "m": "Los Amates", "d": "Izabal" }, "geometry": { "type": "Point", "coordinates": [ -89.04226, 15.34512 ] } },
{ "type": "Feature", "properties": { "id": 628.0, "m": "Panzos", "d": "Alta Verapaz" }, "geometry": { "type": "Point", "coordinates": [ -89.69646, 15.35138 ] } },
{ "type": "Feature", "properties": { "id": 633.0, "m": "Los Amates", "d": "Izabal" }, "geometry": { "type": "Point", "coordinates": [ -89.03923, 15.33722 ] } },
{ "type": "Feature", "properties": { "id": 640.0, "m": "Panzos", "d": "Alta Verapaz" }, "geometry": { "type": "Point", "coordinates": [ -89.72482, 15.34318 ] } },
{ "type": "Feature", "properties": { "id": 645.0, "m": "Panzos", "d": "Alta Verapaz" }, "geometry": { "type": "Point", "coordinates": [ -89.73357, 15.34106 ] } },
{ "type": "Feature", "properties": { "id": 646.0, "m": "San Cristóbal Verapaz", "d": "Alta Verapaz" }, "geometry": { "type": "Point", "coordinates": [ -90.65197, 15.35248 ] } },
{ "type": "Feature", "properties": { "id": 651.0, "m": "Panzos", "d": "Alta Verapaz" }, "geometry": { "type": "Point", "coordinates": [ -89.74597, 15.33891 ] } },
{ "type": "Feature", "properties": { "id": 667.0, "m": "Chicamán", "d": "Quiché" }, "geometry": { "type": "Point", "coordinates": [ -90.85506, 15.34767 ] } },
{ "type": "Feature", "properties": { "id": 671.0, "m": "Uspantán", "d": "Quiché" }, "geometry": { "type": "Point", "coordinates": [ -90.86279, 15.34725 ] } },
{ "type": "Feature", "properties": { "id": 673.0, "m": "Panzos", "d": "Alta Verapaz" }, "geometry": { "type": "Point", "coordinates": [ -89.76369, 15.33372 ] } },
{ "type": "Feature", "properties": { "id": 674.0, "m": "Huehuetenango", "d": "Huehuetenango" }, "geometry": { "type": "Point", "coordinates": [ -91.39233, 15.35123 ] } },
{ "type": "Feature", "properties": { "id": 678.0, "m": "Uspantán", "d": "Quiché" }, "geometry": { "type": "Point", "coordinates": [ -90.87142, 15.34539 ] } },
{ "type": "Feature", "properties": { "id": 679.0, "m": "Huehuetenango", "d": "Huehuetenango" }, "geometry": { "type": "Point", "coordinates": [ -91.39768, 15.34972 ] } },
{ "type": "Feature", "properties": { "id": 681.0, "m": "Huehuetenango", "d": "Huehuetenango" }, "geometry": { "type": "Point", "coordinates": [ -91.3864, 15.34957 ] } },
{ "type": "Feature", "properties": { "id": 683.0, "m": "Huehuetenango", "d": "Huehuetenango" }, "geometry": { "type": "Point", "coordinates": [ -91.45798, 15.34994 ] } },
{ "type": "Feature", "properties": { "id": 704.0, "m": "Huehuetenango", "d": "Huehuetenango" }, "geometry": { "type": "Point", "coordinates": [ -91.37439, 15.34656 ] } },
{ "type": "Feature", "properties": { "id": 706.0, "m": "Huehuetenango", "d": "Huehuetenango" }, "geometry": { "type": "Point", "coordinates": [ -91.40556, 15.34665 ] } },
{ "type": "Feature", "properties": { "id": 717.0, "m": "Uspantán", "d": "Quiché" }, "geometry": { "type": "Point", "coordinates": [ -90.88303, 15.34064 ] } },
{ "type": "Feature", "properties": { "id": 721.0, "m": "Santa Catarina la Tinta", "d": "Alta Verapaz" }, "geometry": { "type": "Point", "coordinates": [ -89.83359, 15.32767 ] } },
{ "type": "Feature", "properties": { "id": 724.0, "m": "Huehuetenango", "d": "Huehuetenango" }, "geometry": { "type": "Point", "coordinates": [ -91.33413, 15.34354 ] } },
{ "type": "Feature", "properties": { "id": 727.0, "m": "Huehuetenango", "d": "Huehuetenango" }, "geometry": { "type": "Point", "coordinates": [ -91.34283, 15.34305 ] } },
{ "type": "Feature", "properties": { "id": 729.0, "m": "Aguacatán", "d": "Huehuetenango" }, "geometry": { "type": "Point", "coordinates": [ -91.32354, 15.34229 ] } },
{ "type": "Feature", "properties": { "id": 732.0, "m": "Santa Catarina la Tinta", "d": "Alta Verapaz" }, "geometry": { "type": "Point", "coordinates": [ -89.84731, 15.32597 ] } },
{ "type": "Feature", "properties": { "id": 735.0, "m": "Huehuetenango", "d": "Huehuetenango" }, "geometry": { "type": "Point", "coordinates": [ -91.42042, 15.34224 ] } },
{ "type": "Feature", "properties": { "id": 742.0, "m": "Huehuetenango", "d": "Huehuetenango" }, "geometry": { "type": "Point", "coordinates": [ -91.43434, 15.34148 ] } },
{ "type": "Feature", "properties": { "id": 744.0, "m": "Santa Catarina la Tinta", "d": "Alta Verapaz" }, "geometry": { "type": "Point", "coordinates": [ -89.80802, 15.324 ] } },
{ "type": "Feature", "properties": { "id": 749.0, "m": "Uspantán", "d": "Quiché" }, "geometry": { "type": "Point", "coordinates": [ -90.89329, 15.3362 ] } },
{ "type": "Feature", "properties": { "id": 751.0, "m": "Santa Catarina la Tinta", "d": "Alta Verapaz" }, "geometry": { "type": "Point", "coordinates": [ -89.86107, 15.32365 ] } },
{ "type": "Feature", "properties": { "id": 761.0, "m": "Cunén", "d": "Quiché" }, "geometry": { "type": "Point", "coordinates": [ -91.03399, 15.33527 ] } },
{ "type": "Feature", "properties": { "id": 766.0, "m": "San Andrés Sajcabajá", "d": "Quiché" }, "geometry": { "type": "Point", "coordinates": [ -90.93449, 15.33263 ] } },
{ "type": "Feature", "properties": { "id": 777.0, "m": "Cunén", "d": "Quiché" }, "geometry": { "type": "Point", "coordinates": [ -90.98893, 15.32969 ] } },
{ "type": "Feature", "properties": { "id": 779.0, "m": "Santa Catarina la Tinta", "d": "Alta Verapaz" }, "geometry": { "type": "Point", "coordinates": [ -89.90151, 15.31693 ] } },
{ "type": "Feature", "properties": { "id": 780.0, "m": "Santa Catarina la Tinta", "d": "Alta Verapaz" }, "geometry": { "type": "Point", "coordinates": [ -89.87829, 15.3166 ] } },
{ "type": "Feature", "properties": { "id": 783.0, "m": "Tactic", "d": "Alta Verapaz" }, "geometry": { "type": "Point", "coordinates": [ -90.36255, 15.32229 ] } },
{ "type": "Feature", "properties": { "id": 796.0, "m": "Santa Catarina la Tinta", "d": "Alta Verapaz" }, "geometry": { "type": "Point", "coordinates": [ -89.8863, 15.31214 ] } },
{ "type": "Feature", "properties": { "id": 799.0, "m": "Tactic", "d": "Alta Verapaz" }, "geometry": { "type": "Point", "coordinates": [ -90.30018, 15.31704 ] } },
{ "type": "Feature", "properties": { "id": 808.0, "m": "Tactic", "d": "Alta Verapaz" }, "geometry": { "type": "Point", "coordinates": [ -90.30319, 15.31564 ] } },
{ "type": "Feature", "properties": { "id": 810.0, "m": "Tactic", "d": "Alta Verapaz" }, "geometry": { "type": "Point", "coordinates": [ -90.29541, 15.31544 ] } },
{ "type": "Feature", "properties": { "id": 819.0, "m": "Tactic", "d": "Alta Verapaz" }, "geometry": { "type": "Point", "coordinates": [ -90.3225, 15.31481 ] } },
{ "type": "Feature", "properties": { "id": 824.0, "m": "Tamahú", "d": "Alta Verapaz" }, "geometry": { "type": "Point", "coordinates": [ -90.2816, 15.31349 ] } },
{ "type": "Feature", "properties": { "id": 825.0, "m": "Santa Catarina la Tinta", "d": "Alta Verapaz" }, "geometry": { "type": "Point", "coordinates": [ -89.9163, 15.30869 ] } },
{ "type": "Feature", "properties": { "id": 830.0, "m": "Tamahú", "d": "Alta Verapaz" }, "geometry": { "type": "Point", "coordinates": [ -90.28838, 15.31329 ] } },
{ "type": "Feature", "properties": { "id": 838.0, "m": "Tactic", "d": "Alta Verapaz" }, "geometry": { "type": "Point", "coordinates": [ -90.30952, 15.31317 ] } },
{ "type": "Feature", "properties": { "id": 843.0, "m": "Tamahú", "d": "Alta Verapaz" }, "geometry": { "type": "Point", "coordinates": [ -90.27748, 15.31211 ] } },
{ "type": "Feature", "properties": { "id": 844.0, "m": "Tactic", "d": "Alta Verapaz" }, "geometry": { "type": "Point", "coordinates": [ -90.30084, 15.31235 ] } },
{ "type": "Feature", "properties": { "id": 845.0, "m": "Tactic", "d": "Alta Verapaz" }, "geometry": { "type": "Point", "coordinates": [ -90.30645, 15.3124 ] } },
{ "type": "Feature", "properties": { "id": 855.0, "m": "Santa Catarina la Tinta", "d": "Alta Verapaz" }, "geometry": { "type": "Point", "coordinates": [ -89.92653, 15.30679 ] } },
{ "type": "Feature", "properties": { "id": 858.0, "m": "Santa Catarina la Tinta", "d": "Alta Verapaz" }, "geometry": { "type": "Point", "coordinates": [ -89.92948, 15.30641 ] } },
{ "type": "Feature", "properties": { "id": 860.0, "m": "Tactic", "d": "Alta Verapaz" }, "geometry": { "type": "Point", "coordinates": [ -90.30325, 15.31117 ] } },
{ "type": "Feature", "properties": { "id": 863.0, "m": "Tamahú", "d": "Alta Verapaz" }, "geometry": { "type": "Point", "coordinates": [ -90.26485, 15.31031 ] } },
{ "type": "Feature", "properties": { "id": 866.0, "m": "Tamahú", "d": "Alta Verapaz" }, "geometry": { "type": "Point", "coordinates": [ -90.27252, 15.30995 ] } },
{ "type": "Feature", "properties": { "id": 875.0, "m": "Tucurú", "d": "Alta Verapaz" }, "geometry": { "type": "Point", "coordinates": [ -89.93495, 15.30437 ] } },
{ "type": "Feature", "properties": { "id": 886.0, "m": "Tamahú", "d": "Alta Verapaz" }, "geometry": { "type": "Point", "coordinates": [ -90.22745, 15.30576 ] } },
{ "type": "Feature", "properties": { "id": 888.0, "m": "Tamahú", "d": "Alta Verapaz" }, "geometry": { "type": "Point", "coordinates": [ -90.22341, 15.30471 ] } },
{ "type": "Feature", "properties": { "id": 890.0, "m": "Malacatancito", "d": "Huehuetenango" }, "geometry": { "type": "Point", "coordinates": [ -91.46853, 15.3144 ] } },
{ "type": "Feature", "properties": { "id": 909.0, "m": "Tucurú", "d": "Alta Verapaz" }, "geometry": { "type": "Point", "coordinates": [ -90.1785, 15.29523 ] } },
{ "type": "Feature", "properties": { "id": 912.0, "m": "Tucurú", "d": "Alta Verapaz" }, "geometry": { "type": "Point", "coordinates": [ -90.00944, 15.2928 ] } },
{ "type": "Feature", "properties": { "id": 915.0, "m": "Tucurú", "d": "Alta Verapaz" }, "geometry": { "type": "Point", "coordinates": [ -90.15495, 15.29411 ] } },
{ "type": "Feature", "properties": { "id": 919.0, "m": "Tucurú", "d": "Alta Verapaz" }, "geometry": { "type": "Point", "coordinates": [ -90.17167, 15.29333 ] } },
{ "type": "Feature", "properties": { "id": 923.0, "m": "Tucurú", "d": "Alta Verapaz" }, "geometry": { "type": "Point", "coordinates": [ -90.11372, 15.29212 ] } },
{ "type": "Feature", "properties": { "id": 924.0, "m": "Aguacatán", "d": "Huehuetenango" }, "geometry": { "type": "Point", "coordinates": [ -91.19013, 15.30326 ] } },
{ "type": "Feature", "properties": { "id": 926.0, "m": "Malacatancito", "d": "Huehuetenango" }, "geometry": { "type": "Point", "coordinates": [ -91.52709, 15.30549 ] } },
{ "type": "Feature", "properties": { "id": 927.0, "m": "Tucurú", "d": "Alta Verapaz" }, "geometry": { "type": "Point", "coordinates": [ -90.16668, 15.29236 ] } },
{ "type": "Feature", "properties": { "id": 929.0, "m": "Sacapulas", "d": "Quiché" }, "geometry": { "type": "Point", "coordinates": [ -91.16737, 15.30263 ] } },
{ "type": "Feature", "properties": { "id": 935.0, "m": "Aguacatán", "d": "Huehuetenango" }, "geometry": { "type": "Point", "coordinates": [ -91.19908, 15.302 ] } },
{ "type": "Feature", "properties": { "id": 944.0, "m": "Tucurú", "d": "Alta Verapaz" }, "geometry": { "type": "Point", "coordinates": [ -90.12979, 15.28985 ] } },
{ "type": "Feature", "properties": { "id": 954.0, "m": "Tucurú", "d": "Alta Verapaz" }, "geometry": { "type": "Point", "coordinates": [ -90.03548, 15.28734 ] } },
{ "type": "Feature", "properties": { "id": 956.0, "m": "Sacapulas", "d": "Quiché" }, "geometry": { "type": "Point", "coordinates": [ -91.07996, 15.29827 ] } },
{ "type": "Feature", "properties": { "id": 959.0, "m": "Tucurú", "d": "Alta Verapaz" }, "geometry": { "type": "Point", "coordinates": [ -90.14018, 15.2879 ] } },
{ "type": "Feature", "properties": { "id": 968.0, "m": "Tucurú", "d": "Alta Verapaz" }, "geometry": { "type": "Point", "coordinates": [ -90.10476, 15.28505 ] } },
{ "type": "Feature", "properties": { "id": 977.0, "m": "Tucurú", "d": "Alta Verapaz" }, "geometry": { "type": "Point", "coordinates": [ -90.05239, 15.28081 ] } },
{ "type": "Feature", "properties": { "id": 980.0, "m": "Los Amates", "d": "Izabal" }, "geometry": { "type": "Point", "coordinates": [ -89.08739, 15.26434 ] } },
{ "type": "Feature", "properties": { "id": 982.0, "m": "Tucurú", "d": "Alta Verapaz" }, "geometry": { "type": "Point", "coordinates": [ -90.06957, 15.27914 ] } },
{ "type": "Feature", "properties": { "id": 985.0, "m": "Sacapulas", "d": "Quiché" }, "geometry": { "type": "Point", "coordinates": [ -91.0889, 15.28861 ] } },
{ "type": "Feature", "properties": { "id": 993.0, "m": "Sacapulas", "d": "Quiché" }, "geometry": { "type": "Point", "coordinates": [ -91.10731, 15.27892 ] } },
{ "type": "Feature", "properties": { "id": 1001.0, "m": "Tectitán", "d": "Huehuetenango" }, "geometry": { "type": "Point", "coordinates": [ -92.05604, 15.27764 ] } },
{ "type": "Feature", "properties": { "id": 1003.0, "m": "Los Amates", "d": "Izabal" }, "geometry": { "type": "Point", "coordinates": [ -89.15802, 15.24644 ] } },
{ "type": "Feature", "properties": { "id": 1007.0, "m": "Sacapulas", "d": "Quiché" }, "geometry": { "type": "Point", "coordinates": [ -91.12235, 15.26924 ] } },
{ "type": "Feature", "properties": { "id": 1013.0, "m": "Gualán", "d": "Zacapa" }, "geometry": { "type": "Point", "coordinates": [ -89.17801, 15.24037 ] } },
{ "type": "Feature", "properties": { "id": 1018.0, "m": "Gualán", "d": "Zacapa" }, "geometry": { "type": "Point", "coordinates": [ -89.18394, 15.23635 ] } },
{ "type": "Feature", "properties": { "id": 1023.0, "m": "Tacaná", "d": "San Marcos" }, "geometry": { "type": "Point", "coordinates": [ -92.06145, 15.26037 ] } },
{ "type": "Feature", "properties": { "id": 1028.0, "m": "Tacaná", "d": "San Marcos" }, "geometry": { "type": "Point", "coordinates": [ -92.06256, 15.25775 ] } },
{ "type": "Feature", "properties": { "id": 1033.0, "m": "Sacapulas", "d": "Quiché" }, "geometry": { "type": "Point", "coordinates": [ -91.14212, 15.24973 ] } },
{ "type": "Feature", "properties": { "id": 1041.0, "m": "Tacaná", "d": "San Marcos" }, "geometry": { "type": "Point", "coordinates": [ -92.06338, 15.25261 ] } },
{ "type": "Feature", "properties": { "id": 1043.0, "m": "Gualán", "d": "Zacapa" }, "geometry": { "type": "Point", "coordinates": [ -89.21661, 15.2219 ] } },
{ "type": "Feature", "properties": { "id": 1049.0, "m": "Sacapulas", "d": "Quiché" }, "geometry": { "type": "Point", "coordinates": [ -91.14701, 15.24516 ] } },
{ "type": "Feature", "properties": { "id": 1055.0, "m": "Malacatancito", "d": "Huehuetenango" }, "geometry": { "type": "Point", "coordinates": [ -91.48686, 15.2462 ] } },
{ "type": "Feature", "properties": { "id": 1058.0, "m": "Gualán", "d": "Zacapa" }, "geometry": { "type": "Point", "coordinates": [ -89.2323, 15.21861 ] } },
{ "type": "Feature", "properties": { "id": 1061.0, "m": "Purulhá", "d": "Baja Verapaz" }, "geometry": { "type": "Point", "coordinates": [ -90.28489, 15.23339 ] } },
{ "type": "Feature", "properties": { "id": 1069.0, "m": "Malacatancito", "d": "Huehuetenango" }, "geometry": { "type": "Point", "coordinates": [ -91.4889, 15.24272 ] } },
{ "type": "Feature", "properties": { "id": 1072.0, "m": "Tacaná", "d": "San Marcos" }, "geometry": { "type": "Point", "coordinates": [ -92.06298, 15.24399 ] } },
{ "type": "Feature", "properties": { "id": 1079.0, "m": "Gualán", "d": "Zacapa" }, "geometry": { "type": "Point", "coordinates": [ -89.24791, 15.20729 ] } },
{ "type": "Feature", "properties": { "id": 1081.0, "m": "Tacaná", "d": "San Marcos" }, "geometry": { "type": "Point", "coordinates": [ -92.06825, 15.23517 ] } },
{ "type": "Feature", "properties": { "id": 1088.0, "m": "Malacatancito", "d": "Huehuetenango" }, "geometry": { "type": "Point", "coordinates": [ -91.50367, 15.22793 ] } },
{ "type": "Feature", "properties": { "id": 1093.0, "m": "Salamá", "d": "Baja Verapaz" }, "geometry": { "type": "Point", "coordinates": [ -90.2938, 15.21383 ] } },
{ "type": "Feature", "properties": { "id": 1101.0, "m": "Gualán", "d": "Zacapa" }, "geometry": { "type": "Point", "coordinates": [ -89.27576, 15.1946 ] } },
{ "type": "Feature", "properties": { "id": 1103.0, "m": "San Pedro Jocopilas", "d": "Quiché" }, "geometry": { "type": "Point", "coordinates": [ -91.17344, 15.21735 ] } },
{ "type": "Feature", "properties": { "id": 1105.0, "m": "Salamá", "d": "Baja Verapaz" }, "geometry": { "type": "Point", "coordinates": [ -90.29707, 15.20712 ] } },
{ "type": "Feature", "properties": { "id": 1113.0, "m": "San Pedro Jocopilas", "d": "Quiché" }, "geometry": { "type": "Point", "coordinates": [ -91.19032, 15.2129 ] } },
{ "type": "Feature", "properties": { "id": 1120.0, "m": "Salamá", "d": "Baja Verapaz" }, "geometry": { "type": "Point", "coordinates": [ -90.29704, 15.2011 ] } },
{ "type": "Feature", "properties": { "id": 1121.0, "m": "San Pedro Jocopilas", "d": "Quiché" }, "geometry": { "type": "Point", "coordinates": [ -91.19301, 15.20931 ] } },
{ "type": "Feature", "properties": { "id": 1131.0, "m": "Salamá", "d": "Baja Verapaz" }, "geometry": { "type": "Point", "coordinates": [ -90.29483, 15.19558 ] } },
{ "type": "Feature", "properties": { "id": 1132.0, "m": "San Pedro Jocopilas", "d": "Quiché" }, "geometry": { "type": "Point", "coordinates": [ -91.19554, 15.20377 ] } },
{ "type": "Feature", "properties": { "id": 1139.0, "m": "Gualán", "d": "Zacapa" }, "geometry": { "type": "Point", "coordinates": [ -89.30127, 15.17848 ] } },
{ "type": "Feature", "properties": { "id": 1141.0, "m": "San Pedro Jocopilas", "d": "Quiché" }, "geometry": { "type": "Point", "coordinates": [ -91.19791, 15.20052 ] } },
{ "type": "Feature", "properties": { "id": 1148.0, "m": "Tacaná", "d": "San Marcos" }, "geometry": { "type": "Point", "coordinates": [ -92.03804, 15.20042 ] } },
{ "type": "Feature", "properties": { "id": 1154.0, "m": "San Pedro Jocopilas", "d": "Quiché" }, "geometry": { "type": "Point", "coordinates": [ -91.21087, 15.191 ] } },
{ "type": "Feature", "properties": { "id": 1159.0, "m": "Tacaná", "d": "San Marcos" }, "geometry": { "type": "Point", "coordinates": [ -92.03253, 15.19334 ] } },
{ "type": "Feature", "properties": { "id": 1162.0, "m": "Tacaná", "d": "San Marcos" }, "geometry": { "type": "Point", "coordinates": [ -92.02577, 15.19113 ] } },
{ "type": "Feature", "properties": { "id": 1168.0, "m": "Tacaná", "d": "San Marcos" }, "geometry": { "type": "Point", "coordinates": [ -92.0024, 15.17711 ] } },
{ "type": "Feature", "properties": { "id": 1173.0, "m": "Ixchiguán", "d": "San Marcos" }, "geometry": { "type": "Point", "coordinates": [ -91.97741, 15.17036 ] } },
{ "type": "Feature", "properties": { "id": 1181.0, "m": "Gualán", "d": "Zacapa" }, "geometry": { "type": "Point", "coordinates": [ -89.35977, 15.12825 ] } },
{ "type": "Feature", "properties": { "id": 1182.0, "m": "Salamá", "d": "Baja Verapaz" }, "geometry": { "type": "Point", "coordinates": [ -90.29648, 15.13989 ] } },
{ "type": "Feature", "properties": { "id": 1186.0, "m": "Gualán", "d": "Zacapa" }, "geometry": { "type": "Point", "coordinates": [ -89.37488, 15.12581 ] } },
{ "type": "Feature", "properties": { "id": 1193.0, "m": "Gualán", "d": "Zacapa" }, "geometry": { "type": "Point", "coordinates": [ -89.40226, 15.11549 ] } },
{ "type": "Feature", "properties": { "id": 1198.0, "m": "Gualán", "d": "Zacapa" }, "geometry": { "type": "Point", "coordinates": [ -89.42484, 15.10611 ] } },
{ "type": "Feature", "properties": { "id": 1204.0, "m": "Salamá", "d": "Baja Verapaz" }, "geometry": { "type": "Point", "coordinates": [ -90.30961, 15.11369 ] } },
{ "type": "Feature", "properties": { "id": 1208.0, "m": "San Jerónimo", "d": "Baja Verapaz" }, "geometry": { "type": "Point", "coordinates": [ -90.18661, 15.10909 ] } },
{ "type": "Feature", "properties": { "id": 1217.0, "m": "Gualán", "d": "Zacapa" }, "geometry": { "type": "Point", "coordinates": [ -89.43732, 15.09151 ] } },
{ "type": "Feature", "properties": { "id": 1219.0, "m": "San Miguel Chicaj", "d": "Baja Verapaz" }, "geometry": { "type": "Point", "coordinates": [ -90.36801, 15.10367 ] } },
{ "type": "Feature", "properties": { "id": 1220.0, "m": "Salamá", "d": "Baja Verapaz" }, "geometry": { "type": "Point", "coordinates": [ -90.31703, 15.10297 ] } },
{ "type": "Feature", "properties": { "id": 1227.0, "m": "Gualán", "d": "Zacapa" }, "geometry": { "type": "Point", "coordinates": [ -89.44694, 15.08817 ] } },
{ "type": "Feature", "properties": { "id": 1234.0, "m": "San Miguel Chicaj", "d": "Baja Verapaz" }, "geometry": { "type": "Point", "coordinates": [ -90.3874, 15.09632 ] } },
{ "type": "Feature", "properties": { "id": 1239.0, "m": "San Miguel Chicaj", "d": "Baja Verapaz" }, "geometry": { "type": "Point", "coordinates": [ -90.39855, 15.09341 ] } },
{ "type": "Feature", "properties": { "id": 1243.0, "m": "San Pedro Jocopilas", "d": "Quiché" }, "geometry": { "type": "Point", "coordinates": [ -91.16269, 15.09818 ] } },
{ "type": "Feature", "properties": { "id": 1250.0, "m": "Rabinal", "d": "Baja Verapaz" }, "geometry": { "type": "Point", "coordinates": [ -90.48511, 15.08805 ] } },
{ "type": "Feature", "properties": { "id": 1251.0, "m": "San Jerónimo", "d": "Baja Verapaz" }, "geometry": { "type": "Point", "coordinates": [ -90.18462, 15.08317 ] } },
{ "type": "Feature", "properties": { "id": 1259.0, "m": "Río Hondo", "d": "Zacapa" }, "geometry": { "type": "Point", "coordinates": [ -89.50941, 15.0703 ] } },
{ "type": "Feature", "properties": { "id": 1260.0, "m": "San Antonio Ilotenango", "d": "Quiché" }, "geometry": { "type": "Point", "coordinates": [ -91.15142, 15.08964 ] } },
{ "type": "Feature", "properties": { "id": 1268.0, "m": "Rabinal", "d": "Baja Verapaz" }, "geometry": { "type": "Point", "coordinates": [ -90.49291, 15.08037 ] } },
{ "type": "Feature", "properties": { "id": 1275.0, "m": "Río Hondo", "d": "Zacapa" }, "geometry": { "type": "Point", "coordinates": [ -89.53522, 15.06088 ] } },
{ "type": "Feature", "properties": { "id": 1276.0, "m": "San Jerónimo", "d": "Baja Verapaz" }, "geometry": { "type": "Point", "coordinates": [ -90.27645, 15.07042 ] } },
{ "type": "Feature", "properties": { "id": 1285.0, "m": "San Jerónimo", "d": "Baja Verapaz" }, "geometry": { "type": "Point", "coordinates": [ -90.25419, 15.06089 ] } },
{ "type": "Feature", "properties": { "id": 1287.0, "m": "Momostenango", "d": "Totonicapán" }, "geometry": { "type": "Point", "coordinates": [ -91.54224, 15.06989 ] } },
{ "type": "Feature", "properties": { "id": 1294.0, "m": "San Jerónimo", "d": "Baja Verapaz" }, "geometry": { "type": "Point", "coordinates": [ -90.22947, 15.05041 ] } },
{ "type": "Feature", "properties": { "id": 1300.0, "m": "Río Hondo", "d": "Zacapa" }, "geometry": { "type": "Point", "coordinates": [ -89.58832, 15.03912 ] } },
{ "type": "Feature", "properties": { "id": 1301.0, "m": "Momostenango", "d": "Totonicapán" }, "geometry": { "type": "Point", "coordinates": [ -91.54162, 15.0595 ] } },
{ "type": "Feature", "properties": { "id": 1310.0, "m": "Río Hondo", "d": "Zacapa" }, "geometry": { "type": "Point", "coordinates": [ -89.58738, 15.03309 ] } },
{ "type": "Feature", "properties": { "id": 1311.0, "m": "Rabinal", "d": "Baja Verapaz" }, "geometry": { "type": "Point", "coordinates": [ -90.49531, 15.04385 ] } },
{ "type": "Feature", "properties": { "id": 1321.0, "m": "Río Hondo", "d": "Zacapa" }, "geometry": { "type": "Point", "coordinates": [ -89.625, 15.02899 ] } },
{ "type": "Feature", "properties": { "id": 1323.0, "m": "Río Hondo", "d": "Zacapa" }, "geometry": { "type": "Point", "coordinates": [ -89.68048, 15.02892 ] } },
{ "type": "Feature", "properties": { "id": 1325.0, "m": "Río Hondo", "d": "Zacapa" }, "geometry": { "type": "Point", "coordinates": [ -89.6312, 15.02666 ] } },
{ "type": "Feature", "properties": { "id": 1333.0, "m": "Río Hondo", "d": "Zacapa" }, "geometry": { "type": "Point", "coordinates": [ -89.6398, 15.02281 ] } },
{ "type": "Feature", "properties": { "id": 1339.0, "m": "Momostenango", "d": "Totonicapán" }, "geometry": { "type": "Point", "coordinates": [ -91.5084, 15.03809 ] } },
{ "type": "Feature", "properties": { "id": 1342.0, "m": "Río Hondo", "d": "Zacapa" }, "geometry": { "type": "Point", "coordinates": [ -89.64977, 15.01705 ] } },
{ "type": "Feature", "properties": { "id": 1354.0, "m": "Río Hondo", "d": "Zacapa" }, "geometry": { "type": "Point", "coordinates": [ -89.67675, 15.01231 ] } },
{ "type": "Feature", "properties": { "id": 1358.0, "m": "Momostenango", "d": "Totonicapán" }, "geometry": { "type": "Point", "coordinates": [ -91.53984, 15.03063 ] } },
{ "type": "Feature", "properties": { "id": 1363.0, "m": "Estanzuela", "d": "Zacapa" }, "geometry": { "type": "Point", "coordinates": [ -89.57321, 15.00672 ] } },
{ "type": "Feature", "properties": { "id": 1368.0, "m": "Teculután", "d": "Zacapa" }, "geometry": { "type": "Point", "coordinates": [ -89.69931, 14.99582 ] } },
{ "type": "Feature", "properties": { "id": 1374.0, "m": "Santa Cruz del Quiché", "d": "Quiché" }, "geometry": { "type": "Point", "coordinates": [ -91.12452, 15.00521 ] } },
{ "type": "Feature", "properties": { "id": 1376.0, "m": "Teculután", "d": "Zacapa" }, "geometry": { "type": "Point", "coordinates": [ -89.72824, 14.9872 ] } },
{ "type": "Feature", "properties": { "id": 1383.0, "m": "Teculután", "d": "Zacapa" }, "geometry": { "type": "Point", "coordinates": [ -89.74551, 14.98037 ] } },
{ "type": "Feature", "properties": { "id": 1391.0, "m": "El Chol", "d": "Baja Verapaz" }, "geometry": { "type": "Point", "coordinates": [ -90.46807, 14.98541 ] } },
{ "type": "Feature", "properties": { "id": 1394.0, "m": "Estanzuela", "d": "Zacapa" }, "geometry": { "type": "Point", "coordinates": [ -89.62244, 14.97262 ] } },
{ "type": "Feature", "properties": { "id": 1396.0, "m": "Usumatlán", "d": "Zacapa" }, "geometry": { "type": "Point", "coordinates": [ -89.76247, 14.97411 ] } },
{ "type": "Feature", "properties": { "id": 1402.0, "m": "Zacapa", "d": "Zacapa" }, "geometry": { "type": "Point", "coordinates": [ -89.54967, 14.96749 ] } },
{ "type": "Feature", "properties": { "id": 1408.0, "m": "El Chol", "d": "Baja Verapaz" }, "geometry": { "type": "Point", "coordinates": [ -90.48191, 14.97289 ] } },
{ "type": "Feature", "properties": { "id": 1415.0, "m": "El Chol", "d": "Baja Verapaz" }, "geometry": { "type": "Point", "coordinates": [ -90.48374, 14.96956 ] } },
{ "type": "Feature", "properties": { "id": 1418.0, "m": "San Francisco El Alto", "d": "Totonicapán" }, "geometry": { "type": "Point", "coordinates": [ -91.47791, 14.97681 ] } },
{ "type": "Feature", "properties": { "id": 1424.0, "m": "Usumatlán", "d": "Zacapa" }, "geometry": { "type": "Point", "coordinates": [ -89.80556, 14.95811 ] } },
{ "type": "Feature", "properties": { "id": 1427.0, "m": "El Chol", "d": "Baja Verapaz" }, "geometry": { "type": "Point", "coordinates": [ -90.4861, 14.96535 ] } },
{ "type": "Feature", "properties": { "id": 1430.0, "m": "Chiché", "d": "Quiché" }, "geometry": { "type": "Point", "coordinates": [ -91.11125, 14.96993 ] } },
{ "type": "Feature", "properties": { "id": 1440.0, "m": "San Pedro Sacatepéquez", "d": "San Marcos" }, "geometry": { "type": "Point", "coordinates": [ -91.76905, 14.96904 ] } },
{ "type": "Feature", "properties": { "id": 1445.0, "m": "San Pedro Sacatepéquez", "d": "San Marcos" }, "geometry": { "type": "Point", "coordinates": [ -91.76421, 14.9662 ] } },
{ "type": "Feature", "properties": { "id": 1447.0, "m": "San Antonio Sacatepéquez", "d": "San Marcos" }, "geometry": { "type": "Point", "coordinates": [ -91.73527, 14.96581 ] } },
{ "type": "Feature", "properties": { "id": 1451.0, "m": "Malacatán", "d": "San Marcos" }, "geometry": { "type": "Point", "coordinates": [ -92.14635, 14.96584 ] } },
{ "type": "Feature", "properties": { "id": 1457.0, "m": "San Cristóbal Acasaguastlán", "d": "El Progreso" }, "geometry": { "type": "Point", "coordinates": [ -89.83356, 14.94263 ] } },
{ "type": "Feature", "properties": { "id": 1465.0, "m": "San Cristóbal Totonicapán", "d": "Totonicapán" }, "geometry": { "type": "Point", "coordinates": [ -91.52795, 14.95756 ] } },
{ "type": "Feature", "properties": { "id": 1467.0, "m": "Esquipulas Palo Gordo", "d": "San Marcos" }, "geometry": { "type": "Point", "coordinates": [ -91.83126, 14.95784 ] } },
{ "type": "Feature", "properties": { "id": 1472.0, "m": "San Francisco El Alto", "d": "Totonicapán" }, "geometry": { "type": "Point", "coordinates": [ -91.45524, 14.953 ] } },
{ "type": "Feature", "properties": { "id": 1481.0, "m": "El Chol", "d": "Baja Verapaz" }, "geometry": { "type": "Point", "coordinates": [ -90.50116, 14.93472 ] } },
{ "type": "Feature", "properties": { "id": 1482.0, "m": "San Cristóbal Acasaguastlán", "d": "El Progreso" }, "geometry": { "type": "Point", "coordinates": [ -89.88313, 14.92585 ] } },
{ "type": "Feature", "properties": { "id": 1490.0, "m": "San Agustín Acasaguastlán", "d": "El Progreso" }, "geometry": { "type": "Point", "coordinates": [ -90.02843, 14.92562 ] } },
{ "type": "Feature", "properties": { "id": 1501.0, "m": "San Agustín Acasaguastlán", "d": "El Progreso" }, "geometry": { "type": "Point", "coordinates": [ -89.96486, 14.91952 ] } },
{ "type": "Feature", "properties": { "id": 1503.0, "m": "Palestina de los Altos", "d": "Quetzaltenango" }, "geometry": { "type": "Point", "coordinates": [ -91.69599, 14.93481 ] } },
{ "type": "Feature", "properties": { "id": 1506.0, "m": "San Agustín Acasaguastlán", "d": "El Progreso" }, "geometry": { "type": "Point", "coordinates": [ -90.01874, 14.91806 ] } },
{ "type": "Feature", "properties": { "id": 1510.0, "m": "San Pablo", "d": "San Marcos" }, "geometry": { "type": "Point", "coordinates": [ -92.01162, 14.93354 ] } },
{ "type": "Feature", "properties": { "id": 1526.0, "m": "San Pablo", "d": "San Marcos" }, "geometry": { "type": "Point", "coordinates": [ -92.02163, 14.9312 ] } },
{ "type": "Feature", "properties": { "id": 1531.0, "m": "San Pablo", "d": "San Marcos" }, "geometry": { "type": "Point", "coordinates": [ -91.99251, 14.93008 ] } },
{ "type": "Feature", "properties": { "id": 1532.0, "m": "Granados", "d": "Baja Verapaz" }, "geometry": { "type": "Point", "coordinates": [ -90.52185, 14.91817 ] } },
{ "type": "Feature", "properties": { "id": 1533.0, "m": "Zacapa", "d": "Zacapa" }, "geometry": { "type": "Point", "coordinates": [ -89.52394, 14.90494 ] } },
{ "type": "Feature", "properties": { "id": 1534.0, "m": "Morazán", "d": "El Progreso" }, "geometry": { "type": "Point", "coordinates": [ -90.10144, 14.91288 ] } },
{ "type": "Feature", "properties": { "id": 1540.0, "m": "San Andrés Xecul", "d": "Totonicapán" }, "geometry": { "type": "Point", "coordinates": [ -91.51694, 14.92528 ] } },
{ "type": "Feature", "properties": { "id": 1549.0, "m": "El Rodeo", "d": "San Marcos" }, "geometry": { "type": "Point", "coordinates": [ -91.97135, 14.92672 ] } },
{ "type": "Feature", "properties": { "id": 1556.0, "m": "San Rafael Pie de la Cuesta", "d": "San Marcos" }, "geometry": { "type": "Point", "coordinates": [ -91.93025, 14.92521 ] } },
{ "type": "Feature", "properties": { "id": 1559.0, "m": "San Rafael Pie de la Cuesta", "d": "San Marcos" }, "geometry": { "type": "Point", "coordinates": [ -91.92603, 14.92491 ] } },
{ "type": "Feature", "properties": { "id": 1560.0, "m": "Granados", "d": "Baja Verapaz" }, "geometry": { "type": "Point", "coordinates": [ -90.52456, 14.91367 ] } },
{ "type": "Feature", "properties": { "id": 1564.0, "m": "San Pedro Sacatepéquez", "d": "San Marcos" }, "geometry": { "type": "Point", "coordinates": [ -91.75927, 14.92283 ] } },
{ "type": "Feature", "properties": { "id": 1566.0, "m": "Chichicastenango", "d": "Quiché" }, "geometry": { "type": "Point", "coordinates": [ -91.10324, 14.91784 ] } },
{ "type": "Feature", "properties": { "id": 1571.0, "m": "Malacatán", "d": "San Marcos" }, "geometry": { "type": "Point", "coordinates": [ -92.10173, 14.92334 ] } },
{ "type": "Feature", "properties": { "id": 1577.0, "m": "San Pablo", "d": "San Marcos" }, "geometry": { "type": "Point", "coordinates": [ -92.03099, 14.92258 ] } },
{ "type": "Feature", "properties": { "id": 1587.0, "m": "San Pedro Sacatepéquez", "d": "San Marcos" }, "geometry": { "type": "Point", "coordinates": [ -91.7578, 14.9197 ] } },
{ "type": "Feature", "properties": { "id": 1589.0, "m": "San Francisco La Unión", "d": "Quetzaltenango" }, "geometry": { "type": "Point", "coordinates": [ -91.5223, 14.91628 ] } },
{ "type": "Feature", "properties": { "id": 1607.0, "m": "San Cristóbal Totonicapán", "d": "Totonicapán" }, "geometry": { "type": "Point", "coordinates": [ -91.43232, 14.91048 ] } },
{ "type": "Feature", "properties": { "id": 1611.0, "m": "San Cristóbal Totonicapán", "d": "Totonicapán" }, "geometry": { "type": "Point", "coordinates": [ -91.44515, 14.90911 ] } },
{ "type": "Feature", "properties": { "id": 1612.0, "m": "Totonicapán", "d": "Totonicapán" }, "geometry": { "type": "Point", "coordinates": [ -91.37433, 14.9084 ] } },
{ "type": "Feature", "properties": { "id": 1613.0, "m": "Malacatán", "d": "San Marcos" }, "geometry": { "type": "Point", "coordinates": [ -92.04888, 14.91186 ] } },
{ "type": "Feature", "properties": { "id": 1614.0, "m": "Granados", "d": "Baja Verapaz" }, "geometry": { "type": "Point", "coordinates": [ -90.55343, 14.90067 ] } },
{ "type": "Feature", "properties": { "id": 1615.0, "m": "San Cristóbal Cucho", "d": "San Marcos" }, "geometry": { "type": "Point", "coordinates": [ -91.76306, 14.91019 ] } },
{ "type": "Feature", "properties": { "id": 1620.0, "m": "Malacatán", "d": "San Marcos" }, "geometry": { "type": "Point", "coordinates": [ -92.06783, 14.90973 ] } },
{ "type": "Feature", "properties": { "id": 1633.0, "m": "Granados", "d": "Baja Verapaz" }, "geometry": { "type": "Point", "coordinates": [ -90.56316, 14.89631 ] } },
{ "type": "Feature", "properties": { "id": 1637.0, "m": "Granados", "d": "Baja Verapaz" }, "geometry": { "type": "Point", "coordinates": [ -90.56704, 14.89486 ] } },
{ "type": "Feature", "properties": { "id": 1643.0, "m": "San Cristóbal Cucho", "d": "San Marcos" }, "geometry": { "type": "Point", "coordinates": [ -91.76639, 14.90223 ] } },
{ "type": "Feature", "properties": { "id": 1649.0, "m": "Malacatán", "d": "San Marcos" }, "geometry": { "type": "Point", "coordinates": [ -92.08709, 14.90029 ] } },
{ "type": "Feature", "properties": { "id": 1651.0, "m": "Camotán", "d": "Chiquimula" }, "geometry": { "type": "Point", "coordinates": [ -89.27614, 14.86966 ] } },
{ "type": "Feature", "properties": { "id": 1659.0, "m": "San Juan Ostuncalco", "d": "Quetzaltenango" }, "geometry": { "type": "Point", "coordinates": [ -91.63154, 14.88598 ] } },
{ "type": "Feature", "properties": { "id": 1661.0, "m": "Olintepeque", "d": "Quetzaltenango" }, "geometry": { "type": "Point", "coordinates": [ -91.51588, 14.88361 ] } },
{ "type": "Feature", "properties": { "id": 1674.0, "m": "San Juan Sacatépequez", "d": "Guatemala" }, "geometry": { "type": "Point", "coordinates": [ -90.57957, 14.86842 ] } },
{ "type": "Feature", "properties": { "id": 1675.0, "m": "San Juan Ostuncalco", "d": "Quetzaltenango" }, "geometry": { "type": "Point", "coordinates": [ -91.66213, 14.8767 ] } },
{ "type": "Feature", "properties": { "id": 1677.0, "m": "Camotán", "d": "Chiquimula" }, "geometry": { "type": "Point", "coordinates": [ -89.33753, 14.85079 ] } },
{ "type": "Feature", "properties": { "id": 1682.0, "m": "San Cristóbal Cucho", "d": "San Marcos" }, "geometry": { "type": "Point", "coordinates": [ -91.78167, 14.87529 ] } },
{ "type": "Feature", "properties": { "id": 1683.0, "m": "San Juan Ostuncalco", "d": "Quetzaltenango" }, "geometry": { "type": "Point", "coordinates": [ -91.65155, 14.87413 ] } },
{ "type": "Feature", "properties": { "id": 1692.0, "m": "San Juan Ostuncalco", "d": "Quetzaltenango" }, "geometry": { "type": "Point", "coordinates": [ -91.62273, 14.87147 ] } },
{ "type": "Feature", "properties": { "id": 1702.0, "m": "San Juan Ostuncalco", "d": "Quetzaltenango" }, "geometry": { "type": "Point", "coordinates": [ -91.61281, 14.86729 ] } },
{ "type": "Feature", "properties": { "id": 1703.0, "m": "San Juan Ostuncalco", "d": "Quetzaltenango" }, "geometry": { "type": "Point", "coordinates": [ -91.6164, 14.86723 ] } },
{ "type": "Feature", "properties": { "id": 1704.0, "m": "Guastatoya", "d": "El Progreso" }, "geometry": { "type": "Point", "coordinates": [ -90.10531, 14.85251 ] } },
{ "type": "Feature", "properties": { "id": 1716.0, "m": "El Tumbador", "d": "San Marcos" }, "geometry": { "type": "Point", "coordinates": [ -91.92784, 14.86249 ] } },
{ "type": "Feature", "properties": { "id": 1718.0, "m": "San Mateo", "d": "Quetzaltenango" }, "geometry": { "type": "Point", "coordinates": [ -91.59718, 14.85933 ] } },
{ "type": "Feature", "properties": { "id": 1723.0, "m": "Chiquimula", "d": "Chiquimula" }, "geometry": { "type": "Point", "coordinates": [ -89.51858, 14.8347 ] } },
{ "type": "Feature", "properties": { "id": 1725.0, "m": "Catarina", "d": "San Marcos" }, "geometry": { "type": "Point", "coordinates": [ -92.09517, 14.85871 ] } },
{ "type": "Feature", "properties": { "id": 1739.0, "m": "San Raymundo", "d": "Guatemala" }, "geometry": { "type": "Point", "coordinates": [ -90.58011, 14.84362 ] } },
{ "type": "Feature", "properties": { "id": 1740.0, "m": "El Tumbador", "d": "San Marcos" }, "geometry": { "type": "Point", "coordinates": [ -91.92517, 14.85376 ] } },
{ "type": "Feature", "properties": { "id": 1741.0, "m": "El Quetzal", "d": "San Marcos" }, "geometry": { "type": "Point", "coordinates": [ -91.78149, 14.85257 ] } },
{ "type": "Feature", "properties": { "id": 1742.0, "m": "Quetzaltenango", "d": "Quetzaltenango" }, "geometry": { "type": "Point", "coordinates": [ -91.5365, 14.85097 ] } },
{ "type": "Feature", "properties": { "id": 1759.0, "m": "Catarina", "d": "San Marcos" }, "geometry": { "type": "Point", "coordinates": [ -92.08509, 14.84964 ] } },
{ "type": "Feature", "properties": { "id": 1761.0, "m": "Quetzaltenango", "d": "Quetzaltenango" }, "geometry": { "type": "Point", "coordinates": [ -91.53334, 14.84578 ] } },
{ "type": "Feature", "properties": { "id": 1762.0, "m": "Chiquimula", "d": "Chiquimula" }, "geometry": { "type": "Point", "coordinates": [ -89.52119, 14.82397 ] } },
{ "type": "Feature", "properties": { "id": 1763.0, "m": "Quetzaltenango", "d": "Quetzaltenango" }, "geometry": { "type": "Point", "coordinates": [ -91.48493, 14.84518 ] } },
{ "type": "Feature", "properties": { "id": 1768.0, "m": "El Tumbador", "d": "San Marcos" }, "geometry": { "type": "Point", "coordinates": [ -91.9142, 14.84539 ] } },
{ "type": "Feature", "properties": { "id": 1781.0, "m": "Jocotán", "d": "Chiquimula" }, "geometry": { "type": "Point", "coordinates": [ -89.38037, 14.816 ] } },
{ "type": "Feature", "properties": { "id": 1783.0, "m": "Nahualá", "d": "Sololá" }, "geometry": { "type": "Point", "coordinates": [ -91.32589, 14.83637 ] } },
{ "type": "Feature", "properties": { "id": 1788.0, "m": "Sololá", "d": "Sololá" }, "geometry": { "type": "Point", "coordinates": [ -91.17382, 14.83458 ] } },
{ "type": "Feature", "properties": { "id": 1792.0, "m": "Nahualá", "d": "Sololá" }, "geometry": { "type": "Point", "coordinates": [ -91.33152, 14.83305 ] } },
{ "type": "Feature", "properties": { "id": 1798.0, "m": "Quetzaltenango", "d": "Quetzaltenango" }, "geometry": { "type": "Point", "coordinates": [ -91.45928, 14.8291 ] } },
{ "type": "Feature", "properties": { "id": 1803.0, "m": "Nuevo Progreso", "d": "San Marcos" }, "geometry": { "type": "Point", "coordinates": [ -91.91161, 14.82733 ] } },
{ "type": "Feature", "properties": { "id": 1808.0, "m": "Sololá", "d": "Sololá" }, "geometry": { "type": "Point", "coordinates": [ -91.2169, 14.8055 ] } },
{ "type": "Feature", "properties": { "id": 1816.0, "m": "San Antonio La Paz", "d": "El Progreso" }, "geometry": { "type": "Point", "coordinates": [ -90.25796, 14.79209 ] } },
{ "type": "Feature", "properties": { "id": 1818.0, "m": "Chiquimula", "d": "Chiquimula" }, "geometry": { "type": "Point", "coordinates": [ -89.53501, 14.78104 ] } },
{ "type": "Feature", "properties": { "id": 1823.0, "m": "Sanarate", "d": "El Progreso" }, "geometry": { "type": "Point", "coordinates": [ -90.24832, 14.78886 ] } },
{ "type": "Feature", "properties": { "id": 1826.0, "m": "San Juan Ermita", "d": "Chiquimula" }, "geometry": { "type": "Point", "coordinates": [ -89.41801, 14.77624 ] } },
{ "type": "Feature", "properties": { "id": 1829.0, "m": "Sanarate", "d": "El Progreso" }, "geometry": { "type": "Point", "coordinates": [ -90.20523, 14.78615 ] } },
{ "type": "Feature", "properties": { "id": 1838.0, "m": "Santa Lucía Utatlán", "d": "Sololá" }, "geometry": { "type": "Point", "coordinates": [ -91.26434, 14.79214 ] } },
{ "type": "Feature", "properties": { "id": 1843.0, "m": "Sanarate", "d": "El Progreso" }, "geometry": { "type": "Point", "coordinates": [ -90.18381, 14.7755 ] } },
{ "type": "Feature", "properties": { "id": 1853.0, "m": "San Juan Ermita", "d": "Chiquimula" }, "geometry": { "type": "Point", "coordinates": [ -89.43891, 14.7607 ] } },
{ "type": "Feature", "properties": { "id": 1855.0, "m": "Zunil", "d": "Quetzaltenango" }, "geometry": { "type": "Point", "coordinates": [ -91.48703, 14.78258 ] } },
{ "type": "Feature", "properties": { "id": 1858.0, "m": "Nuevo Progreso", "d": "San Marcos" }, "geometry": { "type": "Point", "coordinates": [ -91.89161, 14.78452 ] } },
{ "type": "Feature", "properties": { "id": 1859.0, "m": "Nuevo Progreso", "d": "San Marcos" }, "geometry": { "type": "Point", "coordinates": [ -91.89483, 14.78447 ] } },
{ "type": "Feature", "properties": { "id": 1869.0, "m": "San Juan Sacatépequez", "d": "Guatemala" }, "geometry": { "type": "Point", "coordinates": [ -90.63622, 14.77175 ] } },
{ "type": "Feature", "properties": { "id": 1870.0, "m": "Nuevo Progreso", "d": "San Marcos" }, "geometry": { "type": "Point", "coordinates": [ -91.88732, 14.78104 ] } },
{ "type": "Feature", "properties": { "id": 1879.0, "m": "San Juan Sacatépequez", "d": "Guatemala" }, "geometry": { "type": "Point", "coordinates": [ -90.63288, 14.76471 ] } },
{ "type": "Feature", "properties": { "id": 1882.0, "m": "La Reforma", "d": "San Marcos" }, "geometry": { "type": "Point", "coordinates": [ -91.87778, 14.77085 ] } },
{ "type": "Feature", "properties": { "id": 1889.0, "m": "Sansare", "d": "El Progreso" }, "geometry": { "type": "Point", "coordinates": [ -90.14161, 14.75235 ] } },
{ "type": "Feature", "properties": { "id": 1892.0, "m": "San Juan Sacatépequez", "d": "Guatemala" }, "geometry": { "type": "Point", "coordinates": [ -90.62886, 14.7562 ] } },
{ "type": "Feature", "properties": { "id": 1900.0, "m": "Panajachel", "d": "Sololá" }, "geometry": { "type": "Point", "coordinates": [ -91.13648, 14.75856 ] } },
{ "type": "Feature", "properties": { "id": 1906.0, "m": "Sansare", "d": "El Progreso" }, "geometry": { "type": "Point", "coordinates": [ -90.10948, 14.74627 ] } },
{ "type": "Feature", "properties": { "id": 1909.0, "m": "Sansare", "d": "El Progreso" }, "geometry": { "type": "Point", "coordinates": [ -90.11752, 14.74594 ] } },
{ "type": "Feature", "properties": { "id": 1917.0, "m": "Sololá", "d": "Sololá" }, "geometry": { "type": "Point", "coordinates": [ -91.16245, 14.7549 ] } },
{ "type": "Feature", "properties": { "id": 1918.0, "m": "Sololá", "d": "Sololá" }, "geometry": { "type": "Point", "coordinates": [ -91.16875, 14.75494 ] } },
{ "type": "Feature", "properties": { "id": 1921.0, "m": "Sololá", "d": "Sololá" }, "geometry": { "type": "Point", "coordinates": [ -91.16652, 14.75426 ] } },
{ "type": "Feature", "properties": { "id": 1929.0, "m": "La Reforma", "d": "San Marcos" }, "geometry": { "type": "Point", "coordinates": [ -91.87553, 14.75757 ] } },
{ "type": "Feature", "properties": { "id": 1934.0, "m": "Panajachel", "d": "Sololá" }, "geometry": { "type": "Point", "coordinates": [ -91.14351, 14.75177 ] } },
{ "type": "Feature", "properties": { "id": 1937.0, "m": "Sololá", "d": "Sololá" }, "geometry": { "type": "Point", "coordinates": [ -91.16197, 14.75187 ] } },
{ "type": "Feature", "properties": { "id": 1942.0, "m": "Chiquimula", "d": "Chiquimula" }, "geometry": { "type": "Point", "coordinates": [ -89.50316, 14.73137 ] } },
{ "type": "Feature", "properties": { "id": 1943.0, "m": "Sansare", "d": "El Progreso" }, "geometry": { "type": "Point", "coordinates": [ -90.08113, 14.7393 ] } },
{ "type": "Feature", "properties": { "id": 1957.0, "m": "La Reforma", "d": "San Marcos" }, "geometry": { "type": "Point", "coordinates": [ -91.87307, 14.74992 ] } },
{ "type": "Feature", "properties": { "id": 1958.0, "m": "Panajachel", "d": "Sololá" }, "geometry": { "type": "Point", "coordinates": [ -91.16255, 14.74534 ] } },
{ "type": "Feature", "properties": { "id": 1965.0, "m": "San Antonio La Paz", "d": "El Progreso" }, "geometry": { "type": "Point", "coordinates": [ -90.32848, 14.73495 ] } },
{ "type": "Feature", "properties": { "id": 1969.0, "m": "Sansare", "d": "El Progreso" }, "geometry": { "type": "Point", "coordinates": [ -90.05349, 14.72926 ] } },
{ "type": "Feature", "properties": { "id": 1973.0, "m": "El Quetzal", "d": "San Marcos" }, "geometry": { "type": "Point", "coordinates": [ -91.86661, 14.74381 ] } },
{ "type": "Feature", "properties": { "id": 1974.0, "m": "Sansare", "d": "El Progreso" }, "geometry": { "type": "Point", "coordinates": [ -90.06159, 14.72745 ] } },
{ "type": "Feature", "properties": { "id": 1983.0, "m": "Jalapa", "d": "Jalapa" }, "geometry": { "type": "Point", "coordinates": [ -90.03778, 14.72512 ] } },
{ "type": "Feature", "properties": { "id": 1987.0, "m": "San Juan Sacatépequez", "d": "Guatemala" }, "geometry": { "type": "Point", "coordinates": [ -90.64299, 14.73002 ] } },
{ "type": "Feature", "properties": { "id": 1993.0, "m": "Jalapa", "d": "Jalapa" }, "geometry": { "type": "Point", "coordinates": [ -90.03645, 14.71268 ] } },
{ "type": "Feature", "properties": { "id": 2002.0, "m": "Jalapa", "d": "Jalapa" }, "geometry": { "type": "Point", "coordinates": [ -90.03382, 14.70751 ] } },
{ "type": "Feature", "properties": { "id": 2003.0, "m": "San Andrés Semetabaj", "d": "Sololá" }, "geometry": { "type": "Point", "coordinates": [ -91.12005, 14.71875 ] } },
{ "type": "Feature", "properties": { "id": 2008.0, "m": "San Juan Sacatépequez", "d": "Guatemala" }, "geometry": { "type": "Point", "coordinates": [ -90.64298, 14.71301 ] } },
{ "type": "Feature", "properties": { "id": 2011.0, "m": "Jalapa", "d": "Jalapa" }, "geometry": { "type": "Point", "coordinates": [ -90.03121, 14.70505 ] } },
{ "type": "Feature", "properties": { "id": 2021.0, "m": "El Quetzal", "d": "San Marcos" }, "geometry": { "type": "Point", "coordinates": [ -91.87384, 14.7194 ] } },
{ "type": "Feature", "properties": { "id": 2024.0, "m": "Palencia", "d": "Guatemala" }, "geometry": { "type": "Point", "coordinates": [ -90.37876, 14.70507 ] } },
{ "type": "Feature", "properties": { "id": 2026.0, "m": "Pajapita", "d": "San Marcos" }, "geometry": { "type": "Point", "coordinates": [ -92.01328, 14.71749 ] } },
{ "type": "Feature", "properties": { "id": 2028.0, "m": "San Andrés Semetabaj", "d": "Sololá" }, "geometry": { "type": "Point", "coordinates": [ -91.11479, 14.71035 ] } },
{ "type": "Feature", "properties": { "id": 2038.0, "m": "Pajapita", "d": "San Marcos" }, "geometry": { "type": "Point", "coordinates": [ -92.09766, 14.71194 ] } },
{ "type": "Feature", "properties": { "id": 2046.0, "m": "San Jacinto", "d": "Chiquimula" }, "geometry": { "type": "Point", "coordinates": [ -89.50113, 14.67838 ] } },
{ "type": "Feature", "properties": { "id": 2047.0, "m": "San Andrés Semetabaj", "d": "Sololá" }, "geometry": { "type": "Point", "coordinates": [ -91.07816, 14.69602 ] } },
{ "type": "Feature", "properties": { "id": 2054.0, "m": "Coatepeque", "d": "Quetzaltenango" }, "geometry": { "type": "Point", "coordinates": [ -91.98182, 14.6992 ] } },
{ "type": "Feature", "properties": { "id": 2058.0, "m": "Coatepeque", "d": "Quetzaltenango" }, "geometry": { "type": "Point", "coordinates": [ -91.92331, 14.69678 ] } },
{ "type": "Feature", "properties": { "id": 2064.0, "m": "Ayutla", "d": "San Marcos" }, "geometry": { "type": "Point", "coordinates": [ -92.11826, 14.69574 ] } },
{ "type": "Feature", "properties": { "id": 2074.0, "m": "El Palmar", "d": "Quetzaltenango" }, "geometry": { "type": "Point", "coordinates": [ -91.5482, 14.68962 ] } },
{ "type": "Feature", "properties": { "id": 2075.0, "m": "Coatepeque", "d": "Quetzaltenango" }, "geometry": { "type": "Point", "coordinates": [ -91.95636, 14.69155 ] } },
{ "type": "Feature", "properties": { "id": 2076.0, "m": "Jalapa", "d": "Jalapa" }, "geometry": { "type": "Point", "coordinates": [ -90.00873, 14.67352 ] } },
{ "type": "Feature", "properties": { "id": 2077.0, "m": "San Pedro Sacatepéquez", "d": "Guatemala" }, "geometry": { "type": "Point", "coordinates": [ -90.62752, 14.68061 ] } },
{ "type": "Feature", "properties": { "id": 2090.0, "m": "Ayutla", "d": "San Marcos" }, "geometry": { "type": "Point", "coordinates": [ -92.1465, 14.6762 ] } },
{ "type": "Feature", "properties": { "id": 2091.0, "m": "Patzicia", "d": "Chimaltenango" }, "geometry": { "type": "Point", "coordinates": [ -90.99353, 14.66834 ] } },
{ "type": "Feature", "properties": { "id": 2099.0, "m": "Patzún", "d": "Chimaltenango" }, "geometry": { "type": "Point", "coordinates": [ -90.98784, 14.66387 ] } },
{ "type": "Feature", "properties": { "id": 2104.0, "m": "Quetzaltepeque", "d": "Chiquimula" }, "geometry": { "type": "Point", "coordinates": [ -89.48132, 14.64392 ] } },
{ "type": "Feature", "properties": { "id": 2107.0, "m": "Patzún", "d": "Chimaltenango" }, "geometry": { "type": "Point", "coordinates": [ -90.97332, 14.6599 ] } },
{ "type": "Feature", "properties": { "id": 2115.0, "m": "Mixco", "d": "Guatemala" }, "geometry": { "type": "Point", "coordinates": [ -90.58617, 14.65326 ] } },
{ "type": "Feature", "properties": { "id": 2121.0, "m": "Guatemala", "d": "Guatemala" }, "geometry": { "type": "Point", "coordinates": [ -90.45108, 14.64879 ] } },
{ "type": "Feature", "properties": { "id": 2125.0, "m": "Guatemala", "d": "Guatemala" }, "geometry": { "type": "Point", "coordinates": [ -90.48561, 14.64777 ] } },
{ "type": "Feature", "properties": { "id": 2126.0, "m": "Quetzaltepeque", "d": "Chiquimula" }, "geometry": { "type": "Point", "coordinates": [ -89.44363, 14.63368 ] } },
{ "type": "Feature", "properties": { "id": 2132.0, "m": "El Palmar", "d": "Quetzaltenango" }, "geometry": { "type": "Point", "coordinates": [ -91.56321, 14.65418 ] } },
{ "type": "Feature", "properties": { "id": 2134.0, "m": "Esquipulas", "d": "Chiquimula" }, "geometry": { "type": "Point", "coordinates": [ -89.24113, 14.62732 ] } },
{ "type": "Feature", "properties": { "id": 2143.0, "m": "Quetzaltepeque", "d": "Chiquimula" }, "geometry": { "type": "Point", "coordinates": [ -89.44387, 14.62097 ] } },
{ "type": "Feature", "properties": { "id": 2152.0, "m": "El Tejar", "d": "Chimaltenango" }, "geometry": { "type": "Point", "coordinates": [ -90.813, 14.63364 ] } },
{ "type": "Feature", "properties": { "id": 2153.0, "m": "San Felipe Retalhuleu", "d": "Retalhuleu" }, "geometry": { "type": "Point", "coordinates": [ -91.57694, 14.63856 ] } },
{ "type": "Feature", "properties": { "id": 2154.0, "m": "Mixco", "d": "Guatemala" }, "geometry": { "type": "Point", "coordinates": [ -90.59947, 14.63041 ] } },
{ "type": "Feature", "properties": { "id": 2163.0, "m": "Mixco", "d": "Guatemala" }, "geometry": { "type": "Point", "coordinates": [ -90.60127, 14.62641 ] } },
{ "type": "Feature", "properties": { "id": 2170.0, "m": "Quetzaltepeque", "d": "Chiquimula" }, "geometry": { "type": "Point", "coordinates": [ -89.44806, 14.60294 ] } },
{ "type": "Feature", "properties": { "id": 2172.0, "m": "Parramos", "d": "Chimaltenango" }, "geometry": { "type": "Point", "coordinates": [ -90.80454, 14.6184 ] } },
{ "type": "Feature", "properties": { "id": 2178.0, "m": "Guatemala", "d": "Guatemala" }, "geometry": { "type": "Point", "coordinates": [ -90.53501, 14.61302 ] } },
{ "type": "Feature", "properties": { "id": 2183.0, "m": "San Lucas Sacatepéquez", "d": "Sacatepéquez" }, "geometry": { "type": "Point", "coordinates": [ -90.66565, 14.60697 ] } },
{ "type": "Feature", "properties": { "id": 2189.0, "m": "Esquipulas", "d": "Chiquimula" }, "geometry": { "type": "Point", "coordinates": [ -89.31769, 14.5867 ] } },
{ "type": "Feature", "properties": { "id": 2191.0, "m": "Esquipulas", "d": "Chiquimula" }, "geometry": { "type": "Point", "coordinates": [ -89.31976, 14.58612 ] } },
{ "type": "Feature", "properties": { "id": 2198.0, "m": "Pastores", "d": "Sacatepéquez" }, "geometry": { "type": "Point", "coordinates": [ -90.75484, 14.59476 ] } },
{ "type": "Feature", "properties": { "id": 2206.0, "m": "Quetzaltepeque", "d": "Chiquimula" }, "geometry": { "type": "Point", "coordinates": [ -89.44657, 14.56781 ] } },
{ "type": "Feature", "properties": { "id": 2207.0, "m": "Guatemala", "d": "Guatemala" }, "geometry": { "type": "Point", "coordinates": [ -90.48334, 14.58008 ] } },
{ "type": "Feature", "properties": { "id": 2215.0, "m": "Esquipulas", "d": "Chiquimula" }, "geometry": { "type": "Point", "coordinates": [ -89.30918, 14.56116 ] } },
{ "type": "Feature", "properties": { "id": 2219.0, "m": "Esquipulas", "d": "Chiquimula" }, "geometry": { "type": "Point", "coordinates": [ -89.34605, 14.55885 ] } },
{ "type": "Feature", "properties": { "id": 2222.0, "m": "Quetzaltepeque", "d": "Chiquimula" }, "geometry": { "type": "Point", "coordinates": [ -89.45213, 14.55907 ] } },
{ "type": "Feature", "properties": { "id": 2225.0, "m": "Villa Nueva", "d": "Guatemala" }, "geometry": { "type": "Point", "coordinates": [ -90.57343, 14.57201 ] } },
{ "type": "Feature", "properties": { "id": 2237.0, "m": "San Sebastián", "d": "Retalhuleu" }, "geometry": { "type": "Point", "coordinates": [ -91.63372, 14.57511 ] } },
{ "type": "Feature", "properties": { "id": 2238.0, "m": "San Sebastián", "d": "Retalhuleu" }, "geometry": { "type": "Point", "coordinates": [ -91.64154, 14.57474 ] } },
{ "type": "Feature", "properties": { "id": 2243.0, "m": "El Asintal", "d": "Retalhuleu" }, "geometry": { "type": "Point", "coordinates": [ -91.77265, 14.57432 ] } },
{ "type": "Feature", "properties": { "id": 2250.0, "m": "San Sebastián", "d": "Retalhuleu" }, "geometry": { "type": "Point", "coordinates": [ -91.65461, 14.57206 ] } },
{ "type": "Feature", "properties": { "id": 2251.0, "m": "El Asintal", "d": "Retalhuleu" }, "geometry": { "type": "Point", "coordinates": [ -91.76443, 14.5726 ] } },
{ "type": "Feature", "properties": { "id": 2259.0, "m": "Retalhuleu", "d": "Retalhuleu" }, "geometry": { "type": "Point", "coordinates": [ -91.66353, 14.56992 ] } },
{ "type": "Feature", "properties": { "id": 2267.0, "m": "Concepción Las Minas", "d": "Chiquimula" }, "geometry": { "type": "Point", "coordinates": [ -89.41341, 14.54526 ] } },
{ "type": "Feature", "properties": { "id": 2278.0, "m": "Nuevo San Carlos", "d": "Retalhuleu" }, "geometry": { "type": "Point", "coordinates": [ -91.70792, 14.56756 ] } },
{ "type": "Feature", "properties": { "id": 2283.0, "m": "Retalhuleu", "d": "Retalhuleu" }, "geometry": { "type": "Point", "coordinates": [ -91.67881, 14.56688 ] } },
{ "type": "Feature", "properties": { "id": 2286.0, "m": "Nuevo San Carlos", "d": "Retalhuleu" }, "geometry": { "type": "Point", "coordinates": [ -91.69311, 14.56626 ] } },
{ "type": "Feature", "properties": { "id": 2289.0, "m": "El Asintal", "d": "Retalhuleu" }, "geometry": { "type": "Point", "coordinates": [ -91.73718, 14.56634 ] } },
{ "type": "Feature", "properties": { "id": 2290.0, "m": "Nuevo San Carlos", "d": "Retalhuleu" }, "geometry": { "type": "Point", "coordinates": [ -91.6983, 14.56612 ] } },
{ "type": "Feature", "properties": { "id": 2291.0, "m": "Retalhuleu", "d": "Retalhuleu" }, "geometry": { "type": "Point", "coordinates": [ -91.6868, 14.56602 ] } },
{ "type": "Feature", "properties": { "id": 2292.0, "m": "El Asintal", "d": "Retalhuleu" }, "geometry": { "type": "Point", "coordinates": [ -91.74625, 14.5663 ] } },
{ "type": "Feature", "properties": { "id": 2293.0, "m": "Nuevo San Carlos", "d": "Retalhuleu" }, "geometry": { "type": "Point", "coordinates": [ -91.72233, 14.5661 ] } },
{ "type": "Feature", "properties": { "id": 2299.0, "m": "El Asintal", "d": "Retalhuleu" }, "geometry": { "type": "Point", "coordinates": [ -91.73078, 14.56521 ] } },
{ "type": "Feature", "properties": { "id": 2303.0, "m": "Antigua Guatemala", "d": "Sacatepéquez" }, "geometry": { "type": "Point", "coordinates": [ -90.72512, 14.55703 ] } },
{ "type": "Feature", "properties": { "id": 2321.0, "m": "Villa Nueva", "d": "Guatemala" }, "geometry": { "type": "Point", "coordinates": [ -90.57787, 14.55194 ] } },
{ "type": "Feature", "properties": { "id": 2323.0, "m": "San Lucas Tolimán", "d": "Sololá" }, "geometry": { "type": "Point", "coordinates": [ -91.1314, 14.55672 ] } },
{ "type": "Feature", "properties": { "id": 2325.0, "m": "Génova", "d": "Quetzaltenango" }, "geometry": { "type": "Point", "coordinates": [ -91.85485, 14.55944 ] } },
{ "type": "Feature", "properties": { "id": 2333.0, "m": "Villa Nueva", "d": "Guatemala" }, "geometry": { "type": "Point", "coordinates": [ -90.58, 14.54611 ] } },
{ "type": "Feature", "properties": { "id": 2345.0, "m": "Santa Cruz Muluá", "d": "Retalhuleu" }, "geometry": { "type": "Point", "coordinates": [ -91.63684, 14.55201 ] } },
{ "type": "Feature", "properties": { "id": 2351.0, "m": "Santa Cruz Muluá", "d": "Retalhuleu" }, "geometry": { "type": "Point", "coordinates": [ -91.63373, 14.55092 ] } },
{ "type": "Feature", "properties": { "id": 2352.0, "m": "Villa Nueva", "d": "Guatemala" }, "geometry": { "type": "Point", "coordinates": [ -90.58253, 14.54236 ] } },
{ "type": "Feature", "properties": { "id": 2354.0, "m": "Santa Cruz Muluá", "d": "Retalhuleu" }, "geometry": { "type": "Point", "coordinates": [ -91.63073, 14.55057 ] } },
{ "type": "Feature", "properties": { "id": 2356.0, "m": "Génova", "d": "Quetzaltenango" }, "geometry": { "type": "Point", "coordinates": [ -91.8527, 14.55141 ] } },
{ "type": "Feature", "properties": { "id": 2362.0, "m": "San Antonio Suchitepéquez", "d": "Suchitepéquez" }, "geometry": { "type": "Point", "coordinates": [ -91.43843, 14.54832 ] } },
{ "type": "Feature", "properties": { "id": 2366.0, "m": "Santa Cruz Muluá", "d": "Retalhuleu" }, "geometry": { "type": "Point", "coordinates": [ -91.62394, 14.54885 ] } },
{ "type": "Feature", "properties": { "id": 2369.0, "m": "Santa Cruz Muluá", "d": "Retalhuleu" }, "geometry": { "type": "Point", "coordinates": [ -91.61888, 14.54833 ] } },
{ "type": "Feature", "properties": { "id": 2381.0, "m": "San Antonio Suchitepéquez", "d": "Suchitepéquez" }, "geometry": { "type": "Point", "coordinates": [ -91.43261, 14.54552 ] } },
{ "type": "Feature", "properties": { "id": 2385.0, "m": "Santa Cruz Muluá", "d": "Retalhuleu" }, "geometry": { "type": "Point", "coordinates": [ -91.60936, 14.54641 ] } },
{ "type": "Feature", "properties": { "id": 2393.0, "m": "Cuyotenango", "d": "Suchitepéquez" }, "geometry": { "type": "Point", "coordinates": [ -91.5564, 14.54521 ] } },
{ "type": "Feature", "properties": { "id": 2399.0, "m": "Santa Cruz Muluá", "d": "Retalhuleu" }, "geometry": { "type": "Point", "coordinates": [ -91.60017, 14.54456 ] } },
{ "type": "Feature", "properties": { "id": 2403.0, "m": "Cuyotenango", "d": "Suchitepéquez" }, "geometry": { "type": "Point", "coordinates": [ -91.55127, 14.54383 ] } },
{ "type": "Feature", "properties": { "id": 2414.0, "m": "Cuyotenango", "d": "Suchitepéquez" }, "geometry": { "type": "Point", "coordinates": [ -91.54672, 14.54307 ] } },
{ "type": "Feature", "properties": { "id": 2416.0, "m": "San Andrés Villa Seca", "d": "Retalhuleu" }, "geometry": { "type": "Point", "coordinates": [ -91.59514, 14.54329 ] } },
{ "type": "Feature", "properties": { "id": 2422.0, "m": "Cuyotenango", "d": "Suchitepéquez" }, "geometry": { "type": "Point", "coordinates": [ -91.56861, 14.5425 ] } },
{ "type": "Feature", "properties": { "id": 2425.0, "m": "San Bernardino", "d": "Suchitepéquez" }, "geometry": { "type": "Point", "coordinates": [ -91.45252, 14.54162 ] } },
{ "type": "Feature", "properties": { "id": 2428.0, "m": "San Bernardino", "d": "Suchitepéquez" }, "geometry": { "type": "Point", "coordinates": [ -91.46399, 14.54134 ] } },
{ "type": "Feature", "properties": { "id": 2429.0, "m": "Cuyotenango", "d": "Suchitepéquez" }, "geometry": { "type": "Point", "coordinates": [ -91.54303, 14.54172 ] } },
{ "type": "Feature", "properties": { "id": 2431.0, "m": "Cuyotenango", "d": "Suchitepéquez" }, "geometry": { "type": "Point", "coordinates": [ -91.57423, 14.54184 ] } },
{ "type": "Feature", "properties": { "id": 2433.0, "m": "San Andrés Villa Seca", "d": "Retalhuleu" }, "geometry": { "type": "Point", "coordinates": [ -91.58534, 14.54181 ] } },
{ "type": "Feature", "properties": { "id": 2434.0, "m": "San Bernardino", "d": "Suchitepéquez" }, "geometry": { "type": "Point", "coordinates": [ -91.4605, 14.54097 ] } },
{ "type": "Feature", "properties": { "id": 2435.0, "m": "Cuyotenango", "d": "Suchitepéquez" }, "geometry": { "type": "Point", "coordinates": [ -91.57187, 14.54159 ] } },
{ "type": "Feature", "properties": { "id": 2448.0, "m": "San Antonio Suchitepéquez", "d": "Suchitepéquez" }, "geometry": { "type": "Point", "coordinates": [ -91.42157, 14.53953 ] } },
{ "type": "Feature", "properties": { "id": 2460.0, "m": "San Antonio Suchitepéquez", "d": "Suchitepéquez" }, "geometry": { "type": "Point", "coordinates": [ -91.41826, 14.53857 ] } },
{ "type": "Feature", "properties": { "id": 2464.0, "m": "Concepción Las Minas", "d": "Chiquimula" }, "geometry": { "type": "Point", "coordinates": [ -89.46756, 14.51685 ] } },
{ "type": "Feature", "properties": { "id": 2472.0, "m": "Antigua Guatemala", "d": "Sacatepéquez" }, "geometry": { "type": "Point", "coordinates": [ -90.74971, 14.53182 ] } },
{ "type": "Feature", "properties": { "id": 2473.0, "m": "San Bernardino", "d": "Suchitepéquez" }, "geometry": { "type": "Point", "coordinates": [ -91.47061, 14.53747 ] } },
{ "type": "Feature", "properties": { "id": 2480.0, "m": "Cuyotenango", "d": "Suchitepéquez" }, "geometry": { "type": "Point", "coordinates": [ -91.53555, 14.53742 ] } },
{ "type": "Feature", "properties": { "id": 2481.0, "m": "Génova", "d": "Quetzaltenango" }, "geometry": { "type": "Point", "coordinates": [ -91.8357, 14.53903 ] } },
{ "type": "Feature", "properties": { "id": 2484.0, "m": "Mazatenango", "d": "Suchitepéquez" }, "geometry": { "type": "Point", "coordinates": [ -91.49912, 14.53669 ] } },
{ "type": "Feature", "properties": { "id": 2493.0, "m": "Cuyotenango", "d": "Suchitepéquez" }, "geometry": { "type": "Point", "coordinates": [ -91.53078, 14.53586 ] } },
{ "type": "Feature", "properties": { "id": 2507.0, "m": "Villa Nueva", "d": "Guatemala" }, "geometry": { "type": "Point", "coordinates": [ -90.59918, 14.52728 ] } },
{ "type": "Feature", "properties": { "id": 2508.0, "m": "Cuyotenango", "d": "Suchitepéquez" }, "geometry": { "type": "Point", "coordinates": [ -91.52686, 14.53493 ] } },
{ "type": "Feature", "properties": { "id": 2513.0, "m": "Mazatenango", "d": "Suchitepéquez" }, "geometry": { "type": "Point", "coordinates": [ -91.49699, 14.53445 ] } },
{ "type": "Feature", "properties": { "id": 2520.0, "m": "Cuyotenango", "d": "Suchitepéquez" }, "geometry": { "type": "Point", "coordinates": [ -91.51984, 14.53389 ] } },
{ "type": "Feature", "properties": { "id": 2521.0, "m": "Ciudad Vieja", "d": "Sacatepéquez" }, "geometry": { "type": "Point", "coordinates": [ -90.75741, 14.52765 ] } },
{ "type": "Feature", "properties": { "id": 2527.0, "m": "Mazatenango", "d": "Suchitepéquez" }, "geometry": { "type": "Point", "coordinates": [ -91.51486, 14.53281 ] } },
{ "type": "Feature", "properties": { "id": 2529.0, "m": "Mazatenango", "d": "Suchitepéquez" }, "geometry": { "type": "Point", "coordinates": [ -91.49433, 14.53247 ] } },
{ "type": "Feature", "properties": { "id": 2533.0, "m": "Mazatenango", "d": "Suchitepéquez" }, "geometry": { "type": "Point", "coordinates": [ -91.4875, 14.53211 ] } },
{ "type": "Feature", "properties": { "id": 2534.0, "m": "Mazatenango", "d": "Suchitepéquez" }, "geometry": { "type": "Point", "coordinates": [ -91.47674, 14.53202 ] } },
{ "type": "Feature", "properties": { "id": 2536.0, "m": "Mazatenango", "d": "Suchitepéquez" }, "geometry": { "type": "Point", "coordinates": [ -91.49121, 14.53186 ] } },
{ "type": "Feature", "properties": { "id": 2542.0, "m": "Patulul", "d": "Suchitepéquez" }, "geometry": { "type": "Point", "coordinates": [ -91.12993, 14.52887 ] } },
{ "type": "Feature", "properties": { "id": 2545.0, "m": "Mazatenango", "d": "Suchitepéquez" }, "geometry": { "type": "Point", "coordinates": [ -91.48387, 14.53112 ] } },
{ "type": "Feature", "properties": { "id": 2551.0, "m": "Mazatenango", "d": "Suchitepéquez" }, "geometry": { "type": "Point", "coordinates": [ -91.48111, 14.53047 ] } },
{ "type": "Feature", "properties": { "id": 2559.0, "m": "Ciudad Vieja", "d": "Sacatepéquez" }, "geometry": { "type": "Point", "coordinates": [ -90.76605, 14.52359 ] } },
{ "type": "Feature", "properties": { "id": 2563.0, "m": "San Miguel Dueñas", "d": "Sacatepéquez" }, "geometry": { "type": "Point", "coordinates": [ -90.80203, 14.52311 ] } },
{ "type": "Feature", "properties": { "id": 2568.0, "m": "San Miguel Dueñas", "d": "Sacatepéquez" }, "geometry": { "type": "Point", "coordinates": [ -90.80908, 14.52283 ] } },
{ "type": "Feature", "properties": { "id": 2580.0, "m": "Patulul", "d": "Suchitepéquez" }, "geometry": { "type": "Point", "coordinates": [ -91.13357, 14.51303 ] } },
{ "type": "Feature", "properties": { "id": 2581.0, "m": "Concepción Las Minas", "d": "Chiquimula" }, "geometry": { "type": "Point", "coordinates": [ -89.46302, 14.49316 ] } },
{ "type": "Feature", "properties": { "id": 2590.0, "m": "Ocós", "d": "San Marcos" }, "geometry": { "type": "Point", "coordinates": [ -92.18479, 14.51514 ] } },
{ "type": "Feature", "properties": { "id": 2593.0, "m": "Monjas", "d": "Jalapa" }, "geometry": { "type": "Point", "coordinates": [ -89.87303, 14.49465 ] } },
{ "type": "Feature", "properties": { "id": 2596.0, "m": "Ocós", "d": "San Marcos" }, "geometry": { "type": "Point", "coordinates": [ -92.18691, 14.51251 ] } },
{ "type": "Feature", "properties": { "id": 2604.0, "m": "Monjas", "d": "Jalapa" }, "geometry": { "type": "Point", "coordinates": [ -89.87255, 14.4888 ] } },
{ "type": "Feature", "properties": { "id": 2607.0, "m": "Génova", "d": "Quetzaltenango" }, "geometry": { "type": "Point", "coordinates": [ -91.84669, 14.50464 ] } },
{ "type": "Feature", "properties": { "id": 2615.0, "m": "Ciudad Vieja", "d": "Sacatepéquez" }, "geometry": { "type": "Point", "coordinates": [ -90.80073, 14.49358 ] } },
{ "type": "Feature", "properties": { "id": 2616.0, "m": "Génova", "d": "Quetzaltenango" }, "geometry": { "type": "Point", "coordinates": [ -91.8498, 14.50046 ] } },
{ "type": "Feature", "properties": { "id": 2623.0, "m": "San Antonio Suchitepéquez", "d": "Suchitepéquez" }, "geometry": { "type": "Point", "coordinates": [ -91.40686, 14.49188 ] } },
{ "type": "Feature", "properties": { "id": 2634.0, "m": "Concepción Las Minas", "d": "Chiquimula" }, "geometry": { "type": "Point", "coordinates": [ -89.46052, 14.46489 ] } },
{ "type": "Feature", "properties": { "id": 2635.0, "m": "Alotenango", "d": "Sacatepéquez" }, "geometry": { "type": "Point", "coordinates": [ -90.80653, 14.48113 ] } },
{ "type": "Feature", "properties": { "id": 2636.0, "m": "San Antonio Suchitepéquez", "d": "Suchitepéquez" }, "geometry": { "type": "Point", "coordinates": [ -91.39956, 14.48584 ] } },
{ "type": "Feature", "properties": { "id": 2637.0, "m": "Amatitlán", "d": "Guatemala" }, "geometry": { "type": "Point", "coordinates": [ -90.63152, 14.47882 ] } },
{ "type": "Feature", "properties": { "id": 2648.0, "m": "Amatitlán", "d": "Guatemala" }, "geometry": { "type": "Point", "coordinates": [ -90.63347, 14.47567 ] } },
{ "type": "Feature", "properties": { "id": 2654.0, "m": "Retalhuleu", "d": "Retalhuleu" }, "geometry": { "type": "Point", "coordinates": [ -91.7518, 14.47477 ] } },
{ "type": "Feature", "properties": { "id": 2657.0, "m": "Amatitlán", "d": "Guatemala" }, "geometry": { "type": "Point", "coordinates": [ -90.64023, 14.46413 ] } },
{ "type": "Feature", "properties": { "id": 2663.0, "m": "Retalhuleu", "d": "Retalhuleu" }, "geometry": { "type": "Point", "coordinates": [ -91.83626, 14.46727 ] } },
{ "type": "Feature", "properties": { "id": 2668.0, "m": "Patulul", "d": "Suchitepéquez" }, "geometry": { "type": "Point", "coordinates": [ -91.13824, 14.45349 ] } },
{ "type": "Feature", "properties": { "id": 2674.0, "m": "El Progreso", "d": "Jutiapa" }, "geometry": { "type": "Point", "coordinates": [ -89.86954, 14.43614 ] } },
{ "type": "Feature", "properties": { "id": 2679.0, "m": "Palín", "d": "Escuintla" }, "geometry": { "type": "Point", "coordinates": [ -90.65021, 14.44335 ] } },
{ "type": "Feature", "properties": { "id": 2683.0, "m": "Chicacao", "d": "Suchitepéquez" }, "geometry": { "type": "Point", "coordinates": [ -91.37933, 14.44795 ] } },
{ "type": "Feature", "properties": { "id": 2685.0, "m": "Patulul", "d": "Suchitepéquez" }, "geometry": { "type": "Point", "coordinates": [ -91.14642, 14.44558 ] } },
{ "type": "Feature", "properties": { "id": 2694.0, "m": "Patulul", "d": "Suchitepéquez" }, "geometry": { "type": "Point", "coordinates": [ -91.15477, 14.43439 ] } },
{ "type": "Feature", "properties": { "id": 2699.0, "m": "Retalhuleu", "d": "Retalhuleu" }, "geometry": { "type": "Point", "coordinates": [ -91.83462, 14.43624 ] } },
{ "type": "Feature", "properties": { "id": 2701.0, "m": "Concepción Las Minas", "d": "Chiquimula" }, "geometry": { "type": "Point", "coordinates": [ -89.4343, 14.41158 ] } },
{ "type": "Feature", "properties": { "id": 2708.0, "m": "Patulul", "d": "Suchitepéquez" }, "geometry": { "type": "Point", "coordinates": [ -91.1579, 14.42434 ] } },
{ "type": "Feature", "properties": { "id": 2720.0, "m": "Río Bravo", "d": "Suchitepéquez" }, "geometry": { "type": "Point", "coordinates": [ -91.30752, 14.41636 ] } },
{ "type": "Feature", "properties": { "id": 2723.0, "m": "Palín", "d": "Escuintla" }, "geometry": { "type": "Point", "coordinates": [ -90.67781, 14.41049 ] } },
{ "type": "Feature", "properties": { "id": 2724.0, "m": "Río Bravo", "d": "Suchitepéquez" }, "geometry": { "type": "Point", "coordinates": [ -91.33761, 14.41582 ] } },
{ "type": "Feature", "properties": { "id": 2726.0, "m": "Río Bravo", "d": "Suchitepéquez" }, "geometry": { "type": "Point", "coordinates": [ -91.29929, 14.4151 ] } },
{ "type": "Feature", "properties": { "id": 2734.0, "m": "Río Bravo", "d": "Suchitepéquez" }, "geometry": { "type": "Point", "coordinates": [ -91.3205, 14.41343 ] } },
{ "type": "Feature", "properties": { "id": 2740.0, "m": "Río Bravo", "d": "Suchitepéquez" }, "geometry": { "type": "Point", "coordinates": [ -91.35897, 14.41268 ] } },
{ "type": "Feature", "properties": { "id": 2742.0, "m": "Santa Bárbara", "d": "Suchitepéquez" }, "geometry": { "type": "Point", "coordinates": [ -91.27968, 14.41158 ] } },
{ "type": "Feature", "properties": { "id": 2747.0, "m": "Río Bravo", "d": "Suchitepéquez" }, "geometry": { "type": "Point", "coordinates": [ -91.34682, 14.4108 ] } },
{ "type": "Feature", "properties": { "id": 2749.0, "m": "Santa Bárbara", "d": "Suchitepéquez" }, "geometry": { "type": "Point", "coordinates": [ -91.26793, 14.4101 ] } },
{ "type": "Feature", "properties": { "id": 2753.0, "m": "Palín", "d": "Escuintla" }, "geometry": { "type": "Point", "coordinates": [ -90.69163, 14.40423 ] } },
{ "type": "Feature", "properties": { "id": 2763.0, "m": "Santa Bárbara", "d": "Suchitepéquez" }, "geometry": { "type": "Point", "coordinates": [ -91.25596, 14.4073 ] } },
{ "type": "Feature", "properties": { "id": 2768.0, "m": "Santa Bárbara", "d": "Suchitepéquez" }, "geometry": { "type": "Point", "coordinates": [ -91.25169, 14.40497 ] } },
{ "type": "Feature", "properties": { "id": 2776.0, "m": "Barberena", "d": "Santa Rosa" }, "geometry": { "type": "Point", "coordinates": [ -90.44105, 14.39392 ] } },
{ "type": "Feature", "properties": { "id": 2778.0, "m": "Patulul", "d": "Suchitepéquez" }, "geometry": { "type": "Point", "coordinates": [ -91.1906, 14.40033 ] } },
{ "type": "Feature", "properties": { "id": 2780.0, "m": "San Juan Bautista", "d": "Suchitepéquez" }, "geometry": { "type": "Point", "coordinates": [ -91.21061, 14.39958 ] } },
{ "type": "Feature", "properties": { "id": 2794.0, "m": "Patulul", "d": "Suchitepéquez" }, "geometry": { "type": "Point", "coordinates": [ -91.23483, 14.39538 ] } },
{ "type": "Feature", "properties": { "id": 2795.0, "m": "Patulul", "d": "Suchitepéquez" }, "geometry": { "type": "Point", "coordinates": [ -91.22866, 14.39532 ] } },
{ "type": "Feature", "properties": { "id": 2796.0, "m": "Patulul", "d": "Suchitepéquez" }, "geometry": { "type": "Point", "coordinates": [ -91.19968, 14.39503 ] } },
{ "type": "Feature", "properties": { "id": 2797.0, "m": "Patulul", "d": "Suchitepéquez" }, "geometry": { "type": "Point", "coordinates": [ -91.1968, 14.39455 ] } },
{ "type": "Feature", "properties": { "id": 2809.0, "m": "Santa Lucía Cotzumalguapa", "d": "Escuintla" }, "geometry": { "type": "Point", "coordinates": [ -91.10796, 14.384 ] } },
{ "type": "Feature", "properties": { "id": 2811.0, "m": "Palín", "d": "Escuintla" }, "geometry": { "type": "Point", "coordinates": [ -90.7244, 14.37827 ] } },
{ "type": "Feature", "properties": { "id": 2822.0, "m": "El Progreso", "d": "Jutiapa" }, "geometry": { "type": "Point", "coordinates": [ -89.85193, 14.36287 ] } },
{ "type": "Feature", "properties": { "id": 2823.0, "m": "Patulul", "d": "Suchitepéquez" }, "geometry": { "type": "Point", "coordinates": [ -91.13709, 14.37606 ] } },
{ "type": "Feature", "properties": { "id": 2827.0, "m": "Santa Lucía Cotzumalguapa", "d": "Escuintla" }, "geometry": { "type": "Point", "coordinates": [ -91.10538, 14.37338 ] } },
{ "type": "Feature", "properties": { "id": 2831.0, "m": "Patulul", "d": "Suchitepéquez" }, "geometry": { "type": "Point", "coordinates": [ -91.14834, 14.37084 ] } },
{ "type": "Feature", "properties": { "id": 2841.0, "m": "Palín", "d": "Escuintla" }, "geometry": { "type": "Point", "coordinates": [ -90.73784, 14.36396 ] } },
{ "type": "Feature", "properties": { "id": 2842.0, "m": "Palín", "d": "Escuintla" }, "geometry": { "type": "Point", "coordinates": [ -90.73573, 14.36361 ] } },
{ "type": "Feature", "properties": { "id": 2848.0, "m": "Escuintla", "d": "Escuintla" }, "geometry": { "type": "Point", "coordinates": [ -90.80779, 14.36332 ] } },
{ "type": "Feature", "properties": { "id": 2850.0, "m": "Escuintla", "d": "Escuintla" }, "geometry": { "type": "Point", "coordinates": [ -90.80507, 14.36243 ] } },
{ "type": "Feature", "properties": { "id": 2857.0, "m": "Jutiapa", "d": "Jutiapa" }, "geometry": { "type": "Point", "coordinates": [ -89.81453, 14.34997 ] } },
{ "type": "Feature", "properties": { "id": 2862.0, "m": "El Progreso", "d": "Jutiapa" }, "geometry": { "type": "Point", "coordinates": [ -89.83295, 14.34814 ] } },
{ "type": "Feature", "properties": { "id": 2867.0, "m": "El Progreso", "d": "Jutiapa" }, "geometry": { "type": "Point", "coordinates": [ -89.84355, 14.34593 ] } },
{ "type": "Feature", "properties": { "id": 2876.0, "m": "Santa Lucía Cotzumalguapa", "d": "Escuintla" }, "geometry": { "type": "Point", "coordinates": [ -91.09208, 14.35505 ] } },
{ "type": "Feature", "properties": { "id": 2880.0, "m": "Palín", "d": "Escuintla" }, "geometry": { "type": "Point", "coordinates": [ -90.74774, 14.35063 ] } },
{ "type": "Feature", "properties": { "id": 2883.0, "m": "Barberena", "d": "Santa Rosa" }, "geometry": { "type": "Point", "coordinates": [ -90.40461, 14.34667 ] } },
{ "type": "Feature", "properties": { "id": 2884.0, "m": "Escuintla", "d": "Escuintla" }, "geometry": { "type": "Point", "coordinates": [ -90.80117, 14.35047 ] } },
{ "type": "Feature", "properties": { "id": 2891.0, "m": "Asunción Mita", "d": "Jutiapa" }, "geometry": { "type": "Point", "coordinates": [ -89.71534, 14.33514 ] } },
{ "type": "Feature", "properties": { "id": 2898.0, "m": "Santa Lucía Cotzumalguapa", "d": "Escuintla" }, "geometry": { "type": "Point", "coordinates": [ -91.08203, 14.34593 ] } },
{ "type": "Feature", "properties": { "id": 2906.0, "m": "Escuintla", "d": "Escuintla" }, "geometry": { "type": "Point", "coordinates": [ -90.76196, 14.33972 ] } },
{ "type": "Feature", "properties": { "id": 2907.0, "m": "Barberena", "d": "Santa Rosa" }, "geometry": { "type": "Point", "coordinates": [ -90.44286, 14.33612 ] } },
{ "type": "Feature", "properties": { "id": 2909.0, "m": "Santa Lucía Cotzumalguapa", "d": "Escuintla" }, "geometry": { "type": "Point", "coordinates": [ -91.06377, 14.34123 ] } },
{ "type": "Feature", "properties": { "id": 2921.0, "m": "Barberena", "d": "Santa Rosa" }, "geometry": { "type": "Point", "coordinates": [ -90.42426, 14.33241 ] } },
{ "type": "Feature", "properties": { "id": 2923.0, "m": "Champerico", "d": "Retalhuleu" }, "geometry": { "type": "Point", "coordinates": [ -91.89114, 14.3429 ] } },
{ "type": "Feature", "properties": { "id": 2924.0, "m": "Barberena", "d": "Santa Rosa" }, "geometry": { "type": "Point", "coordinates": [ -90.42818, 14.3312 ] } },
{ "type": "Feature", "properties": { "id": 2943.0, "m": "Champerico", "d": "Retalhuleu" }, "geometry": { "type": "Point", "coordinates": [ -91.88765, 14.33772 ] } },
{ "type": "Feature", "properties": { "id": 2944.0, "m": "Santa Lucía Cotzumalguapa", "d": "Escuintla" }, "geometry": { "type": "Point", "coordinates": [ -91.00848, 14.33173 ] } },
{ "type": "Feature", "properties": { "id": 2948.0, "m": "Siquinalá", "d": "Escuintla" }, "geometry": { "type": "Point", "coordinates": [ -90.99857, 14.33014 ] } },
{ "type": "Feature", "properties": { "id": 2951.0, "m": "Santa Lucía Cotzumalguapa", "d": "Escuintla" }, "geometry": { "type": "Point", "coordinates": [ -91.05601, 14.33024 ] } },
{ "type": "Feature", "properties": { "id": 2952.0, "m": "El Progreso", "d": "Jutiapa" }, "geometry": { "type": "Point", "coordinates": [ -89.86444, 14.31725 ] } },
{ "type": "Feature", "properties": { "id": 2954.0, "m": "Santa Lucía Cotzumalguapa", "d": "Escuintla" }, "geometry": { "type": "Point", "coordinates": [ -91.01651, 14.32935 ] } },
{ "type": "Feature", "properties": { "id": 2959.0, "m": "Santa Lucía Cotzumalguapa", "d": "Escuintla" }, "geometry": { "type": "Point", "coordinates": [ -91.0398, 14.3276 ] } },
{ "type": "Feature", "properties": { "id": 2966.0, "m": "Santa Lucía Cotzumalguapa", "d": "Escuintla" }, "geometry": { "type": "Point", "coordinates": [ -91.03075, 14.3267 ] } },
{ "type": "Feature", "properties": { "id": 2971.0, "m": "Siquinalá", "d": "Escuintla" }, "geometry": { "type": "Point", "coordinates": [ -90.98434, 14.32391 ] } },
{ "type": "Feature", "properties": { "id": 2980.0, "m": "Siquinalá", "d": "Escuintla" }, "geometry": { "type": "Point", "coordinates": [ -90.97715, 14.32076 ] } },
{ "type": "Feature", "properties": { "id": 2985.0, "m": "Asunción Mita", "d": "Jutiapa" }, "geometry": { "type": "Point", "coordinates": [ -89.71854, 14.30328 ] } },
{ "type": "Feature", "properties": { "id": 2986.0, "m": "Siquinalá", "d": "Escuintla" }, "geometry": { "type": "Point", "coordinates": [ -90.97524, 14.31719 ] } },
{ "type": "Feature", "properties": { "id": 2997.0, "m": "Jutiapa", "d": "Jutiapa" }, "geometry": { "type": "Point", "coordinates": [ -89.89248, 14.30008 ] } },
{ "type": "Feature", "properties": { "id": 2998.0, "m": "Siquinalá", "d": "Escuintla" }, "geometry": { "type": "Point", "coordinates": [ -90.97285, 14.3113 ] } },
{ "type": "Feature", "properties": { "id": 2999.0, "m": "Escuintla", "d": "Escuintla" }, "geometry": { "type": "Point", "coordinates": [ -90.78016, 14.30878 ] } },
{ "type": "Feature", "properties": { "id": 3010.0, "m": "Siquinalá", "d": "Escuintla" }, "geometry": { "type": "Point", "coordinates": [ -90.9684, 14.30606 ] } },
{ "type": "Feature", "properties": { "id": 3012.0, "m": "Jutiapa", "d": "Jutiapa" }, "geometry": { "type": "Point", "coordinates": [ -89.91102, 14.29382 ] } },
{ "type": "Feature", "properties": { "id": 3020.0, "m": "Escuintla", "d": "Escuintla" }, "geometry": { "type": "Point", "coordinates": [ -90.78776, 14.30003 ] } },
{ "type": "Feature", "properties": { "id": 3021.0, "m": "Escuintla", "d": "Escuintla" }, "geometry": { "type": "Point", "coordinates": [ -90.79266, 14.29934 ] } },
{ "type": "Feature", "properties": { "id": 3028.0, "m": "Jutiapa", "d": "Jutiapa" }, "geometry": { "type": "Point", "coordinates": [ -89.94898, 14.28373 ] } },
{ "type": "Feature", "properties": { "id": 3037.0, "m": "Escuintla", "d": "Escuintla" }, "geometry": { "type": "Point", "coordinates": [ -90.77286, 14.2848 ] } },
{ "type": "Feature", "properties": { "id": 3040.0, "m": "Escuintla", "d": "Escuintla" }, "geometry": { "type": "Point", "coordinates": [ -90.80997, 14.28373 ] } },
{ "type": "Feature", "properties": { "id": 3045.0, "m": "Quesada", "d": "Jutiapa" }, "geometry": { "type": "Point", "coordinates": [ -90.00575, 14.27263 ] } },
{ "type": "Feature", "properties": { "id": 3046.0, "m": "Cuilapa", "d": "Santa Rosa" }, "geometry": { "type": "Point", "coordinates": [ -90.30185, 14.27571 ] } },
{ "type": "Feature", "properties": { "id": 3049.0, "m": "Escuintla", "d": "Escuintla" }, "geometry": { "type": "Point", "coordinates": [ -90.78785, 14.27998 ] } },
{ "type": "Feature", "properties": { "id": 3059.0, "m": "Escuintla", "d": "Escuintla" }, "geometry": { "type": "Point", "coordinates": [ -90.77545, 14.27762 ] } },
{ "type": "Feature", "properties": { "id": 3061.0, "m": "Asunción Mita", "d": "Jutiapa" }, "geometry": { "type": "Point", "coordinates": [ -89.72227, 14.2637 ] } },
{ "type": "Feature", "properties": { "id": 3074.0, "m": "Jutiapa", "d": "Jutiapa" }, "geometry": { "type": "Point", "coordinates": [ -89.85696, 14.25876 ] } },
{ "type": "Feature", "properties": { "id": 3079.0, "m": "Escuintla", "d": "Escuintla" }, "geometry": { "type": "Point", "coordinates": [ -90.82982, 14.26739 ] } },
{ "type": "Feature", "properties": { "id": 3083.0, "m": "Escuintla", "d": "Escuintla" }, "geometry": { "type": "Point", "coordinates": [ -90.89614, 14.26725 ] } },
{ "type": "Feature", "properties": { "id": 3085.0, "m": "San José Acatempa", "d": "Jutiapa" }, "geometry": { "type": "Point", "coordinates": [ -90.17244, 14.25928 ] } },
{ "type": "Feature", "properties": { "id": 3086.0, "m": "Escuintla", "d": "Escuintla" }, "geometry": { "type": "Point", "coordinates": [ -90.86891, 14.26606 ] } },
{ "type": "Feature", "properties": { "id": 3092.0, "m": "Cuilapa", "d": "Santa Rosa" }, "geometry": { "type": "Point", "coordinates": [ -90.3109, 14.25831 ] } },
{ "type": "Feature", "properties": { "id": 3094.0, "m": "Escuintla", "d": "Escuintla" }, "geometry": { "type": "Point", "coordinates": [ -90.84372, 14.26354 ] } },
{ "type": "Feature", "properties": { "id": 3100.0, "m": "Cuilapa", "d": "Santa Rosa" }, "geometry": { "type": "Point", "coordinates": [ -90.21451, 14.25511 ] } },
{ "type": "Feature", "properties": { "id": 3107.0, "m": "Jutiapa", "d": "Jutiapa" }, "geometry": { "type": "Point", "coordinates": [ -89.82932, 14.24822 ] } },
{ "type": "Feature", "properties": { "id": 3113.0, "m": "Cuilapa", "d": "Santa Rosa" }, "geometry": { "type": "Point", "coordinates": [ -90.27711, 14.25141 ] } },
{ "type": "Feature", "properties": { "id": 3117.0, "m": "Quesada", "d": "Jutiapa" }, "geometry": { "type": "Point", "coordinates": [ -90.02937, 14.24559 ] } },
{ "type": "Feature", "properties": { "id": 3123.0, "m": "Jutiapa", "d": "Jutiapa" }, "geometry": { "type": "Point", "coordinates": [ -89.81643, 14.23888 ] } },
{ "type": "Feature", "properties": { "id": 3130.0, "m": "Oratorio", "d": "Santa Rosa" }, "geometry": { "type": "Point", "coordinates": [ -90.19776, 14.23791 ] } },
{ "type": "Feature", "properties": { "id": 3131.0, "m": "Escuintla", "d": "Escuintla" }, "geometry": { "type": "Point", "coordinates": [ -90.7774, 14.24259 ] } },
{ "type": "Feature", "properties": { "id": 3140.0, "m": "Cuilapa", "d": "Santa Rosa" }, "geometry": { "type": "Point", "coordinates": [ -90.33623, 14.22294 ] } },
{ "type": "Feature", "properties": { "id": 3142.0, "m": "Escuintla", "d": "Escuintla" }, "geometry": { "type": "Point", "coordinates": [ -90.77857, 14.22622 ] } },
{ "type": "Feature", "properties": { "id": 3149.0, "m": "Oratorio", "d": "Santa Rosa" }, "geometry": { "type": "Point", "coordinates": [ -90.15631, 14.2102 ] } },
{ "type": "Feature", "properties": { "id": 3153.0, "m": "Oratorio", "d": "Santa Rosa" }, "geometry": { "type": "Point", "coordinates": [ -90.14014, 14.20624 ] } },
{ "type": "Feature", "properties": { "id": 3159.0, "m": "Masagua", "d": "Escuintla" }, "geometry": { "type": "Point", "coordinates": [ -90.77955, 14.20968 ] } },
{ "type": "Feature", "properties": { "id": 3160.0, "m": "Oratorio", "d": "Santa Rosa" }, "geometry": { "type": "Point", "coordinates": [ -90.13469, 14.2028 ] } },
{ "type": "Feature", "properties": { "id": 3168.0, "m": "Atescatempa", "d": "Jutiapa" }, "geometry": { "type": "Point", "coordinates": [ -89.67585, 14.19355 ] } },
{ "type": "Feature", "properties": { "id": 3173.0, "m": "Escuintla", "d": "Escuintla" }, "geometry": { "type": "Point", "coordinates": [ -90.70809, 14.20392 ] } },
{ "type": "Feature", "properties": { "id": 3180.0, "m": "Escuintla", "d": "Escuintla" }, "geometry": { "type": "Point", "coordinates": [ -90.71078, 14.20167 ] } },
{ "type": "Feature", "properties": { "id": 3183.0, "m": "Cuilapa", "d": "Santa Rosa" }, "geometry": { "type": "Point", "coordinates": [ -90.36165, 14.19725 ] } },
{ "type": "Feature", "properties": { "id": 3186.0, "m": "Oratorio", "d": "Santa Rosa" }, "geometry": { "type": "Point", "coordinates": [ -90.11737, 14.19247 ] } },
{ "type": "Feature", "properties": { "id": 3193.0, "m": "Masagua", "d": "Escuintla" }, "geometry": { "type": "Point", "coordinates": [ -90.78092, 14.19147 ] } },
{ "type": "Feature", "properties": { "id": 3198.0, "m": "Oratorio", "d": "Santa Rosa" }, "geometry": { "type": "Point", "coordinates": [ -90.0857, 14.17495 ] } },
{ "type": "Feature", "properties": { "id": 3203.0, "m": "Masagua", "d": "Escuintla" }, "geometry": { "type": "Point", "coordinates": [ -90.78216, 14.16738 ] } },
{ "type": "Feature", "properties": { "id": 3208.0, "m": "Jalpatagua", "d": "Jutiapa" }, "geometry": { "type": "Point", "coordinates": [ -90.03959, 14.14921 ] } },
{ "type": "Feature", "properties": { "id": 3216.0, "m": "Masagua", "d": "Escuintla" }, "geometry": { "type": "Point", "coordinates": [ -90.78383, 14.14293 ] } },
{ "type": "Feature", "properties": { "id": 3218.0, "m": "Guanagazapa", "d": "Escuintla" }, "geometry": { "type": "Point", "coordinates": [ -90.6611, 14.14035 ] } },
{ "type": "Feature", "properties": { "id": 3220.0, "m": "Jalpatagua", "d": "Jutiapa" }, "geometry": { "type": "Point", "coordinates": [ -90.0056, 14.13129 ] } },
{ "type": "Feature", "properties": { "id": 3228.0, "m": "Masagua", "d": "Escuintla" }, "geometry": { "type": "Point", "coordinates": [ -90.7847, 14.13083 ] } },
{ "type": "Feature", "properties": { "id": 3233.0, "m": "Jalpatagua", "d": "Jutiapa" }, "geometry": { "type": "Point", "coordinates": [ -89.97573, 14.11583 ] } },
{ "type": "Feature", "properties": { "id": 3239.0, "m": "Masagua", "d": "Escuintla" }, "geometry": { "type": "Point", "coordinates": [ -90.78448, 14.11997 ] } },
{ "type": "Feature", "properties": { "id": 3244.0, "m": "Comapa", "d": "Jutiapa" }, "geometry": { "type": "Point", "coordinates": [ -89.96831, 14.10831 ] } },
{ "type": "Feature", "properties": { "id": 3246.0, "m": "Guanagazapa", "d": "Escuintla" }, "geometry": { "type": "Point", "coordinates": [ -90.64043, 14.1137 ] } },
{ "type": "Feature", "properties": { "id": 3253.0, "m": "Jerez", "d": "Jutiapa" }, "geometry": { "type": "Point", "coordinates": [ -89.76537, 14.09525 ] } },
{ "type": "Feature", "properties": { "id": 3262.0, "m": "Taxisco", "d": "Santa Rosa" }, "geometry": { "type": "Point", "coordinates": [ -90.58906, 14.09903 ] } },
{ "type": "Feature", "properties": { "id": 3265.0, "m": "Masagua", "d": "Escuintla" }, "geometry": { "type": "Point", "coordinates": [ -90.78191, 14.10003 ] } },
{ "type": "Feature", "properties": { "id": 3267.0, "m": "Jerez", "d": "Jutiapa" }, "geometry": { "type": "Point", "coordinates": [ -89.75177, 14.08761 ] } },
{ "type": "Feature", "properties": { "id": 3273.0, "m": "Taxisco", "d": "Santa Rosa" }, "geometry": { "type": "Point", "coordinates": [ -90.60717, 14.09657 ] } },
{ "type": "Feature", "properties": { "id": 3278.0, "m": "Taxisco", "d": "Santa Rosa" }, "geometry": { "type": "Point", "coordinates": [ -90.60116, 14.09522 ] } },
{ "type": "Feature", "properties": { "id": 3282.0, "m": "Taxisco", "d": "Santa Rosa" }, "geometry": { "type": "Point", "coordinates": [ -90.54399, 14.09301 ] } },
{ "type": "Feature", "properties": { "id": 3284.0, "m": "Taxisco", "d": "Santa Rosa" }, "geometry": { "type": "Point", "coordinates": [ -90.57661, 14.09302 ] } },
{ "type": "Feature", "properties": { "id": 3294.0, "m": "Masagua", "d": "Escuintla" }, "geometry": { "type": "Point", "coordinates": [ -90.7812, 14.09173 ] } },
{ "type": "Feature", "properties": { "id": 3299.0, "m": "Taxisco", "d": "Santa Rosa" }, "geometry": { "type": "Point", "coordinates": [ -90.50479, 14.0872 ] } },
{ "type": "Feature", "properties": { "id": 3302.0, "m": "Comapa", "d": "Jutiapa" }, "geometry": { "type": "Point", "coordinates": [ -89.95762, 14.07869 ] } },
{ "type": "Feature", "properties": { "id": 3306.0, "m": "Taxisco", "d": "Santa Rosa" }, "geometry": { "type": "Point", "coordinates": [ -90.49187, 14.08219 ] } },
{ "type": "Feature", "properties": { "id": 3314.0, "m": "Taxisco", "d": "Santa Rosa" }, "geometry": { "type": "Point", "coordinates": [ -90.48251, 14.0755 ] } },
{ "type": "Feature", "properties": { "id": 3318.0, "m": "Comapa", "d": "Jutiapa" }, "geometry": { "type": "Point", "coordinates": [ -89.95384, 14.06558 ] } },
{ "type": "Feature", "properties": { "id": 3328.0, "m": "Chiquimulilla", "d": "Santa Rosa" }, "geometry": { "type": "Point", "coordinates": [ -90.38589, 14.06605 ] } },
{ "type": "Feature", "properties": { "id": 3329.0, "m": "Chiquimulilla", "d": "Santa Rosa" }, "geometry": { "type": "Point", "coordinates": [ -90.37798, 14.06538 ] } },
{ "type": "Feature", "properties": { "id": 3331.0, "m": "Taxisco", "d": "Santa Rosa" }, "geometry": { "type": "Point", "coordinates": [ -90.45676, 14.06572 ] } },
{ "type": "Feature", "properties": { "id": 3334.0, "m": "Masagua", "d": "Escuintla" }, "geometry": { "type": "Point", "coordinates": [ -90.77934, 14.06811 ] } },
{ "type": "Feature", "properties": { "id": 3343.0, "m": "Masagua", "d": "Escuintla" }, "geometry": { "type": "Point", "coordinates": [ -90.7785, 14.06268 ] } },
{ "type": "Feature", "properties": { "id": 3348.0, "m": "Chiquimulilla", "d": "Santa Rosa" }, "geometry": { "type": "Point", "coordinates": [ -90.34061, 14.05229 ] } },
{ "type": "Feature", "properties": { "id": 3355.0, "m": "Chiquimulilla", "d": "Santa Rosa" }, "geometry": { "type": "Point", "coordinates": [ -90.3341, 14.04868 ] } },
{ "type": "Feature", "properties": { "id": 3356.0, "m": "Masagua", "d": "Escuintla" }, "geometry": { "type": "Point", "coordinates": [ -90.77825, 14.05251 ] } },
{ "type": "Feature", "properties": { "id": 3364.0, "m": "Masagua", "d": "Escuintla" }, "geometry": { "type": "Point", "coordinates": [ -90.78294, 14.02961 ] } },
{ "type": "Feature", "properties": { "id": 3368.0, "m": "Jalpatagua", "d": "Jutiapa" }, "geometry": { "type": "Point", "coordinates": [ -89.90804, 14.01615 ] } },
{ "type": "Feature", "properties": { "id": 3374.0, "m": "Chiquimulilla", "d": "Santa Rosa" }, "geometry": { "type": "Point", "coordinates": [ -90.29501, 14.00863 ] } },
{ "type": "Feature", "properties": { "id": 3378.0, "m": "Masagua", "d": "Escuintla" }, "geometry": { "type": "Point", "coordinates": [ -90.78629, 14.01061 ] } },
{ "type": "Feature", "properties": { "id": 3383.0, "m": "Masagua", "d": "Escuintla" }, "geometry": { "type": "Point", "coordinates": [ -90.78801, 13.98086 ] } },
{ "type": "Feature", "properties": { "id": 3388.0, "m": "Masagua", "d": "Escuintla" }, "geometry": { "type": "Point", "coordinates": [ -90.79111, 13.96881 ] } },
{ "type": "Feature", "properties": { "id": 3393.0, "m": "Pasaco", "d": "Jutiapa" }, "geometry": { "type": "Point", "coordinates": [ -90.21491, 13.94077 ] } },
{ "type": "Feature", "properties": { "id": 3400.0, "m": "Iztapa", "d": "Escuintla" }, "geometry": { "type": "Point", "coordinates": [ -90.74469, 13.93738 ] } },
{ "type": "Feature", "properties": { "id": 3401.0, "m": "Iztapa", "d": "Escuintla" }, "geometry": { "type": "Point", "coordinates": [ -90.71464, 13.93694 ] } },
{ "type": "Feature", "properties": { "id": 3410.0, "m": "San José", "d": "Escuintla" }, "geometry": { "type": "Point", "coordinates": [ -90.82319, 13.93135 ] } },
{ "type": "Feature", "properties": { "id": 3414.0, "m": "San José", "d": "Escuintla" }, "geometry": { "type": "Point", "coordinates": [ -90.80318, 13.92903 ] } },
{ "type": "Feature", "properties": { "id": 3416.0, "m": "San José", "d": "Escuintla" }, "geometry": { "type": "Point", "coordinates": [ -90.81857, 13.92871 ] } },
{ "type": "Feature", "properties": { "id": 3419.0, "m": "San José", "d": "Escuintla" }, "geometry": { "type": "Point", "coordinates": [ -90.81171, 13.92752 ] } },
{ "type": "Feature", "properties": { "id": 3428.0, "m": "Pasaco", "d": "Jutiapa" }, "geometry": { "type": "Point", "coordinates": [ -90.19186, 13.91653 ] } },
{ "type": "Feature", "properties": { "id": 3433.0, "m": "Moyuta", "d": "Jutiapa" }, "geometry": { "type": "Point", "coordinates": [ -90.16775, 13.90165 ] } },
{ "type": "Feature", "properties": { "id": 3438.0, "m": "Moyuta", "d": "Jutiapa" }, "geometry": { "type": "Point", "coordinates": [ -90.14222, 13.88555 ] } },
{ "type": "Feature", "properties": { "id": 3445.0, "m": "Moyuta", "d": "Jutiapa" }, "geometry": { "type": "Point", "coordinates": [ -90.12512, 13.87885 ] } },
{ "type": "Feature", "properties": { "id": 3447.0, "m": "Moyuta", "d": "Jutiapa" }, "geometry": { "type": "Point", "coordinates": [ -90.09527, 13.87588 ] } },
{ "type": "Feature", "properties": { "id": 3453.0, "m": "Moyuta", "d": "Jutiapa" }, "geometry": { "type": "Point", "coordinates": [ -90.08796, 13.86102 ] } }
]
}
