{
"type": "FeatureCollection",
"name": "servicios_salud",
"crs": { "type": "name", "properties": { "name": "urn:ogc:def:crs:OGC:1.3:CRS84" } },
"xy_coordinate_resolution": 1e-05,
"features": [
{ "type": "Feature", "properties": { "id": "0014", "n": "Puesto de Salud San Lucas Sac.", "t": "PUESTO DE SALUD", "m": "SAN LUCAS SACATEPEQUEZ" }, "geometry": { "type": "Point", "coordinates": [ -90.65598, 14.60996 ] } },
{ "type": "Feature", "properties": { "id": "0005", "n": "Centro de Salud Santiago Sacatepéquez", "t": "CENTRO DE SALUD", "m": "SANTIAGO SACATEPEQUEZ" }, "geometry": { "type": "Point", "coordinates": [ -90.67792, 14.6327 ] } },
{ "type": "Feature", "properties": { "id": "0013", "n": "Puesto de Salud Santiago Sacatepéquez", "t": "PUESTO DE SALUD", "m": "SANTIAGO SACATEPEQUEZ" }, "geometry": { "type": "Point", "coordinates": [ -90.69192, 14.63953 ] } },
{ "type": "Feature", "properties": { "id": "0043", "n": "Centro de Convergencia San José Pacul", "t": "CENTRO CONVERGENCIA", "m": "SANTIAGO SACATEPEQUEZ" }, "geometry": { "type": "Point", "coordinates": [ -90.65396, 14.65305 ] } },
{ "type": "Feature", "properties": { "id": "0044", "n": "Centro de Convergencia San Antonio", "t": "CENTRO CONVERGENCIA", "m": "SANTO DOMINGO XENACOJ" }, "geometry": { "type": "Point", "coordinates": [ -90.67731, 14.66628 ] } },
{ "type": "Feature", "properties": { "id": "0040", "n": "Centro de Convergencia Pachala", "t": "CENTRO CONVERGENCIA", "m": "SANTIAGO SACATEPEQUEZ" }, "geometry": { "type": "Point", "coordinates": [ -90.65254, 14.63678 ] } },
{ "type": "Feature", "properties": { "id": "0016", "n": "Puesto de Salud Santa Lucía Milpas Altas", "t": "PUESTO DE SALUD", "m": "SANTA LUCIA MILPAS ALTAS" }, "geometry": { "type": "Point", "coordinates": [ -90.67299, 14.57775 ] } },
{ "type": "Feature", "properties": { "id": "0017", "n": "Puesto de Salud Santo Tomás Milpas Altas", "t": "PUESTO DE SALUD", "m": "SANTA LUCIA MILPAS ALTAS" }, "geometry": { "type": "Point", "coordinates": [ -90.6698, 14.5587 ] } },
{ "type": "Feature", "properties": { "id": "0018", "n": "Puesto de Salud Magdalena Milpas Altas", "t": "PUESTO DE SALUD", "m": "MAGDALENA MILPAS ALTAS" }, "geometry": { "type": "Point", "coordinates": [ -90.67513, 14.54742 ] } },
{ "type": "Feature", "properties": { "id": "0041", "n": "Centro de Convergencia Sorzolla 1", "t": "CENTRO CONVERGENCIA", "m": "SAN LUCAS SACATEPEQUEZ" }, "geometry": { "type": "Point", "coordinates": [ -90.65766, 14.58678 ] } },
{ "type": "Feature", "properties": { "id": "0042", "n": "Centro de Convergencia Sorzolla 2", "t": "CENTRO CONVERGENCIA", "m": "SAN LUCAS SACATEPEQUEZ" }, "geometry": { "type": "Point", "coordinates": [ -90.64669, 14.58394 ] } },
{ "type": "Feature", "properties": { "id": "0015", "n": "Puesto de Salud Lucas-Choacorral", "t": "PUESTO DE SALUD", "m": "SAN LUCAS SACATEPEQUEZ" }, "geometry": { "type": "Point", "coordinates": [ -90.63686, 14.58839 ] } },
{ "type": "Feature", "properties": { "id": "0007", "n": "Centro de Salud Sumpango", "t": "CENTRO DE SALUD", "m": "SUMPANGO" }, "geometry": { "type": "Point", "coordinates": [ -90.73848, 14.64661 ] } },
{ "type": "Feature", "properties": { "id": "0054", "n": "Centro de Convergencia Rancho Alegre", "t": "CENTRO CONVERGENCIA", "m": "SUMPANGO" }, "geometry": { "type": "Point", "coordinates": [ -90.72724, 14.64143 ] } },
{ "type": "Feature", "properties": { "id": "0055", "n": "Centro de Convergencia El Rojón", "t": "CENTRO CONVERGENCIA", "m": "SUMPANGO" }, "geometry": { "type": "Point", "coordinates": [ -90.72423, 14.62166 ] } },
{ "type": "Feature", "properties": { "id": "0052", "n": "Centro de Convergencia Las Flores", "t": "CENTRO CONVERGENCIA", "m": "SUMPANGO" }, "geometry": { "type": "Point", "coordinates": [ -90.75661, 14.66283 ] } },
{ "type": "Feature", "properties": { "id": "0053", "n": "Centro de Convergencia El Chipoton", "t": "CENTRO CONVERGENCIA", "m": "SUMPANGO" }, "geometry": { "type": "Point", "coordinates": [ -90.76676, 14.64751 ] } },
{ "type": "Feature", "properties": { "id": "0051", "n": "Centro de Convergencia Santa Marta", "t": "CENTRO CONVERGENCIA", "m": "SUMPANGO" }, "geometry": { "type": "Point", "coordinates": [ -90.73658, 14.67435 ] } },
{ "type": "Feature", "properties": { "id": "0049", "n": "Centro de Convergencia San José Yalu", "t": "CENTRO CONVERGENCIA", "m": "SUMPANGO" }, "geometry": { "type": "Point", "coordinates": [ -90.74456, 14.69741 ] } },
{ "type": "Feature", "properties": { "id": "0024", "n": "Puesto de Salud Santo Domingo Xenacoj", "t": "PUESTO DE SALUD", "m": "SANTO DOMINGO XENACOJ" }, "geometry": { "type": "Point", "coordinates": [ -90.70184, 14.68003 ] } },
{ "type": "Feature", "properties": { "id": "0022", "n": "Puesto de Salud Ciudad Vieja", "t": "PUESTO DE SALUD", "m": "CIUDAD VIEJA" }, "geometry": { "type": "Point", "coordinates": [ -90.75977, 14.52458 ] } },
{ "type": "Feature", "properties": { "id": "0047", "n": "Centro de Convergencia Santiago Zamora", "t": "CENTRO CONVERGENCIA", "m": "SAN ANTONIO AGUAS CALIENTES" }, "geometry": { "type": "Point", "coordinates": [ -90.80014, 14.54443 ] } },
{ "type": "Feature", "properties": { "id": "0021", "n": "Puesto de Salud Santa Catarina Barahona", "t": "PUESTO DE SALUD", "m": "SANTA CATARINA BARAHONA" }, "geometry": { "type": "Point", "coordinates": [ -90.78737, 14.55114 ] } },
{ "type": "Feature", "properties": { "id": "0019", "n": "Puesto de Salud San Miguel Dueñas", "t": "PUESTO DE SALUD", "m": "SAN MIGUEL DUEÑAS" }, "geometry": { "type": "Point", "coordinates": [ -90.7973, 14.52392 ] } },
{ "type": "Feature", "properties": { "id": "0045", "n": "Centro de Convergencia El Rosario", "t": "CENTRO CONVERGENCIA", "m": "SAN MIGUEL DUEÑAS" }, "geometry": { "type": "Point", "coordinates": [ -90.85445, 14.55281 ] } },
{ "type": "Feature", "properties": { "id": "0006", "n": "Centro de Salud de Alotenango", "t": "CENTRO DE SALUD", "m": "ALOTENANGO" }, "geometry": { "type": "Point", "coordinates": [ -90.80711, 14.48274 ] } },
{ "type": "Feature", "properties": { "id": "0023", "n": "Centro de Convergencia Santa Ana", "t": "CENTRO CONVERGENCIA", "m": "ALOTENANGO" }, "geometry": { "type": "Point", "coordinates": [ -90.82077, 14.42897 ] } },
{ "type": "Feature", "properties": { "id": "0029", "n": "Centro de Convergencia San Juan Gascon", "t": "CENTRO CONVERGENCIA", "m": "ANTIGUA GUATEMALA" }, "geometry": { "type": "Point", "coordinates": [ -90.70177, 14.56399 ] } },
{ "type": "Feature", "properties": { "id": "0028", "n": "Centro de Convergencia Vuelta Grande", "t": "CENTRO CONVERGENCIA", "m": "ANTIGUA GUATEMALA" }, "geometry": { "type": "Point", "coordinates": [ -90.69877, 14.60055 ] } },
{ "type": "Feature", "properties": { "id": "0027", "n": "Centro de Convergencia El Hato", "t": "CENTRO CONVERGENCIA", "m": "ANTIGUA GUATEMALA" }, "geometry": { "type": "Point", "coordinates": [ -90.71234, 14.58259 ] } },
{ "type": "Feature", "properties": { "id": "0030", "n": "Centro de Convergencia El Hermano Pedro", "t": "CENTRO CONVERGENCIA", "m": "ANTIGUA GUATEMALA" }, "geometry": { "type": "Point", "coordinates": [ -90.71444, 14.54918 ] } },
{ "type": "Feature", "properties": { "id": "0036", "n": "Centro de Convergencia San Gaspar Vivar", "t": "CENTRO CONVERGENCIA", "m": "ANTIGUA GUATEMALA" }, "geometry": { "type": "Point", "coordinates": [ -90.72929, 14.53319 ] } },
{ "type": "Feature", "properties": { "id": "0035", "n": "Centro de Convergencia Santa Catarina", "t": "CENTRO CONVERGENCIA", "m": "ANTIGUA GUATEMALA" }, "geometry": { "type": "Point", "coordinates": [ -90.72935, 14.53316 ] } },
{ "type": "Feature", "properties": { "id": "0031", "n": "Centro de Convergencia San Juan Obispo", "t": "CENTRO CONVERGENCIA", "m": "ANTIGUA GUATEMALA" }, "geometry": { "type": "Point", "coordinates": [ -90.72626, 14.52149 ] } },
{ "type": "Feature", "properties": { "id": "0008", "n": "Puesto de Salud Santa María de Jesús", "t": "PUESTO DE SALUD", "m": "SANTA MARIA DE JESUS" }, "geometry": { "type": "Point", "coordinates": [ -90.70988, 14.49334 ] } },
{ "type": "Feature", "properties": { "id": "0002", "n": "Hospital Fray Rodrigo de la Cruz", "t": "HOSPITAL", "m": "ANTIGUA GUATEMALA" }, "geometry": { "type": "Point", "coordinates": [ -90.73319, 14.55516 ] } },
{ "type": "Feature", "properties": { "id": "0056", "n": "IGSS de Antigua Guatemala", "t": "IGSS", "m": "ANTIGUA GUATEMALA" }, "geometry": { "type": "Point", "coordinates": [ -90.7352, 14.56465 ] } },
{ "type": "Feature", "properties": { "id": "0003", "n": "Hospital Nacional Pedro de Bethancourt", "t": "HOSPITAL", "m": "ANTIGUA GUATEMALA" }, "geometry": { "type": "Point", "coordinates": [ -90.73166, 14.57098 ] } },
{ "type": "Feature", "properties": { "id": "0001", "n": "DAS de Sacatepéquez", "t": "DIRECCION AREA SALUD", "m": "ANTIGUA GUATEMALA" }, "geometry": { "type": "Point", "coordinates": [ -90.7363, 14.56246 ] } },
{ "type": "Feature", "properties": { "id": "0009", "n": "Puesto de Salud Jocotenango", "t": "PUESTO DE SALUD", "m": "JOCOTENANGO" }, "geometry": { "type": "Point", "coordinates": [ -90.73836, 14.57332 ] } },
{ "type": "Feature", "properties": { "id": "0037", "n": "Centro de Convergencia Vista Hermosa", "t": "CENTRO CONVERGENCIA", "m": "JOCOTENANGO" }, "geometry": { "type": "Point", "coordinates": [ -90.73923, 14.58334 ] } },
{ "type": "Feature", "properties": { "id": "0038", "n": "Centro de Convergencia La Rinconada", "t": "CENTRO CONVERGENCIA", "m": "JOCOTENANGO" }, "geometry": { "type": "Point", "coordinates": [ -90.72382, 14.58543 ] } },
{ "type": "Feature", "properties": { "id": "0039", "n": "Centro de Convergencia Mano de León", "t": "CENTRO CONVERGENCIA", "m": "JOCOTENANGO" }, "geometry": { "type": "Point", "coordinates": [ -90.71912, 14.60427 ] } },
{ "type": "Feature", "properties": { "id": "0010", "n": "Puesto de Salud de Pastores", "t": "PUESTO DE SALUD", "m": "PASTORES" }, "geometry": { "type": "Point", "coordinates": [ -90.75614, 14.5979 ] } },
{ "type": "Feature", "properties": { "id": "0004", "n": "Centro de Salud de Antigua Guatemala", "t": "CENTRO DE SALUD", "m": "ANTIGUA GUATEMALA" }, "geometry": { "type": "Point", "coordinates": [ -90.73551, 14.56463 ] } },
{ "type": "Feature", "properties": { "id": "0226", "n": "Centro de Salud San José Poaquil", "t": "CENTRO DE SALUD", "m": "SAN JOSE POAQUIL" }, "geometry": { "type": "Point", "coordinates": [ -90.91516, 14.81793 ] } },
{ "type": "Feature", "properties": { "id": "0246", "n": "Centro de Convergencia Xequechelaj", "t": "CENTRO CONVERGENCIA", "m": "SANTA APOLONIA" }, "geometry": { "type": "Point", "coordinates": [ -90.92702, 14.83397 ] } },
{ "type": "Feature", "properties": { "id": "0233", "n": "Centro de Convergencis Chua Cruz", "t": "CENTRO CONVERGENCIA", "m": "SAN JOSE POAQUIL" }, "geometry": { "type": "Point", "coordinates": [ -90.93026, 14.84654 ] } },
{ "type": "Feature", "properties": { "id": "0231", "n": "Puesto de Salud Palama", "t": "PUESTO DE SALUD", "m": "SAN JOSE POAQUIL" }, "geometry": { "type": "Point", "coordinates": [ -90.93533, 14.85316 ] } },
{ "type": "Feature", "properties": { "id": "0243", "n": "Centro de Convergencis Paxcabalche", "t": "CENTRO CONVERGENCIA", "m": "SAN JOSE POAQUIL" }, "geometry": { "type": "Point", "coordinates": [ -90.92019, 14.85516 ] } },
{ "type": "Feature", "properties": { "id": "0236", "n": "Centro de Converegencia Hacienda Vieja", "t": "CENTRO CONVERGENCIA", "m": "SAN JOSE POAQUIL" }, "geometry": { "type": "Point", "coordinates": [ -90.9365, 14.87588 ] } },
{ "type": "Feature", "properties": { "id": "0229", "n": "Puesto de Salud La Garrucha", "t": "PUESTO DE SALUD", "m": "SAN JOSE POAQUIL" }, "geometry": { "type": "Point", "coordinates": [ -90.93199, 14.89633 ] } },
{ "type": "Feature", "properties": { "id": "0238", "n": "Centro de Convergencia Paley", "t": "CENTRO CONVERGENCIA", "m": "SAN JOSE POAQUIL" }, "geometry": { "type": "Point", "coordinates": [ -90.92446, 14.8666 ] } },
{ "type": "Feature", "properties": { "id": "0242", "n": "Centro de Convergencis Patoquer", "t": "CENTRO CONVERGENCIA", "m": "SAN JOSE POAQUIL" }, "geometry": { "type": "Point", "coordinates": [ -90.92588, 14.87569 ] } },
{ "type": "Feature", "properties": { "id": "0228", "n": "Puesto de Salud Hacienda María", "t": "PUESTO DE SALUD", "m": "SAN JOSE POAQUIL" }, "geometry": { "type": "Point", "coordinates": [ -90.91529, 14.87098 ] } },
{ "type": "Feature", "properties": { "id": "0245", "n": "Centro de Convergencia Xejuyu", "t": "CENTRO CONVERGENCIA", "m": "SAN JOSE POAQUIL" }, "geometry": { "type": "Point", "coordinates": [ -90.90861, 14.88634 ] } },
{ "type": "Feature", "properties": { "id": "0241", "n": "Centro de Convergencia Parexchej", "t": "CENTRO CONVERGENCIA", "m": "SAN JOSE POAQUIL" }, "geometry": { "type": "Point", "coordinates": [ -90.906, 14.89909 ] } },
{ "type": "Feature", "properties": { "id": "0237", "n": "Centro de Convergencia Nueva Esperanza", "t": "CENTRO CONVERGENCIA", "m": "SAN JOSE POAQUIL" }, "geometry": { "type": "Point", "coordinates": [ -90.90763, 14.8658 ] } },
{ "type": "Feature", "properties": { "id": "0230", "n": "Puesto de Salud Ojer Caibal", "t": "PUESTO DE SALUD", "m": "SAN JOSE POAQUIL" }, "geometry": { "type": "Point", "coordinates": [ -90.89908, 14.86578 ] } },
{ "type": "Feature", "properties": { "id": "0240", "n": "Centro de Convergencis Panimasiguan", "t": "CENTRO CONVERGENCIA", "m": "SAN JOSE POAQUIL" }, "geometry": { "type": "Point", "coordinates": [ -90.89078, 14.8559 ] } },
{ "type": "Feature", "properties": { "id": "0227", "n": "Puesto de Salud Saquitacaj", "t": "PUESTO DE SALUD", "m": "SAN JOSE POAQUIL" }, "geometry": { "type": "Point", "coordinates": [ -90.9104, 14.83739 ] } },
{ "type": "Feature", "properties": { "id": "0244", "n": "Centro de Convergencis Quisaya", "t": "CENTRO CONVERGENCIA", "m": "SAN JOSE POAQUIL" }, "geometry": { "type": "Point", "coordinates": [ -90.85414, 14.84128 ] } },
{ "type": "Feature", "properties": { "id": "0232", "n": "Puesto de Salud Panimacac", "t": "PUESTO DE SALUD", "m": "SAN JOSE POAQUIL" }, "geometry": { "type": "Point", "coordinates": [ -90.8619, 14.83569 ] } },
{ "type": "Feature", "properties": { "id": "0239", "n": "Centro de Convergencis Paneya", "t": "CENTRO CONVERGENCIA", "m": "SAN JOSE POAQUIL" }, "geometry": { "type": "Point", "coordinates": [ -90.87916, 14.83322 ] } },
{ "type": "Feature", "properties": { "id": "0234", "n": "Centro de Convergencia Chuiquisaya", "t": "CENTRO CONVERGENCIA", "m": "SAN JOSE POAQUIL" }, "geometry": { "type": "Point", "coordinates": [ -90.86808, 14.84917 ] } },
{ "type": "Feature", "properties": { "id": "0235", "n": "Centro de Convergencia Criraxaj", "t": "CENTRO CONVERGENCIA", "m": "SANTA APOLONIA" }, "geometry": { "type": "Point", "coordinates": [ -90.93281, 14.7934 ] } },
{ "type": "Feature", "properties": { "id": "0265", "n": "Centro de Salud Patzicía", "t": "CENTRO DE SALUD", "m": "PATZICIA" }, "geometry": { "type": "Point", "coordinates": [ -90.91822, 14.63001 ] } },
{ "type": "Feature", "properties": { "id": "0266", "n": "Puesto de Salud Pahuit", "t": "PUESTO DE SALUD", "m": "PATZICIA" }, "geometry": { "type": "Point", "coordinates": [ -90.94112, 14.59605 ] } },
{ "type": "Feature", "properties": { "id": "0331", "n": "IGSS", "t": "IGSS", "m": "PATZICIA" }, "geometry": { "type": "Point", "coordinates": [ -90.92352, 14.63001 ] } },
{ "type": "Feature", "properties": { "id": "0268", "n": "Puesto de Salud El Caman", "t": "PUESTO DE SALUD", "m": "PATZICIA" }, "geometry": { "type": "Point", "coordinates": [ -90.94916, 14.68474 ] } },
{ "type": "Feature", "properties": { "id": "0311", "n": "Centro de Salud Santa Apolonia", "t": "CENTRO DE SALUD", "m": "SANTA APOLONIA" }, "geometry": { "type": "Point", "coordinates": [ -90.97143, 14.79088 ] } },
{ "type": "Feature", "properties": { "id": "0315", "n": "Centro de Convergencia Pacutan", "t": "CENTRO CONVERGENCIA", "m": "SANTA APOLONIA" }, "geometry": { "type": "Point", "coordinates": [ -90.95319, 14.78463 ] } },
{ "type": "Feature", "properties": { "id": "0313", "n": "Centro de Convergencia Choantonio", "t": "CENTRO CONVERGENCIA", "m": "SANTA APOLONIA" }, "geometry": { "type": "Point", "coordinates": [ -90.94433, 14.79282 ] } },
{ "type": "Feature", "properties": { "id": "0321", "n": "Centro de Convergencia Chuachun", "t": "CENTRO CONVERGENCIA", "m": "SANTA APOLONIA" }, "geometry": { "type": "Point", "coordinates": [ -90.95733, 14.80661 ] } },
{ "type": "Feature", "properties": { "id": "0322", "n": "Centro de Convergencia Patzaj", "t": "CENTRO CONVERGENCIA", "m": "SANTA APOLONIA" }, "geometry": { "type": "Point", "coordinates": [ -90.94992, 14.81886 ] } },
{ "type": "Feature", "properties": { "id": "0312", "n": "Puesto de Salud Chipata", "t": "PUESTO DE SALUD", "m": "SANTA APOLONIA" }, "geometry": { "type": "Point", "coordinates": [ -90.94148, 14.81787 ] } },
{ "type": "Feature", "properties": { "id": "0314", "n": "Centro de Convergencia Chuacacay", "t": "CENTRO CONVERGENCIA", "m": "SANTA APOLONIA" }, "geometry": { "type": "Point", "coordinates": [ -90.93196, 14.83433 ] } },
{ "type": "Feature", "properties": { "id": "0318", "n": "Centro de Convergencia Xeabaj", "t": "CENTRO CONVERGENCIA", "m": "SANTA APOLONIA" }, "geometry": { "type": "Point", "coordinates": [ -90.93786, 14.82918 ] } },
{ "type": "Feature", "properties": { "id": "0319", "n": "Centro de Convergencia Xepanil", "t": "CENTRO CONVERGENCIA", "m": "SANTA APOLONIA" }, "geometry": { "type": "Point", "coordinates": [ -90.95056, 14.83928 ] } },
{ "type": "Feature", "properties": { "id": "0317", "n": "Centro de Convergencia Parajbey", "t": "CENTRO CONVERGENCIA", "m": "SANTA APOLONIA" }, "geometry": { "type": "Point", "coordinates": [ -90.944, 14.84772 ] } },
{ "type": "Feature", "properties": { "id": "0316", "n": "Centro de Convergencia Panatzan", "t": "CENTRO CONVERGENCIA", "m": "SANTA APOLONIA" }, "geometry": { "type": "Point", "coordinates": [ -90.94449, 14.87798 ] } },
{ "type": "Feature", "properties": { "id": "0320", "n": "Centro de Convergencia Xesajcap", "t": "CENTRO CONVERGENCIA", "m": "SANTA APOLONIA" }, "geometry": { "type": "Point", "coordinates": [ -90.96377, 14.81088 ] } },
{ "type": "Feature", "properties": { "id": "0218", "n": "Centro de Convergencis Pachitur", "t": "CENTRO CONVERGENCIA", "m": "SAN JUAN COMALAPA" }, "geometry": { "type": "Point", "coordinates": [ -90.86228, 14.71071 ] } },
{ "type": "Feature", "properties": { "id": "0219", "n": "Centro de Convergencia Victorias", "t": "CENTRO CONVERGENCIA", "m": "SAN JUAN COMALAPA" }, "geometry": { "type": "Point", "coordinates": [ -90.88147, 14.73592 ] } },
{ "type": "Feature", "properties": { "id": "0213", "n": "Puesto de Salud Xiquin Sanahi", "t": "PUESTO DE SALUD", "m": "SAN JUAN COMALAPA" }, "geometry": { "type": "Point", "coordinates": [ -90.84641, 14.73161 ] } },
{ "type": "Feature", "properties": { "id": "0214", "n": "Puesto de Salud Paraxaj", "t": "PUESTO DE SALUD", "m": "SAN JUAN COMALAPA" }, "geometry": { "type": "Point", "coordinates": [ -90.84751, 14.74004 ] } },
{ "type": "Feature", "properties": { "id": "0222", "n": "Centro de Convergencia Panicuy", "t": "CENTRO CONVERGENCIA", "m": "SAN JUAN COMALAPA" }, "geometry": { "type": "Point", "coordinates": [ -90.83264, 14.74815 ] } },
{ "type": "Feature", "properties": { "id": "0210", "n": "Puesto de Salud Paquixic", "t": "PUESTO DE SALUD", "m": "SAN JUAN COMALAPA" }, "geometry": { "type": "Point", "coordinates": [ -90.85927, 14.7569 ] } },
{ "type": "Feature", "properties": { "id": "0212", "n": "Puesto de Salud Pumumus", "t": "PUESTO DE SALUD", "m": "SAN JUAN COMALAPA" }, "geometry": { "type": "Point", "coordinates": [ -90.8793, 14.76937 ] } },
{ "type": "Feature", "properties": { "id": "0209", "n": "Puesto de Salud Simajhuleu", "t": "PUESTO DE SALUD", "m": "SAN JUAN COMALAPA" }, "geometry": { "type": "Point", "coordinates": [ -90.8516, 14.79656 ] } },
{ "type": "Feature", "properties": { "id": "0221", "n": "Centro de Convergencia Agua Caliente", "t": "CENTRO CONVERGENCIA", "m": "SAN JUAN COMALAPA" }, "geometry": { "type": "Point", "coordinates": [ -90.85703, 14.80458 ] } },
{ "type": "Feature", "properties": { "id": "0223", "n": "Centro de Convergencia Panimacac", "t": "CENTRO CONVERGENCIA", "m": "SAN JOSE POAQUIL" }, "geometry": { "type": "Point", "coordinates": [ -90.86005, 14.83022 ] } },
{ "type": "Feature", "properties": { "id": "0248", "n": "Centro de Salud Patzún", "t": "CENTRO DE SALUD", "m": "PATZUN" }, "geometry": { "type": "Point", "coordinates": [ -91.01404, 14.6809 ] } },
{ "type": "Feature", "properties": { "id": "0250", "n": "Puesto de Salud Las Camelias", "t": "PUESTO DE SALUD", "m": "PATZUN" }, "geometry": { "type": "Point", "coordinates": [ -90.97599, 14.64367 ] } },
{ "type": "Feature", "properties": { "id": "0249", "n": "Puesto de Salud El Sitio", "t": "PUESTO DE SALUD", "m": "PATZUN" }, "geometry": { "type": "Point", "coordinates": [ -90.96564, 14.6362 ] } },
{ "type": "Feature", "properties": { "id": "0261", "n": "Centro de convergencia Pachimulin", "t": "CENTRO CONVERGENCIA", "m": "PATZUN" }, "geometry": { "type": "Point", "coordinates": [ -90.96858, 14.61543 ] } },
{ "type": "Feature", "properties": { "id": "0257", "n": "Centro de Convergencia La Pila", "t": "CENTRO CONVERGENCIA", "m": "PATZUN" }, "geometry": { "type": "Point", "coordinates": [ -90.96215, 14.60885 ] } },
{ "type": "Feature", "properties": { "id": "0254", "n": "Centro de Convergencia El Cojobal", "t": "CENTRO CONVERGENCIA", "m": "PATZUN" }, "geometry": { "type": "Point", "coordinates": [ -90.98231, 14.64867 ] } },
{ "type": "Feature", "properties": { "id": "0256", "n": "Centro de Convergencia El Llano", "t": "CENTRO CONVERGENCIA", "m": "PATZUN" }, "geometry": { "type": "Point", "coordinates": [ -90.99992, 14.7026 ] } },
{ "type": "Feature", "properties": { "id": "0260", "n": "Centro de Convergencia CHUIQUEL", "t": "CENTRO CONVERGENCIA", "m": "PATZUN" }, "geometry": { "type": "Point", "coordinates": [ -91.03476, 14.67388 ] } },
{ "type": "Feature", "properties": { "id": "0252", "n": "Puesto de Salud San José Xepatan", "t": "PUESTO DE SALUD", "m": "PATZUN" }, "geometry": { "type": "Point", "coordinates": [ -91.03419, 14.64647 ] } },
{ "type": "Feature", "properties": { "id": "0258", "n": "Centro de Convergencia Xejolon", "t": "CENTRO CONVERGENCIA", "m": "PATZUN" }, "geometry": { "type": "Point", "coordinates": [ -91.06959, 14.64387 ] } },
{ "type": "Feature", "properties": { "id": "0255", "n": "Centro de Convergencia Chuchuca Alto", "t": "CENTRO CONVERGENCIA", "m": "PATZUN" }, "geometry": { "type": "Point", "coordinates": [ -91.04444, 14.65938 ] } },
{ "type": "Feature", "properties": { "id": "0259", "n": "Centro de Convergencia Chuinimachicaj", "t": "CENTRO CONVERGENCIA", "m": "PATZUN" }, "geometry": { "type": "Point", "coordinates": [ -91.0655, 14.65728 ] } },
{ "type": "Feature", "properties": { "id": "0251", "n": "Puesto de Salud Chipiacul", "t": "PUESTO DE SALUD", "m": "PATZUN" }, "geometry": { "type": "Point", "coordinates": [ -91.06567, 14.67055 ] } },
{ "type": "Feature", "properties": { "id": "0253", "n": "Puesto de Salud Xeatzan Bajo", "t": "PUESTO DE SALUD", "m": "PATZUN" }, "geometry": { "type": "Point", "coordinates": [ -91.05416, 14.67544 ] } },
{ "type": "Feature", "properties": { "id": "0269", "n": "Puesto de Salud Santa Cruz Balanyá", "t": "PUESTO DE SALUD", "m": "SANTA CRUZ BALANYA" }, "geometry": { "type": "Point", "coordinates": [ -90.92364, 14.68437 ] } },
{ "type": "Feature", "properties": { "id": "0267", "n": "Puesto de Salud Chimazat", "t": "PUESTO DE SALUD", "m": "SANTA CRUZ BALANYA" }, "geometry": { "type": "Point", "coordinates": [ -90.94511, 14.70191 ] } },
{ "type": "Feature", "properties": { "id": "0274", "n": "Centro de Salud Acatenango", "t": "CENTRO DE SALUD", "m": "ACATENANGO" }, "geometry": { "type": "Point", "coordinates": [ -90.94429, 14.55373 ] } },
{ "type": "Feature", "properties": { "id": "0277", "n": "Puesto de Salud San Antonio Nejapa", "t": "PUESTO DE SALUD", "m": "ACATENANGO" }, "geometry": { "type": "Point", "coordinates": [ -90.931, 14.56677 ] } },
{ "type": "Feature", "properties": { "id": "0279", "n": "Centro de Convergencia Paraxaj", "t": "CENTRO CONVERGENCIA", "m": "ACATENANGO" }, "geometry": { "type": "Point", "coordinates": [ -90.94271, 14.57356 ] } },
{ "type": "Feature", "properties": { "id": "0278", "n": "Puesto de Salud El Socorro", "t": "PUESTO DE SALUD", "m": "ACATENANGO" }, "geometry": { "type": "Point", "coordinates": [ -90.97253, 14.54806 ] } },
{ "type": "Feature", "properties": { "id": "0280", "n": "Centro de Convergencis Los Planes", "t": "CENTRO CONVERGENCIA", "m": "ACATENANGO" }, "geometry": { "type": "Point", "coordinates": [ -90.9172, 14.56458 ] } },
{ "type": "Feature", "properties": { "id": "0276", "n": "Puesto de Salud Pajales", "t": "PUESTO DE SALUD", "m": "ACATENANGO" }, "geometry": { "type": "Point", "coordinates": [ -90.89369, 14.55 ] } },
{ "type": "Feature", "properties": { "id": "0275", "n": "Puesto de Salud Quizache", "t": "PUESTO DE SALUD", "m": "ACATENANGO" }, "geometry": { "type": "Point", "coordinates": [ -90.94127, 14.52286 ] } },
{ "type": "Feature", "properties": { "id": "0289", "n": "Centro de Salud San Pedro Yepocapa", "t": "CENTRO DE SALUD", "m": "YEPOCAPA" }, "geometry": { "type": "Point", "coordinates": [ -90.95386, 14.5006 ] } },
{ "type": "Feature", "properties": { "id": "0294", "n": "Centro de Convergencia Santa Sofía", "t": "CENTRO CONVERGENCIA", "m": "YEPOCAPA" }, "geometry": { "type": "Point", "coordinates": [ -90.96747, 14.40849 ] } },
{ "type": "Feature", "properties": { "id": "0291", "n": "Puesto de Salud Morelia", "t": "PUESTO DE SALUD", "m": "YEPOCAPA" }, "geometry": { "type": "Point", "coordinates": [ -90.95152, 14.4201 ] } },
{ "type": "Feature", "properties": { "id": "0111", "n": "Centro de Salud Tecpán", "t": "CENTRO DE SALUD", "m": "TECPAN GUATEMALA" }, "geometry": { "type": "Point", "coordinates": [ -90.99252, 14.76108 ] } },
{ "type": "Feature", "properties": { "id": "0110", "n": "Hospital en Construcción", "t": "HOSPITAL", "m": "TECPAN GUATEMALA" }, "geometry": { "type": "Point", "coordinates": [ -90.99155, 14.75303 ] } },
{ "type": "Feature", "properties": { "id": "0122", "n": "Centro de Convergencia Mirador", "t": "CENTRO CONVERGENCIA", "m": "TECPAN GUATEMALA" }, "geometry": { "type": "Point", "coordinates": [ -90.99799, 14.75051 ] } },
{ "type": "Feature", "properties": { "id": "0152", "n": "Centro de Convergencia Pueblo Viejo", "t": "CENTRO CONVERGENCIA", "m": "TECPAN GUATEMALA" }, "geometry": { "type": "Point", "coordinates": [ -90.99993, 14.74622 ] } },
{ "type": "Feature", "properties": { "id": "0156", "n": "Centro de Convergencia Xetzac", "t": "CENTRO CONVERGENCIA", "m": "TECPAN GUATEMALA" }, "geometry": { "type": "Point", "coordinates": [ -90.98381, 14.78302 ] } },
{ "type": "Feature", "properties": { "id": "0126", "n": "Centro de Convergencia Panianzana", "t": "CENTRO CONVERGENCIA", "m": "TECPAN GUATEMALA" }, "geometry": { "type": "Point", "coordinates": [ -90.97431, 14.74577 ] } },
{ "type": "Feature", "properties": { "id": "0125", "n": "Centro de Convergencia Vista Bella", "t": "CENTRO CONVERGENCIA", "m": "TECPAN GUATEMALA" }, "geometry": { "type": "Point", "coordinates": [ -90.96951, 14.74527 ] } },
{ "type": "Feature", "properties": { "id": "0117", "n": "Puesto de Salud Xenimajuyu", "t": "PUESTO DE SALUD", "m": "TECPAN GUATEMALA" }, "geometry": { "type": "Point", "coordinates": [ -90.96762, 14.7257 ] } },
{ "type": "Feature", "properties": { "id": "0130", "n": "Centro de Convergencia Xetonox", "t": "CENTRO CONVERGENCIA", "m": "TECPAN GUATEMALA" }, "geometry": { "type": "Point", "coordinates": [ -90.94734, 14.76874 ] } },
{ "type": "Feature", "properties": { "id": "0132", "n": "Centro de Convergencia Panabajal", "t": "CENTRO CONVERGENCIA", "m": "TECPAN GUATEMALA" }, "geometry": { "type": "Point", "coordinates": [ -90.95772, 14.75595 ] } },
{ "type": "Feature", "properties": { "id": "0131", "n": "Centro de Convergencia Caserio la Unión", "t": "CENTRO CONVERGENCIA", "m": "TECPAN GUATEMALA" }, "geometry": { "type": "Point", "coordinates": [ -90.94511, 14.74027 ] } },
{ "type": "Feature", "properties": { "id": "0127", "n": "Centro de Convergencia Pacorral", "t": "CENTRO CONVERGENCIA", "m": "TECPAN GUATEMALA" }, "geometry": { "type": "Point", "coordinates": [ -90.94085, 14.72973 ] } },
{ "type": "Feature", "properties": { "id": "0129", "n": "Centro de Convergencia Tzanabaj", "t": "CENTRO CONVERGENCIA", "m": "TECPAN GUATEMALA" }, "geometry": { "type": "Point", "coordinates": [ -90.95186, 14.72664 ] } },
{ "type": "Feature", "properties": { "id": "0121", "n": "Puesto de Salud San José Chirijuyu", "t": "PUESTO DE SALUD", "m": "TECPAN GUATEMALA" }, "geometry": { "type": "Point", "coordinates": [ -90.94772, 14.71197 ] } },
{ "type": "Feature", "properties": { "id": "0123", "n": "Centro de Convergencia Patio Bolas", "t": "CENTRO CONVERGENCIA", "m": "TECPAN GUATEMALA" }, "geometry": { "type": "Point", "coordinates": [ -90.95942, 14.71381 ] } },
{ "type": "Feature", "properties": { "id": "0120", "n": "Puesto de Salud Chirijuyu", "t": "PUESTO DE SALUD", "m": "TECPAN GUATEMALA" }, "geometry": { "type": "Point", "coordinates": [ -90.96114, 14.6991 ] } },
{ "type": "Feature", "properties": { "id": "0128", "n": "Centro de Convergencia Paxorotot", "t": "CENTRO CONVERGENCIA", "m": "TECPAN GUATEMALA" }, "geometry": { "type": "Point", "coordinates": [ -90.97859, 14.71262 ] } },
{ "type": "Feature", "properties": { "id": "0150", "n": "Centro de Convergencia Cruz de Santiago", "t": "CENTRO CONVERGENCIA", "m": "TECPAN GUATEMALA" }, "geometry": { "type": "Point", "coordinates": [ -90.99228, 14.72308 ] } },
{ "type": "Feature", "properties": { "id": "0157", "n": "Centro de Convergencia Chatzite", "t": "CENTRO CONVERGENCIA", "m": "TECPAN GUATEMALA" }, "geometry": { "type": "Point", "coordinates": [ -91.00487, 14.71547 ] } },
{ "type": "Feature", "properties": { "id": "0114", "n": "Puesto de Salud Xejavi", "t": "PUESTO DE SALUD", "m": "TECPAN GUATEMALA" }, "geometry": { "type": "Point", "coordinates": [ -91.06126, 14.7426 ] } },
{ "type": "Feature", "properties": { "id": "0112", "n": "Puesto de Salud Caliaj", "t": "PUESTO DE SALUD", "m": "TECPAN GUATEMALA" }, "geometry": { "type": "Point", "coordinates": [ -91.08626, 14.75827 ] } },
{ "type": "Feature", "properties": { "id": "0124", "n": "Centro de Convergencia Potrerillos", "t": "CENTRO CONVERGENCIA", "m": "TECPAN GUATEMALA" }, "geometry": { "type": "Point", "coordinates": [ -91.06861, 14.78819 ] } },
{ "type": "Feature", "properties": { "id": "0113", "n": "Puesto de Salud Caquixajay", "t": "PUESTO DE SALUD", "m": "TECPAN GUATEMALA" }, "geometry": { "type": "Point", "coordinates": [ -91.06123, 14.77156 ] } },
{ "type": "Feature", "properties": { "id": "0153", "n": "Centro de Convergencia San Carlos", "t": "CENTRO CONVERGENCIA", "m": "TECPAN GUATEMALA" }, "geometry": { "type": "Point", "coordinates": [ -90.98338, 14.82252 ] } },
{ "type": "Feature", "properties": { "id": "0151", "n": "Centro de Convergencia Panimachavac", "t": "CENTRO CONVERGENCIA", "m": "TECPAN GUATEMALA" }, "geometry": { "type": "Point", "coordinates": [ -90.99184, 14.83449 ] } },
{ "type": "Feature", "properties": { "id": "0154", "n": "Centro de Convergencia San Vicente", "t": "CENTRO CONVERGENCIA", "m": "TECPAN GUATEMALA" }, "geometry": { "type": "Point", "coordinates": [ -91.00166, 14.85117 ] } },
{ "type": "Feature", "properties": { "id": "0115", "n": "Puesto de Salud Palama Tecpán", "t": "PUESTO DE SALUD", "m": "TECPAN GUATEMALA" }, "geometry": { "type": "Point", "coordinates": [ -91.00933, 14.86164 ] } },
{ "type": "Feature", "properties": { "id": "0116", "n": "Puesto de Salud Xecoxol", "t": "PUESTO DE SALUD", "m": "TECPAN GUATEMALA" }, "geometry": { "type": "Point", "coordinates": [ -90.98353, 14.86235 ] } },
{ "type": "Feature", "properties": { "id": "0155", "n": "Centro de Convergencia Xepac", "t": "CENTRO CONVERGENCIA", "m": "TECPAN GUATEMALA" }, "geometry": { "type": "Point", "coordinates": [ -90.96495, 14.85233 ] } },
{ "type": "Feature", "properties": { "id": "0141", "n": "Centro de Convergencia Paquip", "t": "CENTRO CONVERGENCIA", "m": "TECPAN GUATEMALA" }, "geometry": { "type": "Point", "coordinates": [ -90.98129, 14.89274 ] } },
{ "type": "Feature", "properties": { "id": "0138", "n": "Centro de Convergencia Paley", "t": "CENTRO CONVERGENCIA", "m": "TECPAN GUATEMALA" }, "geometry": { "type": "Point", "coordinates": [ -90.98666, 14.89578 ] } },
{ "type": "Feature", "properties": { "id": "0139", "n": "Centro de Convergencia Palima", "t": "CENTRO CONVERGENCIA", "m": "TECPAN GUATEMALA" }, "geometry": { "type": "Point", "coordinates": [ -90.96819, 14.89848 ] } },
{ "type": "Feature", "properties": { "id": "0145", "n": "Centro de Convergencia El Tesoro", "t": "CENTRO CONVERGENCIA", "m": "TECPAN GUATEMALA" }, "geometry": { "type": "Point", "coordinates": [ -90.95528, 14.91828 ] } },
{ "type": "Feature", "properties": { "id": "0119", "n": "Puesto de Salud Pacacay", "t": "PUESTO DE SALUD", "m": "TECPAN GUATEMALA" }, "geometry": { "type": "Point", "coordinates": [ -90.98778, 14.91332 ] } },
{ "type": "Feature", "properties": { "id": "0137", "n": "Centro de Convergencia Pacan", "t": "CENTRO CONVERGENCIA", "m": "TECPAN GUATEMALA" }, "geometry": { "type": "Point", "coordinates": [ -91.00004, 14.92653 ] } },
{ "type": "Feature", "properties": { "id": "0143", "n": "Centro de Convergencia Vista Hermosa", "t": "CENTRO CONVERGENCIA", "m": "TECPAN GUATEMALA" }, "geometry": { "type": "Point", "coordinates": [ -90.99555, 14.91361 ] } },
{ "type": "Feature", "properties": { "id": "0142", "n": "Centro de Convergencia Paraxquin", "t": "CENTRO CONVERGENCIA", "m": "TECPAN GUATEMALA" }, "geometry": { "type": "Point", "coordinates": [ -91.00576, 14.91257 ] } },
{ "type": "Feature", "properties": { "id": "0136", "n": "Centro de Convergencia Los Planes", "t": "CENTRO CONVERGENCIA", "m": "TECPAN GUATEMALA" }, "geometry": { "type": "Point", "coordinates": [ -91.0078, 14.9097 ] } },
{ "type": "Feature", "properties": { "id": "0133", "n": "Centro de Convergencia Chicapir", "t": "CENTRO CONVERGENCIA", "m": "TECPAN GUATEMALA" }, "geometry": { "type": "Point", "coordinates": [ -91.01359, 14.9006 ] } },
{ "type": "Feature", "properties": { "id": "0144", "n": "Centro de Convergencia Pachichiac", "t": "CENTRO CONVERGENCIA", "m": "TECPAN GUATEMALA" }, "geometry": { "type": "Point", "coordinates": [ -91.00448, 14.8958 ] } },
{ "type": "Feature", "properties": { "id": "0140", "n": "Centro de Convergencia Pamezul", "t": "CENTRO CONVERGENCIA", "m": "TECPAN GUATEMALA" }, "geometry": { "type": "Point", "coordinates": [ -91.01415, 14.87405 ] } },
{ "type": "Feature", "properties": { "id": "0134", "n": "Centro de Convergencia Chijacinto", "t": "CENTRO CONVERGENCIA", "m": "TECPAN GUATEMALA" }, "geometry": { "type": "Point", "coordinates": [ -91.01998, 14.88961 ] } },
{ "type": "Feature", "properties": { "id": "0147", "n": "Centro de Convergencia Chajalajya", "t": "CENTRO CONVERGENCIA", "m": "TECPAN GUATEMALA" }, "geometry": { "type": "Point", "coordinates": [ -90.99469, 14.82651 ] } },
{ "type": "Feature", "properties": { "id": "0305", "n": "Centro de Salud Zaragoza", "t": "CENTRO DE SALUD", "m": "ZARAGOZA" }, "geometry": { "type": "Point", "coordinates": [ -90.89255, 14.64873 ] } },
{ "type": "Feature", "properties": { "id": "0306", "n": "Puesto de Salud Las Lomas", "t": "PUESTO DE SALUD", "m": "ZARAGOZA" }, "geometry": { "type": "Point", "coordinates": [ -90.86031, 14.6999 ] } },
{ "type": "Feature", "properties": { "id": "0307", "n": "Puesto de Salud Mancheren Grande", "t": "PUESTO DE SALUD", "m": "ZARAGOZA" }, "geometry": { "type": "Point", "coordinates": [ -90.83268, 14.71283 ] } },
{ "type": "Feature", "properties": { "id": "0309", "n": "Puesto de Salus Puerta Abajo", "t": "PUESTO DE SALUD", "m": "ZARAGOZA" }, "geometry": { "type": "Point", "coordinates": [ -90.87184, 14.66025 ] } },
{ "type": "Feature", "properties": { "id": "0308", "n": "Puesto de Salud Rincon Grande", "t": "PUESTO DE SALUD", "m": "ZARAGOZA" }, "geometry": { "type": "Point", "coordinates": [ -90.89209, 14.6825 ] } },
{ "type": "Feature", "properties": { "id": "0149", "n": "Centro de Convergencia Chuachali", "t": "CENTRO CONVERGENCIA", "m": "TECPAN GUATEMALA" }, "geometry": { "type": "Point", "coordinates": [ -90.98703, 14.7913 ] } },
{ "type": "Feature", "properties": { "id": "0118", "n": "Puesto de Salud Agua Escondida", "t": "PUESTO DE SALUD", "m": "TECPAN GUATEMALA" }, "geometry": { "type": "Point", "coordinates": [ -91.01246, 14.82689 ] } },
{ "type": "Feature", "properties": { "id": "0158", "n": "Centro de Convergencia La Loma", "t": "CENTRO CONVERGENCIA", "m": "TECPAN GUATEMALA" }, "geometry": { "type": "Point", "coordinates": [ -91.03654, 14.84984 ] } },
{ "type": "Feature", "properties": { "id": "0146", "n": "Centro de Convergencia Zaculeu", "t": "CENTRO CONVERGENCIA", "m": "TECPAN GUATEMALA" }, "geometry": { "type": "Point", "coordinates": [ -91.03025, 14.83854 ] } },
{ "type": "Feature", "properties": { "id": "0148", "n": "Centro de Convergencia Chichoy", "t": "CENTRO CONVERGENCIA", "m": "TECPAN GUATEMALA" }, "geometry": { "type": "Point", "coordinates": [ -91.05227, 14.79286 ] } },
{ "type": "Feature", "properties": { "id": "0333", "n": "IGSS", "t": "IGSS", "m": "POCHUTA" }, "geometry": { "type": "Point", "coordinates": [ -91.09006, 14.54349 ] } },
{ "type": "Feature", "properties": { "id": "0283", "n": "Centro de Salud San Miguel Pochuta", "t": "CENTRO DE SALUD", "m": "POCHUTA" }, "geometry": { "type": "Point", "coordinates": [ -91.08712, 14.54633 ] } },
{ "type": "Feature", "properties": { "id": "0286", "n": "Centro de Convergencia Unión Victoria", "t": "CENTRO CONVERGENCIA", "m": "POCHUTA" }, "geometry": { "type": "Point", "coordinates": [ -91.04659, 14.57084 ] } },
{ "type": "Feature", "properties": { "id": "0284", "n": "Centro de Salud Caserio Santa Ana", "t": "CENTRO DE SALUD", "m": "POCHUTA" }, "geometry": { "type": "Point", "coordinates": [ -91.09879, 14.5319 ] } },
{ "type": "Feature", "properties": { "id": "0285", "n": "Centro de Convergencia La Bendición", "t": "CENTRO CONVERGENCIA", "m": "POCHUTA" }, "geometry": { "type": "Point", "coordinates": [ -91.10793, 14.46014 ] } },
{ "type": "Feature", "properties": { "id": "0207", "n": "Centro de Salud San Juan Comalapa", "t": "CENTRO DE SALUD", "m": "SAN JUAN COMALAPA" }, "geometry": { "type": "Point", "coordinates": [ -90.8947, 14.74029 ] } },
{ "type": "Feature", "properties": { "id": "0208", "n": "Puesto de Salud Panabajal", "t": "PUESTO DE SALUD", "m": "SAN JUAN COMALAPA" }, "geometry": { "type": "Point", "coordinates": [ -90.93529, 14.72947 ] } },
{ "type": "Feature", "properties": { "id": "0217", "n": "Centro de Convergencia Xetonox", "t": "CENTRO CONVERGENCIA", "m": "SAN JUAN COMALAPA" }, "geometry": { "type": "Point", "coordinates": [ -90.93376, 14.75289 ] } },
{ "type": "Feature", "properties": { "id": "0215", "n": "Centro de Convergencia Paraxaquen", "t": "CENTRO CONVERGENCIA", "m": "SAN JUAN COMALAPA" }, "geometry": { "type": "Point", "coordinates": [ -90.8964, 14.77588 ] } },
{ "type": "Feature", "properties": { "id": "0211", "n": "Puesto de Salud Patzaj", "t": "PUESTO DE SALUD", "m": "SAN JUAN COMALAPA" }, "geometry": { "type": "Point", "coordinates": [ -90.89905, 14.79216 ] } },
{ "type": "Feature", "properties": { "id": "0328", "n": "Centro de Convergencia Chichali", "t": "CENTRO CONVERGENCIA", "m": "SAN JUAN COMALAPA" }, "geometry": { "type": "Point", "coordinates": [ -90.88612, 14.79485 ] } },
{ "type": "Feature", "properties": { "id": "0216", "n": "Centro de Convergencia Pavit", "t": "CENTRO CONVERGENCIA", "m": "SAN JUAN COMALAPA" }, "geometry": { "type": "Point", "coordinates": [ -90.87914, 14.80431 ] } },
{ "type": "Feature", "properties": { "id": "0329", "n": "Centro de Convegencia Palima", "t": "CENTRO CONVERGENCIA", "m": "SAN JUAN COMALAPA" }, "geometry": { "type": "Point", "coordinates": [ -90.87138, 14.80969 ] } },
{ "type": "Feature", "properties": { "id": "0330", "n": "Centro de Convergencia Paya", "t": "CENTRO CONVERGENCIA", "m": "SAN JUAN COMALAPA" }, "geometry": { "type": "Point", "coordinates": [ -90.9166, 14.77373 ] } },
{ "type": "Feature", "properties": { "id": "0162", "n": "Centro de Salud de San Martín Jilotepeque", "t": "CENTRO DE SALUD", "m": "SAN MARTIN JILOTEPEQUE" }, "geometry": { "type": "Point", "coordinates": [ -90.79444, 14.78084 ] } },
{ "type": "Feature", "properties": { "id": "0191", "n": "Centro de Convergencia Chiarmira", "t": "CENTRO CONVERGENCIA", "m": "SAN MARTIN JILOTEPEQUE" }, "geometry": { "type": "Point", "coordinates": [ -90.7804, 14.79729 ] } },
{ "type": "Feature", "properties": { "id": "0188", "n": "Centro de Convergencia Naranjito", "t": "CENTRO CONVERGENCIA", "m": "SAN MARTIN JILOTEPEQUE" }, "geometry": { "type": "Point", "coordinates": [ -90.77477, 14.77929 ] } },
{ "type": "Feature", "properties": { "id": "0197", "n": "Centro de Convergencia El Platanar", "t": "CENTRO CONVERGENCIA", "m": "SAN MARTIN JILOTEPEQUE" }, "geometry": { "type": "Point", "coordinates": [ -90.7725, 14.78636 ] } },
{ "type": "Feature", "properties": { "id": "0182", "n": "Centro de Convergencia Chipila", "t": "CENTRO CONVERGENCIA", "m": "SAN MARTIN JILOTEPEQUE" }, "geometry": { "type": "Point", "coordinates": [ -90.76318, 14.77932 ] } },
{ "type": "Feature", "properties": { "id": "0186", "n": "Centro de Convergencia Tioxya", "t": "CENTRO CONVERGENCIA", "m": "SAN MARTIN JILOTEPEQUE" }, "geometry": { "type": "Point", "coordinates": [ -90.74095, 14.77243 ] } },
{ "type": "Feature", "properties": { "id": "0170", "n": "Puesto de Salud La Estancia La Virgen", "t": "PUESTO DE SALUD", "m": "SAN MARTIN JILOTEPEQUE" }, "geometry": { "type": "Point", "coordinates": [ -90.72713, 14.77659 ] } },
{ "type": "Feature", "properties": { "id": "0175", "n": "Centro de Convergencia Pacoj Tres Cruces", "t": "CENTRO CONVERGENCIA", "m": "SAN MARTIN JILOTEPEQUE" }, "geometry": { "type": "Point", "coordinates": [ -90.73017, 14.78417 ] } },
{ "type": "Feature", "properties": { "id": "0183", "n": "Centro de Convergencia Cruz Nueva", "t": "CENTRO CONVERGENCIA", "m": "SAN MARTIN JILOTEPEQUE" }, "geometry": { "type": "Point", "coordinates": [ -90.74944, 14.78329 ] } },
{ "type": "Feature", "properties": { "id": "0184", "n": "Centro de Convergencia Pacoj Chijocon", "t": "CENTRO CONVERGENCIA", "m": "SAN MARTIN JILOTEPEQUE" }, "geometry": { "type": "Point", "coordinates": [ -90.73688, 14.79285 ] } },
{ "type": "Feature", "properties": { "id": "0179", "n": "Centro de Convergencia Pacoxpon", "t": "CENTRO CONVERGENCIA", "m": "SAN MARTIN JILOTEPEQUE" }, "geometry": { "type": "Point", "coordinates": [ -90.72815, 14.79974 ] } },
{ "type": "Feature", "properties": { "id": "0180", "n": "Centro de Convergencia Panatzan", "t": "CENTRO CONVERGENCIA", "m": "SAN MARTIN JILOTEPEQUE" }, "geometry": { "type": "Point", "coordinates": [ -90.70191, 14.79771 ] } },
{ "type": "Feature", "properties": { "id": "0168", "n": "Puesto de Salud Choatalun", "t": "PUESTO DE SALUD", "m": "SAN MARTIN JILOTEPEQUE" }, "geometry": { "type": "Point", "coordinates": [ -90.74785, 14.80542 ] } },
{ "type": "Feature", "properties": { "id": "0178", "n": "Centro de Convergencia Santa Teresa", "t": "CENTRO CONVERGENCIA", "m": "SAN MARTIN JILOTEPEQUE" }, "geometry": { "type": "Point", "coordinates": [ -90.76222, 14.79515 ] } },
{ "type": "Feature", "properties": { "id": "0190", "n": "Centro de Convergencia San Francisco", "t": "CENTRO CONVERGENCIA", "m": "SAN MARTIN JILOTEPEQUE" }, "geometry": { "type": "Point", "coordinates": [ -90.79167, 14.76177 ] } },
{ "type": "Feature", "properties": { "id": "0187", "n": "Centro de Convergencia Los Tablones", "t": "CENTRO CONVERGENCIA", "m": "SAN MARTIN JILOTEPEQUE" }, "geometry": { "type": "Point", "coordinates": [ -90.77827, 14.74703 ] } },
{ "type": "Feature", "properties": { "id": "0203", "n": "Centro de Convergencia Panicuy", "t": "CENTRO CONVERGENCIA", "m": "SAN MARTIN JILOTEPEQUE" }, "geometry": { "type": "Point", "coordinates": [ -90.82193, 14.75337 ] } },
{ "type": "Feature", "properties": { "id": "0163", "n": "Puesto de Salud Las Lomas Sacala", "t": "PUESTO DE SALUD", "m": "SAN MARTIN JILOTEPEQUE" }, "geometry": { "type": "Point", "coordinates": [ -90.82441, 14.76729 ] } },
{ "type": "Feature", "properties": { "id": "0192", "n": "Centro de Convergencia Chuisac", "t": "CENTRO CONVERGENCIA", "m": "SAN MARTIN JILOTEPEQUE" }, "geometry": { "type": "Point", "coordinates": [ -90.81933, 14.78251 ] } },
{ "type": "Feature", "properties": { "id": "0189", "n": "Centro de Convergencia Patzocom", "t": "CENTRO CONVERGENCIA", "m": "SAN MARTIN JILOTEPEQUE" }, "geometry": { "type": "Point", "coordinates": [ -90.80475, 14.79429 ] } },
{ "type": "Feature", "properties": { "id": "0194", "n": "Centro de Convergencia Varituc I", "t": "CENTRO CONVERGENCIA", "m": "SAN MARTIN JILOTEPEQUE" }, "geometry": { "type": "Point", "coordinates": [ -90.82183, 14.79506 ] } },
{ "type": "Feature", "properties": { "id": "0196", "n": "Centro de Convergencia El Carmen", "t": "CENTRO CONVERGENCIA", "m": "SAN MARTIN JILOTEPEQUE" }, "geometry": { "type": "Point", "coordinates": [ -90.83451, 14.7923 ] } },
{ "type": "Feature", "properties": { "id": "0200", "n": "Centro de Convergencia San Bartolome", "t": "CENTRO CONVERGENCIA", "m": "SAN MARTIN JILOTEPEQUE" }, "geometry": { "type": "Point", "coordinates": [ -90.83347, 14.80241 ] } },
{ "type": "Feature", "properties": { "id": "0195", "n": "Centro de Convergencia Candelaria", "t": "CENTRO CONVERGENCIA", "m": "SAN MARTIN JILOTEPEQUE" }, "geometry": { "type": "Point", "coordinates": [ -90.81473, 14.8179 ] } },
{ "type": "Feature", "properties": { "id": "0198", "n": "Centro de Convergencia La Unión", "t": "CENTRO CONVERGENCIA", "m": "SAN MARTIN JILOTEPEQUE" }, "geometry": { "type": "Point", "coordinates": [ -90.81045, 14.8236 ] } },
{ "type": "Feature", "properties": { "id": "0202", "n": "Centro de Convergencia El Rincon", "t": "CENTRO CONVERGENCIA", "m": "SAN MARTIN JILOTEPEQUE" }, "geometry": { "type": "Point", "coordinates": [ -90.81816, 14.82632 ] } },
{ "type": "Feature", "properties": { "id": "0193", "n": "Centro de Convergencia El Molino", "t": "CENTRO CONVERGENCIA", "m": "SAN MARTIN JILOTEPEQUE" }, "geometry": { "type": "Point", "coordinates": [ -90.80045, 14.804 ] } },
{ "type": "Feature", "properties": { "id": "0199", "n": "Centro de Convergencia Pueblo de Dios", "t": "CENTRO CONVERGENCIA", "m": "SAN MARTIN JILOTEPEQUE" }, "geometry": { "type": "Point", "coordinates": [ -90.79233, 14.81529 ] } },
{ "type": "Feature", "properties": { "id": "0181", "n": "Centro de Convergencia Quimal La Joya", "t": "CENTRO CONVERGENCIA", "m": "SAN MARTIN JILOTEPEQUE" }, "geometry": { "type": "Point", "coordinates": [ -90.76473, 14.83834 ] } },
{ "type": "Feature", "properties": { "id": "0161", "n": "Hospital de San Martín Jilotepeque", "t": "HOSPITAL", "m": "SAN MARTIN JILOTEPEQUE" }, "geometry": { "type": "Point", "coordinates": [ -90.78989, 14.79146 ] } },
{ "type": "Feature", "properties": { "id": "0164", "n": "Puesto de Salud Los Jometes", "t": "PUESTO DE SALUD", "m": "SAN MARTIN JILOTEPEQUE" }, "geometry": { "type": "Point", "coordinates": [ -90.80465, 14.85946 ] } },
{ "type": "Feature", "properties": { "id": "0172", "n": "Centro de Convergencia Providencia", "t": "CENTRO CONVERGENCIA", "m": "SAN MARTIN JILOTEPEQUE" }, "geometry": { "type": "Point", "coordinates": [ -90.81809, 14.88522 ] } },
{ "type": "Feature", "properties": { "id": "0165", "n": "Puesto de Salud El Rosario Canajal", "t": "PUESTO DE SALUD", "m": "SAN MARTIN JILOTEPEQUE" }, "geometry": { "type": "Point", "coordinates": [ -90.86582, 14.8955 ] } },
{ "type": "Feature", "properties": { "id": "0171", "n": "Centro de Convergencia Aguacate", "t": "CENTRO CONVERGENCIA", "m": "SAN MARTIN JILOTEPEQUE" }, "geometry": { "type": "Point", "coordinates": [ -90.8898, 14.89914 ] } },
{ "type": "Feature", "properties": { "id": "0204", "n": "Centro de Convergencia San José El Rodeo", "t": "CENTRO CONVERGENCIA", "m": "SAN MARTIN JILOTEPEQUE" }, "geometry": { "type": "Point", "coordinates": [ -90.85858, 14.87229 ] } },
{ "type": "Feature", "properties": { "id": "0201", "n": "Centro de Convergencia Cimarron", "t": "CENTRO CONVERGENCIA", "m": "SAN MARTIN JILOTEPEQUE" }, "geometry": { "type": "Point", "coordinates": [ -90.85172, 14.86589 ] } },
{ "type": "Feature", "properties": { "id": "0173", "n": "Centro de Convergencia Patzajito+B135", "t": "CENTRO CONVERGENCIA", "m": "SAN MARTIN JILOTEPEQUE" }, "geometry": { "type": "Point", "coordinates": [ -90.81154, 14.88591 ] } },
{ "type": "Feature", "properties": { "id": "0174", "n": "Centro de Convergencia Tierra Colorada", "t": "CENTRO CONVERGENCIA", "m": "SAN MARTIN JILOTEPEQUE" }, "geometry": { "type": "Point", "coordinates": [ -90.78599, 14.87597 ] } },
{ "type": "Feature", "properties": { "id": "0167", "n": "Puesto de Salud La Estancia San Martín", "t": "PUESTO DE SALUD", "m": "SAN MARTIN JILOTEPEQUE" }, "geometry": { "type": "Point", "coordinates": [ -90.76254, 14.88617 ] } },
{ "type": "Feature", "properties": { "id": "0176", "n": "Centro de Convergencia Sajcau", "t": "CENTRO CONVERGENCIA", "m": "SAN MARTIN JILOTEPEQUE" }, "geometry": { "type": "Point", "coordinates": [ -90.71672, 14.88333 ] } },
{ "type": "Feature", "properties": { "id": "0166", "n": "Puesto de Salud Las Escobas", "t": "PUESTO DE SALUD", "m": "SAN MARTIN JILOTEPEQUE" }, "geometry": { "type": "Point", "coordinates": [ -90.69568, 14.88439 ] } },
{ "type": "Feature", "properties": { "id": "0169", "n": "Puesto de Salud Chipastor", "t": "PUESTO DE SALUD", "m": "SAN MARTIN JILOTEPEQUE" }, "geometry": { "type": "Point", "coordinates": [ -90.67575, 14.85476 ] } },
{ "type": "Feature", "properties": { "id": "0177", "n": "Centro de Convergencia San José Las Rosas", "t": "CENTRO CONVERGENCIA", "m": "SAN MARTIN JILOTEPEQUE" }, "geometry": { "type": "Point", "coordinates": [ -90.70481, 14.83218 ] } },
{ "type": "Feature", "properties": { "id": "0293", "n": "Centro de Convergencia Montellano", "t": "CENTRO CONVERGENCIA", "m": "YEPOCAPA" }, "geometry": { "type": "Point", "coordinates": [ -90.99318, 14.49971 ] } },
{ "type": "Feature", "properties": { "id": "0292", "n": "Centro de Convergencia El Xab (paraiso)", "t": "CENTRO CONVERGENCIA", "m": "YEPOCAPA" }, "geometry": { "type": "Point", "coordinates": [ -91.0424, 14.48309 ] } },
{ "type": "Feature", "properties": { "id": "0290", "n": "Puesto de Salud San Rafael Sumatán", "t": "PUESTO DE SALUD", "m": "YEPOCAPA" }, "geometry": { "type": "Point", "coordinates": [ -91.04792, 14.43805 ] } },
{ "type": "Feature", "properties": { "id": "0327", "n": "APROFAM", "t": "APROFAM", "m": "CHIMALTENANGO" }, "geometry": { "type": "Point", "coordinates": [ -90.81445, 14.66543 ] } },
{ "type": "Feature", "properties": { "id": "0297", "n": "Centro de Salud San Andrés Itzapa", "t": "CENTRO DE SALUD", "m": "SAN ANDRES ITZAPA" }, "geometry": { "type": "Point", "coordinates": [ -90.84373, 14.62142 ] } },
{ "type": "Feature", "properties": { "id": "0298", "n": "Puesto de Salud Chimachoy", "t": "PUESTO DE SALUD", "m": "SAN ANDRES ITZAPA" }, "geometry": { "type": "Point", "coordinates": [ -90.86397, 14.57763 ] } },
{ "type": "Feature", "properties": { "id": "0299", "n": "Centro de Salud Parramos", "t": "CENTRO DE SALUD", "m": "PARRAMOS" }, "geometry": { "type": "Point", "coordinates": [ -90.80279, 14.61047 ] } },
{ "type": "Feature", "properties": { "id": "0300", "n": "Centro de Salud San José Parrojas", "t": "CENTRO DE SALUD", "m": "PARRAMOS" }, "geometry": { "type": "Point", "coordinates": [ -90.83865, 14.58729 ] } },
{ "type": "Feature", "properties": { "id": "0324", "n": "Centro de Salud El Tejar", "t": "CENTRO DE SALUD", "m": "EL TEJAR" }, "geometry": { "type": "Point", "coordinates": [ -90.79184, 14.64612 ] } },
{ "type": "Feature", "properties": { "id": "0106", "n": "Centro de Convergencia Monte los Olivos", "t": "CENTRO CONVERGENCIA", "m": "CHIMALTENANGO" }, "geometry": { "type": "Point", "coordinates": [ -90.84257, 14.67386 ] } },
{ "type": "Feature", "properties": { "id": "0102", "n": "Hospital Nacional de Chimaltenango", "t": "HOSPITAL", "m": "CHIMALTENANGO" }, "geometry": { "type": "Point", "coordinates": [ -90.81318, 14.65269 ] } },
{ "type": "Feature", "properties": { "id": "0103", "n": "Centro de Salud de Chimaltenango", "t": "CENTRO DE SALUD", "m": "CHIMALTENANGO" }, "geometry": { "type": "Point", "coordinates": [ -90.81327, 14.65269 ] } },
{ "type": "Feature", "properties": { "id": "0101", "n": "DAS", "t": "DIRECCION AREA SALUD", "m": "CHIMALTENANGO" }, "geometry": { "type": "Point", "coordinates": [ -90.81466, 14.65086 ] } },
{ "type": "Feature", "properties": { "id": "0107", "n": "IGSS", "t": "IGSS", "m": "CHIMALTENANGO" }, "geometry": { "type": "Point", "coordinates": [ -90.81462, 14.65138 ] } },
{ "type": "Feature", "properties": { "id": "0105", "n": "Puesto de Salud Tonajuyu", "t": "PUESTO DE SALUD", "m": "CHIMALTENANGO" }, "geometry": { "type": "Point", "coordinates": [ -90.81824, 14.73143 ] } },
{ "type": "Feature", "properties": { "id": "0104", "n": "Puesto de Salud San Jacinto", "t": "PUESTO DE SALUD", "m": "CHIMALTENANGO" }, "geometry": { "type": "Point", "coordinates": [ -90.77347, 14.71667 ] } },
{ "type": "Feature", "properties": { "id": "0496", "n": "(C/S) SAN VICENTE PACAYA", "t": "CENTRO DE SALUD", "m": "SAN VICENTE PACAYA" }, "geometry": { "type": "Point", "coordinates": [ -90.63516, 14.41512 ] } },
{ "type": "Feature", "properties": { "id": "0498", "n": "(P/S) EL CEDRO", "t": "PUESTO DE SALUD", "m": "SAN VICENTE PACAYA" }, "geometry": { "type": "Point", "coordinates": [ -90.61328, 14.40694 ] } },
{ "type": "Feature", "properties": { "id": "0500", "n": "(C/C) SAN FRANCISCO", "t": "CENTRO CONVERGENCIA", "m": "SAN VICENTE PACAYA" }, "geometry": { "type": "Point", "coordinates": [ -90.6046, 14.40477 ] } },
{ "type": "Feature", "properties": { "id": "0504", "n": "(C/C) EL BEJUCAL", "t": "CENTRO CONVERGENCIA", "m": "SAN VICENTE PACAYA" }, "geometry": { "type": "Point", "coordinates": [ -90.60205, 14.42152 ] } },
{ "type": "Feature", "properties": { "id": "0502", "n": "(C/C) EL ASINTAL", "t": "CENTRO CONVERGENCIA", "m": "SAN VICENTE PACAYA" }, "geometry": { "type": "Point", "coordinates": [ -90.69882, 14.26448 ] } },
{ "type": "Feature", "properties": { "id": "0497", "n": "(P/S) NUEVO MEXICO", "t": "PUESTO DE SALUD", "m": "SAN VICENTE PACAYA" }, "geometry": { "type": "Point", "coordinates": [ -90.67751, 14.28278 ] } },
{ "type": "Feature", "properties": { "id": "0501", "n": "(C/C) SAN NICOLAS", "t": "CENTRO CONVERGENCIA", "m": "SAN VICENTE PACAYA" }, "geometry": { "type": "Point", "coordinates": [ -90.66702, 14.28995 ] } },
{ "type": "Feature", "properties": { "id": "0499", "n": "(C/C) ALDEA CHAGUITES", "t": "CENTRO CONVERGENCIA", "m": "SAN VICENTE PACAYA" }, "geometry": { "type": "Point", "coordinates": [ -90.66771, 14.29477 ] } },
{ "type": "Feature", "properties": { "id": "0503", "n": "(C/C) CASERIO SAN JOSE GUACHIPILÍN", "t": "CENTRO CONVERGENCIA", "m": "SAN VICENTE PACAYA" }, "geometry": { "type": "Point", "coordinates": [ -90.70432, 14.34116 ] } },
{ "type": "Feature", "properties": { "id": "0467", "n": "(C/S) NUEVA CONCEPCION", "t": "CENTRO DE SALUD", "m": "NUEVA CONCEPCION" }, "geometry": { "type": "Point", "coordinates": [ -91.3096, 14.18725 ] } },
{ "type": "Feature", "properties": { "id": "0473", "n": "(P/S) ALDEA PALO BLANCO", "t": "PUESTO DE SALUD", "m": "NUEVA CONCEPCION" }, "geometry": { "type": "Point", "coordinates": [ -91.33653, 14.15198 ] } },
{ "type": "Feature", "properties": { "id": "0469", "n": "(P/S) CENTRO DOS", "t": "PUESTO DE SALUD", "m": "NUEVA CONCEPCION" }, "geometry": { "type": "Point", "coordinates": [ -91.29143, 14.11442 ] } },
{ "type": "Feature", "properties": { "id": "0470", "n": "(P/S) BRISAS DEL MAR", "t": "PUESTO DE SALUD", "m": "NUEVA CONCEPCION" }, "geometry": { "type": "Point", "coordinates": [ -91.28595, 14.0829 ] } },
{ "type": "Feature", "properties": { "id": "0471", "n": "(P/S) TROCHA 8 CALLE  11", "t": "PUESTO DE SALUD", "m": "NUEVA CONCEPCION" }, "geometry": { "type": "Point", "coordinates": [ -91.32186, 14.01949 ] } },
{ "type": "Feature", "properties": { "id": "0472", "n": "(P/S) LAGUNA TECOJATE", "t": "PUESTO DE SALUD", "m": "NUEVA CONCEPCION" }, "geometry": { "type": "Point", "coordinates": [ -91.35712, 13.98549 ] } },
{ "type": "Feature", "properties": { "id": "0474", "n": "(C/S) SANTA ANA MIXTAN", "t": "CENTRO DE SALUD", "m": "NUEVA CONCEPCION" }, "geometry": { "type": "Point", "coordinates": [ -91.2321, 14.12119 ] } },
{ "type": "Feature", "properties": { "id": "0475", "n": "(C/C) ALDEA EL REPARO", "t": "CENTRO CONVERGENCIA", "m": "NUEVA CONCEPCION" }, "geometry": { "type": "Point", "coordinates": [ -91.23878, 14.1682 ] } },
{ "type": "Feature", "properties": { "id": "0468", "n": "(P/S) SAN JOSE MOGOLLON", "t": "PUESTO DE SALUD", "m": "NUEVA CONCEPCION" }, "geometry": { "type": "Point", "coordinates": [ -91.26302, 14.197 ] } },
{ "type": "Feature", "properties": { "id": "0528", "n": "(P/S) LAS TROZAS", "t": "PUESTO DE SALUD", "m": "TIQUISATE" }, "geometry": { "type": "Point", "coordinates": [ -91.49168, 14.03257 ] } },
{ "type": "Feature", "properties": { "id": "0527", "n": "(P/S) SAN FRANCISCO MADRE VIEJA", "t": "PUESTO DE SALUD", "m": "TIQUISATE" }, "geometry": { "type": "Point", "coordinates": [ -91.43689, 14.01794 ] } },
{ "type": "Feature", "properties": { "id": "0537", "n": "(C/C) HUITZIZIL", "t": "CENTRO CONVERGENCIA", "m": "TIQUISATE" }, "geometry": { "type": "Point", "coordinates": [ -91.46978, 14.03367 ] } },
{ "type": "Feature", "properties": { "id": "0536", "n": "(P/S) LA PLAYA", "t": "PUESTO DE SALUD", "m": "TIQUISATE" }, "geometry": { "type": "Point", "coordinates": [ -91.52485, 14.04104 ] } },
{ "type": "Feature", "properties": { "id": "0529", "n": "(P/S) EL SEMILLERO", "t": "PUESTO DE SALUD", "m": "TIQUISATE" }, "geometry": { "type": "Point", "coordinates": [ -91.52257, 14.05262 ] } },
{ "type": "Feature", "properties": { "id": "0526", "n": "(P/S) PINULA", "t": "PUESTO DE SALUD", "m": "TIQUISATE" }, "geometry": { "type": "Point", "coordinates": [ -91.32496, 14.25842 ] } },
{ "type": "Feature", "properties": { "id": "0530", "n": "IGSS (Hospital departamental)", "t": "IGSS", "m": "TIQUISATE" }, "geometry": { "type": "Point", "coordinates": [ -91.36001, 14.28145 ] } },
{ "type": "Feature", "properties": { "id": "0524", "n": "(C/S) TIQUISATE", "t": "CENTRO DE SALUD", "m": "TIQUISATE" }, "geometry": { "type": "Point", "coordinates": [ -91.35969, 14.28475 ] } },
{ "type": "Feature", "properties": { "id": "0531", "n": "IGSS (Hospital departamental)", "t": "IGSS", "m": "TIQUISATE" }, "geometry": { "type": "Point", "coordinates": [ -91.36737, 14.28602 ] } },
{ "type": "Feature", "properties": { "id": "0523", "n": "HOSPITAL DISTRITAL DE TIQUISATE", "t": "HOSPITAL", "m": "TIQUISATE" }, "geometry": { "type": "Point", "coordinates": [ -91.37416, 14.29584 ] } },
{ "type": "Feature", "properties": { "id": "0525", "n": "(P/S) EL ARISCO", "t": "PUESTO DE SALUD", "m": "TIQUISATE" }, "geometry": { "type": "Point", "coordinates": [ -91.44068, 14.29704 ] } },
{ "type": "Feature", "properties": { "id": "0450", "n": "(P/S) EL MILAGRO", "t": "PUESTO DE SALUD", "m": "MASAGUA" }, "geometry": { "type": "Point", "coordinates": [ -90.85996, 14.20133 ] } },
{ "type": "Feature", "properties": { "id": "0453", "n": "(C/S) MASAGUA", "t": "CENTRO DE SALUD", "m": "MASAGUA" }, "geometry": { "type": "Point", "coordinates": [ -90.84657, 14.20564 ] } },
{ "type": "Feature", "properties": { "id": "0465", "n": "IGSS (Consultorio departamental)", "t": "IGSS", "m": "MASAGUA" }, "geometry": { "type": "Point", "coordinates": [ -90.84308, 14.20816 ] } },
{ "type": "Feature", "properties": { "id": "0458", "n": "(C/C) CASERIO LOS LIRIOS", "t": "CENTRO CONVERGENCIA", "m": "MASAGUA" }, "geometry": { "type": "Point", "coordinates": [ -90.84213, 14.20999 ] } },
{ "type": "Feature", "properties": { "id": "0459", "n": "(C/C) SAN JUAN MIXTAN", "t": "CENTRO CONVERGENCIA", "m": "MASAGUA" }, "geometry": { "type": "Point", "coordinates": [ -90.83141, 14.22374 ] } },
{ "type": "Feature", "properties": { "id": "0452", "n": "(P/S) CUYUTA", "t": "PUESTO DE SALUD", "m": "MASAGUA" }, "geometry": { "type": "Point", "coordinates": [ -90.8811, 14.1031 ] } },
{ "type": "Feature", "properties": { "id": "0456", "n": "(C/C) ALDEA AURORA", "t": "CENTRO CONVERGENCIA", "m": "MASAGUA" }, "geometry": { "type": "Point", "coordinates": [ -90.84359, 14.11276 ] } },
{ "type": "Feature", "properties": { "id": "0461", "n": "(C/C) ALDEA CENTRO URBANO", "t": "CENTRO CONVERGENCIA", "m": "MASAGUA" }, "geometry": { "type": "Point", "coordinates": [ -90.86309, 14.08854 ] } },
{ "type": "Feature", "properties": { "id": "0449", "n": "(P/S) LAS GUACAS", "t": "PUESTO DE SALUD", "m": "MASAGUA" }, "geometry": { "type": "Point", "coordinates": [ -90.87936, 14.07222 ] } },
{ "type": "Feature", "properties": { "id": "0454", "n": "(P/S) OBERO", "t": "PUESTO DE SALUD", "m": "MASAGUA" }, "geometry": { "type": "Point", "coordinates": [ -90.83158, 14.03486 ] } },
{ "type": "Feature", "properties": { "id": "0464", "n": "(C/C) ALDEA GUARDIANIA", "t": "CENTRO CONVERGENCIA", "m": "MASAGUA" }, "geometry": { "type": "Point", "coordinates": [ -90.7895, 14.01019 ] } },
{ "type": "Feature", "properties": { "id": "0451", "n": "(P/S) SAN MIGUEL LAS FLORES", "t": "PUESTO DE SALUD", "m": "MASAGUA" }, "geometry": { "type": "Point", "coordinates": [ -90.74263, 14.0916 ] } },
{ "type": "Feature", "properties": { "id": "0457", "n": "(C/C) MICROPARCELAMIENTO EL JUTE", "t": "CENTRO CONVERGENCIA", "m": "MASAGUA" }, "geometry": { "type": "Point", "coordinates": [ -90.8596, 14.12739 ] } },
{ "type": "Feature", "properties": { "id": "0462", "n": "(C/C) CASERIO CORRALITOS", "t": "CENTRO CONVERGENCIA", "m": "MASAGUA" }, "geometry": { "type": "Point", "coordinates": [ -90.9002, 14.1193 ] } },
{ "type": "Feature", "properties": { "id": "0463", "n": "(C/C) CASERIO LINEA 7", "t": "CENTRO CONVERGENCIA", "m": "MASAGUA" }, "geometry": { "type": "Point", "coordinates": [ -90.84407, 14.07005 ] } },
{ "type": "Feature", "properties": { "id": "0460", "n": "(C/C) CASERIO QUINTA MALIBU", "t": "CENTRO CONVERGENCIA", "m": "MASAGUA" }, "geometry": { "type": "Point", "coordinates": [ -90.75462, 14.13192 ] } },
{ "type": "Feature", "properties": { "id": "0494", "n": "IGSS (Consultorio departamental)", "t": "IGSS", "m": "SAN JOSE" }, "geometry": { "type": "Point", "coordinates": [ -90.81912, 13.92534 ] } },
{ "type": "Feature", "properties": { "id": "0487", "n": "(P/S) PARCELAMIENTO SANTA ISABEL", "t": "PUESTO DE SALUD", "m": "SAN JOSE" }, "geometry": { "type": "Point", "coordinates": [ -90.83245, 13.97442 ] } },
{ "type": "Feature", "properties": { "id": "0489", "n": "(C/C) CAMPAMENTO LA BARRITA", "t": "CENTRO CONVERGENCIA", "m": "SAN JOSE" }, "geometry": { "type": "Point", "coordinates": [ -90.91478, 13.91736 ] } },
{ "type": "Feature", "properties": { "id": "0488", "n": "(P/S) LOS ANGELES", "t": "PUESTO DE SALUD", "m": "SAN JOSE" }, "geometry": { "type": "Point", "coordinates": [ -90.95823, 13.95638 ] } },
{ "type": "Feature", "properties": { "id": "0486", "n": "(C/S) PUERTO DE SAN JOSÉ", "t": "CENTRO DE SALUD", "m": "SAN JOSE" }, "geometry": { "type": "Point", "coordinates": [ -90.81755, 13.92764 ] } },
{ "type": "Feature", "properties": { "id": "0428", "n": "(C/S) IZTAPA", "t": "CENTRO DE SALUD", "m": "IZTAPA" }, "geometry": { "type": "Point", "coordinates": [ -90.71312, 13.93046 ] } },
{ "type": "Feature", "properties": { "id": "0431", "n": "(C/C) ALDEA CONACASTE", "t": "CENTRO CONVERGENCIA", "m": "IZTAPA" }, "geometry": { "type": "Point", "coordinates": [ -90.66237, 13.93144 ] } },
{ "type": "Feature", "properties": { "id": "0430", "n": "(C/C) ALDEA BUENA VISTA", "t": "CENTRO CONVERGENCIA", "m": "IZTAPA" }, "geometry": { "type": "Point", "coordinates": [ -90.74552, 13.93141 ] } },
{ "type": "Feature", "properties": { "id": "0429", "n": "(P/S) WISCOYOL", "t": "PUESTO DE SALUD", "m": "IZTAPA" }, "geometry": { "type": "Point", "coordinates": [ -90.68105, 14.0004 ] } },
{ "type": "Feature", "properties": { "id": "0521", "n": "IGSS (Consultorio departamental)", "t": "IGSS", "m": "SIQUINALA" }, "geometry": { "type": "Point", "coordinates": [ -90.96723, 14.30471 ] } },
{ "type": "Feature", "properties": { "id": "0513", "n": "(C/S) SIQUINALÁ", "t": "CENTRO DE SALUD", "m": "SIQUINALA" }, "geometry": { "type": "Point", "coordinates": [ -90.97041, 14.31009 ] } },
{ "type": "Feature", "properties": { "id": "0515", "n": "(C/C) COL. LAS PALMAS", "t": "CENTRO CONVERGENCIA", "m": "SIQUINALA" }, "geometry": { "type": "Point", "coordinates": [ -90.95709, 14.337 ] } },
{ "type": "Feature", "properties": { "id": "0519", "n": "(C/C) COM. SAN VICENTE LOS CIMIENTOS", "t": "CENTRO CONVERGENCIA", "m": "SIQUINALA" }, "geometry": { "type": "Point", "coordinates": [ -90.93236, 14.35709 ] } },
{ "type": "Feature", "properties": { "id": "0514", "n": "(C/C) COL. TIERRA VERDE", "t": "CENTRO CONVERGENCIA", "m": "SIQUINALA" }, "geometry": { "type": "Point", "coordinates": [ -90.97226, 14.30676 ] } },
{ "type": "Feature", "properties": { "id": "0518", "n": "(C/C) ALDEA EL CAPULÍN", "t": "CENTRO CONVERGENCIA", "m": "SIQUINALA" }, "geometry": { "type": "Point", "coordinates": [ -90.91841, 14.30564 ] } },
{ "type": "Feature", "properties": { "id": "0517", "n": "(C/C) ALDEA EL NÍSPERO", "t": "CENTRO CONVERGENCIA", "m": "SIQUINALA" }, "geometry": { "type": "Point", "coordinates": [ -90.89678, 14.3263 ] } },
{ "type": "Feature", "properties": { "id": "0516", "n": "(C/C) COMUNIDAD LUCERNAS", "t": "CENTRO CONVERGENCIA", "m": "SIQUINALA" }, "geometry": { "type": "Point", "coordinates": [ -90.88334, 14.34971 ] } },
{ "type": "Feature", "properties": { "id": "0435", "n": "IGSS (Consultorio departamental)", "t": "IGSS", "m": "LA DEMOCRACIA" }, "geometry": { "type": "Point", "coordinates": [ -90.94823, 14.22819 ] } },
{ "type": "Feature", "properties": { "id": "0433", "n": "(C/S) LA DEMOCRACIA", "t": "CENTRO DE SALUD", "m": "LA DEMOCRACIA" }, "geometry": { "type": "Point", "coordinates": [ -90.94913, 14.23235 ] } },
{ "type": "Feature", "properties": { "id": "0434", "n": "(P/S) EL PILAR", "t": "PUESTO DE SALUD", "m": "LA DEMOCRACIA" }, "geometry": { "type": "Point", "coordinates": [ -90.93104, 14.09278 ] } },
{ "type": "Feature", "properties": { "id": "0437", "n": "(C/S) LA GOMERA", "t": "CENTRO DE SALUD", "m": "LA GOMERA" }, "geometry": { "type": "Point", "coordinates": [ -91.05059, 14.08651 ] } },
{ "type": "Feature", "properties": { "id": "0446", "n": "IGSS (Consultorio departamental)", "t": "IGSS", "m": "LA GOMERA" }, "geometry": { "type": "Point", "coordinates": [ -91.05119, 14.08364 ] } },
{ "type": "Feature", "properties": { "id": "0438", "n": "(P/S) EL TERRERO", "t": "PUESTO DE SALUD", "m": "LA GOMERA" }, "geometry": { "type": "Point", "coordinates": [ -91.00159, 14.0727 ] } },
{ "type": "Feature", "properties": { "id": "0442", "n": "(P/S) CHONTEL", "t": "PUESTO DE SALUD", "m": "LA GOMERA" }, "geometry": { "type": "Point", "coordinates": [ -91.23215, 14.0103 ] } },
{ "type": "Feature", "properties": { "id": "0444", "n": "(C/S) SIPACATE", "t": "CENTRO DE SALUD", "m": "LA GOMERA" }, "geometry": { "type": "Point", "coordinates": [ -91.15783, 13.92947 ] } },
{ "type": "Feature", "properties": { "id": "0443", "n": "(P/S) EL PAREDON", "t": "PUESTO DE SALUD", "m": "LA GOMERA" }, "geometry": { "type": "Point", "coordinates": [ -91.07535, 13.91808 ] } },
{ "type": "Feature", "properties": { "id": "0439", "n": "(P/S) LAS CRUCES", "t": "PUESTO DE SALUD", "m": "LA GOMERA" }, "geometry": { "type": "Point", "coordinates": [ -91.15141, 14.11406 ] } },
{ "type": "Feature", "properties": { "id": "0440", "n": "(P/S) CERRO COLORADO", "t": "PUESTO DE SALUD", "m": "LA GOMERA" }, "geometry": { "type": "Point", "coordinates": [ -91.16587, 14.16488 ] } },
{ "type": "Feature", "properties": { "id": "0441", "n": "(P/S) TEXCUACO", "t": "PUESTO DE SALUD", "m": "LA GOMERA" }, "geometry": { "type": "Point", "coordinates": [ -91.22351, 14.07471 ] } },
{ "type": "Feature", "properties": { "id": "0445", "n": "(C/C) CAS. LA QUIRIKA", "t": "CENTRO CONVERGENCIA", "m": "LA GOMERA" }, "geometry": { "type": "Point", "coordinates": [ -91.11332, 13.99578 ] } },
{ "type": "Feature", "properties": { "id": "0506", "n": "(C/S) SANTA LUCÍA COTZUMALGUAPA", "t": "CENTRO DE SALUD", "m": "SANTA LUCIA COTZUMALGUAPA" }, "geometry": { "type": "Point", "coordinates": [ -91.02573, 14.32899 ] } },
{ "type": "Feature", "properties": { "id": "0509", "n": "IGSS (Hospital departamental)", "t": "IGSS", "m": "SANTA LUCIA COTZUMALGUAPA" }, "geometry": { "type": "Point", "coordinates": [ -91.03822, 14.32907 ] } },
{ "type": "Feature", "properties": { "id": "0507", "n": "(P/S) EL CAJON", "t": "PUESTO DE SALUD", "m": "SANTA LUCIA COTZUMALGUAPA" }, "geometry": { "type": "Point", "coordinates": [ -91.0691, 14.23424 ] } },
{ "type": "Feature", "properties": { "id": "0508", "n": "(P/S) EL JABALI", "t": "PUESTO DE SALUD", "m": "SANTA LUCIA COTZUMALGUAPA" }, "geometry": { "type": "Point", "coordinates": [ -91.19177, 14.22058 ] } },
{ "type": "Feature", "properties": { "id": "0477", "n": "(C/S) PALÍN", "t": "CENTRO DE SALUD", "m": "PALIN" }, "geometry": { "type": "Point", "coordinates": [ -90.69859, 14.40412 ] } },
{ "type": "Feature", "properties": { "id": "0484", "n": "IGSS (Consultorio departamental)", "t": "IGSS", "m": "PALIN" }, "geometry": { "type": "Point", "coordinates": [ -90.69255, 14.40577 ] } },
{ "type": "Feature", "properties": { "id": "0478", "n": "(C/C) ALDEA SAN PEDRO EL CERRO", "t": "CENTRO CONVERGENCIA", "m": "PALIN" }, "geometry": { "type": "Point", "coordinates": [ -90.66089, 14.45509 ] } },
{ "type": "Feature", "properties": { "id": "0479", "n": "(C/C) MARIA MATTOS", "t": "CENTRO CONVERGENCIA", "m": "PALIN" }, "geometry": { "type": "Point", "coordinates": [ -90.68457, 14.40398 ] } },
{ "type": "Feature", "properties": { "id": "0480", "n": "(C/C) LA PERIQUERA", "t": "CENTRO CONVERGENCIA", "m": "PALIN" }, "geometry": { "type": "Point", "coordinates": [ -90.73148, 14.40539 ] } },
{ "type": "Feature", "properties": { "id": "0481", "n": "(C/C) MONTECRISTO", "t": "CENTRO CONVERGENCIA", "m": "PALIN" }, "geometry": { "type": "Point", "coordinates": [ -90.73962, 14.39778 ] } },
{ "type": "Feature", "properties": { "id": "0482", "n": "(C/C) BALCONES II", "t": "CENTRO CONVERGENCIA", "m": "PALIN" }, "geometry": { "type": "Point", "coordinates": [ -90.72724, 14.37995 ] } },
{ "type": "Feature", "properties": { "id": "0411", "n": "APROFAM", "t": "APROFAM", "m": "ESCUINTLA" }, "geometry": { "type": "Point", "coordinates": [ -90.78766, 14.30608 ] } },
{ "type": "Feature", "properties": { "id": "0409", "n": "IGSS (Hospital departamental)", "t": "IGSS", "m": "ESCUINTLA" }, "geometry": { "type": "Point", "coordinates": [ -90.78118, 14.301 ] } },
{ "type": "Feature", "properties": { "id": "0410", "n": "IGSS (Consultorio departamental)", "t": "IGSS", "m": "ESCUINTLA" }, "geometry": { "type": "Point", "coordinates": [ -90.78304, 14.29499 ] } },
{ "type": "Feature", "properties": { "id": "0402", "n": "HOSPITAL REGIONAL DE ESCUINTLA", "t": "HOSPITAL", "m": "ESCUINTLA" }, "geometry": { "type": "Point", "coordinates": [ -90.77303, 14.28631 ] } },
{ "type": "Feature", "properties": { "id": "0401", "n": "DAS", "t": "DIRECCION AREA SALUD", "m": "ESCUINTLA" }, "geometry": { "type": "Point", "coordinates": [ -90.78903, 14.30196 ] } },
{ "type": "Feature", "properties": { "id": "0403", "n": "(C/S) ESCUINTLA", "t": "CENTRO DE SALUD", "m": "ESCUINTLA" }, "geometry": { "type": "Point", "coordinates": [ -90.78895, 14.30127 ] } },
{ "type": "Feature", "properties": { "id": "0404", "n": "(P/S) FLORIDO ACEITUNO", "t": "PUESTO DE SALUD", "m": "ESCUINTLA" }, "geometry": { "type": "Point", "coordinates": [ -90.87082, 14.26932 ] } },
{ "type": "Feature", "properties": { "id": "0406", "n": "(P/S) EL RODEO", "t": "PUESTO DE SALUD", "m": "ESCUINTLA" }, "geometry": { "type": "Point", "coordinates": [ -90.83099, 14.39139 ] } },
{ "type": "Feature", "properties": { "id": "0407", "n": "(P/S) GUADALUPE", "t": "PUESTO DE SALUD", "m": "ESCUINTLA" }, "geometry": { "type": "Point", "coordinates": [ -90.87388, 14.38249 ] } },
{ "type": "Feature", "properties": { "id": "0405", "n": "(P/S) SAN ANDRES OSUNA", "t": "PUESTO DE SALUD", "m": "ESCUINTLA" }, "geometry": { "type": "Point", "coordinates": [ -90.92358, 14.37843 ] } },
{ "type": "Feature", "properties": { "id": "0413", "n": "(C/S) GUANAGAZAPA", "t": "CENTRO DE SALUD", "m": "GUANAGAZAPA" }, "geometry": { "type": "Point", "coordinates": [ -90.64267, 14.22764 ] } },
{ "type": "Feature", "properties": { "id": "0423", "n": "(C/C) COMUNIDAD VENECIA", "t": "CENTRO CONVERGENCIA", "m": "GUANAGAZAPA" }, "geometry": { "type": "Point", "coordinates": [ -90.59147, 14.24545 ] } },
{ "type": "Feature", "properties": { "id": "0424", "n": "(C/C) COMUNIDAD APANTILLOS", "t": "CENTRO CONVERGENCIA", "m": "GUANAGAZAPA" }, "geometry": { "type": "Point", "coordinates": [ -90.62851, 14.23661 ] } },
{ "type": "Feature", "properties": { "id": "0425", "n": "(C/C) COMUNIDAD SAN ILDEFONSO", "t": "CENTRO CONVERGENCIA", "m": "GUANAGAZAPA" }, "geometry": { "type": "Point", "coordinates": [ -90.61353, 14.20948 ] } },
{ "type": "Feature", "properties": { "id": "0414", "n": "(P/S) BRITO", "t": "PUESTO DE SALUD", "m": "GUANAGAZAPA" }, "geometry": { "type": "Point", "coordinates": [ -90.66539, 14.14346 ] } },
{ "type": "Feature", "properties": { "id": "0418", "n": "(C/C) ALDEA LAS FLORES", "t": "CENTRO CONVERGENCIA", "m": "GUANAGAZAPA" }, "geometry": { "type": "Point", "coordinates": [ -90.64511, 14.12318 ] } },
{ "type": "Feature", "properties": { "id": "0415", "n": "(P/S) LA UNION", "t": "PUESTO DE SALUD", "m": "GUANAGAZAPA" }, "geometry": { "type": "Point", "coordinates": [ -90.58124, 14.19004 ] } },
{ "type": "Feature", "properties": { "id": "0421", "n": "(C/C) COMUNIDAD SAN RAFAEL", "t": "CENTRO CONVERGENCIA", "m": "GUANAGAZAPA" }, "geometry": { "type": "Point", "coordinates": [ -90.6498, 14.27647 ] } },
{ "type": "Feature", "properties": { "id": "0422", "n": "(C/C) COMUNIDAD EL TARRAL", "t": "CENTRO CONVERGENCIA", "m": "GUANAGAZAPA" }, "geometry": { "type": "Point", "coordinates": [ -90.65008, 14.28579 ] } },
{ "type": "Feature", "properties": { "id": "0420", "n": "(C/C) COMUNIDAD SAN VICENTE", "t": "CENTRO CONVERGENCIA", "m": "GUANAGAZAPA" }, "geometry": { "type": "Point", "coordinates": [ -90.66371, 14.19329 ] } },
{ "type": "Feature", "properties": { "id": "0426", "n": "(C/C) COMUNIDAD ECA LA BENDICIÓN", "t": "CENTRO CONVERGENCIA", "m": "GUANAGAZAPA" }, "geometry": { "type": "Point", "coordinates": [ -90.55456, 14.17141 ] } },
{ "type": "Feature", "properties": { "id": "0419", "n": "(C/C) SAN ANTONIO BUENA VISTA", "t": "CENTRO CONVERGENCIA", "m": "ESCUINTLA" }, "geometry": { "type": "Point", "coordinates": [ -90.69242, 14.2403 ] } },
{ "type": "Feature", "properties": { "id": "0417", "n": "(C/C) CANTON MIRAMAR", "t": "CENTRO CONVERGENCIA", "m": "GUANAGAZAPA" }, "geometry": { "type": "Point", "coordinates": [ -90.66114, 14.23513 ] } },
{ "type": "Feature", "properties": { "id": "0653", "n": "C/S RÍO BRAVO", "t": "CENTRO DE SALUD", "m": "RIO BRAVO" }, "geometry": { "type": "Point", "coordinates": [ -91.3192, 14.39654 ] } },
{ "type": "Feature", "properties": { "id": "0656", "n": "P/S GUATALON", "t": "PUESTO DE SALUD", "m": "RIO BRAVO" }, "geometry": { "type": "Point", "coordinates": [ -91.30142, 14.40157 ] } },
{ "type": "Feature", "properties": { "id": "0655", "n": "P/S LA CAMPESINA", "t": "PUESTO DE SALUD", "m": "RIO BRAVO" }, "geometry": { "type": "Point", "coordinates": [ -91.32977, 14.4678 ] } },
{ "type": "Feature", "properties": { "id": "0654", "n": "P/S MORAZAN", "t": "PUESTO DE SALUD", "m": "RIO BRAVO" }, "geometry": { "type": "Point", "coordinates": [ -91.30977, 14.33223 ] } },
{ "type": "Feature", "properties": { "id": "0697", "n": "C/S SANTA BARBARA", "t": "CENTRO DE SALUD", "m": "SANTA BARBARA" }, "geometry": { "type": "Point", "coordinates": [ -91.22716, 14.43497 ] } },
{ "type": "Feature", "properties": { "id": "0705", "n": "C/C LAS VICTORIAS", "t": "CENTRO CONVERGENCIA", "m": "SANTA BARBARA" }, "geometry": { "type": "Point", "coordinates": [ -91.20549, 14.44485 ] } },
{ "type": "Feature", "properties": { "id": "0701", "n": "C/C EL ESFUERZO", "t": "CENTRO CONVERGENCIA", "m": "SANTA BARBARA" }, "geometry": { "type": "Point", "coordinates": [ -91.20164, 14.49181 ] } },
{ "type": "Feature", "properties": { "id": "0700", "n": "C/C SANTA ADELAIDA", "t": "CENTRO CONVERGENCIA", "m": "SANTA BARBARA" }, "geometry": { "type": "Point", "coordinates": [ -91.20448, 14.4982 ] } },
{ "type": "Feature", "properties": { "id": "0702", "n": "C/C 5 DE ABRIL", "t": "CENTRO CONVERGENCIA", "m": "SANTA BARBARA" }, "geometry": { "type": "Point", "coordinates": [ -91.20488, 14.50194 ] } },
{ "type": "Feature", "properties": { "id": "0704", "n": "P/S LAS ILUSIONES", "t": "PUESTO DE SALUD", "m": "SANTA BARBARA" }, "geometry": { "type": "Point", "coordinates": [ -91.24059, 14.51166 ] } },
{ "type": "Feature", "properties": { "id": "0699", "n": "C/C ILUSIONES", "t": "CENTRO CONVERGENCIA", "m": "SANTA BARBARA" }, "geometry": { "type": "Point", "coordinates": [ -91.24043, 14.512 ] } },
{ "type": "Feature", "properties": { "id": "0698", "n": "C/C GUAYABAL", "t": "CENTRO CONVERGENCIA", "m": "SANTA BARBARA" }, "geometry": { "type": "Point", "coordinates": [ -91.25884, 14.47359 ] } },
{ "type": "Feature", "properties": { "id": "0641", "n": "C/C EL ROSARIO", "t": "CENTRO CONVERGENCIA", "m": "PATULUL" }, "geometry": { "type": "Point", "coordinates": [ -91.16561, 14.37001 ] } },
{ "type": "Feature", "properties": { "id": "0646", "n": "C/C ESFUERZO COYOLATE", "t": "CENTRO CONVERGENCIA", "m": "PATULUL" }, "geometry": { "type": "Point", "coordinates": [ -91.14117, 14.34326 ] } },
{ "type": "Feature", "properties": { "id": "0644", "n": "C/C MAYA 9 DE ENERO", "t": "CENTRO CONVERGENCIA", "m": "PATULUL" }, "geometry": { "type": "Point", "coordinates": [ -91.15822, 14.369 ] } },
{ "type": "Feature", "properties": { "id": "0647", "n": "C/C PRADERAS QUETZAL", "t": "CENTRO CONVERGENCIA", "m": "PATULUL" }, "geometry": { "type": "Point", "coordinates": [ -91.15686, 14.31907 ] } },
{ "type": "Feature", "properties": { "id": "0648", "n": "C/C EL CARMEN", "t": "CENTRO CONVERGENCIA", "m": "PATULUL" }, "geometry": { "type": "Point", "coordinates": [ -91.15933, 14.31429 ] } },
{ "type": "Feature", "properties": { "id": "0643", "n": "C/C EL TESORO", "t": "CENTRO CONVERGENCIA", "m": "PATULUL" }, "geometry": { "type": "Point", "coordinates": [ -91.18134, 14.32046 ] } },
{ "type": "Feature", "properties": { "id": "0625", "n": "P/S SAN BERNARDINO", "t": "PUESTO DE SALUD", "m": "SAN BERNARDINO" }, "geometry": { "type": "Point", "coordinates": [ -91.45859, 14.54219 ] } },
{ "type": "Feature", "properties": { "id": "0623", "n": "C/S SAN ANTONIO", "t": "CENTRO DE SALUD", "m": "SAN ANTONIO SUCHITEPEQUEZ" }, "geometry": { "type": "Point", "coordinates": [ -91.4155, 14.53862 ] } },
{ "type": "Feature", "properties": { "id": "0638", "n": "IGSS", "t": "IGSS", "m": "CHICACAO" }, "geometry": { "type": "Point", "coordinates": [ -91.32465, 14.54419 ] } },
{ "type": "Feature", "properties": { "id": "0711", "n": "BRIGADA COMUNITARIA FIJA", "t": "CENTRO CONVERGENCIA", "m": "CHICACAO" }, "geometry": { "type": "Point", "coordinates": [ -91.32549, 14.54344 ] } },
{ "type": "Feature", "properties": { "id": "0633", "n": "C/C LA LIBERTAD", "t": "CENTRO CONVERGENCIA", "m": "SAN ANTONIO SUCHITEPEQUEZ" }, "geometry": { "type": "Point", "coordinates": [ -91.36775, 14.56448 ] } },
{ "type": "Feature", "properties": { "id": "0634", "n": "C/C SANTA LUCIA PAMAXAN", "t": "CENTRO CONVERGENCIA", "m": "CHICACAO" }, "geometry": { "type": "Point", "coordinates": [ -91.35284, 14.62406 ] } },
{ "type": "Feature", "properties": { "id": "0635", "n": "C/C EL PITO", "t": "CENTRO CONVERGENCIA", "m": "CHICACAO" }, "geometry": { "type": "Point", "coordinates": [ -91.35065, 14.57938 ] } },
{ "type": "Feature", "properties": { "id": "0677", "n": "C/S SANTO TOMÁS", "t": "CENTRO DE SALUD", "m": "SANTO TOMAS LA UNION" }, "geometry": { "type": "Point", "coordinates": [ -91.40996, 14.63341 ] } },
{ "type": "Feature", "properties": { "id": "0679", "n": "C/C SAN JUAN MASA", "t": "CENTRO CONVERGENCIA", "m": "SANTO TOMAS LA UNION" }, "geometry": { "type": "Point", "coordinates": [ -91.40634, 14.63888 ] } },
{ "type": "Feature", "properties": { "id": "0678", "n": "C/C CAMANCHEU GRANDE", "t": "CENTRO CONVERGENCIA", "m": "SANTO TOMAS LA UNION" }, "geometry": { "type": "Point", "coordinates": [ -91.41585, 14.62589 ] } },
{ "type": "Feature", "properties": { "id": "0683", "n": "P/S SAN PABLO JOCOPILAS", "t": "PUESTO DE SALUD", "m": "SAN PABLO JOCOPILAS" }, "geometry": { "type": "Point", "coordinates": [ -91.45293, 14.58822 ] } },
{ "type": "Feature", "properties": { "id": "0684", "n": "P/S CHOCOLÁ", "t": "PUESTO DE SALUD", "m": "SAN PABLO JOCOPILAS" }, "geometry": { "type": "Point", "coordinates": [ -91.42446, 14.61929 ] } },
{ "type": "Feature", "properties": { "id": "0681", "n": "P/S SAMAYAC", "t": "PUESTO DE SALUD", "m": "SAMAYAC" }, "geometry": { "type": "Point", "coordinates": [ -91.46135, 14.57812 ] } },
{ "type": "Feature", "properties": { "id": "0640", "n": "C/S PATULÚL", "t": "CENTRO DE SALUD", "m": "PATULUL" }, "geometry": { "type": "Point", "coordinates": [ -91.16024, 14.42318 ] } },
{ "type": "Feature", "properties": { "id": "0649", "n": "IGSS", "t": "IGSS", "m": "PATULUL" }, "geometry": { "type": "Point", "coordinates": [ -91.15693, 14.42712 ] } },
{ "type": "Feature", "properties": { "id": "0645", "n": "C/C ORIENTE COYALATE", "t": "CENTRO CONVERGENCIA", "m": "PATULUL" }, "geometry": { "type": "Point", "coordinates": [ -91.12582, 14.39915 ] } },
{ "type": "Feature", "properties": { "id": "0706", "n": "C/C SAN RICARDO", "t": "CENTRO CONVERGENCIA", "m": "PATULUL" }, "geometry": { "type": "Point", "coordinates": [ -91.14218, 14.40114 ] } },
{ "type": "Feature", "properties": { "id": "0651", "n": "P/S SAN JUAN BAUTISTA", "t": "PUESTO DE SALUD", "m": "SAN JUAN BAUTISTA" }, "geometry": { "type": "Point", "coordinates": [ -91.17901, 14.42343 ] } },
{ "type": "Feature", "properties": { "id": "0686", "n": "C/S PUEBLO NUEVO", "t": "CENTRO DE SALUD", "m": "ZUNILITO" }, "geometry": { "type": "Point", "coordinates": [ -91.5414, 14.64772 ] } },
{ "type": "Feature", "properties": { "id": "0689", "n": "P/S PECUL", "t": "PUESTO DE SALUD", "m": "ZUNILITO" }, "geometry": { "type": "Point", "coordinates": [ -91.53484, 14.66278 ] } },
{ "type": "Feature", "properties": { "id": "0688", "n": "P/S ZUNILITO", "t": "PUESTO DE SALUD", "m": "ZUNILITO" }, "geometry": { "type": "Point", "coordinates": [ -91.51073, 14.60857 ] } },
{ "type": "Feature", "properties": { "id": "0691", "n": "C/S SAN JOSÉ EL ÍDOLO", "t": "CENTRO DE SALUD", "m": "SAN JOSE EL IDOLO" }, "geometry": { "type": "Point", "coordinates": [ -91.42311, 14.44752 ] } },
{ "type": "Feature", "properties": { "id": "0629", "n": "C/S CHICACAO", "t": "CENTRO DE SALUD", "m": "CHICACAO" }, "geometry": { "type": "Point", "coordinates": [ -91.32808, 14.54277 ] } },
{ "type": "Feature", "properties": { "id": "0637", "n": "P/S SAN PEDRO CUTZAN", "t": "PUESTO DE SALUD", "m": "CHICACAO" }, "geometry": { "type": "Point", "coordinates": [ -91.33223, 14.5086 ] } },
{ "type": "Feature", "properties": { "id": "0632", "n": "C/C SAN JUAN MOCA", "t": "CENTRO CONVERGENCIA", "m": "CHICACAO" }, "geometry": { "type": "Point", "coordinates": [ -91.33234, 14.48209 ] } },
{ "type": "Feature", "properties": { "id": "0631", "n": "C/C REPOCISIÓN MOCA", "t": "CENTRO CONVERGENCIA", "m": "CHICACAO" }, "geometry": { "type": "Point", "coordinates": [ -91.34536, 14.47041 ] } },
{ "type": "Feature", "properties": { "id": "0636", "n": "P/S NAHUALATE", "t": "PUESTO DE SALUD", "m": "CHICACAO" }, "geometry": { "type": "Point", "coordinates": [ -91.38083, 14.43866 ] } },
{ "type": "Feature", "properties": { "id": "0630", "n": "C/C SAN FLORENCIO", "t": "CENTRO CONVERGENCIA", "m": "CHICACAO" }, "geometry": { "type": "Point", "coordinates": [ -91.32882, 14.56674 ] } },
{ "type": "Feature", "properties": { "id": "0621", "n": "P/S SAN GABRIEL", "t": "PUESTO DE SALUD", "m": "SAN GABRIEL" }, "geometry": { "type": "Point", "coordinates": [ -91.50779, 14.5102 ] } },
{ "type": "Feature", "properties": { "id": "0611", "n": "P/S SAN FRANCISCO ZAPOTITLÁN", "t": "PUESTO DE SALUD", "m": "SAN FRANCISCO ZAPOTITLAN" }, "geometry": { "type": "Point", "coordinates": [ -91.52165, 14.58945 ] } },
{ "type": "Feature", "properties": { "id": "0601", "n": "DAS", "t": "DIRECCION AREA SALUD", "m": "MAZATENANGO" }, "geometry": { "type": "Point", "coordinates": [ -91.50395, 14.53465 ] } },
{ "type": "Feature", "properties": { "id": "0603", "n": "C/S MAZATENANGO", "t": "CENTRO DE SALUD", "m": "MAZATENANGO" }, "geometry": { "type": "Point", "coordinates": [ -91.50571, 14.53851 ] } },
{ "type": "Feature", "properties": { "id": "0602", "n": "HOSPITAL NACIONAL DE MAZATENANGO", "t": "HOSPITAL", "m": "MAZATENANGO" }, "geometry": { "type": "Point", "coordinates": [ -91.50603, 14.53699 ] } },
{ "type": "Feature", "properties": { "id": "0609", "n": "APROFAM", "t": "APROFAM", "m": "MAZATENANGO" }, "geometry": { "type": "Point", "coordinates": [ -91.50955, 14.53568 ] } },
{ "type": "Feature", "properties": { "id": "0607", "n": "IGGS", "t": "IGSS", "m": "MAZATENANGO" }, "geometry": { "type": "Point", "coordinates": [ -91.52122, 14.53509 ] } },
{ "type": "Feature", "properties": { "id": "0613", "n": "P/S SAN LORENZO", "t": "PUESTO DE SALUD", "m": "SAN LORENZO" }, "geometry": { "type": "Point", "coordinates": [ -91.51214, 14.48655 ] } },
{ "type": "Feature", "properties": { "id": "0618", "n": "C/C PACUN", "t": "CENTRO CONVERGENCIA", "m": "SAN LORENZO" }, "geometry": { "type": "Point", "coordinates": [ -91.50708, 14.47964 ] } },
{ "type": "Feature", "properties": { "id": "0619", "n": "C/C SAN JOSÉ", "t": "CENTRO CONVERGENCIA", "m": "SAN LORENZO" }, "geometry": { "type": "Point", "coordinates": [ -91.50947, 14.46817 ] } },
{ "type": "Feature", "properties": { "id": "0616", "n": "C/C NUEVO AMANECER", "t": "CENTRO CONVERGENCIA", "m": "SAN LORENZO" }, "geometry": { "type": "Point", "coordinates": [ -91.52735, 14.41562 ] } },
{ "type": "Feature", "properties": { "id": "0615", "n": "C/C VALLE DE CANDELARIA", "t": "CENTRO CONVERGENCIA", "m": "SAN LORENZO" }, "geometry": { "type": "Point", "coordinates": [ -91.52782, 14.39523 ] } },
{ "type": "Feature", "properties": { "id": "0617", "n": "C/C CHAPINAS", "t": "CENTRO CONVERGENCIA", "m": "SAN LORENZO" }, "geometry": { "type": "Point", "coordinates": [ -91.51001, 14.33249 ] } },
{ "type": "Feature", "properties": { "id": "0614", "n": "P/S BRASITOS", "t": "PUESTO DE SALUD", "m": "MAZATENANGO" }, "geometry": { "type": "Point", "coordinates": [ -91.54993, 14.25263 ] } },
{ "type": "Feature", "properties": { "id": "0606", "n": "P/S LA VEGA", "t": "PUESTO DE SALUD", "m": "MAZATENANGO" }, "geometry": { "type": "Point", "coordinates": [ -91.58857, 14.19114 ] } },
{ "type": "Feature", "properties": { "id": "0605", "n": "P/S TAHUEXCO", "t": "PUESTO DE SALUD", "m": "MAZATENANGO" }, "geometry": { "type": "Point", "coordinates": [ -91.62163, 14.0962 ] } },
{ "type": "Feature", "properties": { "id": "0604", "n": "P/S CHURIRIN", "t": "PUESTO DE SALUD", "m": "MAZATENANGO" }, "geometry": { "type": "Point", "coordinates": [ -91.66169, 14.12153 ] } },
{ "type": "Feature", "properties": { "id": "0695", "n": "C/C B-10", "t": "CENTRO CONVERGENCIA", "m": "CUYOTENANGO" }, "geometry": { "type": "Point", "coordinates": [ -91.60317, 14.23136 ] } },
{ "type": "Feature", "properties": { "id": "0693", "n": "C/S LA MAQUINA", "t": "CENTRO DE SALUD", "m": "CUYOTENANGO" }, "geometry": { "type": "Point", "coordinates": [ -91.56392, 14.30651 ] } },
{ "type": "Feature", "properties": { "id": "0694", "n": "P/S CUYOTENANGO", "t": "PUESTO DE SALUD", "m": "CUYOTENANGO" }, "geometry": { "type": "Point", "coordinates": [ -91.57184, 14.53858 ] } },
{ "type": "Feature", "properties": { "id": "0658", "n": "C/S SANTO DOMINGO", "t": "CENTRO DE SALUD", "m": "SANTO DOMINGO SUCHITEPEQUEZ" }, "geometry": { "type": "Point", "coordinates": [ -91.48261, 14.47835 ] } },
{ "type": "Feature", "properties": { "id": "0675", "n": "C/C XIQUINA", "t": "CENTRO CONVERGENCIA", "m": "SANTO DOMINGO SUCHITEPEQUEZ" }, "geometry": { "type": "Point", "coordinates": [ -91.47931, 14.43128 ] } },
{ "type": "Feature", "properties": { "id": "0674", "n": "C/C COPAN", "t": "CENTRO CONVERGENCIA", "m": "SANTO DOMINGO SUCHITEPEQUEZ" }, "geometry": { "type": "Point", "coordinates": [ -91.46023, 14.42778 ] } },
{ "type": "Feature", "properties": { "id": "0673", "n": "C/C VELEN", "t": "CENTRO CONVERGENCIA", "m": "SANTO DOMINGO SUCHITEPEQUEZ" }, "geometry": { "type": "Point", "coordinates": [ -91.46168, 14.40945 ] } },
{ "type": "Feature", "properties": { "id": "0659", "n": "P/S MONTERREY", "t": "PUESTO DE SALUD", "m": "SANTO DOMINGO SUCHITEPEQUEZ" }, "geometry": { "type": "Point", "coordinates": [ -91.45927, 14.37226 ] } },
{ "type": "Feature", "properties": { "id": "0660", "n": "P/S LAS CRUCES", "t": "PUESTO DE SALUD", "m": "SANTO DOMINGO SUCHITEPEQUEZ" }, "geometry": { "type": "Point", "coordinates": [ -91.48227, 14.33436 ] } },
{ "type": "Feature", "properties": { "id": "0670", "n": "C/C MINCEÑOR ROMERO", "t": "CENTRO CONVERGENCIA", "m": "SANTO DOMINGO SUCHITEPEQUEZ" }, "geometry": { "type": "Point", "coordinates": [ -91.50462, 14.19516 ] } },
{ "type": "Feature", "properties": { "id": "0663", "n": "P/S GUADALUPE", "t": "PUESTO DE SALUD", "m": "MAZATENANGO" }, "geometry": { "type": "Point", "coordinates": [ -91.5247, 14.20194 ] } },
{ "type": "Feature", "properties": { "id": "0672", "n": "C/C WILIWOOD", "t": "CENTRO CONVERGENCIA", "m": "SANTO DOMINGO SUCHITEPEQUEZ" }, "geometry": { "type": "Point", "coordinates": [ -91.53862, 14.1759 ] } },
{ "type": "Feature", "properties": { "id": "0669", "n": "C/C SANTA RITA", "t": "CENTRO CONVERGENCIA", "m": "SANTO DOMINGO SUCHITEPEQUEZ" }, "geometry": { "type": "Point", "coordinates": [ -91.54265, 14.16903 ] } },
{ "type": "Feature", "properties": { "id": "0671", "n": "C/C MONTE GLORIA", "t": "CENTRO CONVERGENCIA", "m": "SANTO DOMINGO SUCHITEPEQUEZ" }, "geometry": { "type": "Point", "coordinates": [ -91.51914, 14.18267 ] } },
{ "type": "Feature", "properties": { "id": "0661", "n": "P/S BOLIVIA", "t": "PUESTO DE SALUD", "m": "SANTO DOMINGO SUCHITEPEQUEZ" }, "geometry": { "type": "Point", "coordinates": [ -91.46859, 14.17219 ] } },
{ "type": "Feature", "properties": { "id": "0666", "n": "P/S LOS TIESTOS", "t": "PUESTO DE SALUD", "m": "SANTO DOMINGO SUCHITEPEQUEZ" }, "geometry": { "type": "Point", "coordinates": [ -91.53509, 14.07943 ] } },
{ "type": "Feature", "properties": { "id": "0665", "n": "P/S NUEVA VENECIA", "t": "PUESTO DE SALUD", "m": "SANTO DOMINGO SUCHITEPEQUEZ" }, "geometry": { "type": "Point", "coordinates": [ -91.54095, 14.05279 ] } },
{ "type": "Feature", "properties": { "id": "0664", "n": "P/S LA ESPERANZA", "t": "PUESTO DE SALUD", "m": "SANTO DOMINGO SUCHITEPEQUEZ" }, "geometry": { "type": "Point", "coordinates": [ -91.55237, 14.11557 ] } },
{ "type": "Feature", "properties": { "id": "0662", "n": "P/S JAPON NACIONAL", "t": "PUESTO DE SALUD", "m": "MAZATENANGO" }, "geometry": { "type": "Point", "coordinates": [ -91.58713, 14.14411 ] } },
{ "type": "Feature", "properties": { "id": "0668", "n": "C/C SANTA CRUZ LARADO", "t": "CENTRO CONVERGENCIA", "m": "MAZATENANGO" }, "geometry": { "type": "Point", "coordinates": [ -91.56769, 14.16672 ] } },
{ "type": "Feature", "properties": { "id": "0667", "n": "P/S MANELIS", "t": "PUESTO DE SALUD", "m": "MAZATENANGO" }, "geometry": { "type": "Point", "coordinates": [ -91.56716, 14.20032 ] } },
{ "type": "Feature", "properties": { "id": "0627", "n": "P/S SAN MIGUEL PANÁN", "t": "PUESTO DE SALUD", "m": "SAN MIGUEL PANAN" }, "geometry": { "type": "Point", "coordinates": [ -91.36765, 14.52864 ] } },
{ "type": "Feature", "properties": { "id": "0270", "n": "Centro de Convergencia Caserio El Potrerio", "t": "CENTRO CONVERGENCIA", "m": "PATZICIA" }, "geometry": { "type": "Point", "coordinates": [ -90.97061, 14.66154 ] } },
{ "type": "Feature", "properties": { "id": "0135", "n": "Centro de Convergencia La Cumbre la Cumbre", "t": "CENTRO CONVERGENCIA", "m": "TECPAN GUATEMALA" }, "geometry": { "type": "Point", "coordinates": [ -90.9875, 14.87587 ] } },
{ "type": "Feature", "properties": { "id": "0287", "n": "Centro de Convergencia Villas de Guadalupe", "t": "CENTRO CONVERGENCIA", "m": "POCHUTA" }, "geometry": { "type": "Point", "coordinates": [ -91.09686, 14.53741 ] } },
{ "type": "Feature", "properties": { "id": "0185", "n": "Centro de Convergencia San Antonio El Cornejo", "t": "CENTRO CONVERGENCIA", "m": "SAN MARTIN JILOTEPEQUE" }, "geometry": { "type": "Point", "coordinates": [ -90.73381, 14.84708 ] } },
{ "type": "Feature", "properties": { "id": "0050", "n": "Centro de Convergencia San Rafael El Arado", "t": "CENTRO CONVERGENCIA", "m": "SUMPANGO" }, "geometry": { "type": "Point", "coordinates": [ -90.73658, 14.68869 ] } },
{ "type": "Feature", "properties": { "id": "0025", "n": "Puesto de Salud San Bartolomé Milpas Altas", "t": "PUESTO DE SALUD", "m": "SAN BARTOLOME MILPAS ALTAS" }, "geometry": { "type": "Point", "coordinates": [ -90.67862, 14.60573 ] } },
{ "type": "Feature", "properties": { "id": "0048", "n": "Centro de Convergencia San Lorenzo El Cubo", "t": "CENTRO CONVERGENCIA", "m": "CIUDAD VIEJA" }, "geometry": { "type": "Point", "coordinates": [ -90.77083, 14.53714 ] } },
{ "type": "Feature", "properties": { "id": "0020", "n": "Puesto de Salud San Antonio Aguas Calientes", "t": "PUESTO DE SALUD", "m": "SAN ANTONIO AGUAS CALIENTES" }, "geometry": { "type": "Point", "coordinates": [ -90.78107, 14.54699 ] } },
{ "type": "Feature", "properties": { "id": "0026", "n": "Centro de Convergencia San Mateo Milpas Altas", "t": "CENTRO CONVERGENCIA", "m": "ANTIGUA GUATEMALA" }, "geometry": { "type": "Point", "coordinates": [ -90.69541, 14.57893 ] } },
{ "type": "Feature", "properties": { "id": "0034", "n": "Centro de Convergencia San Cristobal El Bajo", "t": "CENTRO CONVERGENCIA", "m": "ANTIGUA GUATEMALA" }, "geometry": { "type": "Point", "coordinates": [ -90.72308, 14.54227 ] } },
{ "type": "Feature", "properties": { "id": "0033", "n": "Centro de Convergencia San Cristobal El Alto", "t": "CENTRO CONVERGENCIA", "m": "ANTIGUA GUATEMALA" }, "geometry": { "type": "Point", "coordinates": [ -90.71479, 14.53563 ] } },
{ "type": "Feature", "properties": { "id": "0032", "n": "Centro de Convergencia San Pedro Las Huertas", "t": "CENTRO CONVERGENCIA", "m": "ANTIGUA GUATEMALA" }, "geometry": { "type": "Point", "coordinates": [ -90.73798, 14.52855 ] } },
{ "type": "Feature", "properties": { "id": "0011", "n": "Puesto de Salud San Luis Pueblo Nuevo, Pastores", "t": "PUESTO DE SALUD", "m": "PASTORES" }, "geometry": { "type": "Point", "coordinates": [ -90.78495, 14.61161 ] } },
{ "type": "Feature", "properties": { "id": "0012", "n": "Puesto de Salud San L zaro El Tejar, Pastores", "t": "PUESTO DE SALUD", "m": "PASTORES" }, "geometry": { "type": "Point", "coordinates": [ -90.77188, 14.61727 ] } },
{ "type": "Feature", "properties": { "id": "17041", "n": "U/M NUEVA CONCEPCION", "t": "UNIDAD MINIMA SALUD", "m": "SAN FRANCISCO" }, "geometry": { "type": "Point", "coordinates": [ -90.02526, 16.82996 ] } },
{ "type": "Feature", "properties": { "id": "17037", "n": "C/S SAN FRANCISCO", "t": "CENTRO DE SALUD", "m": "SAN FRANCISCO" }, "geometry": { "type": "Point", "coordinates": [ -89.93127, 16.79878 ] } },
{ "type": "Feature", "properties": { "id": "17038", "n": "U/M SAN VALENTIN", "t": "UNIDAD MINIMA SALUD", "m": "SAN FRANCISCO" }, "geometry": { "type": "Point", "coordinates": [ -89.8751, 16.62394 ] } },
{ "type": "Feature", "properties": { "id": "17039", "n": "C/C TECUN UMAN", "t": "CENTRO CONVERGENCIA", "m": "SAN FRANCISCO" }, "geometry": { "type": "Point", "coordinates": [ -89.94195, 16.55284 ] } },
{ "type": "Feature", "properties": { "id": "17040", "n": "U/M SAN JUAN DE DIOS", "t": "UNIDAD MINIMA SALUD", "m": "SAN FRANCISCO" }, "geometry": { "type": "Point", "coordinates": [ -89.95491, 16.7952 ] } },
{ "type": "Feature", "properties": { "id": "17035", "n": "P/S EL MANGO", "t": "PUESTO DE SALUD", "m": "SANTA ANA" }, "geometry": { "type": "Point", "coordinates": [ -89.69402, 16.82882 ] } },
{ "type": "Feature", "properties": { "id": "17032", "n": "C/S DAS POPTUN", "t": "CENTRO DE SALUD", "m": "POPTUN" }, "geometry": { "type": "Point", "coordinates": [ -89.41803, 16.33316 ] } },
{ "type": "Feature", "properties": { "id": "17034", "n": "HOSPITAL POPTUN", "t": "HOSPITAL", "m": "POPTUN" }, "geometry": { "type": "Point", "coordinates": [ -89.42588, 16.34874 ] } },
{ "type": "Feature", "properties": { "id": "17030", "n": "P/S EL OCOTE", "t": "PUESTO DE SALUD", "m": "SANTA ANA" }, "geometry": { "type": "Point", "coordinates": [ -89.56795, 16.71499 ] } },
{ "type": "Feature", "properties": { "id": "17022", "n": "C/S DOLORES", "t": "CENTRO DE SALUD", "m": "DOLORES" }, "geometry": { "type": "Point", "coordinates": [ -89.41831, 16.50662 ] } },
{ "type": "Feature", "properties": { "id": "17023", "n": "P/S XAAN", "t": "PUESTO DE SALUD", "m": "DOLORES" }, "geometry": { "type": "Point", "coordinates": [ -89.33171, 16.52595 ] } },
{ "type": "Feature", "properties": { "id": "17024", "n": "P/S CALZADA MOPAN", "t": "PUESTO DE SALUD", "m": "DOLORES" }, "geometry": { "type": "Point", "coordinates": [ -89.37701, 16.73344 ] } },
{ "type": "Feature", "properties": { "id": "17025", "n": "P/S COLPETEN", "t": "PUESTO DE SALUD", "m": "DOLORES" }, "geometry": { "type": "Point", "coordinates": [ -89.58112, 16.62077 ] } },
{ "type": "Feature", "properties": { "id": "17026", "n": "C/S EL CHAL", "t": "CENTRO DE SALUD", "m": "DOLORES" }, "geometry": { "type": "Point", "coordinates": [ -89.64988, 16.64323 ] } },
{ "type": "Feature", "properties": { "id": "17028", "n": "C/S SANTA ANA", "t": "CENTRO DE SALUD", "m": "SANTA ANA" }, "geometry": { "type": "Point", "coordinates": [ -89.82135, 16.81546 ] } },
{ "type": "Feature", "properties": { "id": "17029", "n": "U/M NUEVO HORIZONTE", "t": "UNIDAD MINIMA SALUD", "m": "SANTA ANA" }, "geometry": { "type": "Point", "coordinates": [ -89.72692, 16.68071 ] } },
{ "type": "Feature", "properties": { "id": "17014", "n": "P/S SABANETAS", "t": "PUESTO DE SALUD", "m": "POPTUN" }, "geometry": { "type": "Point", "coordinates": [ -89.32502, 16.32501 ] } },
{ "type": "Feature", "properties": { "id": "17015", "n": "P/S MACHAQUILA", "t": "PUESTO DE SALUD", "m": "POPTUN" }, "geometry": { "type": "Point", "coordinates": [ -89.44494, 16.39301 ] } },
{ "type": "Feature", "properties": { "id": "17016", "n": "P/S SANTA AMELIA", "t": "PUESTO DE SALUD", "m": "POPTUN" }, "geometry": { "type": "Point", "coordinates": [ -89.80814, 16.20918 ] } },
{ "type": "Feature", "properties": { "id": "17017", "n": "P/S LOS ENCUENTROS", "t": "PUESTO DE SALUD", "m": "POPTUN" }, "geometry": { "type": "Point", "coordinates": [ -89.73288, 16.26573 ] } },
{ "type": "Feature", "properties": { "id": "17018", "n": "P/S SAN ANTONIO", "t": "PUESTO DE SALUD", "m": "POPTUN" }, "geometry": { "type": "Point", "coordinates": [ -89.88018, 16.32063 ] } },
{ "type": "Feature", "properties": { "id": "17019", "n": "C/C SANTA AMELIA", "t": "CENTRO CONVERGENCIA", "m": "DOLORES" }, "geometry": { "type": "Point", "coordinates": [ -89.89645, 16.40851 ] } },
{ "type": "Feature", "properties": { "id": "17020", "n": "P/S COOPERATIVALAS FLORES", "t": "PUESTO DE SALUD", "m": "DOLORES" }, "geometry": { "type": "Point", "coordinates": [ -89.71862, 16.55368 ] } },
{ "type": "Feature", "properties": { "id": "17013", "n": "C/S SAN LUIS", "t": "CENTRO DE SALUD", "m": "SAN LUIS" }, "geometry": { "type": "Point", "coordinates": [ -89.44081, 16.20231 ] } },
{ "type": "Feature", "properties": { "id": "17005", "n": "P/S JOVENTE", "t": "PUESTO DE SALUD", "m": "SAN LUIS" }, "geometry": { "type": "Point", "coordinates": [ -89.36115, 16.10546 ] } },
{ "type": "Feature", "properties": { "id": "17006", "n": "C/S CHACTE", "t": "CENTRO DE SALUD", "m": "SAN LUIS" }, "geometry": { "type": "Point", "coordinates": [ -89.35528, 16.09773 ] } },
{ "type": "Feature", "properties": { "id": "17007", "n": "P/S CHACALTE", "t": "PUESTO DE SALUD", "m": "SAN LUIS" }, "geometry": { "type": "Point", "coordinates": [ -89.29459, 15.99584 ] } },
{ "type": "Feature", "properties": { "id": "17008", "n": "P/S POITE CENTRO", "t": "PUESTO DE SALUD", "m": "SAN LUIS" }, "geometry": { "type": "Point", "coordinates": [ -89.25269, 16.19829 ] } },
{ "type": "Feature", "properties": { "id": "17009", "n": "U/M JOVENTE", "t": "UNIDAD MINIMA SALUD", "m": "SAN LUIS" }, "geometry": { "type": "Point", "coordinates": [ -89.27582, 16.15857 ] } },
{ "type": "Feature", "properties": { "id": "17010", "n": "P/S CAIN", "t": "PUESTO DE SALUD", "m": "SAN LUIS" }, "geometry": { "type": "Point", "coordinates": [ -89.48572, 16.19428 ] } },
{ "type": "Feature", "properties": { "id": "17004", "n": "P/S NARANJAL", "t": "PUESTO DE SALUD", "m": "SAN LUIS" }, "geometry": { "type": "Point", "coordinates": [ -89.88055, 15.94054 ] } },
{ "type": "Feature", "properties": { "id": "17002", "n": "P/S LA BALSA", "t": "PUESTO DE SALUD", "m": "SAN LUIS" }, "geometry": { "type": "Point", "coordinates": [ -89.60061, 16.01849 ] } },
{ "type": "Feature", "properties": { "id": "17001", "n": "P/S ACTELA", "t": "PUESTO DE SALUD", "m": "SAN LUIS" }, "geometry": { "type": "Point", "coordinates": [ -89.49653, 16.0362 ] } },
{ "type": "Feature", "properties": { "id": "17003", "n": "P/S MACHAQUILAITO", "t": "PUESTO DE SALUD", "m": "SAN LUIS" }, "geometry": { "type": "Point", "coordinates": [ -89.6926, 16.06179 ] } },
{ "type": "Feature", "properties": { "id": "17114", "n": "HOSPITAL SAYAXCHE", "t": "HOSPITAL", "m": "SAYAXCHE" }, "geometry": { "type": "Point", "coordinates": [ -90.18095, 16.52026 ] } },
{ "type": "Feature", "properties": { "id": "17109", "n": "P/S MANOS UNIDAS", "t": "PUESTO DE SALUD", "m": "SAYAXCHE" }, "geometry": { "type": "Point", "coordinates": [ -90.29613, 16.54834 ] } },
{ "type": "Feature", "properties": { "id": "17110", "n": "C/C SEPENS", "t": "CENTRO CONVERGENCIA", "m": "SAYAXCHE" }, "geometry": { "type": "Point", "coordinates": [ -90.3389, 16.46315 ] } },
{ "type": "Feature", "properties": { "id": "17111", "n": "P/S EL TUMBO", "t": "PUESTO DE SALUD", "m": "SAYAXCHE" }, "geometry": { "type": "Point", "coordinates": [ -90.43836, 16.53795 ] } },
{ "type": "Feature", "properties": { "id": "17112", "n": "P/S MARIO MENDEZ", "t": "PUESTO DE SALUD", "m": "SAYAXCHE" }, "geometry": { "type": "Point", "coordinates": [ -90.45608, 16.47867 ] } },
{ "type": "Feature", "properties": { "id": "17113", "n": "DAS SAYAXCHE", "t": "DIRECCION AREA SALUD", "m": "SAYAXCHE" }, "geometry": { "type": "Point", "coordinates": [ -90.18904, 16.52692 ] } },
{ "type": "Feature", "properties": { "id": "17107", "n": "C/C SAN MIGUEL EL ALTO II", "t": "CENTRO CONVERGENCIA", "m": "SAYAXCHE" }, "geometry": { "type": "Point", "coordinates": [ -89.91392, 16.39126 ] } },
{ "type": "Feature", "properties": { "id": "17100", "n": "P/S TIERRA BLANCA", "t": "PUESTO DE SALUD", "m": "SAYAXCHE" }, "geometry": { "type": "Point", "coordinates": [ -90.3267, 16.13575 ] } },
{ "type": "Feature", "properties": { "id": "17101", "n": "C/C SANTA ELENA", "t": "CENTRO CONVERGENCIA", "m": "SAYAXCHE" }, "geometry": { "type": "Point", "coordinates": [ -90.42423, 16.10254 ] } },
{ "type": "Feature", "properties": { "id": "17102", "n": "C/C SAN IVAN CARIBE", "t": "CENTRO CONVERGENCIA", "m": "SAYAXCHE" }, "geometry": { "type": "Point", "coordinates": [ -90.37143, 16.15178 ] } },
{ "type": "Feature", "properties": { "id": "17103", "n": "P/S CARIBE RIO SALINAS", "t": "PUESTO DE SALUD", "m": "SAYAXCHE" }, "geometry": { "type": "Point", "coordinates": [ -90.42338, 16.16151 ] } },
{ "type": "Feature", "properties": { "id": "17104", "n": "P/S LA REINITA", "t": "PUESTO DE SALUD", "m": "SAYAXCHE" }, "geometry": { "type": "Point", "coordinates": [ -89.99687, 16.3513 ] } },
{ "type": "Feature", "properties": { "id": "17105", "n": "C/C EL RAMONAL", "t": "CENTRO CONVERGENCIA", "m": "SAYAXCHE" }, "geometry": { "type": "Point", "coordinates": [ -89.99043, 16.2655 ] } },
{ "type": "Feature", "properties": { "id": "17106", "n": "C/C ENTRE RIOS", "t": "CENTRO CONVERGENCIA", "m": "SAYAXCHE" }, "geometry": { "type": "Point", "coordinates": [ -89.93983, 16.25003 ] } },
{ "type": "Feature", "properties": { "id": "17099", "n": "C/C EL EDEN", "t": "CENTRO CONVERGENCIA", "m": "SAYAXCHE" }, "geometry": { "type": "Point", "coordinates": [ -90.27346, 16.07715 ] } },
{ "type": "Feature", "properties": { "id": "17095", "n": "P/S EL PATO", "t": "PUESTO DE SALUD", "m": "SAYAXCHE" }, "geometry": { "type": "Point", "coordinates": [ -90.1003, 16.11695 ] } },
{ "type": "Feature", "properties": { "id": "17096", "n": "C/C EL COYO", "t": "CENTRO CONVERGENCIA", "m": "SAYAXCHE" }, "geometry": { "type": "Point", "coordinates": [ -89.94133, 15.97405 ] } },
{ "type": "Feature", "properties": { "id": "17097", "n": "P/S SANTA IZABEL", "t": "PUESTO DE SALUD", "m": "SAYAXCHE" }, "geometry": { "type": "Point", "coordinates": [ -89.9938, 16.00166 ] } },
{ "type": "Feature", "properties": { "id": "17098", "n": "C/C ARROYO CHINAJA", "t": "CENTRO CONVERGENCIA", "m": "SAYAXCHE" }, "geometry": { "type": "Point", "coordinates": [ -90.251, 16.06101 ] } },
{ "type": "Feature", "properties": { "id": "17092", "n": "C/C EL MIRADOR", "t": "CENTRO CONVERGENCIA", "m": "SAYAXCHE" }, "geometry": { "type": "Point", "coordinates": [ -90.18022, 16.21399 ] } },
{ "type": "Feature", "properties": { "id": "17093", "n": "C/C EL TUCAN", "t": "CENTRO CONVERGENCIA", "m": "SAYAXCHE" }, "geometry": { "type": "Point", "coordinates": [ -90.18071, 16.08704 ] } },
{ "type": "Feature", "properties": { "id": "17094", "n": "P/S LA CEIBA", "t": "PUESTO DE SALUD", "m": "SAYAXCHE" }, "geometry": { "type": "Point", "coordinates": [ -90.18113, 16.04776 ] } },
{ "type": "Feature", "properties": { "id": "17083", "n": "U/M LA FELICIDAD", "t": "UNIDAD MINIMA SALUD", "m": "SAYAXCHE" }, "geometry": { "type": "Point", "coordinates": [ -90.0996, 16.5367 ] } },
{ "type": "Feature", "properties": { "id": "17084", "n": "C/C EL PARAISO", "t": "CENTRO CONVERGENCIA", "m": "SAYAXCHE" }, "geometry": { "type": "Point", "coordinates": [ -90.12673, 16.48997 ] } },
{ "type": "Feature", "properties": { "id": "17085", "n": "C/C TAMARINDO", "t": "CENTRO CONVERGENCIA", "m": "SAYAXCHE" }, "geometry": { "type": "Point", "coordinates": [ -90.15173, 16.41243 ] } },
{ "type": "Feature", "properties": { "id": "17086", "n": "P/S LAS POZAS", "t": "PUESTO DE SALUD", "m": "SAYAXCHE" }, "geometry": { "type": "Point", "coordinates": [ -90.1676, 16.33312 ] } },
{ "type": "Feature", "properties": { "id": "17087", "n": "C/C LAS PACAYAS", "t": "CENTRO CONVERGENCIA", "m": "SAYAXCHE" }, "geometry": { "type": "Point", "coordinates": [ -90.256, 16.36343 ] } },
{ "type": "Feature", "properties": { "id": "17088", "n": "C/C EL JORDAN", "t": "CENTRO CONVERGENCIA", "m": "SAYAXCHE" }, "geometry": { "type": "Point", "coordinates": [ -90.27939, 16.40968 ] } },
{ "type": "Feature", "properties": { "id": "17089", "n": "P/S NUEVA ESPERANZA", "t": "PUESTO DE SALUD", "m": "SAYAXCHE" }, "geometry": { "type": "Point", "coordinates": [ -90.18129, 16.29848 ] } },
{ "type": "Feature", "properties": { "id": "17090", "n": "C/C SEMUY", "t": "CENTRO CONVERGENCIA", "m": "SAYAXCHE" }, "geometry": { "type": "Point", "coordinates": [ -90.12613, 16.23199 ] } },
{ "type": "Feature", "properties": { "id": "17091", "n": "C/C LAS CAMELIAS", "t": "CENTRO CONVERGENCIA", "m": "SAYAXCHE" }, "geometry": { "type": "Point", "coordinates": [ -90.18126, 16.24948 ] } },
{ "type": "Feature", "properties": { "id": "17139", "n": "P/S NUEVA LIBERTAD", "t": "PUESTO DE SALUD", "m": "SAYAXCHE" }, "geometry": { "type": "Point", "coordinates": [ -90.09911, 16.58154 ] } },
{ "type": "Feature", "properties": { "id": "17133", "n": "C/C VISTA HERMOSA LOS CHORROS", "t": "CENTRO CONVERGENCIA", "m": "LA LIBERTAD" }, "geometry": { "type": "Point", "coordinates": [ -90.58705, 16.69872 ] } },
{ "type": "Feature", "properties": { "id": "17134", "n": "C/C EL ARBOLITO", "t": "CENTRO CONVERGENCIA", "m": "LA LIBERTAD" }, "geometry": { "type": "Point", "coordinates": [ -90.66463, 16.65079 ] } },
{ "type": "Feature", "properties": { "id": "17135", "n": "P/S BETHEL", "t": "PUESTO DE SALUD", "m": "LA LIBERTAD" }, "geometry": { "type": "Point", "coordinates": [ -90.81441, 16.80023 ] } },
{ "type": "Feature", "properties": { "id": "17136", "n": "P/S UNION MAYA ITZA", "t": "PUESTO DE SALUD", "m": "LA LIBERTAD" }, "geometry": { "type": "Point", "coordinates": [ -90.88913, 16.935 ] } },
{ "type": "Feature", "properties": { "id": "17137", "n": "C/C NUEVO AMANECER", "t": "CENTRO CONVERGENCIA", "m": "LA LIBERTAD" }, "geometry": { "type": "Point", "coordinates": [ -90.04906, 16.68286 ] } },
{ "type": "Feature", "properties": { "id": "17138", "n": "C/C RANCHO ALEGRE", "t": "CENTRO CONVERGENCIA", "m": "SAYAXCHE" }, "geometry": { "type": "Point", "coordinates": [ -90.18163, 16.61921 ] } },
{ "type": "Feature", "properties": { "id": "17132", "n": "P/S PALESTINA", "t": "PUESTO DE SALUD", "m": "LA LIBERTAD" }, "geometry": { "type": "Point", "coordinates": [ -90.48233, 16.68198 ] } },
{ "type": "Feature", "properties": { "id": "17126", "n": "C/C LAS RUINAS", "t": "CENTRO CONVERGENCIA", "m": "LA LIBERTAD" }, "geometry": { "type": "Point", "coordinates": [ -90.67705, 16.96693 ] } },
{ "type": "Feature", "properties": { "id": "17127", "n": "C/C NUEVO EDEN", "t": "CENTRO CONVERGENCIA", "m": "LA LIBERTAD" }, "geometry": { "type": "Point", "coordinates": [ -90.73694, 17.02459 ] } },
{ "type": "Feature", "properties": { "id": "17128", "n": "C/C PARAISO", "t": "CENTRO CONVERGENCIA", "m": "LA LIBERTAD" }, "geometry": { "type": "Point", "coordinates": [ -90.85804, 17.09019 ] } },
{ "type": "Feature", "properties": { "id": "17129", "n": "C/C EL NARANJO", "t": "CENTRO CONVERGENCIA", "m": "LA LIBERTAD" }, "geometry": { "type": "Point", "coordinates": [ -90.80634, 17.23063 ] } },
{ "type": "Feature", "properties": { "id": "17130", "n": "C/S LAS CRUCES", "t": "CENTRO DE SALUD", "m": "LA LIBERTAD" }, "geometry": { "type": "Point", "coordinates": [ -90.28818, 16.66048 ] } },
{ "type": "Feature", "properties": { "id": "17131", "n": "P/S LAS CRUCES", "t": "PUESTO DE SALUD", "m": "LA LIBERTAD" }, "geometry": { "type": "Point", "coordinates": [ -90.47125, 16.58251 ] } },
{ "type": "Feature", "properties": { "id": "17124", "n": "C/C SAN DIEGO", "t": "CENTRO CONVERGENCIA", "m": "LA LIBERTAD" }, "geometry": { "type": "Point", "coordinates": [ -90.42202, 16.91713 ] } },
{ "type": "Feature", "properties": { "id": "17116", "n": "C/S LA LIBERTAD", "t": "CENTRO DE SALUD", "m": "LA LIBERTAD" }, "geometry": { "type": "Point", "coordinates": [ -90.12083, 16.78717 ] } },
{ "type": "Feature", "properties": { "id": "17117", "n": "P/S SAN JOAQUIN", "t": "PUESTO DE SALUD", "m": "LA LIBERTAD" }, "geometry": { "type": "Point", "coordinates": [ -90.24499, 16.91547 ] } },
{ "type": "Feature", "properties": { "id": "17118", "n": "C/C VISTA HERMOSA", "t": "CENTRO CONVERGENCIA", "m": "LA LIBERTAD" }, "geometry": { "type": "Point", "coordinates": [ -90.33199, 17.02106 ] } },
{ "type": "Feature", "properties": { "id": "17119", "n": "C/C TAMARIZ", "t": "CENTRO CONVERGENCIA", "m": "LA LIBERTAD" }, "geometry": { "type": "Point", "coordinates": [ -90.40483, 17.11778 ] } },
{ "type": "Feature", "properties": { "id": "17120", "n": "C/C 17 ABRIL", "t": "CENTRO CONVERGENCIA", "m": "LA LIBERTAD" }, "geometry": { "type": "Point", "coordinates": [ -90.54872, 17.19227 ] } },
{ "type": "Feature", "properties": { "id": "17121", "n": "C/C EL TAMBO", "t": "CENTRO CONVERGENCIA", "m": "LA LIBERTAD" }, "geometry": { "type": "Point", "coordinates": [ -90.6216, 17.26175 ] } },
{ "type": "Feature", "properties": { "id": "17122", "n": "C/C LA BOMBA", "t": "CENTRO CONVERGENCIA", "m": "LA LIBERTAD" }, "geometry": { "type": "Point", "coordinates": [ -90.55822, 17.08621 ] } },
{ "type": "Feature", "properties": { "id": "17123", "n": "C/C POZA DEL MACHO", "t": "CENTRO CONVERGENCIA", "m": "LA LIBERTAD" }, "geometry": { "type": "Point", "coordinates": [ -90.5495, 16.92933 ] } },
{ "type": "Feature", "properties": { "id": "17082", "n": "U/M LA COBANERITA", "t": "UNIDAD MINIMA SALUD", "m": "SAN BENITO" }, "geometry": { "type": "Point", "coordinates": [ -90.05281, 16.92286 ] } },
{ "type": "Feature", "properties": { "id": "17074", "n": "DAS SANTA ELENA", "t": "DIRECCION AREA SALUD", "m": "FLORES" }, "geometry": { "type": "Point", "coordinates": [ -89.89349, 16.91301 ] } },
{ "type": "Feature", "properties": { "id": "17075", "n": "C/S SANTA ELENA", "t": "CENTRO DE SALUD", "m": "SANTA ELENA" }, "geometry": { "type": "Point", "coordinates": [ -89.90111, 16.91124 ] } },
{ "type": "Feature", "properties": { "id": "17077", "n": "APROFAM SAN BENITO", "t": "APROFAM", "m": "SAN BENITO" }, "geometry": { "type": "Point", "coordinates": [ -89.90576, 16.91897 ] } },
{ "type": "Feature", "properties": { "id": "17079", "n": "HOSPITAL SAN BENITO", "t": "HOSPITAL", "m": "SAN BENITO" }, "geometry": { "type": "Point", "coordinates": [ -89.91264, 16.91299 ] } },
{ "type": "Feature", "properties": { "id": "17080", "n": "VECTORES DE MALARIA", "t": "CENTRO CONVERGENCIA", "m": "SAN BENITO" }, "geometry": { "type": "Point", "coordinates": [ -89.91806, 16.90941 ] } },
{ "type": "Feature", "properties": { "id": "17081", "n": "U/M BELEN", "t": "UNIDAD MINIMA SALUD", "m": "SAN BENITO" }, "geometry": { "type": "Point", "coordinates": [ -89.96966, 16.88092 ] } },
{ "type": "Feature", "properties": { "id": "17070", "n": "C/C 2 AGUAS", "t": "CENTRO CONVERGENCIA", "m": "SAN ANDRES" }, "geometry": { "type": "Point", "coordinates": [ -89.91145, 16.97055 ] } },
{ "type": "Feature", "properties": { "id": "17071", "n": "C/S SAN ANDRES", "t": "CENTRO DE SALUD", "m": "SAN ANDRES" }, "geometry": { "type": "Point", "coordinates": [ -89.91527, 16.96976 ] } },
{ "type": "Feature", "properties": { "id": "17072", "n": "C/S SACPUY", "t": "CENTRO DE SALUD", "m": "SAN ANDRES" }, "geometry": { "type": "Point", "coordinates": [ -90.05021, 16.98622 ] } },
{ "type": "Feature", "properties": { "id": "17073", "n": "C/S CRUCE PERDIDO", "t": "CENTRO DE SALUD", "m": "SAN ANDRES" }, "geometry": { "type": "Point", "coordinates": [ -90.18505, 17.11491 ] } },
{ "type": "Feature", "properties": { "id": "17062", "n": "U/M SAN PEDRO", "t": "UNIDAD MINIMA SALUD", "m": "SAN JOSE" }, "geometry": { "type": "Point", "coordinates": [ -89.83773, 17.01374 ] } },
{ "type": "Feature", "properties": { "id": "17063", "n": "U/M JOMBOMPICHE", "t": "UNIDAD MINIMA SALUD", "m": "SAN JOSE" }, "geometry": { "type": "Point", "coordinates": [ -89.76001, 17.01391 ] } },
{ "type": "Feature", "properties": { "id": "17064", "n": "VECTORES DE MALARIA", "t": "CENTRO CONVERGENCIA", "m": "SAN JOSE" }, "geometry": { "type": "Point", "coordinates": [ -89.90407, 16.9813 ] } },
{ "type": "Feature", "properties": { "id": "17065", "n": "C/S SAN JOSE", "t": "CENTRO DE SALUD", "m": "SAN JOSE" }, "geometry": { "type": "Point", "coordinates": [ -89.90768, 16.98289 ] } },
{ "type": "Feature", "properties": { "id": "17066", "n": "U/M EL COROZAL", "t": "UNIDAD MINIMA SALUD", "m": "SAN JOSE" }, "geometry": { "type": "Point", "coordinates": [ -89.88874, 17.1271 ] } },
{ "type": "Feature", "properties": { "id": "17067", "n": "U/M LA POSADITA", "t": "UNIDAD MINIMA SALUD", "m": "SAN ANDRES" }, "geometry": { "type": "Point", "coordinates": [ -89.97709, 17.32837 ] } },
{ "type": "Feature", "properties": { "id": "17068", "n": "P/S CARMELITA", "t": "PUESTO DE SALUD", "m": "SAN ANDRES" }, "geometry": { "type": "Point", "coordinates": [ -90.05366, 17.46153 ] } },
{ "type": "Feature", "properties": { "id": "17060", "n": "P/S PAXCAMA", "t": "PUESTO DE SALUD", "m": "FLORES" }, "geometry": { "type": "Point", "coordinates": [ -89.76954, 16.90303 ] } },
{ "type": "Feature", "properties": { "id": "17053", "n": "IGSS SANTA ELENA", "t": "IGSS", "m": "FLORES" }, "geometry": { "type": "Point", "coordinates": [ -89.89451, 16.91618 ] } },
{ "type": "Feature", "properties": { "id": "17054", "n": "P/S EL REMATE", "t": "PUESTO DE SALUD", "m": "FLORES" }, "geometry": { "type": "Point", "coordinates": [ -89.69134, 16.99397 ] } },
{ "type": "Feature", "properties": { "id": "17055", "n": "P/S UAXANTUN", "t": "PUESTO DE SALUD", "m": "FLORES" }, "geometry": { "type": "Point", "coordinates": [ -89.6349, 17.39599 ] } },
{ "type": "Feature", "properties": { "id": "17056", "n": "P/S MACANCHE", "t": "PUESTO DE SALUD", "m": "FLORES" }, "geometry": { "type": "Point", "coordinates": [ -89.64313, 16.96945 ] } },
{ "type": "Feature", "properties": { "id": "17057", "n": "U/M EL NARANJO", "t": "UNIDAD MINIMA SALUD", "m": "FLORES" }, "geometry": { "type": "Point", "coordinates": [ -89.57378, 16.952 ] } },
{ "type": "Feature", "properties": { "id": "17058", "n": "P/S LAS VI¥AS", "t": "PUESTO DE SALUD", "m": "FLORES" }, "geometry": { "type": "Point", "coordinates": [ -89.4841, 16.95318 ] } },
{ "type": "Feature", "properties": { "id": "17059", "n": "P/S LA BLANCA", "t": "PUESTO DE SALUD", "m": "MELCHOR DE MENCOS" }, "geometry": { "type": "Point", "coordinates": [ -89.45393, 16.89518 ] } },
{ "type": "Feature", "properties": { "id": "17051", "n": "P/S LA POLVORA", "t": "PUESTO DE SALUD", "m": "MELCHOR DE MENCOS" }, "geometry": { "type": "Point", "coordinates": [ -89.31318, 17.00822 ] } },
{ "type": "Feature", "properties": { "id": "17043", "n": "HOSPITAL MELCHOR", "t": "HOSPITAL", "m": "MELCHOR DE MENCOS" }, "geometry": { "type": "Point", "coordinates": [ -89.15284, 17.05965 ] } },
{ "type": "Feature", "properties": { "id": "17045", "n": "P/S EL ARENAL", "t": "PUESTO DE SALUD", "m": "MELCHOR DE MENCOS" }, "geometry": { "type": "Point", "coordinates": [ -89.15302, 17.0244 ] } },
{ "type": "Feature", "properties": { "id": "17046", "n": "P/S EL CRUSADERO", "t": "PUESTO DE SALUD", "m": "MELCHOR DE MENCOS" }, "geometry": { "type": "Point", "coordinates": [ -89.26333, 16.98262 ] } },
{ "type": "Feature", "properties": { "id": "17047", "n": "P/S SALPET", "t": "PUESTO DE SALUD", "m": "MELCHOR DE MENCOS" }, "geometry": { "type": "Point", "coordinates": [ -89.27621, 16.93253 ] } },
{ "type": "Feature", "properties": { "id": "17048", "n": "U/M TIKALITO", "t": "UNIDAD MINIMA SALUD", "m": "MELCHOR DE MENCOS" }, "geometry": { "type": "Point", "coordinates": [ -89.29933, 16.83737 ] } },
{ "type": "Feature", "properties": { "id": "17049", "n": "U/M FLOR DE CHIQUIBUL", "t": "UNIDAD MINIMA SALUD", "m": "MELCHOR DE MENCOS" }, "geometry": { "type": "Point", "coordinates": [ -89.22292, 16.73022 ] } },
{ "type": "Feature", "properties": { "id": "17050", "n": "U/M GRANO DE ORO", "t": "UNIDAD MINIMA SALUD", "m": "MELCHOR DE MENCOS" }, "geometry": { "type": "Point", "coordinates": [ -89.30674, 16.78755 ] } },
{ "type": "Feature", "properties": { "id": "0895", "n": "C/C NUEVO SALVADOR", "t": "CENTRO CONVERGENCIA", "m": "CHIANTLA" }, "geometry": { "type": "Point", "coordinates": [ -91.34882, 15.47452 ] } },
{ "type": "Feature", "properties": { "id": "0898", "n": "C/C XELAM", "t": "CENTRO CONVERGENCIA", "m": "CHIANTLA" }, "geometry": { "type": "Point", "coordinates": [ -91.37058, 15.44646 ] } },
{ "type": "Feature", "properties": { "id": "0896", "n": "C/C SANGUIJUELA", "t": "CENTRO CONVERGENCIA", "m": "CHIANTLA" }, "geometry": { "type": "Point", "coordinates": [ -91.38075, 15.43494 ] } },
{ "type": "Feature", "properties": { "id": "1452", "n": "C/C LA BOTIJA", "t": "CENTRO CONVERGENCIA", "m": "CHIANTLA" }, "geometry": { "type": "Point", "coordinates": [ -91.38135, 15.46104 ] } },
{ "type": "Feature", "properties": { "id": "0901", "n": "C/C CAJALENQUIA", "t": "CENTRO CONVERGENCIA", "m": "CHIANTLA" }, "geometry": { "type": "Point", "coordinates": [ -91.37088, 15.4793 ] } },
{ "type": "Feature", "properties": { "id": "0872", "n": "C/C BUENA VISTA CHANCOL", "t": "CENTRO CONVERGENCIA", "m": "CHIANTLA" }, "geometry": { "type": "Point", "coordinates": [ -91.34505, 15.38855 ] } },
{ "type": "Feature", "properties": { "id": "0882", "n": "C/C SAN ANTONIO LAS NUBES", "t": "CENTRO CONVERGENCIA", "m": "CHIANTLA" }, "geometry": { "type": "Point", "coordinates": [ -91.47788, 15.39048 ] } },
{ "type": "Feature", "properties": { "id": "0903", "n": "(P/S) UNIAN CANTINIL", "t": "PUESTO DE SALUD", "m": "UNION CANTINIL" }, "geometry": { "type": "Point", "coordinates": [ -91.71886, 15.60397 ] } },
{ "type": "Feature", "properties": { "id": "1275", "n": "C/C LA LIBERTAD", "t": "CENTRO CONVERGENCIA", "m": "UNION CANTINIL" }, "geometry": { "type": "Point", "coordinates": [ -91.72802, 15.59558 ] } },
{ "type": "Feature", "properties": { "id": "1276", "n": "C/C EL RINCON", "t": "CENTRO CONVERGENCIA", "m": "UNION CANTINIL" }, "geometry": { "type": "Point", "coordinates": [ -91.73008, 15.58792 ] } },
{ "type": "Feature", "properties": { "id": "1277", "n": "C/C NUEVA INDEPENDENCIA", "t": "CENTRO CONVERGENCIA", "m": "UNION CANTINIL" }, "geometry": { "type": "Point", "coordinates": [ -91.73678, 15.593 ] } },
{ "type": "Feature", "properties": { "id": "1278", "n": "C/C LAS LOMAS", "t": "CENTRO CONVERGENCIA", "m": "UNION CANTINIL" }, "geometry": { "type": "Point", "coordinates": [ -91.74343, 15.59267 ] } },
{ "type": "Feature", "properties": { "id": "1279", "n": "C/C TAJUMUCO", "t": "CENTRO CONVERGENCIA", "m": "UNION CANTINIL" }, "geometry": { "type": "Point", "coordinates": [ -91.74343, 15.57448 ] } },
{ "type": "Feature", "properties": { "id": "1280", "n": "C/C LA ESPERANZA", "t": "CENTRO CONVERGENCIA", "m": "UNION CANTINIL" }, "geometry": { "type": "Point", "coordinates": [ -91.76453, 15.58119 ] } },
{ "type": "Feature", "properties": { "id": "1281", "n": "C/C WANTAN", "t": "CENTRO CONVERGENCIA", "m": "UNION CANTINIL" }, "geometry": { "type": "Point", "coordinates": [ -91.7787, 15.59285 ] } },
{ "type": "Feature", "properties": { "id": "1282", "n": "C/C TIBOCHE", "t": "CENTRO CONVERGENCIA", "m": "UNION CANTINIL" }, "geometry": { "type": "Point", "coordinates": [ -91.73014, 15.56745 ] } },
{ "type": "Feature", "properties": { "id": "0921", "n": "C/C TUI BOCH", "t": "CENTRO CONVERGENCIA", "m": "TODOS SANTOS CUCHUMATAN" }, "geometry": { "type": "Point", "coordinates": [ -91.72403, 15.55384 ] } },
{ "type": "Feature", "properties": { "id": "1283", "n": "C/C LOS PLANES", "t": "CENTRO CONVERGENCIA", "m": "UNION CANTINIL" }, "geometry": { "type": "Point", "coordinates": [ -91.7091, 15.5818 ] } },
{ "type": "Feature", "properties": { "id": "1274", "n": "C/C CHANCHIMIL", "t": "CENTRO CONVERGENCIA", "m": "TODOS SANTOS CUCHUMATAN" }, "geometry": { "type": "Point", "coordinates": [ -91.68915, 15.55108 ] } },
{ "type": "Feature", "properties": { "id": "0922", "n": "C/C RIO OCHO GRANDE", "t": "CENTRO CONVERGENCIA", "m": "TODOS SANTOS CUCHUMATAN" }, "geometry": { "type": "Point", "coordinates": [ -91.70264, 15.5393 ] } },
{ "type": "Feature", "properties": { "id": "0925", "n": "C/C PAJON", "t": "CENTRO CONVERGENCIA", "m": "TODOS SANTOS CUCHUMATAN" }, "geometry": { "type": "Point", "coordinates": [ -91.6161, 15.5144 ] } },
{ "type": "Feature", "properties": { "id": "0924", "n": "C/C MASH", "t": "CENTRO CONVERGENCIA", "m": "TODOS SANTOS CUCHUMATAN" }, "geometry": { "type": "Point", "coordinates": [ -91.63385, 15.52054 ] } },
{ "type": "Feature", "properties": { "id": "0905", "n": "(P/S) TODOS SANTOS CUCHUMATAN", "t": "PUESTO DE SALUD", "m": "TODOS SANTOS CUCHUMATAN" }, "geometry": { "type": "Point", "coordinates": [ -91.60428, 15.50953 ] } },
{ "type": "Feature", "properties": { "id": "0920", "n": "C/C TEOGAL", "t": "CENTRO CONVERGENCIA", "m": "TODOS SANTOS CUCHUMATAN" }, "geometry": { "type": "Point", "coordinates": [ -91.67836, 15.56273 ] } },
{ "type": "Feature", "properties": { "id": "0919", "n": "C/C CHANJON", "t": "CENTRO CONVERGENCIA", "m": "TODOS SANTOS CUCHUMATAN" }, "geometry": { "type": "Point", "coordinates": [ -91.68736, 15.58105 ] } },
{ "type": "Feature", "properties": { "id": "0917", "n": "C/C VALENTON I", "t": "CENTRO CONVERGENCIA", "m": "TODOS SANTOS CUCHUMATAN" }, "geometry": { "type": "Point", "coordinates": [ -91.69306, 15.57285 ] } },
{ "type": "Feature", "properties": { "id": "0906", "n": "(P/S) SAN MARTAN CUCHUMAT?N", "t": "PUESTO DE SALUD", "m": "TODOS SANTOS CUCHUMATAN" }, "geometry": { "type": "Point", "coordinates": [ -91.66911, 15.57598 ] } },
{ "type": "Feature", "properties": { "id": "1273", "n": "C/C CHICHIMILAJ", "t": "CENTRO CONVERGENCIA", "m": "TODOS SANTOS CUCHUMATAN" }, "geometry": { "type": "Point", "coordinates": [ -91.57801, 15.5014 ] } },
{ "type": "Feature", "properties": { "id": "1272", "n": "C/C CHICHIM", "t": "CENTRO CONVERGENCIA", "m": "TODOS SANTOS CUCHUMATAN" }, "geometry": { "type": "Point", "coordinates": [ -91.56607, 15.55145 ] } },
{ "type": "Feature", "properties": { "id": "0908", "n": "C/C BUENA VISTA", "t": "CENTRO CONVERGENCIA", "m": "TODOS SANTOS CUCHUMATAN" }, "geometry": { "type": "Point", "coordinates": [ -91.57831, 15.56701 ] } },
{ "type": "Feature", "properties": { "id": "0912", "n": "C/C TUICOY", "t": "CENTRO CONVERGENCIA", "m": "TODOS SANTOS CUCHUMATAN" }, "geometry": { "type": "Point", "coordinates": [ -91.58828, 15.54129 ] } },
{ "type": "Feature", "properties": { "id": "0909", "n": "C/C CHALHUITZ", "t": "CENTRO CONVERGENCIA", "m": "TODOS SANTOS CUCHUMATAN" }, "geometry": { "type": "Point", "coordinates": [ -91.63223, 15.58229 ] } },
{ "type": "Feature", "properties": { "id": "1271", "n": "C/C CHEMAL 1", "t": "CENTRO CONVERGENCIA", "m": "TODOS SANTOS CUCHUMATAN" }, "geometry": { "type": "Point", "coordinates": [ -91.50721, 15.53672 ] } },
{ "type": "Feature", "properties": { "id": "1270", "n": "C/C BATZOLOM", "t": "CENTRO CONVERGENCIA", "m": "TODOS SANTOS CUCHUMATAN" }, "geometry": { "type": "Point", "coordinates": [ -91.61675, 15.52261 ] } },
{ "type": "Feature", "properties": { "id": "0916", "n": "C/C CHICOY", "t": "CENTRO CONVERGENCIA", "m": "TODOS SANTOS CUCHUMATAN" }, "geometry": { "type": "Point", "coordinates": [ -91.63871, 15.54482 ] } },
{ "type": "Feature", "properties": { "id": "0913", "n": "C/C TUIPAT", "t": "CENTRO CONVERGENCIA", "m": "TODOS SANTOS CUCHUMATAN" }, "geometry": { "type": "Point", "coordinates": [ -91.65578, 15.5621 ] } },
{ "type": "Feature", "properties": { "id": "0926", "n": "C/C CHIPOCLAJ", "t": "CENTRO CONVERGENCIA", "m": "TODOS SANTOS CUCHUMATAN" }, "geometry": { "type": "Point", "coordinates": [ -91.60781, 15.50027 ] } },
{ "type": "Feature", "properties": { "id": "0994", "n": "(C/S) SAN MIGUEL ACATAN", "t": "CENTRO DE SALUD", "m": "SAN MIGUEL ACATAN" }, "geometry": { "type": "Point", "coordinates": [ -91.59776, 15.70484 ] } },
{ "type": "Feature", "properties": { "id": "0996", "n": "C/C CHIMBAN", "t": "CENTRO CONVERGENCIA", "m": "SAN MIGUEL ACATAN" }, "geometry": { "type": "Point", "coordinates": [ -91.59237, 15.68382 ] } },
{ "type": "Feature", "properties": { "id": "1379", "n": "C/C IXLAHUITZ", "t": "CENTRO CONVERGENCIA", "m": "SAN MIGUEL ACATAN" }, "geometry": { "type": "Point", "coordinates": [ -91.56581, 15.66907 ] } },
{ "type": "Feature", "properties": { "id": "1370", "n": "C/C SUNTELAJ", "t": "CENTRO CONVERGENCIA", "m": "SAN MIGUEL ACATAN" }, "geometry": { "type": "Point", "coordinates": [ -91.55381, 15.64336 ] } },
{ "type": "Feature", "properties": { "id": "1371", "n": "C/C COTZANCANALAJ", "t": "CENTRO CONVERGENCIA", "m": "SAN MIGUEL ACATAN" }, "geometry": { "type": "Point", "coordinates": [ -91.55207, 15.62942 ] } },
{ "type": "Feature", "properties": { "id": "1374", "n": "C/C IXCHOCH SOSTELAJ", "t": "CENTRO CONVERGENCIA", "m": "SAN MIGUEL ACATAN" }, "geometry": { "type": "Point", "coordinates": [ -91.59708, 15.67104 ] } },
{ "type": "Feature", "properties": { "id": "1372", "n": "C/C CHECHE", "t": "CENTRO CONVERGENCIA", "m": "SAN MIGUEL ACATAN" }, "geometry": { "type": "Point", "coordinates": [ -91.57252, 15.63905 ] } },
{ "type": "Feature", "properties": { "id": "0998", "n": "C/C QUIXIC", "t": "CENTRO CONVERGENCIA", "m": "SAN MIGUEL ACATAN" }, "geometry": { "type": "Point", "coordinates": [ -91.56596, 15.71836 ] } },
{ "type": "Feature", "properties": { "id": "1375", "n": "C/C TICAJO", "t": "CENTRO CONVERGENCIA", "m": "SAN MIGUEL ACATAN" }, "geometry": { "type": "Point", "coordinates": [ -91.67426, 15.71295 ] } },
{ "type": "Feature", "properties": { "id": "1376", "n": "C/C COYA", "t": "CENTRO CONVERGENCIA", "m": "SAN MIGUEL ACATAN" }, "geometry": { "type": "Point", "coordinates": [ -91.64169, 15.67864 ] } },
{ "type": "Feature", "properties": { "id": "1377", "n": "C/C EL MUL", "t": "CENTRO CONVERGENCIA", "m": "SAN MIGUEL ACATAN" }, "geometry": { "type": "Point", "coordinates": [ -91.664, 15.69124 ] } },
{ "type": "Feature", "properties": { "id": "1378", "n": "C/C POSA", "t": "CENTRO CONVERGENCIA", "m": "SAN MIGUEL ACATAN" }, "geometry": { "type": "Point", "coordinates": [ -91.67853, 15.70458 ] } },
{ "type": "Feature", "properties": { "id": "0995", "n": "C/C YULXAJ", "t": "CENTRO CONVERGENCIA", "m": "SAN MIGUEL ACATAN" }, "geometry": { "type": "Point", "coordinates": [ -91.63318, 15.73862 ] } },
{ "type": "Feature", "properties": { "id": "0997", "n": "C/C CHENICHAM I", "t": "CENTRO CONVERGENCIA", "m": "SAN MIGUEL ACATAN" }, "geometry": { "type": "Point", "coordinates": [ -91.65385, 15.7451 ] } },
{ "type": "Feature", "properties": { "id": "0855", "n": "(C/S) CHIANTLA", "t": "CENTRO DE SALUD", "m": "CHIANTLA" }, "geometry": { "type": "Point", "coordinates": [ -91.45827, 15.35426 ] } },
{ "type": "Feature", "properties": { "id": "0856", "n": "(P/S) CAPELLANAA", "t": "PUESTO DE SALUD", "m": "CHIANTLA" }, "geometry": { "type": "Point", "coordinates": [ -91.42549, 15.4036 ] } },
{ "type": "Feature", "properties": { "id": "0860", "n": "(P/S) PAQUIX", "t": "PUESTO DE SALUD", "m": "CHIANTLA" }, "geometry": { "type": "Point", "coordinates": [ -91.4533, 15.44485 ] } },
{ "type": "Feature", "properties": { "id": "0910", "n": "C/C CHIABAL", "t": "CENTRO CONVERGENCIA", "m": "TODOS SANTOS CUCHUMATAN" }, "geometry": { "type": "Point", "coordinates": [ -91.51088, 15.46128 ] } },
{ "type": "Feature", "properties": { "id": "0907", "n": "C/C LA VENTOZA", "t": "CENTRO CONVERGENCIA", "m": "TODOS SANTOS CUCHUMATAN" }, "geometry": { "type": "Point", "coordinates": [ -91.53562, 15.46461 ] } },
{ "type": "Feature", "properties": { "id": "0857", "n": "(P/S) EL POTRERILLO", "t": "PUESTO DE SALUD", "m": "CHIANTLA" }, "geometry": { "type": "Point", "coordinates": [ -91.49107, 15.43825 ] } },
{ "type": "Feature", "properties": { "id": "0911", "n": "P/S CHIABAL", "t": "PUESTO DE SALUD", "m": "TODOS SANTOS CUCHUMATAN" }, "geometry": { "type": "Point", "coordinates": [ -91.50899, 15.46185 ] } },
{ "type": "Feature", "properties": { "id": "0876", "n": "C/C CUL CHEMAL", "t": "CENTRO CONVERGENCIA", "m": "CHIANTLA" }, "geometry": { "type": "Point", "coordinates": [ -91.48675, 15.5276 ] } },
{ "type": "Feature", "properties": { "id": "0886", "n": "C/C CIPRESALES", "t": "CENTRO CONVERGENCIA", "m": "CHIANTLA" }, "geometry": { "type": "Point", "coordinates": [ -91.40488, 15.40755 ] } },
{ "type": "Feature", "properties": { "id": "0899", "n": "C/C CAPILLA", "t": "CENTRO CONVERGENCIA", "m": "CHIANTLA" }, "geometry": { "type": "Point", "coordinates": [ -91.40019, 15.42327 ] } },
{ "type": "Feature", "properties": { "id": "0902", "n": "C/C TZIOCOP", "t": "CENTRO CONVERGENCIA", "m": "CHIANTLA" }, "geometry": { "type": "Point", "coordinates": [ -91.36962, 15.4277 ] } },
{ "type": "Feature", "properties": { "id": "1288", "n": "C/C AGUA ESCONDIDA", "t": "CENTRO CONVERGENCIA", "m": "CHIANTLA" }, "geometry": { "type": "Point", "coordinates": [ -91.35978, 15.41987 ] } },
{ "type": "Feature", "properties": { "id": "1287", "n": "C/C EL PORVENIR", "t": "CENTRO CONVERGENCIA", "m": "CHIANTLA" }, "geometry": { "type": "Point", "coordinates": [ -91.39727, 15.43039 ] } },
{ "type": "Feature", "properties": { "id": "1286", "n": "C/C PLAZA SAN NICOLAS", "t": "CENTRO CONVERGENCIA", "m": "CHIANTLA" }, "geometry": { "type": "Point", "coordinates": [ -91.40469, 15.43857 ] } },
{ "type": "Feature", "properties": { "id": "1285", "n": "C/C LOS ALIZOS", "t": "CENTRO CONVERGENCIA", "m": "CHIANTLA" }, "geometry": { "type": "Point", "coordinates": [ -91.42009, 15.4463 ] } },
{ "type": "Feature", "properties": { "id": "0888", "n": "C/C SIETE PINOS", "t": "CENTRO CONVERGENCIA", "m": "CHIANTLA" }, "geometry": { "type": "Point", "coordinates": [ -91.43228, 15.4471 ] } },
{ "type": "Feature", "properties": { "id": "0900", "n": "C/C ESCAPOTZI", "t": "CENTRO CONVERGENCIA", "m": "CHIANTLA" }, "geometry": { "type": "Point", "coordinates": [ -91.37159, 15.49752 ] } },
{ "type": "Feature", "properties": { "id": "0858", "n": "(P/S) CANTINIL", "t": "PUESTO DE SALUD", "m": "CHIANTLA" }, "geometry": { "type": "Point", "coordinates": [ -91.32089, 15.57665 ] } },
{ "type": "Feature", "properties": { "id": "0897", "n": "C/C POSOS", "t": "CENTRO CONVERGENCIA", "m": "CHIANTLA" }, "geometry": { "type": "Point", "coordinates": [ -91.36741, 15.50445 ] } },
{ "type": "Feature", "properties": { "id": "0894", "n": "C/C LAGUNA ESTANCADA", "t": "CENTRO CONVERGENCIA", "m": "CHIANTLA" }, "geometry": { "type": "Point", "coordinates": [ -91.3746, 15.50766 ] } },
{ "type": "Feature", "properties": { "id": "0874", "n": "C/C QUILINCO", "t": "CENTRO CONVERGENCIA", "m": "CHIANTLA" }, "geometry": { "type": "Point", "coordinates": [ -91.45448, 15.38716 ] } },
{ "type": "Feature", "properties": { "id": "0887", "n": "C/C SIBILA PLANTA", "t": "CENTRO CONVERGENCIA", "m": "CHIANTLA" }, "geometry": { "type": "Point", "coordinates": [ -91.45437, 15.39491 ] } },
{ "type": "Feature", "properties": { "id": "0885", "n": "C/C BUENA VISTA PATIO BOLAS", "t": "CENTRO CONVERGENCIA", "m": "CHIANTLA" }, "geometry": { "type": "Point", "coordinates": [ -91.44279, 15.37551 ] } },
{ "type": "Feature", "properties": { "id": "0859", "n": "(P/S) CINCO ARROYOS", "t": "PUESTO DE SALUD", "m": "CHIANTLA" }, "geometry": { "type": "Point", "coordinates": [ -91.51215, 15.41761 ] } },
{ "type": "Feature", "properties": { "id": "0861", "n": "(P/S) CHICHALUM", "t": "PUESTO DE SALUD", "m": "CHIANTLA" }, "geometry": { "type": "Point", "coordinates": [ -91.5272, 15.37119 ] } },
{ "type": "Feature", "properties": { "id": "0862", "n": "(P/S) BUENOS  AIRES", "t": "PUESTO DE SALUD", "m": "CHIANTLA" }, "geometry": { "type": "Point", "coordinates": [ -91.45363, 15.34746 ] } },
{ "type": "Feature", "properties": { "id": "1284", "n": "C/C LOS ANGELES 7 PINOS", "t": "CENTRO CONVERGENCIA", "m": "CHIANTLA" }, "geometry": { "type": "Point", "coordinates": [ -91.43806, 15.45486 ] } },
{ "type": "Feature", "properties": { "id": "0891", "n": "C/C TUNIMA CHARCALES", "t": "CENTRO CONVERGENCIA", "m": "CHIANTLA" }, "geometry": { "type": "Point", "coordinates": [ -91.39896, 15.48731 ] } },
{ "type": "Feature", "properties": { "id": "0889", "n": "C/C TUNIMA GRANDE", "t": "CENTRO CONVERGENCIA", "m": "CHIANTLA" }, "geometry": { "type": "Point", "coordinates": [ -91.41417, 15.50161 ] } },
{ "type": "Feature", "properties": { "id": "0890", "n": "C/C TUNIMA CHIQUITO", "t": "CENTRO CONVERGENCIA", "m": "CHIANTLA" }, "geometry": { "type": "Point", "coordinates": [ -91.42927, 15.50918 ] } },
{ "type": "Feature", "properties": { "id": "0892", "n": "C/C SIETE LAGUNAS", "t": "CENTRO CONVERGENCIA", "m": "CHIANTLA" }, "geometry": { "type": "Point", "coordinates": [ -91.40901, 15.52326 ] } },
{ "type": "Feature", "properties": { "id": "0893", "n": "(P/S) MIXLAJ", "t": "PUESTO DE SALUD", "m": "CHIANTLA" }, "geometry": { "type": "Point", "coordinates": [ -91.43649, 15.50118 ] } },
{ "type": "Feature", "properties": { "id": "1350", "n": "C/C SACLECLAN", "t": "CENTRO CONVERGENCIA", "m": "SANTA EULALIA" }, "geometry": { "type": "Point", "coordinates": [ -91.35264, 15.78594 ] } },
{ "type": "Feature", "properties": { "id": "1349", "n": "C/C EL QUETZAL", "t": "CENTRO CONVERGENCIA", "m": "SANTA EULALIA" }, "geometry": { "type": "Point", "coordinates": [ -91.37462, 15.81546 ] } },
{ "type": "Feature", "properties": { "id": "1268", "n": "(P/S) SANTA EULALIA", "t": "PUESTO DE SALUD", "m": "SANTA EULALIA" }, "geometry": { "type": "Point", "coordinates": [ -91.45661, 15.73245 ] } },
{ "type": "Feature", "properties": { "id": "1443", "n": "C/C GUAXACOY", "t": "CENTRO CONVERGENCIA", "m": "SANTA EULALIA" }, "geometry": { "type": "Point", "coordinates": [ -91.34472, 15.72405 ] } },
{ "type": "Feature", "properties": { "id": "1444", "n": "C/C ALTAMIRANDA", "t": "CENTRO CONVERGENCIA", "m": "SANTA EULALIA" }, "geometry": { "type": "Point", "coordinates": [ -91.30191, 15.71097 ] } },
{ "type": "Feature", "properties": { "id": "1445", "n": "C/C CHOJZUNIL", "t": "CENTRO CONVERGENCIA", "m": "SANTA EULALIA" }, "geometry": { "type": "Point", "coordinates": [ -91.26265, 15.72739 ] } },
{ "type": "Feature", "properties": { "id": "1267", "n": "(P/S) QUIXBAJ", "t": "PUESTO DE SALUD", "m": "SANTA EULALIA" }, "geometry": { "type": "Point", "coordinates": [ -91.21808, 15.71795 ] } },
{ "type": "Feature", "properties": { "id": "1266", "n": "(P/S) TEMUX GRANDE", "t": "PUESTO DE SALUD", "m": "SANTA EULALIA" }, "geometry": { "type": "Point", "coordinates": [ -91.53015, 15.75827 ] } },
{ "type": "Feature", "properties": { "id": "1446", "n": "C/C LA CAMPANA", "t": "CENTRO CONVERGENCIA", "m": "SANTA EULALIA" }, "geometry": { "type": "Point", "coordinates": [ -91.53852, 15.76407 ] } },
{ "type": "Feature", "properties": { "id": "1447", "n": "C/C PETT", "t": "CENTRO CONVERGENCIA", "m": "SANTA EULALIA" }, "geometry": { "type": "Point", "coordinates": [ -91.49949, 15.73866 ] } },
{ "type": "Feature", "properties": { "id": "1448", "n": "C/C TZIQUINA GRANDE", "t": "CENTRO CONVERGENCIA", "m": "SANTA EULALIA" }, "geometry": { "type": "Point", "coordinates": [ -91.44408, 15.77841 ] } },
{ "type": "Feature", "properties": { "id": "1449", "n": "C/C YICHJOYOM", "t": "CENTRO CONVERGENCIA", "m": "SANTA EULALIA" }, "geometry": { "type": "Point", "coordinates": [ -91.44467, 15.75274 ] } },
{ "type": "Feature", "properties": { "id": "1451", "n": "C/C CHOLPATAC", "t": "CENTRO CONVERGENCIA", "m": "SANTA EULALIA" }, "geometry": { "type": "Point", "coordinates": [ -91.46086, 15.75902 ] } },
{ "type": "Feature", "properties": { "id": "1450", "n": "C/C MALNA", "t": "CENTRO CONVERGENCIA", "m": "SANTA EULALIA" }, "geometry": { "type": "Point", "coordinates": [ -91.4223, 15.7435 ] } },
{ "type": "Feature", "properties": { "id": "0965", "n": "C/C PUEBLO NUEVO", "t": "CENTRO CONVERGENCIA", "m": "SAN PEDRO SOLOMA" }, "geometry": { "type": "Point", "coordinates": [ -91.42805, 15.6755 ] } },
{ "type": "Feature", "properties": { "id": "0968", "n": "C/C IXLAWITZ", "t": "CENTRO CONVERGENCIA", "m": "SAN PEDRO SOLOMA" }, "geometry": { "type": "Point", "coordinates": [ -91.43459, 15.68816 ] } },
{ "type": "Feature", "properties": { "id": "0963", "n": "C/C IXTIAPOC", "t": "CENTRO CONVERGENCIA", "m": "SAN PEDRO SOLOMA" }, "geometry": { "type": "Point", "coordinates": [ -91.43003, 15.62919 ] } },
{ "type": "Feature", "properties": { "id": "0964", "n": "C/C POKIN", "t": "CENTRO CONVERGENCIA", "m": "SAN PEDRO SOLOMA" }, "geometry": { "type": "Point", "coordinates": [ -91.44641, 15.67085 ] } },
{ "type": "Feature", "properties": { "id": "0966", "n": "C/C CUCA", "t": "CENTRO CONVERGENCIA", "m": "SAN PEDRO SOLOMA" }, "geometry": { "type": "Point", "coordinates": [ -91.46196, 15.67994 ] } },
{ "type": "Feature", "properties": { "id": "0982", "n": "C/C YULWITZ", "t": "CENTRO CONVERGENCIA", "m": "SAN PEDRO SOLOMA" }, "geometry": { "type": "Point", "coordinates": [ -91.35858, 15.62449 ] } },
{ "type": "Feature", "properties": { "id": "0972", "n": "C/C CHITAMIL", "t": "CENTRO CONVERGENCIA", "m": "SAN PEDRO SOLOMA" }, "geometry": { "type": "Point", "coordinates": [ -91.37161, 15.61347 ] } },
{ "type": "Feature", "properties": { "id": "0981", "n": "C/C YULA", "t": "CENTRO CONVERGENCIA", "m": "SAN PEDRO SOLOMA" }, "geometry": { "type": "Point", "coordinates": [ -91.40557, 15.62727 ] } },
{ "type": "Feature", "properties": { "id": "0977", "n": "C/C QUEKCHIL", "t": "CENTRO CONVERGENCIA", "m": "SAN PEDRO SOLOMA" }, "geometry": { "type": "Point", "coordinates": [ -91.40594, 15.63409 ] } },
{ "type": "Feature", "properties": { "id": "0962", "n": "C/C CHOCHCAP", "t": "CENTRO CONVERGENCIA", "m": "SAN PEDRO SOLOMA" }, "geometry": { "type": "Point", "coordinates": [ -91.46085, 15.64849 ] } },
{ "type": "Feature", "properties": { "id": "1293", "n": "C/C JOLOMAX", "t": "CENTRO CONVERGENCIA", "m": "SAN RAFAEL LA INDEPENDENCIA" }, "geometry": { "type": "Point", "coordinates": [ -91.45235, 15.62991 ] } },
{ "type": "Feature", "properties": { "id": "1294", "n": "C/C JOLOMCA", "t": "CENTRO CONVERGENCIA", "m": "SAN RAFAEL LA INDEPENDENCIA" }, "geometry": { "type": "Point", "coordinates": [ -91.47415, 15.63937 ] } },
{ "type": "Feature", "properties": { "id": "0967", "n": "C/C CULOX  IXTINAJAP", "t": "CENTRO CONVERGENCIA", "m": "SAN PEDRO SOLOMA" }, "geometry": { "type": "Point", "coordinates": [ -91.49308, 15.66352 ] } },
{ "type": "Feature", "properties": { "id": "0863", "n": "(P /S) MIXLAJ", "t": "PUESTO DE SALUD", "m": "CHIANTLA" }, "geometry": { "type": "Point", "coordinates": [ -91.2886, 15.59582 ] } },
{ "type": "Feature", "properties": { "id": "0875", "n": "C/C MIXLAJ", "t": "CENTRO CONVERGENCIA", "m": "CHIANTLA" }, "geometry": { "type": "Point", "coordinates": [ -91.28859, 15.59587 ] } },
{ "type": "Feature", "properties": { "id": "1093", "n": "C/C CAJTAVI", "t": "CENTRO CONVERGENCIA", "m": "NENTON" }, "geometry": { "type": "Point", "coordinates": [ -91.71908, 15.83032 ] } },
{ "type": "Feature", "properties": { "id": "1066", "n": "(P/S) TZOJBAL", "t": "PUESTO DE SALUD", "m": "NENTON" }, "geometry": { "type": "Point", "coordinates": [ -91.7158, 15.84038 ] } },
{ "type": "Feature", "properties": { "id": "1092", "n": "C/C XOXTAC", "t": "CENTRO CONVERGENCIA", "m": "NENTON" }, "geometry": { "type": "Point", "coordinates": [ -91.6629, 15.83598 ] } },
{ "type": "Feature", "properties": { "id": "1086", "n": "C/C IXCACAO", "t": "CENTRO CONVERGENCIA", "m": "NENTON" }, "geometry": { "type": "Point", "coordinates": [ -91.71288, 15.86486 ] } },
{ "type": "Feature", "properties": { "id": "1077", "n": "C/C BILIL", "t": "CENTRO CONVERGENCIA", "m": "NENTON" }, "geometry": { "type": "Point", "coordinates": [ -91.6507, 15.85473 ] } },
{ "type": "Feature", "properties": { "id": "1063", "n": "(P/S) SUBAJASUN", "t": "PUESTO DE SALUD", "m": "NENTON" }, "geometry": { "type": "Point", "coordinates": [ -91.66496, 15.88073 ] } },
{ "type": "Feature", "properties": { "id": "1065", "n": "(P/S) CANQUINTIC", "t": "PUESTO DE SALUD", "m": "NENTON" }, "geometry": { "type": "Point", "coordinates": [ -91.65592, 15.90048 ] } },
{ "type": "Feature", "properties": { "id": "1098", "n": "C/C GUAXACANA", "t": "CENTRO CONVERGENCIA", "m": "NENTON" }, "geometry": { "type": "Point", "coordinates": [ -91.68439, 15.98383 ] } },
{ "type": "Feature", "properties": { "id": "1071", "n": "C/C LA TRINIDAD", "t": "CENTRO CONVERGENCIA", "m": "NENTON" }, "geometry": { "type": "Point", "coordinates": [ -91.68225, 16.02024 ] } },
{ "type": "Feature", "properties": { "id": "1064", "n": "(P/S) GRACIAS A DIOS", "t": "PUESTO DE SALUD", "m": "NENTON" }, "geometry": { "type": "Point", "coordinates": [ -91.74646, 16.04045 ] } },
{ "type": "Feature", "properties": { "id": "1075", "n": "C/C LAS PALMAS", "t": "CENTRO CONVERGENCIA", "m": "NENTON" }, "geometry": { "type": "Point", "coordinates": [ -91.65433, 16.01075 ] } },
{ "type": "Feature", "properties": { "id": "1067", "n": "C/C SALAMAY", "t": "CENTRO CONVERGENCIA", "m": "NENTON" }, "geometry": { "type": "Point", "coordinates": [ -91.60093, 15.95305 ] } },
{ "type": "Feature", "properties": { "id": "1382", "n": "C/C CHUCULA", "t": "CENTRO CONVERGENCIA", "m": "SAN RAFAEL LA INDEPENDENCIA" }, "geometry": { "type": "Point", "coordinates": [ -91.64155, 15.98658 ] } },
{ "type": "Feature", "properties": { "id": "1070", "n": "C/C EL AGUACATE", "t": "CENTRO CONVERGENCIA", "m": "NENTON" }, "geometry": { "type": "Point", "coordinates": [ -91.61064, 15.98789 ] } },
{ "type": "Feature", "properties": { "id": "1072", "n": "C/C YALAMBOJOCH", "t": "CENTRO CONVERGENCIA", "m": "NENTON" }, "geometry": { "type": "Point", "coordinates": [ -91.57188, 15.97988 ] } },
{ "type": "Feature", "properties": { "id": "1069", "n": "C/C EL QUETZAL", "t": "CENTRO CONVERGENCIA", "m": "NENTON" }, "geometry": { "type": "Point", "coordinates": [ -91.67946, 16.07053 ] } },
{ "type": "Feature", "properties": { "id": "1074", "n": "C/C NUEVA LIBERTAD", "t": "CENTRO CONVERGENCIA", "m": "NENTON" }, "geometry": { "type": "Point", "coordinates": [ -91.65497, 16.06855 ] } },
{ "type": "Feature", "properties": { "id": "1073", "n": "C/C YALCASTAN BUENA VISTA", "t": "CENTRO CONVERGENCIA", "m": "NENTON" }, "geometry": { "type": "Point", "coordinates": [ -91.59964, 16.06359 ] } },
{ "type": "Feature", "properties": { "id": "1068", "n": "C/C SAN JOSE FRONTERA", "t": "CENTRO CONVERGENCIA", "m": "NENTON" }, "geometry": { "type": "Point", "coordinates": [ -91.53325, 16.058 ] } },
{ "type": "Feature", "properties": { "id": "1096", "n": "C/C BUENA VISTA 15 DE MAYO", "t": "CENTRO CONVERGENCIA", "m": "NENTON" }, "geometry": { "type": "Point", "coordinates": [ -91.7163, 16.06504 ] } },
{ "type": "Feature", "properties": { "id": "1095", "n": "C/C POCOBASTIC", "t": "CENTRO CONVERGENCIA", "m": "NENTON" }, "geometry": { "type": "Point", "coordinates": [ -91.72204, 16.06755 ] } },
{ "type": "Feature", "properties": { "id": "1438", "n": "C/C LAJCHOLAJ", "t": "CENTRO CONVERGENCIA", "m": "SAN RAFAEL LA INDEPENDENCIA" }, "geometry": { "type": "Point", "coordinates": [ -91.50192, 15.70586 ] } },
{ "type": "Feature", "properties": { "id": "1439", "n": "C/C COLOLAJ", "t": "CENTRO CONVERGENCIA", "m": "SAN RAFAEL LA INDEPENDENCIA" }, "geometry": { "type": "Point", "coordinates": [ -91.50095, 15.70077 ] } },
{ "type": "Feature", "properties": { "id": "1440", "n": "C/C PUCPALA", "t": "CENTRO CONVERGENCIA", "m": "SAN RAFAEL LA INDEPENDENCIA" }, "geometry": { "type": "Point", "coordinates": [ -91.55007, 15.69598 ] } },
{ "type": "Feature", "properties": { "id": "1441", "n": "C/C IXCANAC 1", "t": "CENTRO CONVERGENCIA", "m": "SAN RAFAEL LA INDEPENDENCIA" }, "geometry": { "type": "Point", "coordinates": [ -91.52274, 15.66637 ] } },
{ "type": "Feature", "properties": { "id": "1442", "n": "C/C STICULTAJ", "t": "CENTRO CONVERGENCIA", "m": "SAN RAFAEL LA INDEPENDENCIA" }, "geometry": { "type": "Point", "coordinates": [ -91.57039, 15.67801 ] } },
{ "type": "Feature", "properties": { "id": "0988", "n": "(C/S) SANTA CRUZ BARILLAS", "t": "CENTRO DE SALUD", "m": "BARILLAS" }, "geometry": { "type": "Point", "coordinates": [ -91.31825, 15.80479 ] } },
{ "type": "Feature", "properties": { "id": "0992", "n": "(P/S) NUCA", "t": "PUESTO DE SALUD", "m": "BARILLAS" }, "geometry": { "type": "Point", "coordinates": [ -91.40404, 15.82754 ] } },
{ "type": "Feature", "properties": { "id": "0990", "n": "(P/S) SAN RAMAN", "t": "PUESTO DE SALUD", "m": "BARILLAS" }, "geometry": { "type": "Point", "coordinates": [ -91.20904, 15.86498 ] } },
{ "type": "Feature", "properties": { "id": "0991", "n": "(P/S) CHANCOLAN", "t": "PUESTO DE SALUD", "m": "BARILLAS" }, "geometry": { "type": "Point", "coordinates": [ -91.23625, 15.93405 ] } },
{ "type": "Feature", "properties": { "id": "1351", "n": "C/C NUEVA UNIAN MAYA", "t": "CENTRO CONVERGENCIA", "m": "BARILLAS" }, "geometry": { "type": "Point", "coordinates": [ -91.35631, 16.02434 ] } },
{ "type": "Feature", "properties": { "id": "0989", "n": "(P/S) XOXLAC", "t": "PUESTO DE SALUD", "m": "BARILLAS" }, "geometry": { "type": "Point", "coordinates": [ -91.35244, 15.99144 ] } },
{ "type": "Feature", "properties": { "id": "1263", "n": "(C/S) SAN RAFAEL LA INDEPENDENCIA", "t": "CENTRO DE SALUD", "m": "SAN RAFAEL LA INDEPENDENCIA" }, "geometry": { "type": "Point", "coordinates": [ -91.54157, 15.70303 ] } },
{ "type": "Feature", "properties": { "id": "1264", "n": "(P/S) ISTINAJAP", "t": "PUESTO DE SALUD", "m": "SAN RAFAEL LA INDEPENDENCIA" }, "geometry": { "type": "Point", "coordinates": [ -91.50892, 15.67232 ] } },
{ "type": "Feature", "properties": { "id": "1453", "n": "C/C BOLOLAQ", "t": "CENTRO CONVERGENCIA", "m": "SANTA EULALIA" }, "geometry": { "type": "Point", "coordinates": [ -91.41671, 15.72446 ] } },
{ "type": "Feature", "properties": { "id": "1454", "n": "C/C CHIVAL CHIQUITO", "t": "CENTRO CONVERGENCIA", "m": "SANTA EULALIA" }, "geometry": { "type": "Point", "coordinates": [ -91.39022, 15.71785 ] } },
{ "type": "Feature", "properties": { "id": "1455", "n": "C/C IXTENAM", "t": "CENTRO CONVERGENCIA", "m": "SANTA EULALIA" }, "geometry": { "type": "Point", "coordinates": [ -91.42908, 15.72764 ] } },
{ "type": "Feature", "properties": { "id": "1456", "n": "C/C TZELTAJ", "t": "CENTRO CONVERGENCIA", "m": "SANTA EULALIA" }, "geometry": { "type": "Point", "coordinates": [ -91.47521, 15.73593 ] } },
{ "type": "Feature", "properties": { "id": "1457", "n": "C/C MUCAN JOLOM", "t": "CENTRO CONVERGENCIA", "m": "SANTA EULALIA" }, "geometry": { "type": "Point", "coordinates": [ -91.50928, 15.74145 ] } },
{ "type": "Feature", "properties": { "id": "0961", "n": "(C/S) SOLOMA", "t": "CENTRO DE SALUD", "m": "SAN PEDRO SOLOMA" }, "geometry": { "type": "Point", "coordinates": [ -91.43091, 15.65719 ] } },
{ "type": "Feature", "properties": { "id": "0969", "n": "C/C MAJCHA", "t": "CENTRO CONVERGENCIA", "m": "SAN PEDRO SOLOMA" }, "geometry": { "type": "Point", "coordinates": [ -91.41967, 15.67214 ] } },
{ "type": "Feature", "properties": { "id": "1292", "n": "C/C YULCA", "t": "CENTRO CONVERGENCIA", "m": "SAN RAFAEL LA INDEPENDENCIA" }, "geometry": { "type": "Point", "coordinates": [ -91.4075, 15.67594 ] } },
{ "type": "Feature", "properties": { "id": "0978", "n": "C/C SAN ANTONIO CANTEL", "t": "CENTRO CONVERGENCIA", "m": "SAN PEDRO SOLOMA" }, "geometry": { "type": "Point", "coordinates": [ -91.36827, 15.6589 ] } },
{ "type": "Feature", "properties": { "id": "0979", "n": "C/C SUYIL GRANDE", "t": "CENTRO CONVERGENCIA", "m": "SAN PEDRO SOLOMA" }, "geometry": { "type": "Point", "coordinates": [ -91.34075, 15.67929 ] } },
{ "type": "Feature", "properties": { "id": "0976", "n": "C/C POXIAC", "t": "CENTRO CONVERGENCIA", "m": "SAN PEDRO SOLOMA" }, "geometry": { "type": "Point", "coordinates": [ -91.31645, 15.68589 ] } },
{ "type": "Feature", "properties": { "id": "0970", "n": "C/C UCPI", "t": "CENTRO CONVERGENCIA", "m": "SAN PEDRO SOLOMA" }, "geometry": { "type": "Point", "coordinates": [ -91.39503, 15.69548 ] } },
{ "type": "Feature", "properties": { "id": "0985", "n": "(P/S) SAN JUAN IXCOY", "t": "PUESTO DE SALUD", "m": "SAN JUAN IXCOY" }, "geometry": { "type": "Point", "coordinates": [ -91.44743, 15.59783 ] } },
{ "type": "Feature", "properties": { "id": "0986", "n": "(P/S) YAJAUCA", "t": "PUESTO DE SALUD", "m": "SAN JUAN IXCOY" }, "geometry": { "type": "Point", "coordinates": [ -91.3578, 15.59563 ] } },
{ "type": "Feature", "properties": { "id": "1232", "n": "(C/S) SAN MATEO IXTATAN", "t": "CENTRO DE SALUD", "m": "SAN MATEO IXTATAN" }, "geometry": { "type": "Point", "coordinates": [ -91.47696, 15.82968 ] } },
{ "type": "Feature", "properties": { "id": "1234", "n": "(P/S) BULEJ", "t": "PUESTO DE SALUD", "m": "SAN MATEO IXTATAN" }, "geometry": { "type": "Point", "coordinates": [ -91.56986, 15.93275 ] } },
{ "type": "Feature", "properties": { "id": "1233", "n": "(P/S) IXQUISIS", "t": "PUESTO DE SALUD", "m": "SAN MATEO IXTATAN" }, "geometry": { "type": "Point", "coordinates": [ -91.42203, 16.04528 ] } },
{ "type": "Feature", "properties": { "id": "1436", "n": "C/C XEQUEL", "t": "CENTRO CONVERGENCIA", "m": "SAN MATEO IXTATAN" }, "geometry": { "type": "Point", "coordinates": [ -91.59154, 15.86975 ] } },
{ "type": "Feature", "properties": { "id": "1435", "n": "C/C YOLCULTAC", "t": "CENTRO CONVERGENCIA", "m": "SAN MATEO IXTATAN" }, "geometry": { "type": "Point", "coordinates": [ -91.6176, 15.85859 ] } },
{ "type": "Feature", "properties": { "id": "1320", "n": "C/C CHANCHOC", "t": "CENTRO CONVERGENCIA", "m": "BARILLAS" }, "geometry": { "type": "Point", "coordinates": [ -91.17064, 15.87293 ] } },
{ "type": "Feature", "properties": { "id": "1319", "n": "C/C ALTA MIRA", "t": "CENTRO CONVERGENCIA", "m": "BARILLAS" }, "geometry": { "type": "Point", "coordinates": [ -91.16463, 15.8634 ] } },
{ "type": "Feature", "properties": { "id": "1318", "n": "C/C JORDAN", "t": "CENTRO CONVERGENCIA", "m": "BARILLAS" }, "geometry": { "type": "Point", "coordinates": [ -91.14548, 15.94014 ] } },
{ "type": "Feature", "properties": { "id": "1317", "n": "C/C NUVILA", "t": "CENTRO CONVERGENCIA", "m": "BARILLAS" }, "geometry": { "type": "Point", "coordinates": [ -91.19974, 15.91904 ] } },
{ "type": "Feature", "properties": { "id": "1316", "n": "C/C SIGLO XX", "t": "CENTRO CONVERGENCIA", "m": "BARILLAS" }, "geometry": { "type": "Point", "coordinates": [ -91.19753, 15.98673 ] } },
{ "type": "Feature", "properties": { "id": "1315", "n": "C/C PE¥AS BLANCAS", "t": "CENTRO CONVERGENCIA", "m": "BARILLAS" }, "geometry": { "type": "Point", "coordinates": [ -91.2196, 16.01137 ] } },
{ "type": "Feature", "properties": { "id": "1313", "n": "C/C SINLAC FRONTERA", "t": "CENTRO CONVERGENCIA", "m": "BARILLAS" }, "geometry": { "type": "Point", "coordinates": [ -91.25102, 16.07028 ] } },
{ "type": "Feature", "properties": { "id": "1314", "n": "C/C SAN JUAN TUTLAC", "t": "CENTRO CONVERGENCIA", "m": "BARILLAS" }, "geometry": { "type": "Point", "coordinates": [ -91.24831, 16.01669 ] } },
{ "type": "Feature", "properties": { "id": "1312", "n": "C/C RIO AZUL", "t": "CENTRO CONVERGENCIA", "m": "BARILLAS" }, "geometry": { "type": "Point", "coordinates": [ -91.29725, 16.04874 ] } },
{ "type": "Feature", "properties": { "id": "1311", "n": "C/C MOMONLAC", "t": "CENTRO CONVERGENCIA", "m": "BARILLAS" }, "geometry": { "type": "Point", "coordinates": [ -91.33696, 16.02844 ] } },
{ "type": "Feature", "properties": { "id": "1310", "n": "C/C SACCHEN", "t": "CENTRO CONVERGENCIA", "m": "BARILLAS" }, "geometry": { "type": "Point", "coordinates": [ -91.34813, 16.0413 ] } },
{ "type": "Feature", "properties": { "id": "1309", "n": "C/C SANTA ELENA", "t": "CENTRO CONVERGENCIA", "m": "BARILLAS" }, "geometry": { "type": "Point", "coordinates": [ -91.28259, 16.02291 ] } },
{ "type": "Feature", "properties": { "id": "1308", "n": "C/C SAN JUAN LA CEIBA", "t": "CENTRO CONVERGENCIA", "m": "BARILLAS" }, "geometry": { "type": "Point", "coordinates": [ -91.26299, 15.99277 ] } },
{ "type": "Feature", "properties": { "id": "1307", "n": "C/C MONTE BELLO", "t": "CENTRO CONVERGENCIA", "m": "BARILLAS" }, "geometry": { "type": "Point", "coordinates": [ -91.2871, 16.00952 ] } },
{ "type": "Feature", "properties": { "id": "1306", "n": "C/C VICTORIAS", "t": "CENTRO CONVERGENCIA", "m": "BARILLAS" }, "geometry": { "type": "Point", "coordinates": [ -91.24371, 15.95295 ] } },
{ "type": "Feature", "properties": { "id": "1305", "n": "C/C UNIAN PALMA", "t": "CENTRO CONVERGENCIA", "m": "BARILLAS" }, "geometry": { "type": "Point", "coordinates": [ -91.28962, 15.91738 ] } },
{ "type": "Feature", "properties": { "id": "1295", "n": "C/C SANTA ROSA", "t": "CENTRO CONVERGENCIA", "m": "SAN RAFAEL LA INDEPENDENCIA" }, "geometry": { "type": "Point", "coordinates": [ -91.28261, 15.79613 ] } },
{ "type": "Feature", "properties": { "id": "1296", "n": "C/C LASOLEDAD", "t": "CENTRO CONVERGENCIA", "m": "SAN RAFAEL LA INDEPENDENCIA" }, "geometry": { "type": "Point", "coordinates": [ -91.27076, 15.81074 ] } },
{ "type": "Feature", "properties": { "id": "1297", "n": "C/C ESPERANSITA", "t": "CENTRO CONVERGENCIA", "m": "SAN RAFAEL LA INDEPENDENCIA" }, "geometry": { "type": "Point", "coordinates": [ -91.26208, 15.82273 ] } },
{ "type": "Feature", "properties": { "id": "1298", "n": "C/C CONCEPCIAN", "t": "CENTRO CONVERGENCIA", "m": "SANTA EULALIA" }, "geometry": { "type": "Point", "coordinates": [ -91.25577, 15.83897 ] } },
{ "type": "Feature", "properties": { "id": "1299", "n": "C/C BUENOS AIRES", "t": "CENTRO CONVERGENCIA", "m": "SANTA EULALIA" }, "geometry": { "type": "Point", "coordinates": [ -91.24704, 15.88821 ] } },
{ "type": "Feature", "properties": { "id": "1300", "n": "C/C OJO DE AGUA", "t": "CENTRO CONVERGENCIA", "m": "SANTA EULALIA" }, "geometry": { "type": "Point", "coordinates": [ -91.25404, 15.89217 ] } },
{ "type": "Feature", "properties": { "id": "1301", "n": "C/C CONCHITAS", "t": "CENTRO CONVERGENCIA", "m": "SANTA EULALIA" }, "geometry": { "type": "Point", "coordinates": [ -91.24031, 15.91065 ] } },
{ "type": "Feature", "properties": { "id": "1302", "n": "C/C MANANTIAL ZAPOTAL", "t": "CENTRO CONVERGENCIA", "m": "BARILLAS" }, "geometry": { "type": "Point", "coordinates": [ -91.22487, 15.93945 ] } },
{ "type": "Feature", "properties": { "id": "1303", "n": "C/C SAN JOS MAXBAL", "t": "CENTRO CONVERGENCIA", "m": "BARILLAS" }, "geometry": { "type": "Point", "coordinates": [ -91.31619, 15.95793 ] } },
{ "type": "Feature", "properties": { "id": "1304", "n": "C/C INGERTO MANANTIAL", "t": "CENTRO CONVERGENCIA", "m": "BARILLAS" }, "geometry": { "type": "Point", "coordinates": [ -91.3126, 15.81197 ] } },
{ "type": "Feature", "properties": { "id": "1420", "n": "C/C OCANTE", "t": "CENTRO CONVERGENCIA", "m": "SAN MATEO IXTATAN" }, "geometry": { "type": "Point", "coordinates": [ -91.53686, 15.87483 ] } },
{ "type": "Feature", "properties": { "id": "1421", "n": "C/C SUBEP", "t": "CENTRO CONVERGENCIA", "m": "SAN MATEO IXTATAN" }, "geometry": { "type": "Point", "coordinates": [ -91.59748, 15.86502 ] } },
{ "type": "Feature", "properties": { "id": "1422", "n": "C/C PATALCAL", "t": "CENTRO CONVERGENCIA", "m": "SAN MATEO IXTATAN" }, "geometry": { "type": "Point", "coordinates": [ -91.54873, 15.87923 ] } },
{ "type": "Feature", "properties": { "id": "1423", "n": "C/C GUAISNA", "t": "CENTRO CONVERGENCIA", "m": "SAN MATEO IXTATAN" }, "geometry": { "type": "Point", "coordinates": [ -91.56221, 15.87112 ] } },
{ "type": "Feature", "properties": { "id": "1424", "n": "C/C PACOMAL", "t": "CENTRO CONVERGENCIA", "m": "SAN MATEO IXTATAN" }, "geometry": { "type": "Point", "coordinates": [ -91.5741, 15.86301 ] } },
{ "type": "Feature", "properties": { "id": "1425", "n": "C/C YULAQUITAC", "t": "CENTRO CONVERGENCIA", "m": "SAN MATEO IXTATAN" }, "geometry": { "type": "Point", "coordinates": [ -91.54864, 15.8309 ] } },
{ "type": "Feature", "properties": { "id": "1426", "n": "C/C RIO BLANCO", "t": "CENTRO CONVERGENCIA", "m": "SAN MATEO IXTATAN" }, "geometry": { "type": "Point", "coordinates": [ -91.54838, 15.82475 ] } },
{ "type": "Feature", "properties": { "id": "1427", "n": "C/C TIMACTE", "t": "CENTRO CONVERGENCIA", "m": "SAN MATEO IXTATAN" }, "geometry": { "type": "Point", "coordinates": [ -91.57641, 15.82594 ] } },
{ "type": "Feature", "properties": { "id": "1428", "n": "C/C COLTENAM", "t": "CENTRO CONVERGENCIA", "m": "SAN MATEO IXTATAN" }, "geometry": { "type": "Point", "coordinates": [ -91.55438, 15.80657 ] } },
{ "type": "Feature", "properties": { "id": "1429", "n": "C/C TZUMUNCAP", "t": "CENTRO CONVERGENCIA", "m": "SAN MATEO IXTATAN" }, "geometry": { "type": "Point", "coordinates": [ -91.54044, 15.80023 ] } },
{ "type": "Feature", "properties": { "id": "1430", "n": "C/C YICHPAJAW", "t": "CENTRO CONVERGENCIA", "m": "SAN MATEO IXTATAN" }, "geometry": { "type": "Point", "coordinates": [ -91.52925, 15.80096 ] } },
{ "type": "Feature", "properties": { "id": "1431", "n": "C/C YALANSIYUP", "t": "CENTRO CONVERGENCIA", "m": "SAN MATEO IXTATAN" }, "geometry": { "type": "Point", "coordinates": [ -91.52644, 15.79858 ] } },
{ "type": "Feature", "properties": { "id": "1432", "n": "C/C TZULANSICAP", "t": "CENTRO CONVERGENCIA", "m": "SAN MATEO IXTATAN" }, "geometry": { "type": "Point", "coordinates": [ -91.52655, 15.78785 ] } },
{ "type": "Feature", "properties": { "id": "1433", "n": "C/C OXETAJ", "t": "CENTRO CONVERGENCIA", "m": "SAN MATEO IXTATAN" }, "geometry": { "type": "Point", "coordinates": [ -91.46328, 15.83152 ] } },
{ "type": "Feature", "properties": { "id": "1434", "n": "C/C CHIXJOJ", "t": "CENTRO CONVERGENCIA", "m": "SAN MATEO IXTATAN" }, "geometry": { "type": "Point", "coordinates": [ -91.49297, 15.84177 ] } },
{ "type": "Feature", "properties": { "id": "1336", "n": "IGSS", "t": "IGSS", "m": "BARILLAS" }, "geometry": { "type": "Point", "coordinates": [ -91.31799, 15.80459 ] } },
{ "type": "Feature", "properties": { "id": "1335", "n": "C/C HOSPITAL SANTA CRUZ BARRILLAS", "t": "CENTRO CONVERGENCIA", "m": "BARILLAS" }, "geometry": { "type": "Point", "coordinates": [ -91.32233, 15.80441 ] } },
{ "type": "Feature", "properties": { "id": "1331", "n": "C/C NOCHBENTE", "t": "CENTRO CONVERGENCIA", "m": "SAN MATEO IXTATAN" }, "geometry": { "type": "Point", "coordinates": [ -91.41716, 15.80912 ] } },
{ "type": "Feature", "properties": { "id": "1332", "n": "C/C YULATIZU", "t": "CENTRO CONVERGENCIA", "m": "SANTA EULALIA" }, "geometry": { "type": "Point", "coordinates": [ -91.40138, 15.79504 ] } },
{ "type": "Feature", "properties": { "id": "1333", "n": "C/C SAN Jos‚ YULATIZU", "t": "CENTRO CONVERGENCIA", "m": "SANTA EULALIA" }, "geometry": { "type": "Point", "coordinates": [ -91.38719, 15.79948 ] } },
{ "type": "Feature", "properties": { "id": "1330", "n": "C/C YULACHEQUE", "t": "CENTRO CONVERGENCIA", "m": "SANTA EULALIA" }, "geometry": { "type": "Point", "coordinates": [ -91.35335, 15.81225 ] } },
{ "type": "Feature", "properties": { "id": "1339", "n": "C/C PALESTINA", "t": "CENTRO CONVERGENCIA", "m": "BARILLAS" }, "geometry": { "type": "Point", "coordinates": [ -91.29688, 15.80945 ] } },
{ "type": "Feature", "properties": { "id": "1340", "n": "C/C SAN GERONIMO", "t": "CENTRO CONVERGENCIA", "m": "SANTA EULALIA" }, "geometry": { "type": "Point", "coordinates": [ -91.31614, 15.78025 ] } },
{ "type": "Feature", "properties": { "id": "1338", "n": "C/C JOLOMCA", "t": "CENTRO CONVERGENCIA", "m": "SANTA EULALIA" }, "geometry": { "type": "Point", "coordinates": [ -91.29583, 15.77429 ] } },
{ "type": "Feature", "properties": { "id": "1334", "n": "C/C FLORIDA", "t": "CENTRO CONVERGENCIA", "m": "BARILLAS" }, "geometry": { "type": "Point", "coordinates": [ -91.28836, 15.81453 ] } },
{ "type": "Feature", "properties": { "id": "1328", "n": "C/C JOLOMTAJ", "t": "CENTRO CONVERGENCIA", "m": "BARILLAS" }, "geometry": { "type": "Point", "coordinates": [ -91.22098, 15.77746 ] } },
{ "type": "Feature", "properties": { "id": "1329", "n": "C/C LAS LUCES", "t": "CENTRO CONVERGENCIA", "m": "SANTA EULALIA" }, "geometry": { "type": "Point", "coordinates": [ -91.18937, 15.71624 ] } },
{ "type": "Feature", "properties": { "id": "1327", "n": "C/C YULA SAN JUAN", "t": "CENTRO CONVERGENCIA", "m": "SANTA EULALIA" }, "geometry": { "type": "Point", "coordinates": [ -91.16865, 15.7333 ] } },
{ "type": "Feature", "properties": { "id": "1326", "n": "C/C MARAVILLA", "t": "CENTRO CONVERGENCIA", "m": "BARILLAS" }, "geometry": { "type": "Point", "coordinates": [ -91.17159, 15.76393 ] } },
{ "type": "Feature", "properties": { "id": "1325", "n": "C/C PORVENIR", "t": "CENTRO CONVERGENCIA", "m": "SANTA EULALIA" }, "geometry": { "type": "Point", "coordinates": [ -91.16547, 15.75586 ] } },
{ "type": "Feature", "properties": { "id": "1324", "n": "C/C 4 CAMINOS JOLOMTAJ", "t": "CENTRO CONVERGENCIA", "m": "BARILLAS" }, "geometry": { "type": "Point", "coordinates": [ -91.22012, 15.78508 ] } },
{ "type": "Feature", "properties": { "id": "1322", "n": "C/C BUENA VISTA", "t": "CENTRO CONVERGENCIA", "m": "BARILLAS" }, "geometry": { "type": "Point", "coordinates": [ -91.21555, 15.79424 ] } },
{ "type": "Feature", "properties": { "id": "1323", "n": "C/C MIRAMAR", "t": "CENTRO CONVERGENCIA", "m": "BARILLAS" }, "geometry": { "type": "Point", "coordinates": [ -91.24042, 15.79446 ] } },
{ "type": "Feature", "properties": { "id": "1348", "n": "C/C AMELCO", "t": "CENTRO CONVERGENCIA", "m": "SANTA EULALIA" }, "geometry": { "type": "Point", "coordinates": [ -91.24501, 15.75322 ] } },
{ "type": "Feature", "properties": { "id": "1321", "n": "C/C YAXCACAO", "t": "CENTRO CONVERGENCIA", "m": "SANTA EULALIA" }, "geometry": { "type": "Point", "coordinates": [ -91.22836, 15.75246 ] } },
{ "type": "Feature", "properties": { "id": "1345", "n": "C/C RIO ESPIRITU", "t": "CENTRO CONVERGENCIA", "m": "BARILLAS" }, "geometry": { "type": "Point", "coordinates": [ -91.20146, 15.87602 ] } },
{ "type": "Feature", "properties": { "id": "1344", "n": "C/C MONTE NEGRO", "t": "CENTRO CONVERGENCIA", "m": "BARILLAS" }, "geometry": { "type": "Point", "coordinates": [ -91.20692, 15.95659 ] } },
{ "type": "Feature", "properties": { "id": "1341", "n": "C/C MONTE CRISTO", "t": "CENTRO CONVERGENCIA", "m": "BARILLAS" }, "geometry": { "type": "Point", "coordinates": [ -91.17087, 15.88557 ] } },
{ "type": "Feature", "properties": { "id": "1342", "n": "C/C RIO NEGRO", "t": "CENTRO CONVERGENCIA", "m": "BARILLAS" }, "geometry": { "type": "Point", "coordinates": [ -91.18271, 15.85357 ] } },
{ "type": "Feature", "properties": { "id": "1343", "n": "C/C YULMACAP", "t": "CENTRO CONVERGENCIA", "m": "BARILLAS" }, "geometry": { "type": "Point", "coordinates": [ -91.18269, 15.82585 ] } },
{ "type": "Feature", "properties": { "id": "1346", "n": "C/C YULGOBE", "t": "CENTRO CONVERGENCIA", "m": "BARILLAS" }, "geometry": { "type": "Point", "coordinates": [ -91.17497, 15.81685 ] } },
{ "type": "Feature", "properties": { "id": "1347", "n": "C/C BUENA VISTA SANTA GREGORIA", "t": "CENTRO CONVERGENCIA", "m": "SANTA EULALIA" }, "geometry": { "type": "Point", "coordinates": [ -91.33162, 15.79966 ] } },
{ "type": "Feature", "properties": { "id": "1416", "n": "C/C RIO SECO", "t": "CENTRO CONVERGENCIA", "m": "SAN MATEO IXTATAN" }, "geometry": { "type": "Point", "coordinates": [ -91.46982, 16.02754 ] } },
{ "type": "Feature", "properties": { "id": "1419", "n": "C/C IXTATAN", "t": "CENTRO CONVERGENCIA", "m": "SAN MATEO IXTATAN" }, "geometry": { "type": "Point", "coordinates": [ -91.47242, 16.00142 ] } },
{ "type": "Feature", "properties": { "id": "1418", "n": "C/C NUEVO TRIUNFO", "t": "CENTRO CONVERGENCIA", "m": "SAN MATEO IXTATAN" }, "geometry": { "type": "Point", "coordinates": [ -91.46037, 15.98113 ] } },
{ "type": "Feature", "properties": { "id": "1415", "n": "C/C IXCAQCHI", "t": "CENTRO CONVERGENCIA", "m": "SAN MATEO IXTATAN" }, "geometry": { "type": "Point", "coordinates": [ -91.4778, 16.05155 ] } },
{ "type": "Feature", "properties": { "id": "1417", "n": "C/C CONCEPCIAN", "t": "CENTRO CONVERGENCIA", "m": "SAN MATEO IXTATAN" }, "geometry": { "type": "Point", "coordinates": [ -91.4341, 16.06525 ] } },
{ "type": "Feature", "properties": { "id": "1414", "n": "C/C YULCHE FRONTERA", "t": "CENTRO CONVERGENCIA", "m": "SAN MATEO IXTATAN" }, "geometry": { "type": "Point", "coordinates": [ -91.44176, 16.06751 ] } },
{ "type": "Feature", "properties": { "id": "1413", "n": "C/C PLATANAR", "t": "CENTRO CONVERGENCIA", "m": "SAN MATEO IXTATAN" }, "geometry": { "type": "Point", "coordinates": [ -91.40103, 16.06188 ] } },
{ "type": "Feature", "properties": { "id": "1412", "n": "C/C POJOM", "t": "CENTRO CONVERGENCIA", "m": "SAN MATEO IXTATAN" }, "geometry": { "type": "Point", "coordinates": [ -91.41941, 16.02451 ] } },
{ "type": "Feature", "properties": { "id": "1411", "n": "C/C XAPPER", "t": "CENTRO CONVERGENCIA", "m": "SAN MATEO IXTATAN" }, "geometry": { "type": "Point", "coordinates": [ -91.4362, 15.93298 ] } },
{ "type": "Feature", "properties": { "id": "1410", "n": "C/C TIACTAC", "t": "CENTRO CONVERGENCIA", "m": "SAN MATEO IXTATAN" }, "geometry": { "type": "Point", "coordinates": [ -91.44615, 15.89597 ] } },
{ "type": "Feature", "properties": { "id": "1156", "n": "(C/S) COLOTENANGO", "t": "CENTRO DE SALUD", "m": "COLOTENANGO" }, "geometry": { "type": "Point", "coordinates": [ -91.71344, 15.40457 ] } },
{ "type": "Feature", "properties": { "id": "1157", "n": "(P/S) IXCONLAJ", "t": "PUESTO DE SALUD", "m": "COLOTENANGO" }, "geometry": { "type": "Point", "coordinates": [ -91.73499, 15.46972 ] } },
{ "type": "Feature", "properties": { "id": "0951", "n": "(P/S) SANTIAGO CHIMALTENANGO", "t": "PUESTO DE SALUD", "m": "SANTIAGO CHIMALTENANGO" }, "geometry": { "type": "Point", "coordinates": [ -91.69704, 15.47667 ] } },
{ "type": "Feature", "properties": { "id": "1159", "n": "(P/S) SAN GASPAR IXIL", "t": "PUESTO DE SALUD", "m": "SAN GASPAR IXCHIL" }, "geometry": { "type": "Point", "coordinates": [ -91.72716, 15.38797 ] } },
{ "type": "Feature", "properties": { "id": "1101", "n": "(C/S) SANTA ANA HUISTA", "t": "CENTRO DE SALUD", "m": "SANTA ANA HUISTA" }, "geometry": { "type": "Point", "coordinates": [ -91.82105, 15.68101 ] } },
{ "type": "Feature", "properties": { "id": "1102", "n": "(P/S) CUATRO CAMINOS", "t": "PUESTO DE SALUD", "m": "SANTA ANA HUISTA" }, "geometry": { "type": "Point", "coordinates": [ -91.883, 15.70932 ] } },
{ "type": "Feature", "properties": { "id": "0959", "n": "C/C PLAN GRANDE", "t": "CENTRO CONVERGENCIA", "m": "SAN ANTONIO HUISTA" }, "geometry": { "type": "Point", "coordinates": [ -91.78193, 15.61327 ] } },
{ "type": "Feature", "properties": { "id": "0956", "n": "C/C IXMAL", "t": "CENTRO CONVERGENCIA", "m": "SAN ANTONIO HUISTA" }, "geometry": { "type": "Point", "coordinates": [ -91.7965, 15.60685 ] } },
{ "type": "Feature", "properties": { "id": "0957", "n": "C/C LA LAJAS", "t": "CENTRO CONVERGENCIA", "m": "SAN ANTONIO HUISTA" }, "geometry": { "type": "Point", "coordinates": [ -91.80719, 15.62208 ] } },
{ "type": "Feature", "properties": { "id": "0955", "n": "C/C CHALUM", "t": "CENTRO CONVERGENCIA", "m": "SAN ANTONIO HUISTA" }, "geometry": { "type": "Point", "coordinates": [ -91.83237, 15.64791 ] } },
{ "type": "Feature", "properties": { "id": "0958", "n": "C/C NOJOYA", "t": "CENTRO CONVERGENCIA", "m": "SAN ANTONIO HUISTA" }, "geometry": { "type": "Point", "coordinates": [ -91.81468, 15.65442 ] } },
{ "type": "Feature", "properties": { "id": "0954", "n": "C/C EL TABLON VIEJO", "t": "CENTRO CONVERGENCIA", "m": "SAN ANTONIO HUISTA" }, "geometry": { "type": "Point", "coordinates": [ -91.80756, 15.6685 ] } },
{ "type": "Feature", "properties": { "id": "0953", "n": "(C/S) SAN ANTONIO HUISTA", "t": "CENTRO DE SALUD", "m": "SAN ANTONIO HUISTA" }, "geometry": { "type": "Point", "coordinates": [ -91.76714, 15.65345 ] } },
{ "type": "Feature", "properties": { "id": "1167", "n": "(C/S) EL CALVARIO", "t": "CENTRO DE SALUD", "m": "HUEHUETENANGO" }, "geometry": { "type": "Point", "coordinates": [ -91.46735, 15.32394 ] } },
{ "type": "Feature", "properties": { "id": "1171", "n": "(P/S) OCUBILA", "t": "PUESTO DE SALUD", "m": "HUEHUETENANGO" }, "geometry": { "type": "Point", "coordinates": [ -91.41013, 15.33685 ] } },
{ "type": "Feature", "properties": { "id": "1169", "n": "(P/S) CHINACA", "t": "PUESTO DE SALUD", "m": "HUEHUETENANGO" }, "geometry": { "type": "Point", "coordinates": [ -91.42789, 15.31667 ] } },
{ "type": "Feature", "properties": { "id": "1168", "n": "(P/S) LLANO GRANDE", "t": "PUESTO DE SALUD", "m": "HUEHUETENANGO" }, "geometry": { "type": "Point", "coordinates": [ -91.34876, 15.29467 ] } },
{ "type": "Feature", "properties": { "id": "0814", "n": "C/C EL OREGANO", "t": "CENTRO CONVERGENCIA", "m": "HUEHUETENANGO" }, "geometry": { "type": "Point", "coordinates": [ -91.35133, 15.25543 ] } },
{ "type": "Feature", "properties": { "id": "1170", "n": "(P/S) XETENAM", "t": "PUESTO DE SALUD", "m": "HUEHUETENANGO" }, "geometry": { "type": "Point", "coordinates": [ -91.4012, 15.25357 ] } },
{ "type": "Feature", "properties": { "id": "1172", "n": "(P/S) SAN LORENZO", "t": "PUESTO DE SALUD", "m": "HUEHUETENANGO" }, "geometry": { "type": "Point", "coordinates": [ -91.45865, 15.28815 ] } },
{ "type": "Feature", "properties": { "id": "1173", "n": "(P/S) EL TERRERO", "t": "PUESTO DE SALUD", "m": "HUEHUETENANGO" }, "geometry": { "type": "Point", "coordinates": [ -91.48666, 15.33335 ] } },
{ "type": "Feature", "properties": { "id": "0835", "n": "(P/S) SAN SEBASTIAN", "t": "PUESTO DE SALUD", "m": "SAN SEBASTIAN HUEHUETENANGO" }, "geometry": { "type": "Point", "coordinates": [ -91.61508, 15.38747 ] } },
{ "type": "Feature", "properties": { "id": "0841", "n": "C/C CHEXAP", "t": "CENTRO CONVERGENCIA", "m": "SAN SEBASTIAN HUEHUETENANGO" }, "geometry": { "type": "Point", "coordinates": [ -91.58264, 15.42151 ] } },
{ "type": "Feature", "properties": { "id": "0842", "n": "C/C CHEXAP 1", "t": "CENTRO CONVERGENCIA", "m": "SAN SEBASTIAN HUEHUETENANGO" }, "geometry": { "type": "Point", "coordinates": [ -91.5765, 15.42026 ] } },
{ "type": "Feature", "properties": { "id": "0840", "n": "C/C CHEQUEQUIX", "t": "CENTRO CONVERGENCIA", "m": "SAN SEBASTIAN HUEHUETENANGO" }, "geometry": { "type": "Point", "coordinates": [ -91.57003, 15.41694 ] } },
{ "type": "Feature", "properties": { "id": "0839", "n": "C/C CHELAM", "t": "CENTRO CONVERGENCIA", "m": "SAN SEBASTIAN HUEHUETENANGO" }, "geometry": { "type": "Point", "coordinates": [ -91.56754, 15.43431 ] } },
{ "type": "Feature", "properties": { "id": "0838", "n": "C/C T-XEJOJ", "t": "CENTRO CONVERGENCIA", "m": "SAN SEBASTIAN HUEHUETENANGO" }, "geometry": { "type": "Point", "coordinates": [ -91.59688, 15.43335 ] } },
{ "type": "Feature", "properties": { "id": "1215", "n": "(P/S) LA LIBERTAD", "t": "PUESTO DE SALUD", "m": "LA LIBERTAD" }, "geometry": { "type": "Point", "coordinates": [ -91.87022, 15.51473 ] } },
{ "type": "Feature", "properties": { "id": "1223", "n": "C/C AGUACATE II", "t": "CENTRO CONVERGENCIA", "m": "LA LIBERTAD" }, "geometry": { "type": "Point", "coordinates": [ -91.92258, 15.53923 ] } },
{ "type": "Feature", "properties": { "id": "1226", "n": "C/C AGUACATE I", "t": "CENTRO CONVERGENCIA", "m": "LA LIBERTAD" }, "geometry": { "type": "Point", "coordinates": [ -91.92241, 15.52693 ] } },
{ "type": "Feature", "properties": { "id": "1225", "n": "C/C BA¥ADERO", "t": "CENTRO CONVERGENCIA", "m": "LA LIBERTAD" }, "geometry": { "type": "Point", "coordinates": [ -91.95427, 15.53714 ] } },
{ "type": "Feature", "properties": { "id": "1216", "n": "(P/S) PE¥A ROJA", "t": "PUESTO DE SALUD", "m": "LA LIBERTAD" }, "geometry": { "type": "Point", "coordinates": [ -91.95749, 15.54891 ] } },
{ "type": "Feature", "properties": { "id": "1222", "n": "C/C LA BARRANCA", "t": "CENTRO CONVERGENCIA", "m": "LA LIBERTAD" }, "geometry": { "type": "Point", "coordinates": [ -91.94273, 15.55485 ] } },
{ "type": "Feature", "properties": { "id": "1217", "n": "C/C CECILIAR CHIQUITO", "t": "CENTRO CONVERGENCIA", "m": "LA LIBERTAD" }, "geometry": { "type": "Point", "coordinates": [ -91.93221, 15.55613 ] } },
{ "type": "Feature", "properties": { "id": "1218", "n": "C/C EL CHALUM", "t": "CENTRO CONVERGENCIA", "m": "LA LIBERTAD" }, "geometry": { "type": "Point", "coordinates": [ -91.95432, 15.59671 ] } },
{ "type": "Feature", "properties": { "id": "1219", "n": "C/C EL CHICHARRO", "t": "CENTRO CONVERGENCIA", "m": "LA LIBERTAD" }, "geometry": { "type": "Point", "coordinates": [ -91.96721, 15.58317 ] } },
{ "type": "Feature", "properties": { "id": "1224", "n": "C/C CHIPAL", "t": "CENTRO CONVERGENCIA", "m": "LA LIBERTAD" }, "geometry": { "type": "Point", "coordinates": [ -91.88666, 15.49639 ] } },
{ "type": "Feature", "properties": { "id": "1228", "n": "C/C MONTA¥A", "t": "CENTRO CONVERGENCIA", "m": "LA LIBERTAD" }, "geometry": { "type": "Point", "coordinates": [ -91.87658, 15.55624 ] } },
{ "type": "Feature", "properties": { "id": "1229", "n": "C/C AMAPOLAR", "t": "CENTRO CONVERGENCIA", "m": "LA LIBERTAD" }, "geometry": { "type": "Point", "coordinates": [ -91.88528, 15.55934 ] } },
{ "type": "Feature", "properties": { "id": "1230", "n": "C/C JOCOTILLO", "t": "CENTRO CONVERGENCIA", "m": "LA LIBERTAD" }, "geometry": { "type": "Point", "coordinates": [ -91.90933, 15.60536 ] } },
{ "type": "Feature", "properties": { "id": "1409", "n": "P/S PALMIRA", "t": "PUESTO DE SALUD", "m": "LA DEMOCRACIA" }, "geometry": { "type": "Point", "coordinates": [ -91.99561, 15.59353 ] } },
{ "type": "Feature", "properties": { "id": "1211", "n": "C/C VUELTA MINA", "t": "CENTRO CONVERGENCIA", "m": "LA DEMOCRACIA" }, "geometry": { "type": "Point", "coordinates": [ -91.98721, 15.62632 ] } },
{ "type": "Feature", "properties": { "id": "1208", "n": "(P/S) LA MESILLA", "t": "PUESTO DE SALUD", "m": "LA DEMOCRACIA" }, "geometry": { "type": "Point", "coordinates": [ -91.9847, 15.64179 ] } },
{ "type": "Feature", "properties": { "id": "1212", "n": "C/C SANTA ROSA", "t": "CENTRO CONVERGENCIA", "m": "LA DEMOCRACIA" }, "geometry": { "type": "Point", "coordinates": [ -91.95565, 15.62756 ] } },
{ "type": "Feature", "properties": { "id": "1213", "n": "C/C NUEVO PROGRESO", "t": "CENTRO CONVERGENCIA", "m": "LA DEMOCRACIA" }, "geometry": { "type": "Point", "coordinates": [ -91.93681, 15.61603 ] } },
{ "type": "Feature", "properties": { "id": "1209", "n": "(P/S) LAS GUACAMAYAS", "t": "PUESTO DE SALUD", "m": "LA DEMOCRACIA" }, "geometry": { "type": "Point", "coordinates": [ -91.9411, 15.6873 ] } },
{ "type": "Feature", "properties": { "id": "1190", "n": "(C/S) TECTITAN", "t": "CENTRO DE SALUD", "m": "TECTITAN" }, "geometry": { "type": "Point", "coordinates": [ -92.06014, 15.30642 ] } },
{ "type": "Feature", "properties": { "id": "1202", "n": "C/C TONINQUIN", "t": "CENTRO CONVERGENCIA", "m": "TECTITAN" }, "geometry": { "type": "Point", "coordinates": [ -92.07215, 15.28841 ] } },
{ "type": "Feature", "properties": { "id": "1195", "n": "C/C CHECAU", "t": "CENTRO CONVERGENCIA", "m": "TECTITAN" }, "geometry": { "type": "Point", "coordinates": [ -92.04766, 15.28151 ] } },
{ "type": "Feature", "properties": { "id": "1192", "n": "C/C TICHUMEL", "t": "CENTRO CONVERGENCIA", "m": "TECTITAN" }, "geometry": { "type": "Point", "coordinates": [ -92.0567, 15.29633 ] } },
{ "type": "Feature", "properties": { "id": "1193", "n": "C/C TIMULUJ", "t": "CENTRO CONVERGENCIA", "m": "TECTITAN" }, "geometry": { "type": "Point", "coordinates": [ -92.04741, 15.30405 ] } },
{ "type": "Feature", "properties": { "id": "1204", "n": "C/C SACCHUMBA", "t": "CENTRO CONVERGENCIA", "m": "TECTITAN" }, "geometry": { "type": "Point", "coordinates": [ -92.07392, 15.30716 ] } },
{ "type": "Feature", "properties": { "id": "1197", "n": "C/C EL PROGRESO", "t": "CENTRO CONVERGENCIA", "m": "TECTITAN" }, "geometry": { "type": "Point", "coordinates": [ -92.07095, 15.36079 ] } },
{ "type": "Feature", "properties": { "id": "1205", "n": "C/C IXMUJIL", "t": "CENTRO CONVERGENCIA", "m": "TECTITAN" }, "geometry": { "type": "Point", "coordinates": [ -92.07386, 15.3759 ] } },
{ "type": "Feature", "properties": { "id": "1198", "n": "C/C CUATRO CAMINOS", "t": "CENTRO CONVERGENCIA", "m": "TECTITAN" }, "geometry": { "type": "Point", "coordinates": [ -92.05641, 15.36322 ] } },
{ "type": "Feature", "properties": { "id": "1408", "n": "C/C AGUAS CALIENTES", "t": "CENTRO CONVERGENCIA", "m": "TECTITAN" }, "geometry": { "type": "Point", "coordinates": [ -92.05647, 15.3669 ] } },
{ "type": "Feature", "properties": { "id": "1407", "n": "P/S AGUA CALIENTE", "t": "PUESTO DE SALUD", "m": "TECTITAN" }, "geometry": { "type": "Point", "coordinates": [ -92.05644, 15.36686 ] } },
{ "type": "Feature", "properties": { "id": "1194", "n": "C/C EL ZAPOTE", "t": "CENTRO CONVERGENCIA", "m": "TECTITAN" }, "geometry": { "type": "Point", "coordinates": [ -92.04605, 15.36351 ] } },
{ "type": "Feature", "properties": { "id": "1203", "n": "C/C CHEOSH", "t": "CENTRO CONVERGENCIA", "m": "TECTITAN" }, "geometry": { "type": "Point", "coordinates": [ -92.04719, 15.34921 ] } },
{ "type": "Feature", "properties": { "id": "1200", "n": "C/C GUAYABAL", "t": "CENTRO CONVERGENCIA", "m": "TECTITAN" }, "geometry": { "type": "Point", "coordinates": [ -92.03563, 15.31838 ] } },
{ "type": "Feature", "properties": { "id": "1201", "n": "C/C TOTANAN", "t": "CENTRO CONVERGENCIA", "m": "TECTITAN" }, "geometry": { "type": "Point", "coordinates": [ -92.02301, 15.29921 ] } },
{ "type": "Feature", "properties": { "id": "1196", "n": "C/C TUISBOCHE", "t": "CENTRO CONVERGENCIA", "m": "TECTITAN" }, "geometry": { "type": "Point", "coordinates": [ -92.0345, 15.2987 ] } },
{ "type": "Feature", "properties": { "id": "1191", "n": "(P/S) CHISTE", "t": "PUESTO DE SALUD", "m": "TECTITAN" }, "geometry": { "type": "Point", "coordinates": [ -92.03578, 15.28542 ] } },
{ "type": "Feature", "properties": { "id": "1402", "n": "C/C IXPALTZAJ", "t": "CENTRO CONVERGENCIA", "m": "SAN GASPAR IXCHIL" }, "geometry": { "type": "Point", "coordinates": [ -91.71167, 15.37367 ] } },
{ "type": "Feature", "properties": { "id": "1401", "n": "C/C MANAJA", "t": "CENTRO CONVERGENCIA", "m": "SAN GASPAR IXCHIL" }, "geometry": { "type": "Point", "coordinates": [ -91.7227, 15.36362 ] } },
{ "type": "Feature", "properties": { "id": "1400", "n": "C/C CHAKPANTZE", "t": "CENTRO CONVERGENCIA", "m": "SAN GASPAR IXCHIL" }, "geometry": { "type": "Point", "coordinates": [ -91.7526, 15.36429 ] } },
{ "type": "Feature", "properties": { "id": "1397", "n": "P/S TIERRA COLORADA", "t": "PUESTO DE SALUD", "m": "COLOTENANGO" }, "geometry": { "type": "Point", "coordinates": [ -91.74095, 15.35553 ] } },
{ "type": "Feature", "properties": { "id": "1396", "n": "C/C LA CUMBRE", "t": "CENTRO CONVERGENCIA", "m": "COLOTENANGO" }, "geometry": { "type": "Point", "coordinates": [ -91.73884, 15.37111 ] } },
{ "type": "Feature", "properties": { "id": "1399", "n": "C/C LA VEGA", "t": "CENTRO CONVERGENCIA", "m": "SAN GASPAR IXCHIL" }, "geometry": { "type": "Point", "coordinates": [ -91.73541, 15.38756 ] } },
{ "type": "Feature", "properties": { "id": "1398", "n": "C/C TUILOJ", "t": "CENTRO CONVERGENCIA", "m": "SAN GASPAR IXCHIL" }, "geometry": { "type": "Point", "coordinates": [ -91.70044, 15.38657 ] } },
{ "type": "Feature", "properties": { "id": "1395", "n": "C/C TWITZQUIAN", "t": "CENTRO CONVERGENCIA", "m": "COLOTENANGO" }, "geometry": { "type": "Point", "coordinates": [ -91.69972, 15.40038 ] } },
{ "type": "Feature", "properties": { "id": "1394", "n": "C/C EL GRANADILLO", "t": "CENTRO CONVERGENCIA", "m": "COLOTENANGO" }, "geometry": { "type": "Point", "coordinates": [ -91.74963, 15.41816 ] } },
{ "type": "Feature", "properties": { "id": "0828", "n": "C/C CANJA", "t": "CENTRO CONVERGENCIA", "m": "SANTA BARBARA" }, "geometry": { "type": "Point", "coordinates": [ -91.66134, 15.38896 ] } },
{ "type": "Feature", "properties": { "id": "0829", "n": "C/C CHEMICHE", "t": "CENTRO CONVERGENCIA", "m": "SANTA BARBARA" }, "geometry": { "type": "Point", "coordinates": [ -91.68715, 15.36659 ] } },
{ "type": "Feature", "properties": { "id": "0823", "n": "(P/S) SACPIC", "t": "PUESTO DE SALUD", "m": "SANTA BARBARA" }, "geometry": { "type": "Point", "coordinates": [ -91.61073, 15.28091 ] } },
{ "type": "Feature", "properties": { "id": "0824", "n": "C/C CHUEN", "t": "CENTRO CONVERGENCIA", "m": "SANTA BARBARA" }, "geometry": { "type": "Point", "coordinates": [ -91.64514, 15.27753 ] } },
{ "type": "Feature", "properties": { "id": "0849", "n": "(P/S) SAN JUAN ATITAN", "t": "PUESTO DE SALUD", "m": "SAN JUAN ATITAN" }, "geometry": { "type": "Point", "coordinates": [ -91.63496, 15.4417 ] } },
{ "type": "Feature", "properties": { "id": "0850", "n": "(P/S) TUISCAP", "t": "PUESTO DE SALUD", "m": "SAN JUAN ATITAN" }, "geometry": { "type": "Point", "coordinates": [ -91.64131, 15.45788 ] } },
{ "type": "Feature", "properties": { "id": "0853", "n": "C/C SACCHILAJ", "t": "CENTRO CONVERGENCIA", "m": "SAN JUAN ATITAN" }, "geometry": { "type": "Point", "coordinates": [ -91.64727, 15.46399 ] } },
{ "type": "Feature", "properties": { "id": "0851", "n": "C/C CHEVAC", "t": "CENTRO CONVERGENCIA", "m": "SAN JUAN ATITAN" }, "geometry": { "type": "Point", "coordinates": [ -91.62319, 15.42969 ] } },
{ "type": "Feature", "properties": { "id": "0852", "n": "C/C SANTA ISABEL", "t": "CENTRO CONVERGENCIA", "m": "SAN JUAN ATITAN" }, "geometry": { "type": "Point", "coordinates": [ -91.6256, 15.42368 ] } },
{ "type": "Feature", "properties": { "id": "0929", "n": "HOSPITAL DISTRITAL SAN PEDRO NECTA", "t": "HOSPITAL", "m": "SAN PEDRO NECTA" }, "geometry": { "type": "Point", "coordinates": [ -91.76536, 15.4907 ] } },
{ "type": "Feature", "properties": { "id": "0937", "n": "C/C AGUA BLANCA", "t": "CENTRO CONVERGENCIA", "m": "SAN PEDRO NECTA" }, "geometry": { "type": "Point", "coordinates": [ -91.7352, 15.55123 ] } },
{ "type": "Feature", "properties": { "id": "1290", "n": "C/C NUEVO PORVENIR", "t": "CENTRO CONVERGENCIA", "m": "SAN RAFAEL LA INDEPENDENCIA" }, "geometry": { "type": "Point", "coordinates": [ -91.73949, 15.55414 ] } },
{ "type": "Feature", "properties": { "id": "0938", "n": "C/C VILLA FLORES", "t": "CENTRO CONVERGENCIA", "m": "SAN PEDRO NECTA" }, "geometry": { "type": "Point", "coordinates": [ -91.74717, 15.55456 ] } },
{ "type": "Feature", "properties": { "id": "0941", "n": "C/C RIO OCHO", "t": "CENTRO CONVERGENCIA", "m": "SAN PEDRO NECTA" }, "geometry": { "type": "Point", "coordinates": [ -91.75364, 15.55493 ] } },
{ "type": "Feature", "properties": { "id": "0936", "n": "C/C SIETE CERROS", "t": "CENTRO CONVERGENCIA", "m": "SAN PEDRO NECTA" }, "geometry": { "type": "Point", "coordinates": [ -91.74135, 15.51388 ] } },
{ "type": "Feature", "properties": { "id": "0940", "n": "C/C TZALAY", "t": "CENTRO CONVERGENCIA", "m": "SAN PEDRO NECTA" }, "geometry": { "type": "Point", "coordinates": [ -91.74979, 15.50047 ] } },
{ "type": "Feature", "properties": { "id": "0932", "n": "C/C NIMA", "t": "CENTRO CONVERGENCIA", "m": "SAN PEDRO NECTA" }, "geometry": { "type": "Point", "coordinates": [ -91.76645, 15.52272 ] } },
{ "type": "Feature", "properties": { "id": "0939", "n": "C/C OJO DE AGUA", "t": "CENTRO CONVERGENCIA", "m": "SAN PEDRO NECTA" }, "geometry": { "type": "Point", "coordinates": [ -91.76904, 15.54499 ] } },
{ "type": "Feature", "properties": { "id": "0931", "n": "(P/S) MICHICOY", "t": "PUESTO DE SALUD", "m": "SAN PEDRO NECTA" }, "geometry": { "type": "Point", "coordinates": [ -91.78164, 15.55316 ] } },
{ "type": "Feature", "properties": { "id": "0947", "n": "C/C CHICHIMES", "t": "CENTRO CONVERGENCIA", "m": "SAN PEDRO NECTA" }, "geometry": { "type": "Point", "coordinates": [ -91.7938, 15.54044 ] } },
{ "type": "Feature", "properties": { "id": "0948", "n": "C/C IXBAN", "t": "CENTRO CONVERGENCIA", "m": "SAN PEDRO NECTA" }, "geometry": { "type": "Point", "coordinates": [ -91.82523, 15.53232 ] } },
{ "type": "Feature", "properties": { "id": "0945", "n": "C/C CANOGUITAS", "t": "CENTRO CONVERGENCIA", "m": "SAN PEDRO NECTA" }, "geometry": { "type": "Point", "coordinates": [ -91.81208, 15.52291 ] } },
{ "type": "Feature", "properties": { "id": "0944", "n": "C/C AJAL", "t": "CENTRO CONVERGENCIA", "m": "SAN PEDRO NECTA" }, "geometry": { "type": "Point", "coordinates": [ -91.80418, 15.50832 ] } },
{ "type": "Feature", "properties": { "id": "0943", "n": "C/C EL PALMAR", "t": "CENTRO CONVERGENCIA", "m": "SAN PEDRO NECTA" }, "geometry": { "type": "Point", "coordinates": [ -91.84186, 15.52163 ] } },
{ "type": "Feature", "properties": { "id": "0949", "n": "C/C SANTA CLARA", "t": "CENTRO CONVERGENCIA", "m": "SAN PEDRO NECTA" }, "geometry": { "type": "Point", "coordinates": [ -91.81613, 15.49475 ] } },
{ "type": "Feature", "properties": { "id": "0946", "n": "C/C CHEJOJ", "t": "CENTRO CONVERGENCIA", "m": "SAN PEDRO NECTA" }, "geometry": { "type": "Point", "coordinates": [ -91.80433, 15.49862 ] } },
{ "type": "Feature", "properties": { "id": "0942", "n": "C/C EL INJERTO (EL INJERTO CHEJOS)", "t": "CENTRO CONVERGENCIA", "m": "SAN PEDRO NECTA" }, "geometry": { "type": "Point", "coordinates": [ -91.79784, 15.49002 ] } },
{ "type": "Feature", "properties": { "id": "0934", "n": "C/C TEPAN", "t": "CENTRO CONVERGENCIA", "m": "SAN PEDRO NECTA" }, "geometry": { "type": "Point", "coordinates": [ -91.76537, 15.48278 ] } },
{ "type": "Feature", "properties": { "id": "1388", "n": "P/S ICAL", "t": "PUESTO DE SALUD", "m": "COLOTENANGO" }, "geometry": { "type": "Point", "coordinates": [ -91.72199, 15.42848 ] } },
{ "type": "Feature", "properties": { "id": "1389", "n": "C/C TOJLATE", "t": "CENTRO CONVERGENCIA", "m": "COLOTENANGO" }, "geometry": { "type": "Point", "coordinates": [ -91.70739, 15.45263 ] } },
{ "type": "Feature", "properties": { "id": "1390", "n": "C/C CHECRUZ", "t": "CENTRO CONVERGENCIA", "m": "COLOTENANGO" }, "geometry": { "type": "Point", "coordinates": [ -91.7199, 15.45998 ] } },
{ "type": "Feature", "properties": { "id": "1391", "n": "C/C TIXEL", "t": "CENTRO CONVERGENCIA", "m": "COLOTENANGO" }, "geometry": { "type": "Point", "coordinates": [ -91.73902, 15.44195 ] } },
{ "type": "Feature", "properties": { "id": "1392", "n": "C/C BELLA VISTA", "t": "CENTRO CONVERGENCIA", "m": "COLOTENANGO" }, "geometry": { "type": "Point", "coordinates": [ -91.74974, 15.44053 ] } },
{ "type": "Feature", "properties": { "id": "1393", "n": "P/S LOS CHORROS", "t": "PUESTO DE SALUD", "m": "COLOTENANGO" }, "geometry": { "type": "Point", "coordinates": [ -91.68547, 15.40981 ] } },
{ "type": "Feature", "properties": { "id": "1207", "n": "(C/S) LA DEMOCRACIA", "t": "CENTRO DE SALUD", "m": "LA DEMOCRACIA" }, "geometry": { "type": "Point", "coordinates": [ -91.89044, 15.62516 ] } },
{ "type": "Feature", "properties": { "id": "1210", "n": "(P/S) SAN ISIDRO", "t": "PUESTO DE SALUD", "m": "LA DEMOCRACIA" }, "geometry": { "type": "Point", "coordinates": [ -91.8825, 15.58996 ] } },
{ "type": "Feature", "properties": { "id": "1045", "n": "C/C SOSI GRANDE", "t": "CENTRO CONVERGENCIA", "m": "CUILCO" }, "geometry": { "type": "Point", "coordinates": [ -91.95357, 15.38568 ] } },
{ "type": "Feature", "properties": { "id": "1044", "n": "C/C MUJUBAL", "t": "CENTRO CONVERGENCIA", "m": "CUILCO" }, "geometry": { "type": "Point", "coordinates": [ -91.97581, 15.40312 ] } },
{ "type": "Feature", "properties": { "id": "1019", "n": "(P/S) VUELTA GRANDE", "t": "PUESTO DE SALUD", "m": "CUILCO" }, "geometry": { "type": "Point", "coordinates": [ -91.99752, 15.36995 ] } },
{ "type": "Feature", "properties": { "id": "1043", "n": "C/C CARRIZAL TRIUNFO", "t": "CENTRO CONVERGENCIA", "m": "CUILCO" }, "geometry": { "type": "Point", "coordinates": [ -92.00135, 15.35641 ] } },
{ "type": "Feature", "properties": { "id": "1041", "n": "C/C EL TRIUNFO", "t": "CENTRO CONVERGENCIA", "m": "CUILCO" }, "geometry": { "type": "Point", "coordinates": [ -92.01558, 15.35842 ] } },
{ "type": "Feature", "properties": { "id": "1042", "n": "C/C NUEVA REFORMA", "t": "CENTRO CONVERGENCIA", "m": "CUILCO" }, "geometry": { "type": "Point", "coordinates": [ -92.02449, 15.35071 ] } },
{ "type": "Feature", "properties": { "id": "1381", "n": "C/C POSONICAPA GRANDE", "t": "CENTRO CONVERGENCIA", "m": "SAN RAFAEL LA INDEPENDENCIA" }, "geometry": { "type": "Point", "coordinates": [ -91.99687, 15.33341 ] } },
{ "type": "Feature", "properties": { "id": "1020", "n": "(P/S) POSONICAPA CHIQUITO", "t": "PUESTO DE SALUD", "m": "CUILCO" }, "geometry": { "type": "Point", "coordinates": [ -91.99432, 15.32488 ] } },
{ "type": "Feature", "properties": { "id": "1034", "n": "C/C AGUA SEMBRADA", "t": "CENTRO CONVERGENCIA", "m": "CUILCO" }, "geometry": { "type": "Point", "coordinates": [ -92.0312, 15.3795 ] } },
{ "type": "Feature", "properties": { "id": "1033", "n": "C/C PLAYA CANIBAI", "t": "CENTRO CONVERGENCIA", "m": "CUILCO" }, "geometry": { "type": "Point", "coordinates": [ -92.07614, 15.40385 ] } },
{ "type": "Feature", "properties": { "id": "1032", "n": "C/C OJO DE AGUA", "t": "CENTRO CONVERGENCIA", "m": "CUILCO" }, "geometry": { "type": "Point", "coordinates": [ -92.0824, 15.39166 ] } },
{ "type": "Feature", "properties": { "id": "1057", "n": "C/C EL CORINTO", "t": "CENTRO CONVERGENCIA", "m": "CUILCO" }, "geometry": { "type": "Point", "coordinates": [ -91.92873, 15.40596 ] } },
{ "type": "Feature", "properties": { "id": "1051", "n": "C/C QUEVA", "t": "CENTRO CONVERGENCIA", "m": "CUILCO" }, "geometry": { "type": "Point", "coordinates": [ -91.9133, 15.40938 ] } },
{ "type": "Feature", "properties": { "id": "1052", "n": "C/C SHEQUEMEBAJ", "t": "CENTRO CONVERGENCIA", "m": "CUILCO" }, "geometry": { "type": "Point", "coordinates": [ -91.9009, 15.4135 ] } },
{ "type": "Feature", "properties": { "id": "1058", "n": "C/C ISLAM", "t": "CENTRO CONVERGENCIA", "m": "CUILCO" }, "geometry": { "type": "Point", "coordinates": [ -91.88403, 15.41736 ] } },
{ "type": "Feature", "properties": { "id": "1054", "n": "C/C ISLAM LA LAGUNA", "t": "CENTRO CONVERGENCIA", "m": "CUILCO" }, "geometry": { "type": "Point", "coordinates": [ -91.87113, 15.43719 ] } },
{ "type": "Feature", "properties": { "id": "1053", "n": "C/C PAJONADA BAJA", "t": "CENTRO CONVERGENCIA", "m": "CUILCO" }, "geometry": { "type": "Point", "coordinates": [ -91.87703, 15.44765 ] } },
{ "type": "Feature", "properties": { "id": "1059", "n": "C/C CHEJOJ", "t": "CENTRO CONVERGENCIA", "m": "CUILCO" }, "geometry": { "type": "Point", "coordinates": [ -91.87391, 15.40696 ] } },
{ "type": "Feature", "properties": { "id": "1055", "n": "C/C EL SABINO", "t": "CENTRO CONVERGENCIA", "m": "CUILCO" }, "geometry": { "type": "Point", "coordinates": [ -91.92498, 15.43532 ] } },
{ "type": "Feature", "properties": { "id": "1056", "n": "C/C SAN FRANCISCO EL RETIRO", "t": "CENTRO CONVERGENCIA", "m": "CUILCO" }, "geometry": { "type": "Point", "coordinates": [ -91.92529, 15.45718 ] } },
{ "type": "Feature", "properties": { "id": "1236", "n": "(C/S) JACALATENANGO", "t": "CENTRO DE SALUD", "m": "JACALTENANGO" }, "geometry": { "type": "Point", "coordinates": [ -91.70486, 15.66469 ] } },
{ "type": "Feature", "properties": { "id": "1248", "n": "C/C CENTRAL", "t": "CENTRO CONVERGENCIA", "m": "JACALTENANGO" }, "geometry": { "type": "Point", "coordinates": [ -91.70271, 15.68032 ] } },
{ "type": "Feature", "properties": { "id": "1237", "n": "(P/S) SAN MARCOS HUISTA", "t": "PUESTO DE SALUD", "m": "JACALTENANGO" }, "geometry": { "type": "Point", "coordinates": [ -91.70639, 15.67928 ] } },
{ "type": "Feature", "properties": { "id": "1238", "n": "(P/S) SAN ANDRS HUISTA", "t": "PUESTO DE SALUD", "m": "JACALTENANGO" }, "geometry": { "type": "Point", "coordinates": [ -91.73954, 15.72048 ] } },
{ "type": "Feature", "properties": { "id": "1254", "n": "C/C SAN FELIPE", "t": "CENTRO CONVERGENCIA", "m": "JACALTENANGO" }, "geometry": { "type": "Point", "coordinates": [ -91.73119, 15.7257 ] } },
{ "type": "Feature", "properties": { "id": "1241", "n": "(P/S) HUITZOBAL", "t": "PUESTO DE SALUD", "m": "JACALTENANGO" }, "geometry": { "type": "Point", "coordinates": [ -91.67795, 15.67466 ] } },
{ "type": "Feature", "properties": { "id": "1249", "n": "C/C CHEYA", "t": "CENTRO CONVERGENCIA", "m": "JACALTENANGO" }, "geometry": { "type": "Point", "coordinates": [ -91.68257, 15.68614 ] } },
{ "type": "Feature", "properties": { "id": "1250", "n": "C/C AQOMA", "t": "CENTRO CONVERGENCIA", "m": "JACALTENANGO" }, "geometry": { "type": "Point", "coordinates": [ -91.66739, 15.6678 ] } },
{ "type": "Feature", "properties": { "id": "1251", "n": "C/C PAYA", "t": "CENTRO CONVERGENCIA", "m": "JACALTENANGO" }, "geometry": { "type": "Point", "coordinates": [ -91.66854, 15.65516 ] } },
{ "type": "Feature", "properties": { "id": "1252", "n": "C/C TZISHA", "t": "CENTRO CONVERGENCIA", "m": "JACALTENANGO" }, "geometry": { "type": "Point", "coordinates": [ -91.69867, 15.65409 ] } },
{ "type": "Feature", "properties": { "id": "1239", "n": "(P/S) INCHEUEX", "t": "PUESTO DE SALUD", "m": "JACALTENANGO" }, "geometry": { "type": "Point", "coordinates": [ -91.75776, 15.71773 ] } },
{ "type": "Feature", "properties": { "id": "1244", "n": "C/C LA LAGUNA", "t": "CENTRO CONVERGENCIA", "m": "JACALTENANGO" }, "geometry": { "type": "Point", "coordinates": [ -91.84783, 15.76704 ] } },
{ "type": "Feature", "properties": { "id": "1243", "n": "(P/S) LIMONAR", "t": "PUESTO DE SALUD", "m": "JACALTENANGO" }, "geometry": { "type": "Point", "coordinates": [ -91.82412, 15.76936 ] } },
{ "type": "Feature", "properties": { "id": "1245", "n": "C/C NUEVA CATARINA", "t": "CENTRO CONVERGENCIA", "m": "JACALTENANGO" }, "geometry": { "type": "Point", "coordinates": [ -91.788, 15.77599 ] } },
{ "type": "Feature", "properties": { "id": "1037", "n": "C/C CARRIZAL BATAL", "t": "CENTRO CONVERGENCIA", "m": "CUILCO" }, "geometry": { "type": "Point", "coordinates": [ -91.99291, 15.43661 ] } },
{ "type": "Feature", "properties": { "id": "1023", "n": "(P/S) EL ZAPOTILLO", "t": "PUESTO DE SALUD", "m": "CUILCO" }, "geometry": { "type": "Point", "coordinates": [ -92.03868, 15.47121 ] } },
{ "type": "Feature", "properties": { "id": "1022", "n": "(P/S) EL RODEO", "t": "PUESTO DE SALUD", "m": "CUILCO" }, "geometry": { "type": "Point", "coordinates": [ -92.05638, 15.45104 ] } },
{ "type": "Feature", "properties": { "id": "1021", "n": "(P/S) HIERBA BUENA", "t": "PUESTO DE SALUD", "m": "CUILCO" }, "geometry": { "type": "Point", "coordinates": [ -92.03868, 15.42828 ] } },
{ "type": "Feature", "properties": { "id": "1036", "n": "C/C EL BATAL", "t": "CENTRO CONVERGENCIA", "m": "CUILCO" }, "geometry": { "type": "Point", "coordinates": [ -91.99711, 15.42374 ] } },
{ "type": "Feature", "properties": { "id": "1035", "n": "C/C YULVA", "t": "CENTRO CONVERGENCIA", "m": "CUILCO" }, "geometry": { "type": "Point", "coordinates": [ -91.98377, 15.43739 ] } },
{ "type": "Feature", "properties": { "id": "1380", "n": "C/C LAS PILAS", "t": "CENTRO CONVERGENCIA", "m": "SAN RAFAEL LA INDEPENDENCIA" }, "geometry": { "type": "Point", "coordinates": [ -91.96936, 15.43743 ] } },
{ "type": "Feature", "properties": { "id": "1038", "n": "C/C SANTO DOMINGO", "t": "CENTRO CONVERGENCIA", "m": "CUILCO" }, "geometry": { "type": "Point", "coordinates": [ -91.96096, 15.42668 ] } },
{ "type": "Feature", "properties": { "id": "1018", "n": "(C/S) CUILCO", "t": "CENTRO DE SALUD", "m": "CUILCO" }, "geometry": { "type": "Point", "coordinates": [ -91.94151, 15.40638 ] } },
{ "type": "Feature", "properties": { "id": "1027", "n": "C/C CERRO VERDE", "t": "CENTRO CONVERGENCIA", "m": "CUILCO" }, "geometry": { "type": "Point", "coordinates": [ -92.00944, 15.57977 ] } },
{ "type": "Feature", "properties": { "id": "1025", "n": "C/C HOJA BLANCA", "t": "CENTRO CONVERGENCIA", "m": "CUILCO" }, "geometry": { "type": "Point", "coordinates": [ -92.01971, 15.55931 ] } },
{ "type": "Feature", "properties": { "id": "1030", "n": "C/C LOS GARCIA", "t": "CENTRO CONVERGENCIA", "m": "CUILCO" }, "geometry": { "type": "Point", "coordinates": [ -92.03279, 15.56121 ] } },
{ "type": "Feature", "properties": { "id": "1028", "n": "C/C CAMPAMENTO BAJO", "t": "CENTRO CONVERGENCIA", "m": "CUILCO" }, "geometry": { "type": "Point", "coordinates": [ -92.02109, 15.55138 ] } },
{ "type": "Feature", "properties": { "id": "1026", "n": "C/C IXTATILAR", "t": "CENTRO CONVERGENCIA", "m": "CUILCO" }, "geometry": { "type": "Point", "coordinates": [ -92.00836, 15.54633 ] } },
{ "type": "Feature", "properties": { "id": "1031", "n": "C/C BOJONALITO", "t": "CENTRO CONVERGENCIA", "m": "CUILCO" }, "geometry": { "type": "Point", "coordinates": [ -91.99961, 15.54318 ] } },
{ "type": "Feature", "properties": { "id": "1024", "n": "(P/S) AGUA DULCE", "t": "PUESTO DE SALUD", "m": "CUILCO" }, "geometry": { "type": "Point", "coordinates": [ -92.02583, 15.52387 ] } },
{ "type": "Feature", "properties": { "id": "1029", "n": "C/C FLOR DEL CAF", "t": "CENTRO CONVERGENCIA", "m": "CUILCO" }, "geometry": { "type": "Point", "coordinates": [ -92.01474, 15.51029 ] } },
{ "type": "Feature", "properties": { "id": "1039", "n": "C/C CHAPALA", "t": "CENTRO CONVERGENCIA", "m": "CUILCO" }, "geometry": { "type": "Point", "coordinates": [ -91.94808, 15.39175 ] } },
{ "type": "Feature", "properties": { "id": "1049", "n": "C/C CHIMULAJ", "t": "CENTRO CONVERGENCIA", "m": "CUILCO" }, "geometry": { "type": "Point", "coordinates": [ -91.93583, 15.38993 ] } },
{ "type": "Feature", "properties": { "id": "1050", "n": "C/C PAVILTZAJ", "t": "CENTRO CONVERGENCIA", "m": "CUILCO" }, "geometry": { "type": "Point", "coordinates": [ -91.92303, 15.36326 ] } },
{ "type": "Feature", "properties": { "id": "1046", "n": "C/C EL HERADOR", "t": "CENTRO CONVERGENCIA", "m": "CUILCO" }, "geometry": { "type": "Point", "coordinates": [ -91.91086, 15.3972 ] } },
{ "type": "Feature", "properties": { "id": "1047", "n": "C/C JOVI", "t": "CENTRO CONVERGENCIA", "m": "CUILCO" }, "geometry": { "type": "Point", "coordinates": [ -91.89825, 15.39424 ] } },
{ "type": "Feature", "properties": { "id": "1048", "n": "C/C EL LADRILLO", "t": "CENTRO CONVERGENCIA", "m": "CUILCO" }, "geometry": { "type": "Point", "coordinates": [ -91.89008, 15.3797 ] } },
{ "type": "Feature", "properties": { "id": "1040", "n": "C/C SAN ANTONIO JOVI", "t": "CENTRO CONVERGENCIA", "m": "CUILCO" }, "geometry": { "type": "Point", "coordinates": [ -91.90225, 15.36105 ] } },
{ "type": "Feature", "properties": { "id": "1261", "n": "C/C CHALHUIT", "t": "CENTRO CONVERGENCIA", "m": "CONCEPCION HUISTA" }, "geometry": { "type": "Point", "coordinates": [ -91.62637, 15.58992 ] } },
{ "type": "Feature", "properties": { "id": "1259", "n": "C/C TZUNA", "t": "CENTRO CONVERGENCIA", "m": "CONCEPCION HUISTA" }, "geometry": { "type": "Point", "coordinates": [ -91.65451, 15.64866 ] } },
{ "type": "Feature", "properties": { "id": "1260", "n": "C/C TZUJAN", "t": "CENTRO CONVERGENCIA", "m": "CONCEPCION HUISTA" }, "geometry": { "type": "Point", "coordinates": [ -91.60833, 15.6431 ] } },
{ "type": "Feature", "properties": { "id": "1437", "n": "P/S ONLAJ", "t": "PUESTO DE SALUD", "m": "JACALTENANGO" }, "geometry": { "type": "Point", "coordinates": [ -91.61754, 15.59621 ] } },
{ "type": "Feature", "properties": { "id": "1256", "n": "(P/S) CONCEPCION HUISTA", "t": "PUESTO DE SALUD", "m": "CONCEPCION HUISTA" }, "geometry": { "type": "Point", "coordinates": [ -91.66957, 15.62236 ] } },
{ "type": "Feature", "properties": { "id": "1253", "n": "C/C QOM", "t": "CENTRO CONVERGENCIA", "m": "JACALTENANGO" }, "geometry": { "type": "Point", "coordinates": [ -91.69123, 15.63393 ] } },
{ "type": "Feature", "properties": { "id": "1257", "n": "(P/S) SANTIAGO PETATAN", "t": "PUESTO DE SALUD", "m": "CONCEPCION HUISTA" }, "geometry": { "type": "Point", "coordinates": [ -91.73195, 15.62451 ] } },
{ "type": "Feature", "properties": { "id": "1258", "n": "C/C TRAPICHITOS", "t": "CENTRO CONVERGENCIA", "m": "CONCEPCION HUISTA" }, "geometry": { "type": "Point", "coordinates": [ -91.74594, 15.61732 ] } },
{ "type": "Feature", "properties": { "id": "1247", "n": "C/C CHEJBAL", "t": "CENTRO CONVERGENCIA", "m": "JACALTENANGO" }, "geometry": { "type": "Point", "coordinates": [ -91.77922, 15.68232 ] } },
{ "type": "Feature", "properties": { "id": "1240", "n": "(P/S) TZISBAJ", "t": "PUESTO DE SALUD", "m": "JACALTENANGO" }, "geometry": { "type": "Point", "coordinates": [ -91.7824, 15.70269 ] } },
{ "type": "Feature", "properties": { "id": "1246", "n": "C/C TAJ BUXUP", "t": "CENTRO CONVERGENCIA", "m": "JACALTENANGO" }, "geometry": { "type": "Point", "coordinates": [ -91.81036, 15.71309 ] } },
{ "type": "Feature", "properties": { "id": "1242", "n": "(P/S) BUXUP", "t": "PUESTO DE SALUD", "m": "JACALTENANGO" }, "geometry": { "type": "Point", "coordinates": [ -91.81572, 15.70181 ] } },
{ "type": "Feature", "properties": { "id": "1161", "n": "(C/S) SAN IDELFONSO IXTAHUACAN", "t": "CENTRO DE SALUD", "m": "SAN ILDEFONSO IXTAHUACAN" }, "geometry": { "type": "Point", "coordinates": [ -91.76938, 15.41859 ] } },
{ "type": "Feature", "properties": { "id": "1163", "n": "C/C CASACA", "t": "CENTRO CONVERGENCIA", "m": "SAN ILDEFONSO IXTAHUACAN" }, "geometry": { "type": "Point", "coordinates": [ -91.79174, 15.42012 ] } },
{ "type": "Feature", "properties": { "id": "1162", "n": "(P/S) ACAL", "t": "PUESTO DE SALUD", "m": "SAN ILDEFONSO IXTAHUACAN" }, "geometry": { "type": "Point", "coordinates": [ -91.80894, 15.41127 ] } },
{ "type": "Feature", "properties": { "id": "1164", "n": "C/C TACANA", "t": "CENTRO CONVERGENCIA", "m": "SAN ILDEFONSO IXTAHUACAN" }, "geometry": { "type": "Point", "coordinates": [ -91.75851, 15.4269 ] } },
{ "type": "Feature", "properties": { "id": "1165", "n": "C/C GRANADILLO", "t": "CENTRO CONVERGENCIA", "m": "SAN ILDEFONSO IXTAHUACAN" }, "geometry": { "type": "Point", "coordinates": [ -91.76811, 15.433 ] } },
{ "type": "Feature", "properties": { "id": "1084", "n": "C/C EL OLVIDO", "t": "CENTRO CONVERGENCIA", "m": "NENTON" }, "geometry": { "type": "Point", "coordinates": [ -91.86077, 15.81011 ] } },
{ "type": "Feature", "properties": { "id": "1383", "n": "C/C SANTA TERESA", "t": "CENTRO CONVERGENCIA", "m": "SAN RAFAEL LA INDEPENDENCIA" }, "geometry": { "type": "Point", "coordinates": [ -91.85888, 15.85276 ] } },
{ "type": "Feature", "properties": { "id": "1085", "n": "C/C LA FORTUNA", "t": "CENTRO CONVERGENCIA", "m": "NENTON" }, "geometry": { "type": "Point", "coordinates": [ -91.82192, 15.83546 ] } },
{ "type": "Feature", "properties": { "id": "1078", "n": "C/C EL ESFUERZO", "t": "CENTRO CONVERGENCIA", "m": "NENTON" }, "geometry": { "type": "Point", "coordinates": [ -91.80879, 15.84545 ] } },
{ "type": "Feature", "properties": { "id": "1385", "n": "C/C SIPA NENTON", "t": "CENTRO CONVERGENCIA", "m": "SANTA EULALIA" }, "geometry": { "type": "Point", "coordinates": [ -91.80389, 15.86685 ] } },
{ "type": "Feature", "properties": { "id": "1089", "n": "C/C LA UNION", "t": "CENTRO CONVERGENCIA", "m": "NENTON" }, "geometry": { "type": "Point", "coordinates": [ -91.7767, 15.9223 ] } },
{ "type": "Feature", "properties": { "id": "1094", "n": "C/C OJO DE AGUA", "t": "CENTRO CONVERGENCIA", "m": "NENTON" }, "geometry": { "type": "Point", "coordinates": [ -91.78237, 15.90998 ] } },
{ "type": "Feature", "properties": { "id": "1099", "n": "C/C RAO JORDAN", "t": "CENTRO CONVERGENCIA", "m": "NENTON" }, "geometry": { "type": "Point", "coordinates": [ -91.8042, 15.94409 ] } },
{ "type": "Feature", "properties": { "id": "1062", "n": "(P/S) CHACAJ", "t": "PUESTO DE SALUD", "m": "NENTON" }, "geometry": { "type": "Point", "coordinates": [ -91.81114, 15.90974 ] } },
{ "type": "Feature", "properties": { "id": "1384", "n": "C/C NUEVA ESPERANZA", "t": "CENTRO CONVERGENCIA", "m": "SAN RAFAEL LA INDEPENDENCIA" }, "geometry": { "type": "Point", "coordinates": [ -91.76055, 15.83731 ] } },
{ "type": "Feature", "properties": { "id": "1087", "n": "C/C YALISJAU", "t": "CENTRO CONVERGENCIA", "m": "NENTON" }, "geometry": { "type": "Point", "coordinates": [ -91.75936, 15.81641 ] } },
{ "type": "Feature", "properties": { "id": "1076", "n": "C/C SANTA ROSA II", "t": "CENTRO CONVERGENCIA", "m": "NENTON" }, "geometry": { "type": "Point", "coordinates": [ -91.79176, 15.80751 ] } },
{ "type": "Feature", "properties": { "id": "1081", "n": "C/C SANTA ROSA I", "t": "CENTRO CONVERGENCIA", "m": "NENTON" }, "geometry": { "type": "Point", "coordinates": [ -91.78522, 15.80696 ] } },
{ "type": "Feature", "properties": { "id": "1061", "n": "(C/S) NENTAN", "t": "CENTRO DE SALUD", "m": "NENTON" }, "geometry": { "type": "Point", "coordinates": [ -91.75406, 15.80172 ] } },
{ "type": "Feature", "properties": { "id": "1091", "n": "C/C TZALA CHIQUITO", "t": "CENTRO CONVERGENCIA", "m": "NENTON" }, "geometry": { "type": "Point", "coordinates": [ -91.74118, 15.78637 ] } },
{ "type": "Feature", "properties": { "id": "1079", "n": "C/C JOM", "t": "CENTRO CONVERGENCIA", "m": "NENTON" }, "geometry": { "type": "Point", "coordinates": [ -91.68721, 15.78342 ] } },
{ "type": "Feature", "properties": { "id": "1082", "n": "C/C PALEGUA", "t": "CENTRO CONVERGENCIA", "m": "NENTON" }, "geometry": { "type": "Point", "coordinates": [ -91.60741, 15.92226 ] } },
{ "type": "Feature", "properties": { "id": "1080", "n": "C/C LA LAGUNA CHAQUIAL", "t": "CENTRO CONVERGENCIA", "m": "NENTON" }, "geometry": { "type": "Point", "coordinates": [ -91.72515, 15.90063 ] } },
{ "type": "Feature", "properties": { "id": "1003", "n": "(P/S) SAN SEBASTIAN COAT?N", "t": "PUESTO DE SALUD", "m": "SAN SEBASTIAN COATAN" }, "geometry": { "type": "Point", "coordinates": [ -91.56361, 15.73515 ] } },
{ "type": "Feature", "properties": { "id": "1354", "n": "C/C QUIQUILOM", "t": "CENTRO CONVERGENCIA", "m": "SAN SEBASTIAN COATAN" }, "geometry": { "type": "Point", "coordinates": [ -91.55304, 15.7383 ] } },
{ "type": "Feature", "properties": { "id": "1355", "n": "C/C IXQUEVAJ", "t": "CENTRO CONVERGENCIA", "m": "SAN SEBASTIAN COATAN" }, "geometry": { "type": "Point", "coordinates": [ -91.54497, 15.72858 ] } },
{ "type": "Feature", "properties": { "id": "1356", "n": "C/C POY", "t": "CENTRO CONVERGENCIA", "m": "SAN SEBASTIAN COATAN" }, "geometry": { "type": "Point", "coordinates": [ -91.53052, 15.73324 ] } },
{ "type": "Feature", "properties": { "id": "1357", "n": "C/C HIS", "t": "CENTRO CONVERGENCIA", "m": "SAN SEBASTIAN COATAN" }, "geometry": { "type": "Point", "coordinates": [ -91.54402, 15.74102 ] } },
{ "type": "Feature", "properties": { "id": "1358", "n": "C/C YOLAXITO", "t": "CENTRO CONVERGENCIA", "m": "SAN SEBASTIAN COATAN" }, "geometry": { "type": "Point", "coordinates": [ -91.56172, 15.74911 ] } },
{ "type": "Feature", "properties": { "id": "1359", "n": "C/C BAIRECO", "t": "CENTRO CONVERGENCIA", "m": "SAN SEBASTIAN COATAN" }, "geometry": { "type": "Point", "coordinates": [ -91.57975, 15.76279 ] } },
{ "type": "Feature", "properties": { "id": "1360", "n": "C/C YOLAQUISIS", "t": "CENTRO CONVERGENCIA", "m": "SAN SEBASTIAN COATAN" }, "geometry": { "type": "Point", "coordinates": [ -91.55446, 15.76936 ] } },
{ "type": "Feature", "properties": { "id": "1361", "n": "C/C IXTENAM", "t": "CENTRO CONVERGENCIA", "m": "SAN SEBASTIAN COATAN" }, "geometry": { "type": "Point", "coordinates": [ -91.57146, 15.78156 ] } },
{ "type": "Feature", "properties": { "id": "1362", "n": "C/C CHENEN", "t": "CENTRO CONVERGENCIA", "m": "SAN SEBASTIAN COATAN" }, "geometry": { "type": "Point", "coordinates": [ -91.58776, 15.78045 ] } },
{ "type": "Feature", "properties": { "id": "1363", "n": "C/C NAMTETAC", "t": "CENTRO CONVERGENCIA", "m": "SAN SEBASTIAN COATAN" }, "geometry": { "type": "Point", "coordinates": [ -91.58182, 15.80536 ] } },
{ "type": "Feature", "properties": { "id": "1364", "n": "C/C KECNA", "t": "CENTRO CONVERGENCIA", "m": "SAN SEBASTIAN COATAN" }, "geometry": { "type": "Point", "coordinates": [ -91.59043, 15.79813 ] } },
{ "type": "Feature", "properties": { "id": "1365", "n": "C/C TZUNUNCAP", "t": "CENTRO CONVERGENCIA", "m": "SAN SEBASTIAN COATAN" }, "geometry": { "type": "Point", "coordinates": [ -91.5526, 15.79982 ] } },
{ "type": "Feature", "properties": { "id": "1008", "n": "C/C BILTAC", "t": "CENTRO CONVERGENCIA", "m": "SAN SEBASTIAN COATAN" }, "geometry": { "type": "Point", "coordinates": [ -91.59193, 15.76075 ] } },
{ "type": "Feature", "properties": { "id": "1007", "n": "C/C TIMACAP", "t": "CENTRO CONVERGENCIA", "m": "SAN SEBASTIAN COATAN" }, "geometry": { "type": "Point", "coordinates": [ -91.59377, 15.75378 ] } },
{ "type": "Feature", "properties": { "id": "1012", "n": "C/C JOLOMTENAN II", "t": "CENTRO CONVERGENCIA", "m": "SAN SEBASTIAN COATAN" }, "geometry": { "type": "Point", "coordinates": [ -91.60331, 15.76665 ] } },
{ "type": "Feature", "properties": { "id": "1002", "n": "(P/S) PUEBLO NUEVO JUCUP", "t": "PUESTO DE SALUD", "m": "SAN SEBASTIAN COATAN" }, "geometry": { "type": "Point", "coordinates": [ -91.61979, 15.77361 ] } },
{ "type": "Feature", "properties": { "id": "1366", "n": "C/C KALWITZ", "t": "CENTRO CONVERGENCIA", "m": "SAN SEBASTIAN COATAN" }, "geometry": { "type": "Point", "coordinates": [ -91.626, 15.75719 ] } },
{ "type": "Feature", "properties": { "id": "1367", "n": "C/C UCACHOJ", "t": "CENTRO CONVERGENCIA", "m": "SAN SEBASTIAN COATAN" }, "geometry": { "type": "Point", "coordinates": [ -91.60475, 15.74547 ] } },
{ "type": "Feature", "properties": { "id": "1368", "n": "C/C YOXACLA", "t": "CENTRO CONVERGENCIA", "m": "SAN SEBASTIAN COATAN" }, "geometry": { "type": "Point", "coordinates": [ -91.64479, 15.74793 ] } },
{ "type": "Feature", "properties": { "id": "1013", "n": "C/C JULUTZ", "t": "CENTRO CONVERGENCIA", "m": "SAN SEBASTIAN COATAN" }, "geometry": { "type": "Point", "coordinates": [ -91.67466, 15.77495 ] } },
{ "type": "Feature", "properties": { "id": "1004", "n": "C/C TIAJAILA", "t": "CENTRO CONVERGENCIA", "m": "SAN SEBASTIAN COATAN" }, "geometry": { "type": "Point", "coordinates": [ -91.71363, 15.83303 ] } },
{ "type": "Feature", "properties": { "id": "1011", "n": "C/C JAJHUITZ", "t": "CENTRO CONVERGENCIA", "m": "SAN SEBASTIAN COATAN" }, "geometry": { "type": "Point", "coordinates": [ -91.7069, 15.81877 ] } },
{ "type": "Feature", "properties": { "id": "1015", "n": "C/C ULNA", "t": "CENTRO CONVERGENCIA", "m": "SAN SEBASTIAN COATAN" }, "geometry": { "type": "Point", "coordinates": [ -91.66682, 15.82196 ] } },
{ "type": "Feature", "properties": { "id": "1014", "n": "C/C SANTO DOMINGO", "t": "CENTRO CONVERGENCIA", "m": "SAN SEBASTIAN COATAN" }, "geometry": { "type": "Point", "coordinates": [ -91.65072, 15.80435 ] } },
{ "type": "Feature", "properties": { "id": "1010", "n": "C/C CAJBAQUIL", "t": "CENTRO CONVERGENCIA", "m": "SAN SEBASTIAN COATAN" }, "geometry": { "type": "Point", "coordinates": [ -91.64244, 15.8058 ] } },
{ "type": "Feature", "properties": { "id": "1006", "n": "C/C TAAJ", "t": "CENTRO CONVERGENCIA", "m": "SAN SEBASTIAN COATAN" }, "geometry": { "type": "Point", "coordinates": [ -91.65059, 15.78192 ] } },
{ "type": "Feature", "properties": { "id": "1016", "n": "C/C YICHUCUN", "t": "CENTRO CONVERGENCIA", "m": "SAN SEBASTIAN COATAN" }, "geometry": { "type": "Point", "coordinates": [ -91.62777, 15.78322 ] } },
{ "type": "Feature", "properties": { "id": "1005", "n": "C/C XONCOL", "t": "CENTRO CONVERGENCIA", "m": "SAN SEBASTIAN COATAN" }, "geometry": { "type": "Point", "coordinates": [ -91.62067, 15.81884 ] } },
{ "type": "Feature", "properties": { "id": "1369", "n": "C/C YUCHAN", "t": "CENTRO CONVERGENCIA", "m": "SAN SEBASTIAN COATAN" }, "geometry": { "type": "Point", "coordinates": [ -91.62572, 15.80603 ] } },
{ "type": "Feature", "properties": { "id": "1405", "n": "C/C CANCABAL", "t": "CENTRO CONVERGENCIA", "m": "MALACATANCITO" }, "geometry": { "type": "Point", "coordinates": [ -91.43613, 15.23964 ] } },
{ "type": "Feature", "properties": { "id": "1185", "n": "C/C QUIAQUIZUYAL", "t": "CENTRO CONVERGENCIA", "m": "MALACATANCITO" }, "geometry": { "type": "Point", "coordinates": [ -91.41343, 15.22338 ] } },
{ "type": "Feature", "properties": { "id": "1174", "n": "(P/S) MALACATANCITO", "t": "PUESTO DE SALUD", "m": "MALACATANCITO" }, "geometry": { "type": "Point", "coordinates": [ -91.49323, 15.24568 ] } },
{ "type": "Feature", "properties": { "id": "1404", "n": "C/C MALA", "t": "CENTRO CONVERGENCIA", "m": "MALACATANCITO" }, "geometry": { "type": "Point", "coordinates": [ -91.47177, 15.2053 ] } },
{ "type": "Feature", "properties": { "id": "1186", "n": "C/C RIO HONDO", "t": "CENTRO CONVERGENCIA", "m": "MALACATANCITO" }, "geometry": { "type": "Point", "coordinates": [ -91.45895, 15.13906 ] } },
{ "type": "Feature", "properties": { "id": "1175", "n": "(P/S) PUEBLO VIEJO", "t": "PUESTO DE SALUD", "m": "MALACATANCITO" }, "geometry": { "type": "Point", "coordinates": [ -91.42889, 15.1561 ] } },
{ "type": "Feature", "properties": { "id": "1187", "n": "C/C XEPON CHIQUIPO", "t": "CENTRO CONVERGENCIA", "m": "MALACATANCITO" }, "geometry": { "type": "Point", "coordinates": [ -91.38158, 15.18247 ] } },
{ "type": "Feature", "properties": { "id": "1179", "n": "C/C CIPRES", "t": "CENTRO CONVERGENCIA", "m": "MALACATANCITO" }, "geometry": { "type": "Point", "coordinates": [ -91.36966, 15.19407 ] } },
{ "type": "Feature", "properties": { "id": "1188", "n": "C/C XEPON GRANDE", "t": "CENTRO CONVERGENCIA", "m": "MALACATANCITO" }, "geometry": { "type": "Point", "coordinates": [ -91.35057, 15.20511 ] } },
{ "type": "Feature", "properties": { "id": "1184", "n": "C/C PINO GRANDE", "t": "CENTRO CONVERGENCIA", "m": "MALACATANCITO" }, "geometry": { "type": "Point", "coordinates": [ -91.33693, 15.19447 ] } },
{ "type": "Feature", "properties": { "id": "1182", "n": "C/C ORATORIO", "t": "CENTRO CONVERGENCIA", "m": "MALACATANCITO" }, "geometry": { "type": "Point", "coordinates": [ -91.43275, 15.20374 ] } },
{ "type": "Feature", "properties": { "id": "1177", "n": "C/C CHOCAL", "t": "CENTRO CONVERGENCIA", "m": "MALACATANCITO" }, "geometry": { "type": "Point", "coordinates": [ -91.52151, 15.26362 ] } },
{ "type": "Feature", "properties": { "id": "1406", "n": "C/C PIACHE", "t": "CENTRO CONVERGENCIA", "m": "MALACATANCITO" }, "geometry": { "type": "Point", "coordinates": [ -91.52932, 15.24743 ] } },
{ "type": "Feature", "properties": { "id": "1178", "n": "C/C CUCAL", "t": "CENTRO CONVERGENCIA", "m": "MALACATANCITO" }, "geometry": { "type": "Point", "coordinates": [ -91.54453, 15.21496 ] } },
{ "type": "Feature", "properties": { "id": "1180", "n": "C/C LACAL", "t": "CENTRO CONVERGENCIA", "m": "MALACATANCITO" }, "geometry": { "type": "Point", "coordinates": [ -91.58958, 15.26312 ] } },
{ "type": "Feature", "properties": { "id": "1181", "n": "C/C LOS HORCONES", "t": "CENTRO CONVERGENCIA", "m": "MALACATANCITO" }, "geometry": { "type": "Point", "coordinates": [ -91.62912, 15.2688 ] } },
{ "type": "Feature", "properties": { "id": "1176", "n": "C/C CHIAQUE", "t": "CENTRO CONVERGENCIA", "m": "MALACATANCITO" }, "geometry": { "type": "Point", "coordinates": [ -91.49961, 15.1688 ] } },
{ "type": "Feature", "properties": { "id": "1183", "n": "C/C PANILLA", "t": "CENTRO CONVERGENCIA", "m": "MALACATANCITO" }, "geometry": { "type": "Point", "coordinates": [ -91.50684, 15.15051 ] } },
{ "type": "Feature", "properties": { "id": "0801", "n": "C/C DAS", "t": "CENTRO CONVERGENCIA", "m": "HUEHUETENANGO" }, "geometry": { "type": "Point", "coordinates": [ -91.478, 15.31851 ] } },
{ "type": "Feature", "properties": { "id": "0804", "n": "(C/S) HUEHUETENANGO CENTRO SUR", "t": "CENTRO DE SALUD", "m": "HUEHUETENANGO" }, "geometry": { "type": "Point", "coordinates": [ -91.47718, 15.3135 ] } },
{ "type": "Feature", "properties": { "id": "0818", "n": "CLINICA DE APROFAM", "t": "APROFAM", "m": "HUEHUETENANGO" }, "geometry": { "type": "Point", "coordinates": [ -91.47799, 15.31462 ] } },
{ "type": "Feature", "properties": { "id": "0812", "n": "C/C CANABAJ", "t": "CENTRO CONVERGENCIA", "m": "HUEHUETENANGO" }, "geometry": { "type": "Point", "coordinates": [ -91.52832, 15.36184 ] } },
{ "type": "Feature", "properties": { "id": "0807", "n": "(P/S) ZACULEU CENTRAL", "t": "PUESTO DE SALUD", "m": "HUEHUETENANGO" }, "geometry": { "type": "Point", "coordinates": [ -91.49732, 15.3263 ] } },
{ "type": "Feature", "properties": { "id": "0820", "n": "IGSS_PUESTO DE SALUD", "t": "IGSS", "m": "HUEHUETENANGO" }, "geometry": { "type": "Point", "coordinates": [ -91.47005, 15.32204 ] } },
{ "type": "Feature", "properties": { "id": "0802", "n": "HOSPITAL NACIONAL DE HUEHUETENANGO", "t": "HOSPITAL", "m": "HUEHUETENANGO" }, "geometry": { "type": "Point", "coordinates": [ -91.51551, 15.31611 ] } },
{ "type": "Feature", "properties": { "id": "1116", "n": "C/C CASERIO PETZAL", "t": "CENTRO CONVERGENCIA", "m": "AGUACATAN" }, "geometry": { "type": "Point", "coordinates": [ -91.35027, 15.34298 ] } },
{ "type": "Feature", "properties": { "id": "1114", "n": "(P/S) LLANO COYOTE", "t": "PUESTO DE SALUD", "m": "AGUACATAN" }, "geometry": { "type": "Point", "coordinates": [ -91.2544, 15.31369 ] } },
{ "type": "Feature", "properties": { "id": "1147", "n": "C/C RIO BLANCO LLANO COYOTE", "t": "CENTRO CONVERGENCIA", "m": "AGUACATAN" }, "geometry": { "type": "Point", "coordinates": [ -91.2209, 15.32623 ] } },
{ "type": "Feature", "properties": { "id": "1151", "n": "C/C RIO BLANCO LA VEGA", "t": "CENTRO CONVERGENCIA", "m": "AGUACATAN" }, "geometry": { "type": "Point", "coordinates": [ -91.20888, 15.32704 ] } },
{ "type": "Feature", "properties": { "id": "1127", "n": "C/C ALDEA CRUZ CHEX", "t": "CENTRO CONVERGENCIA", "m": "AGUACATAN" }, "geometry": { "type": "Point", "coordinates": [ -91.2816, 15.37316 ] } },
{ "type": "Feature", "properties": { "id": "1110", "n": "(P/S) CHEX", "t": "PUESTO DE SALUD", "m": "AGUACATAN" }, "geometry": { "type": "Point", "coordinates": [ -91.29316, 15.38149 ] } },
{ "type": "Feature", "properties": { "id": "1138", "n": "C/C ALDEA CHEX ABAJO", "t": "CENTRO CONVERGENCIA", "m": "AGUACATAN" }, "geometry": { "type": "Point", "coordinates": [ -91.30528, 15.38385 ] } },
{ "type": "Feature", "properties": { "id": "1131", "n": "C/C JOYA GRANDE", "t": "CENTRO CONVERGENCIA", "m": "AGUACATAN" }, "geometry": { "type": "Point", "coordinates": [ -91.32274, 15.40573 ] } },
{ "type": "Feature", "properties": { "id": "1137", "n": "C/C PAJUIL CHEX", "t": "CENTRO CONVERGENCIA", "m": "AGUACATAN" }, "geometry": { "type": "Point", "coordinates": [ -91.31206, 15.39749 ] } },
{ "type": "Feature", "properties": { "id": "1128", "n": "C/C PAJUIL PAIS", "t": "CENTRO CONVERGENCIA", "m": "AGUACATAN" }, "geometry": { "type": "Point", "coordinates": [ -91.32124, 15.42319 ] } },
{ "type": "Feature", "properties": { "id": "1130", "n": "C/C CANTON PRIMERO", "t": "CENTRO CONVERGENCIA", "m": "AGUACATAN" }, "geometry": { "type": "Point", "coordinates": [ -91.33179, 15.43658 ] } },
{ "type": "Feature", "properties": { "id": "1150", "n": "C/C TUCUNA MAJADAS", "t": "CENTRO CONVERGENCIA", "m": "AGUACATAN" }, "geometry": { "type": "Point", "coordinates": [ -91.26094, 15.37855 ] } },
{ "type": "Feature", "properties": { "id": "1149", "n": "C/C MAJADAS CENTRO", "t": "CENTRO CONVERGENCIA", "m": "AGUACATAN" }, "geometry": { "type": "Point", "coordinates": [ -91.24722, 15.37835 ] } },
{ "type": "Feature", "properties": { "id": "1144", "n": "C/C ESPERANZA MAJADAS", "t": "CENTRO CONVERGENCIA", "m": "AGUACATAN" }, "geometry": { "type": "Point", "coordinates": [ -91.22544, 15.37292 ] } },
{ "type": "Feature", "properties": { "id": "1106", "n": "(P/S) LAS MAJADAS", "t": "PUESTO DE SALUD", "m": "AGUACATAN" }, "geometry": { "type": "Point", "coordinates": [ -91.24513, 15.3637 ] } },
{ "type": "Feature", "properties": { "id": "0822", "n": "(P/S) SANTA BARBARA", "t": "PUESTO DE SALUD", "m": "SANTA BARBARA" }, "geometry": { "type": "Point", "coordinates": [ -91.63474, 15.31503 ] } },
{ "type": "Feature", "properties": { "id": "0826", "n": "C/C CHICOL I", "t": "CENTRO CONVERGENCIA", "m": "SANTA BARBARA" }, "geometry": { "type": "Point", "coordinates": [ -91.59018, 15.33901 ] } },
{ "type": "Feature", "properties": { "id": "0825", "n": "C/C TOJCHIGUEL", "t": "CENTRO CONVERGENCIA", "m": "SANTA BARBARA" }, "geometry": { "type": "Point", "coordinates": [ -91.66026, 15.31933 ] } },
{ "type": "Feature", "properties": { "id": "0827", "n": "C/C TOJCHUM", "t": "CENTRO CONVERGENCIA", "m": "SANTA BARBARA" }, "geometry": { "type": "Point", "coordinates": [ -91.65814, 15.29956 ] } },
{ "type": "Feature", "properties": { "id": "0830", "n": "C/C IXCANCHILUP", "t": "CENTRO CONVERGENCIA", "m": "SANTA BARBARA" }, "geometry": { "type": "Point", "coordinates": [ -91.65011, 15.36379 ] } },
{ "type": "Feature", "properties": { "id": "0831", "n": "C/C SACBECH", "t": "CENTRO CONVERGENCIA", "m": "SANTA BARBARA" }, "geometry": { "type": "Point", "coordinates": [ -91.62383, 15.36162 ] } },
{ "type": "Feature", "properties": { "id": "0832", "n": "C/C TIERRA BLANCA", "t": "CENTRO CONVERGENCIA", "m": "SANTA BARBARA" }, "geometry": { "type": "Point", "coordinates": [ -91.64238, 15.33177 ] } },
{ "type": "Feature", "properties": { "id": "0833", "n": "C/C TINTONEL", "t": "CENTRO CONVERGENCIA", "m": "SANTA BARBARA" }, "geometry": { "type": "Point", "coordinates": [ -91.59841, 15.36568 ] } },
{ "type": "Feature", "properties": { "id": "0845", "n": "P/S SAN RAFAEL PETZAL", "t": "PUESTO DE SALUD", "m": "SAN RAFAEL PETZAL" }, "geometry": { "type": "Point", "coordinates": [ -91.66515, 15.40416 ] } },
{ "type": "Feature", "properties": { "id": "0847", "n": "C/C ORATORIO ALTO", "t": "CENTRO CONVERGENCIA", "m": "SAN RAFAEL PETZAL" }, "geometry": { "type": "Point", "coordinates": [ -91.6772, 15.40641 ] } },
{ "type": "Feature", "properties": { "id": "0846", "n": "C/C EL LIMONAR", "t": "CENTRO CONVERGENCIA", "m": "SAN RAFAEL PETZAL" }, "geometry": { "type": "Point", "coordinates": [ -91.64708, 15.39284 ] } },
{ "type": "Feature", "properties": { "id": "1129", "n": "C/C EL RANCHO", "t": "CENTRO CONVERGENCIA", "m": "AGUACATAN" }, "geometry": { "type": "Point", "coordinates": [ -91.37488, 15.3314 ] } },
{ "type": "Feature", "properties": { "id": "1136", "n": "C/C EL ROSARIO", "t": "CENTRO CONVERGENCIA", "m": "AGUACATAN" }, "geometry": { "type": "Point", "coordinates": [ -91.37297, 15.32145 ] } },
{ "type": "Feature", "properties": { "id": "1133", "n": "C/C AGUA BLANCA", "t": "CENTRO CONVERGENCIA", "m": "AGUACATAN" }, "geometry": { "type": "Point", "coordinates": [ -91.29824, 15.33866 ] } },
{ "type": "Feature", "properties": { "id": "1141", "n": "C/C CHICHOCHE", "t": "CENTRO CONVERGENCIA", "m": "AGUACATAN" }, "geometry": { "type": "Point", "coordinates": [ -91.29031, 15.33493 ] } },
{ "type": "Feature", "properties": { "id": "1132", "n": "C/C IXCOLOY", "t": "CENTRO CONVERGENCIA", "m": "AGUACATAN" }, "geometry": { "type": "Point", "coordinates": [ -91.2928, 15.3182 ] } },
{ "type": "Feature", "properties": { "id": "1135", "n": "C/C PATZALAN", "t": "CENTRO CONVERGENCIA", "m": "AGUACATAN" }, "geometry": { "type": "Point", "coordinates": [ -91.30413, 15.32837 ] } },
{ "type": "Feature", "properties": { "id": "1126", "n": "C/C QUILIN NOVILLO", "t": "CENTRO CONVERGENCIA", "m": "AGUACATAN" }, "geometry": { "type": "Point", "coordinates": [ -91.34446, 15.48877 ] } },
{ "type": "Feature", "properties": { "id": "1124", "n": "C/C EL PERICON", "t": "CENTRO CONVERGENCIA", "m": "AGUACATAN" }, "geometry": { "type": "Point", "coordinates": [ -91.34605, 15.4355 ] } },
{ "type": "Feature", "properties": { "id": "1117", "n": "C/C EL SALVADOR", "t": "CENTRO CONVERGENCIA", "m": "AGUACATAN" }, "geometry": { "type": "Point", "coordinates": [ -91.34345, 15.47153 ] } },
{ "type": "Feature", "properties": { "id": "1123", "n": "C/C CLIMENTORO", "t": "CENTRO CONVERGENCIA", "m": "AGUACATAN" }, "geometry": { "type": "Point", "coordinates": [ -91.35141, 15.38902 ] } },
{ "type": "Feature", "properties": { "id": "1119", "n": "C/C EL POTRERILLO", "t": "CENTRO CONVERGENCIA", "m": "AGUACATAN" }, "geometry": { "type": "Point", "coordinates": [ -91.36982, 15.3825 ] } },
{ "type": "Feature", "properties": { "id": "1109", "n": "(P/S) EL SUJ", "t": "PUESTO DE SALUD", "m": "AGUACATAN" }, "geometry": { "type": "Point", "coordinates": [ -91.33741, 15.37913 ] } },
{ "type": "Feature", "properties": { "id": "1120", "n": "C/C OJO DE AGUA", "t": "CENTRO CONVERGENCIA", "m": "AGUACATAN" }, "geometry": { "type": "Point", "coordinates": [ -91.34355, 15.36419 ] } },
{ "type": "Feature", "properties": { "id": "1113", "n": "(P/S) EL MANZANILLO", "t": "PUESTO DE SALUD", "m": "AGUACATAN" }, "geometry": { "type": "Point", "coordinates": [ -91.37422, 15.36625 ] } },
{ "type": "Feature", "properties": { "id": "1134", "n": "C/C BARRANCA PERICON", "t": "CENTRO CONVERGENCIA", "m": "AGUACATAN" }, "geometry": { "type": "Point", "coordinates": [ -91.32639, 15.41768 ] } },
{ "type": "Feature", "properties": { "id": "1118", "n": "C/C PEÑA FLOR", "t": "CENTRO CONVERGENCIA", "m": "AGUACATAN" }, "geometry": { "type": "Point", "coordinates": [ -91.37008, 15.34972 ] } },
{ "type": "Feature", "properties": { "id": "1125", "n": "C/C TICHON", "t": "CENTRO CONVERGENCIA", "m": "AGUACATAN" }, "geometry": { "type": "Point", "coordinates": [ -91.36372, 15.35171 ] } },
{ "type": "Feature", "properties": { "id": "1386", "n": "C/C LOS ALIZOS", "t": "CENTRO CONVERGENCIA", "m": "SAN RAFAEL LA INDEPENDENCIA" }, "geometry": { "type": "Point", "coordinates": [ -91.38187, 15.35026 ] } },
{ "type": "Feature", "properties": { "id": "1121", "n": "C/C ALDEA CANTZELA", "t": "CENTRO CONVERGENCIA", "m": "AGUACATAN" }, "geometry": { "type": "Point", "coordinates": [ -91.35757, 15.3677 ] } },
{ "type": "Feature", "properties": { "id": "1105", "n": "(C/S) AGUACATAN", "t": "CENTRO DE SALUD", "m": "AGUACATAN" }, "geometry": { "type": "Point", "coordinates": [ -91.31189, 15.34403 ] } },
{ "type": "Feature", "properties": { "id": "1146", "n": "C/C LLANO CHIQUITO", "t": "CENTRO CONVERGENCIA", "m": "AGUACATAN" }, "geometry": { "type": "Point", "coordinates": [ -91.27277, 15.32545 ] } },
{ "type": "Feature", "properties": { "id": "1387", "n": "C/C EL REGADILLO", "t": "CENTRO CONVERGENCIA", "m": "SAN RAFAEL LA INDEPENDENCIA" }, "geometry": { "type": "Point", "coordinates": [ -91.24459, 15.27669 ] } },
{ "type": "Feature", "properties": { "id": "1148", "n": "C/C SAN ANTONIO EL ORGANO", "t": "CENTRO CONVERGENCIA", "m": "AGUACATAN" }, "geometry": { "type": "Point", "coordinates": [ -91.23818, 15.28737 ] } },
{ "type": "Feature", "properties": { "id": "1142", "n": "C/C CHUICANKAB", "t": "CENTRO CONVERGENCIA", "m": "AGUACATAN" }, "geometry": { "type": "Point", "coordinates": [ -91.21234, 15.31542 ] } },
{ "type": "Feature", "properties": { "id": "1139", "n": "C/C RIO BLANCO CHIQUITO", "t": "CENTRO CONVERGENCIA", "m": "AGUACATAN" }, "geometry": { "type": "Point", "coordinates": [ -91.28421, 15.35134 ] } },
{ "type": "Feature", "properties": { "id": "1111", "n": "(P/S) PICHIQUIL", "t": "PUESTO DE SALUD", "m": "AGUACATAN" }, "geometry": { "type": "Point", "coordinates": [ -91.20127, 15.33871 ] } },
{ "type": "Feature", "properties": { "id": "1153", "n": "C/C XENAXICUL", "t": "CENTRO CONVERGENCIA", "m": "AGUACATAN" }, "geometry": { "type": "Point", "coordinates": [ -91.20588, 15.36537 ] } },
{ "type": "Feature", "properties": { "id": "1154", "n": "C/C XIXVIAC", "t": "CENTRO CONVERGENCIA", "m": "AGUACATAN" }, "geometry": { "type": "Point", "coordinates": [ -91.23639, 15.3429 ] } },
{ "type": "Feature", "properties": { "id": "1145", "n": "C/C CALIN", "t": "CENTRO CONVERGENCIA", "m": "AGUACATAN" }, "geometry": { "type": "Point", "coordinates": [ -91.24927, 15.33953 ] } },
{ "type": "Feature", "properties": { "id": "1108", "n": "(P/S) EXCHIMAL", "t": "PUESTO DE SALUD", "m": "AGUACATAN" }, "geometry": { "type": "Point", "coordinates": [ -91.31214, 15.29513 ] } },
{ "type": "Feature", "properties": { "id": "1143", "n": "C/C TIERRA BLANCA EXCHIMAL", "t": "CENTRO CONVERGENCIA", "m": "AGUACATAN" }, "geometry": { "type": "Point", "coordinates": [ -91.30229, 15.29187 ] } },
{ "type": "Feature", "properties": { "id": "1152", "n": "C/C POTRERILLOS EXCHIMAL", "t": "CENTRO CONVERGENCIA", "m": "AGUACATAN" }, "geometry": { "type": "Point", "coordinates": [ -91.28542, 15.28829 ] } },
{ "type": "Feature", "properties": { "id": "1112", "n": "(P/S) XOLPIC", "t": "PUESTO DE SALUD", "m": "AGUACATAN" }, "geometry": { "type": "Point", "coordinates": [ -91.26984, 15.28577 ] } },
{ "type": "Feature", "properties": { "id": "1140", "n": "C/C TUCU¥A PUEBLO", "t": "CENTRO CONVERGENCIA", "m": "AGUACATAN" }, "geometry": { "type": "Point", "coordinates": [ -91.32242, 15.33448 ] } },
{ "type": "Feature", "properties": { "id": "1107", "n": "(P/S) TUIXCOX", "t": "PUESTO DE SALUD", "m": "AGUACATAN" }, "geometry": { "type": "Point", "coordinates": [ -91.34572, 15.31866 ] } },
{ "type": "Feature", "properties": { "id": "1122", "n": "C/C LAS PILAS", "t": "CENTRO CONVERGENCIA", "m": "AGUACATAN" }, "geometry": { "type": "Point", "coordinates": [ -91.3373, 15.35452 ] } },
{ "type": "Feature", "properties": { "id": "180058", "n": "P/S SAN JOSE AXACIA", "t": "PUESTO DE SALUD", "m": "LOS AMATES" }, "geometry": { "type": "Point", "coordinates": [ -89.01329, 15.17753 ] } },
{ "type": "Feature", "properties": { "id": "180059", "n": "P/S CANAAN", "t": "PUESTO DE SALUD", "m": "LOS AMATES" }, "geometry": { "type": "Point", "coordinates": [ -88.96721, 15.18822 ] } },
{ "type": "Feature", "properties": { "id": "180060", "n": "P/S MIXCO", "t": "PUESTO DE SALUD", "m": "LOS AMATES" }, "geometry": { "type": "Point", "coordinates": [ -89.00027, 15.24527 ] } },
{ "type": "Feature", "properties": { "id": "180061", "n": "C/S LOS AMATES", "t": "CENTRO DE SALUD", "m": "LOS AMATES" }, "geometry": { "type": "Point", "coordinates": [ -89.09753, 15.2555 ] } },
{ "type": "Feature", "properties": { "id": "180062", "n": "P/S QUIRIGUA", "t": "PUESTO DE SALUD", "m": "LOS AMATES" }, "geometry": { "type": "Point", "coordinates": [ -89.07485, 15.27153 ] } },
{ "type": "Feature", "properties": { "id": "180049", "n": "P/S VIRGINIA", "t": "PUESTO DE SALUD", "m": "MORALES" }, "geometry": { "type": "Point", "coordinates": [ -88.92625, 15.43754 ] } },
{ "type": "Feature", "properties": { "id": "180050", "n": "P/S GRAN CA¥ON", "t": "PUESTO DE SALUD", "m": "MORALES" }, "geometry": { "type": "Point", "coordinates": [ -88.95249, 15.44301 ] } },
{ "type": "Feature", "properties": { "id": "180051", "n": "P/S MARISCO", "t": "PUESTO DE SALUD", "m": "LOS AMATES" }, "geometry": { "type": "Point", "coordinates": [ -89.08199, 15.42357 ] } },
{ "type": "Feature", "properties": { "id": "180052", "n": "P/S PLA PATAXTE", "t": "PUESTO DE SALUD", "m": "EL ESTOR" }, "geometry": { "type": "Point", "coordinates": [ -89.29433, 15.36226 ] } },
{ "type": "Feature", "properties": { "id": "180053", "n": "C/C BOCA ANCHA", "t": "CENTRO CONVERGENCIA", "m": "EL ESTOR" }, "geometry": { "type": "Point", "coordinates": [ -89.37118, 15.33087 ] } },
{ "type": "Feature", "properties": { "id": "180054", "n": "P/S CHINEBAL", "t": "PUESTO DE SALUD", "m": "EL ESTOR" }, "geometry": { "type": "Point", "coordinates": [ -89.44456, 15.31555 ] } },
{ "type": "Feature", "properties": { "id": "180055", "n": "C/C LOS ANGELES  PANCALA", "t": "CENTRO CONVERGENCIA", "m": "EL ESTOR" }, "geometry": { "type": "Point", "coordinates": [ -89.51121, 15.32426 ] } },
{ "type": "Feature", "properties": { "id": "180057", "n": "P/S EL RICO", "t": "PUESTO DE SALUD", "m": "LOS AMATES" }, "geometry": { "type": "Point", "coordinates": [ -89.12064, 15.23337 ] } },
{ "type": "Feature", "properties": { "id": "180044", "n": "P/S CHINACADENA", "t": "PUESTO DE SALUD", "m": "LIVINGSTON RIO DULCE" }, "geometry": { "type": "Point", "coordinates": [ -89.34655, 15.91272 ] } },
{ "type": "Feature", "properties": { "id": "180047", "n": "C/S MORALES", "t": "CENTRO DE SALUD", "m": "MORALES" }, "geometry": { "type": "Point", "coordinates": [ -88.82895, 15.47504 ] } },
{ "type": "Feature", "properties": { "id": "180048", "n": "IGSS", "t": "IGSS", "m": "MORALES" }, "geometry": { "type": "Point", "coordinates": [ -88.8367, 15.46673 ] } },
{ "type": "Feature", "properties": { "id": "180042", "n": "P/S SEARANX", "t": "PUESTO DE SALUD", "m": "LIVINGSTON RIO DULCE" }, "geometry": { "type": "Point", "coordinates": [ -89.43641, 15.73753 ] } },
{ "type": "Feature", "properties": { "id": "180043", "n": "C/C CHOCON", "t": "CENTRO CONVERGENCIA", "m": "LIVINGSTON RIO DULCE" }, "geometry": { "type": "Point", "coordinates": [ -89.21582, 15.87086 ] } },
{ "type": "Feature", "properties": { "id": "180032", "n": "P/S XALIBENQUE", "t": "PUESTO DE SALUD", "m": "EL ESTOR" }, "geometry": { "type": "Point", "coordinates": [ -89.29292, 15.59644 ] } },
{ "type": "Feature", "properties": { "id": "180033", "n": "C/C AGUA CALIENTE", "t": "CENTRO CONVERGENCIA", "m": "EL ESTOR" }, "geometry": { "type": "Point", "coordinates": [ -89.20521, 15.58731 ] } },
{ "type": "Feature", "properties": { "id": "180034", "n": "P/S EL BONGO", "t": "PUESTO DE SALUD", "m": "EL ESTOR" }, "geometry": { "type": "Point", "coordinates": [ -89.19249, 15.61524 ] } },
{ "type": "Feature", "properties": { "id": "180023", "n": "C/C CAYUGA", "t": "CENTRO CONVERGENCIA", "m": "MORALES" }, "geometry": { "type": "Point", "coordinates": [ -88.70168, 15.53373 ] } },
{ "type": "Feature", "properties": { "id": "180024", "n": "P/S RIO NEGRO", "t": "PUESTO DE SALUD", "m": "MORALES" }, "geometry": { "type": "Point", "coordinates": [ -88.69264, 15.47503 ] } },
{ "type": "Feature", "properties": { "id": "180025", "n": "P/S LOS CERRITOS", "t": "PUESTO DE SALUD", "m": "MORALES" }, "geometry": { "type": "Point", "coordinates": [ -88.79018, 15.4102 ] } },
{ "type": "Feature", "properties": { "id": "180026", "n": "P/S BUENOS AIRES", "t": "PUESTO DE SALUD", "m": "LIVINGSTON RIO DULCE" }, "geometry": { "type": "Point", "coordinates": [ -88.92185, 15.56198 ] } },
{ "type": "Feature", "properties": { "id": "180027", "n": "P/S LOS ANGELES", "t": "PUESTO DE SALUD", "m": "LIVINGSTON RIO DULCE" }, "geometry": { "type": "Point", "coordinates": [ -88.84922, 15.59761 ] } },
{ "type": "Feature", "properties": { "id": "180029", "n": "P/S CHICHIPATE", "t": "PUESTO DE SALUD", "m": "EL ESTOR" }, "geometry": { "type": "Point", "coordinates": [ -89.46595, 15.47705 ] } },
{ "type": "Feature", "properties": { "id": "180030", "n": "C/S C.A.I.M.I.", "t": "CENTRO DE SALUD", "m": "EL ESTOR" }, "geometry": { "type": "Point", "coordinates": [ -89.33428, 15.52844 ] } },
{ "type": "Feature", "properties": { "id": "180031", "n": "CRUZ ROJA GUATEMALTECA", "t": "CRUZ ROJA", "m": "EL ESTOR" }, "geometry": { "type": "Point", "coordinates": [ -89.33311, 15.52821 ] } },
{ "type": "Feature", "properties": { "id": "180041", "n": "P/S GUITARRA", "t": "PUESTO DE SALUD", "m": "LIVINGSTON RIO DULCE" }, "geometry": { "type": "Point", "coordinates": [ -89.28374, 15.82762 ] } },
{ "type": "Feature", "properties": { "id": "180040", "n": "P/S TAMAGAS", "t": "PUESTO DE SALUD", "m": "LIVINGSTON RIO DULCE" }, "geometry": { "type": "Point", "coordinates": [ -89.20451, 15.80343 ] } },
{ "type": "Feature", "properties": { "id": "180039", "n": "P/S SEMAX", "t": "PUESTO DE SALUD", "m": "LIVINGSTON RIO DULCE" }, "geometry": { "type": "Point", "coordinates": [ -89.16907, 15.81916 ] } },
{ "type": "Feature", "properties": { "id": "180038", "n": "P/S SAILA", "t": "PUESTO DE SALUD", "m": "LIVINGSTON RIO DULCE" }, "geometry": { "type": "Point", "coordinates": [ -89.11988, 15.75743 ] } },
{ "type": "Feature", "properties": { "id": "180037", "n": "C/S RIO DULCE", "t": "CENTRO DE SALUD", "m": "LIVINGSTON RIO DULCE" }, "geometry": { "type": "Point", "coordinates": [ -89.0136, 15.66263 ] } },
{ "type": "Feature", "properties": { "id": "180006", "n": "HOSPITAL REGIONAL", "t": "HOSPITAL", "m": "PUERTO BARRIOS" }, "geometry": { "type": "Point", "coordinates": [ -88.5834, 15.69526 ] } },
{ "type": "Feature", "properties": { "id": "180011", "n": "APROFAM", "t": "APROFAM", "m": "PUERTO BARRIOS" }, "geometry": { "type": "Point", "coordinates": [ -88.602, 15.73666 ] } },
{ "type": "Feature", "properties": { "id": "180009", "n": "C/S CLASE A LIVINGSTON", "t": "CENTRO DE SALUD", "m": "LIVINGSTON RIO DULCE" }, "geometry": { "type": "Point", "coordinates": [ -88.74914, 15.82756 ] } },
{ "type": "Feature", "properties": { "id": "180007", "n": "CRUZ ROJA GUATEMALTECA", "t": "CRUZ ROJA", "m": "PUERTO BARRIOS" }, "geometry": { "type": "Point", "coordinates": [ -88.61718, 15.6848 ] } },
{ "type": "Feature", "properties": { "id": "180008", "n": "C/S  SANTO TOMAS DE CASTILLA", "t": "CENTRO DE SALUD", "m": "PUERTO BARRIOS" }, "geometry": { "type": "Point", "coordinates": [ -88.60907, 15.68659 ] } },
{ "type": "Feature", "properties": { "id": "180010", "n": "IGSS", "t": "IGSS", "m": "PUERTO BARRIOS" }, "geometry": { "type": "Point", "coordinates": [ -88.59424, 15.71705 ] } },
{ "type": "Feature", "properties": { "id": "180004", "n": "CRUZ ROJA GUATEMALTECA", "t": "CRUZ ROJA", "m": "PUERTO BARRIOS" }, "geometry": { "type": "Point", "coordinates": [ -88.59055, 15.72665 ] } },
{ "type": "Feature", "properties": { "id": "180005", "n": "D.A.S.", "t": "DIRECCION AREA SALUD", "m": "PUERTO BARRIOS" }, "geometry": { "type": "Point", "coordinates": [ -88.59173, 15.72562 ] } },
{ "type": "Feature", "properties": { "id": "180002", "n": "C/S PUERTO BARRIOS", "t": "CENTRO DE SALUD", "m": "PUERTO BARRIOS" }, "geometry": { "type": "Point", "coordinates": [ -88.59843, 15.72943 ] } },
{ "type": "Feature", "properties": { "id": "180003", "n": "HOSPITAL INFANTIL", "t": "HOSPITAL", "m": "PUERTO BARRIOS" }, "geometry": { "type": "Point", "coordinates": [ -88.59151, 15.72681 ] } },
{ "type": "Feature", "properties": { "id": "180021", "n": "P/ ARAPAGO", "t": "PUESTO DE SALUD", "m": "MORALES" }, "geometry": { "type": "Point", "coordinates": [ -88.89545, 15.31982 ] } },
{ "type": "Feature", "properties": { "id": "180022", "n": "P/S PLAYITAS", "t": "PUESTO DE SALUD", "m": "MORALES" }, "geometry": { "type": "Point", "coordinates": [ -88.82047, 15.35544 ] } },
{ "type": "Feature", "properties": { "id": "180013", "n": "P/S ENTRE RIOS", "t": "PUESTO DE SALUD", "m": "PUERTO BARRIOS" }, "geometry": { "type": "Point", "coordinates": [ -88.53565, 15.63459 ] } },
{ "type": "Feature", "properties": { "id": "180014", "n": "P/S CACAO", "t": "PUESTO DE SALUD", "m": "PUERTO BARRIOS" }, "geometry": { "type": "Point", "coordinates": [ -88.44054, 15.57947 ] } },
{ "type": "Feature", "properties": { "id": "180015", "n": "P/S CHACHAGUALILLO", "t": "PUESTO DE SALUD", "m": "PUERTO BARRIOS" }, "geometry": { "type": "Point", "coordinates": [ -88.50435, 15.53806 ] } },
{ "type": "Feature", "properties": { "id": "180016", "n": "P/S CHAMPONA", "t": "PUESTO DE SALUD", "m": "MORALES" }, "geometry": { "type": "Point", "coordinates": [ -88.57369, 15.59647 ] } },
{ "type": "Feature", "properties": { "id": "180017", "n": "P/S TENEDORES", "t": "PUESTO DE SALUD", "m": "MORALES" }, "geometry": { "type": "Point", "coordinates": [ -88.62736, 15.5591 ] } },
{ "type": "Feature", "properties": { "id": "180018", "n": "C/S NAVAJOA", "t": "CENTRO DE SALUD", "m": "MORALES" }, "geometry": { "type": "Point", "coordinates": [ -88.68747, 15.55243 ] } },
{ "type": "Feature", "properties": { "id": "180019", "n": "C/C VITALES", "t": "CENTRO CONVERGENCIA", "m": "MORALES" }, "geometry": { "type": "Point", "coordinates": [ -88.80479, 15.31359 ] } },
{ "type": "Feature", "properties": { "id": "180020", "n": "P/S MOJONALES", "t": "PUESTO DE SALUD", "m": "MORALES" }, "geometry": { "type": "Point", "coordinates": [ -88.81368, 15.28253 ] } },
{ "type": "Feature", "properties": { "id": "1585", "n": "C/S SAN BARTOLO", "t": "CENTRO DE SALUD", "m": "SAN BARTOLO" }, "geometry": { "type": "Point", "coordinates": [ -91.45525, 15.08289 ] } },
{ "type": "Feature", "properties": { "id": "1586", "n": "P/S TIERRA BLANCA", "t": "PUESTO DE SALUD", "m": "SAN BARTOLO" }, "geometry": { "type": "Point", "coordinates": [ -91.51754, 15.11121 ] } },
{ "type": "Feature", "properties": { "id": "1588", "n": "C/S SAN VICENTE BUENABAJ", "t": "CENTRO DE SALUD", "m": "SANTO DOMINGO XENACOJ" }, "geometry": { "type": "Point", "coordinates": [ -91.58617, 15.02645 ] } },
{ "type": "Feature", "properties": { "id": "1589", "n": "P/S XETENA", "t": "PUESTO DE SALUD", "m": "SANTO DOMINGO XENACOJ" }, "geometry": { "type": "Point", "coordinates": [ -91.55282, 15.03859 ] } },
{ "type": "Feature", "properties": { "id": "1511", "n": "C/S DE MOMOSTENANGO", "t": "CENTRO DE SALUD", "m": "MOMOSTENANGO" }, "geometry": { "type": "Point", "coordinates": [ -91.40645, 15.03879 ] } },
{ "type": "Feature", "properties": { "id": "1597", "n": "CAP", "t": "CENTRO ATENCION PERMANEN*", "m": "MOMOSTENANGO" }, "geometry": { "type": "Point", "coordinates": [ -91.40634, 15.03878 ] } },
{ "type": "Feature", "properties": { "id": "1514", "n": "P/S XEQUENELLA", "t": "PUESTO DE SALUD", "m": "MOMOSTENANGO" }, "geometry": { "type": "Point", "coordinates": [ -91.35402, 15.09566 ] } },
{ "type": "Feature", "properties": { "id": "1522", "n": "C/C RACANA", "t": "CENTRO CONVERGENCIA", "m": "MOMOSTENANGO" }, "geometry": { "type": "Point", "coordinates": [ -91.32168, 15.12058 ] } },
{ "type": "Feature", "properties": { "id": "1520", "n": "C/C SAN JOS SIGUILA", "t": "CENTRO CONVERGENCIA", "m": "MOMOSTENANGO" }, "geometry": { "type": "Point", "coordinates": [ -91.3376, 15.14697 ] } },
{ "type": "Feature", "properties": { "id": "1523", "n": "C/C PANCA", "t": "CENTRO CONVERGENCIA", "m": "MOMOSTENANGO" }, "geometry": { "type": "Point", "coordinates": [ -91.35025, 15.14707 ] } },
{ "type": "Feature", "properties": { "id": "1521", "n": "C/C CANQUIXAJA", "t": "CENTRO CONVERGENCIA", "m": "MOMOSTENANGO" }, "geometry": { "type": "Point", "coordinates": [ -91.35573, 15.11674 ] } },
{ "type": "Feature", "properties": { "id": "1516", "n": "C/C PASUC 1", "t": "CENTRO CONVERGENCIA", "m": "MOMOSTENANGO" }, "geometry": { "type": "Point", "coordinates": [ -91.44129, 15.00384 ] } },
{ "type": "Feature", "properties": { "id": "1531", "n": "C/C CHOJUNACRUZ", "t": "CENTRO CONVERGENCIA", "m": "MOMOSTENANGO" }, "geometry": { "type": "Point", "coordinates": [ -91.41843, 15.0888 ] } },
{ "type": "Feature", "properties": { "id": "1519", "n": "C/C CHONIMATUX", "t": "CENTRO CONVERGENCIA", "m": "MOMOSTENANGO" }, "geometry": { "type": "Point", "coordinates": [ -91.43185, 15.05363 ] } },
{ "type": "Feature", "properties": { "id": "1529", "n": "C/C TUNAYAC", "t": "CENTRO CONVERGENCIA", "m": "MOMOSTENANGO" }, "geometry": { "type": "Point", "coordinates": [ -91.45233, 15.04773 ] } },
{ "type": "Feature", "properties": { "id": "1513", "n": "P/S PUEBLO VIEJO", "t": "PUESTO DE SALUD", "m": "MOMOSTENANGO" }, "geometry": { "type": "Point", "coordinates": [ -91.4573, 15.05817 ] } },
{ "type": "Feature", "properties": { "id": "1517", "n": "C/C CHOXACOL", "t": "CENTRO CONVERGENCIA", "m": "MOMOSTENANGO" }, "geometry": { "type": "Point", "coordinates": [ -91.46954, 15.05402 ] } },
{ "type": "Feature", "properties": { "id": "1596", "n": "P/S CHINIMABE", "t": "PUESTO DE SALUD", "m": "MOMOSTENANGO" }, "geometry": { "type": "Point", "coordinates": [ -91.48124, 15.03474 ] } },
{ "type": "Feature", "properties": { "id": "1530", "n": "C/C PAMUMUS", "t": "CENTRO CONVERGENCIA", "m": "MOMOSTENANGO" }, "geometry": { "type": "Point", "coordinates": [ -91.4455, 15.02029 ] } },
{ "type": "Feature", "properties": { "id": "1528", "n": "C/C SANTA ANA", "t": "CENTRO CONVERGENCIA", "m": "MOMOSTENANGO" }, "geometry": { "type": "Point", "coordinates": [ -91.44783, 15.03053 ] } },
{ "type": "Feature", "properties": { "id": "1527", "n": "C/C PABAQUIT", "t": "CENTRO CONVERGENCIA", "m": "MOMOSTENANGO" }, "geometry": { "type": "Point", "coordinates": [ -91.46432, 15.03159 ] } },
{ "type": "Feature", "properties": { "id": "1512", "n": "P/S OLOGUA", "t": "PUESTO DE SALUD", "m": "MOMOSTENANGO" }, "geometry": { "type": "Point", "coordinates": [ -91.51105, 15.03872 ] } },
{ "type": "Feature", "properties": { "id": "1518", "n": "C/C NICAJA", "t": "CENTRO CONVERGENCIA", "m": "MOMOSTENANGO" }, "geometry": { "type": "Point", "coordinates": [ -91.52067, 15.04736 ] } },
{ "type": "Feature", "properties": { "id": "1524", "n": "C/C PITZAL", "t": "CENTRO CONVERGENCIA", "m": "MOMOSTENANGO" }, "geometry": { "type": "Point", "coordinates": [ -91.4905, 15.0585 ] } },
{ "type": "Feature", "properties": { "id": "1515", "n": "P/S PANJON", "t": "PUESTO DE SALUD", "m": "MOMOSTENANGO" }, "geometry": { "type": "Point", "coordinates": [ -91.49747, 15.08122 ] } },
{ "type": "Feature", "properties": { "id": "1526", "n": "C/C POSAQUIQUI", "t": "CENTRO CONVERGENCIA", "m": "MOMOSTENANGO" }, "geometry": { "type": "Point", "coordinates": [ -91.49953, 15.07622 ] } },
{ "type": "Feature", "properties": { "id": "1525", "n": "C/C PAOJ", "t": "CENTRO CONVERGENCIA", "m": "MOMOSTENANGO" }, "geometry": { "type": "Point", "coordinates": [ -91.47847, 15.07009 ] } },
{ "type": "Feature", "properties": { "id": "1533", "n": "C/S SAN FRANCISCO EL ALTO", "t": "CENTRO DE SALUD", "m": "SAN FRANCISCO EL ALTO" }, "geometry": { "type": "Point", "coordinates": [ -91.44075, 14.94396 ] } },
{ "type": "Feature", "properties": { "id": "1539", "n": "C/C PACHAJ", "t": "CENTRO CONVERGENCIA", "m": "SAN FRANCISCO EL ALTO" }, "geometry": { "type": "Point", "coordinates": [ -91.46409, 14.94389 ] } },
{ "type": "Feature", "properties": { "id": "1598", "n": "C/C TACAJALVE", "t": "CENTRO CONVERGENCIA", "m": "SAN FRANCISCO EL ALTO" }, "geometry": { "type": "Point", "coordinates": [ -91.48063, 14.96552 ] } },
{ "type": "Feature", "properties": { "id": "1534", "n": "P/S CHIVARRETO", "t": "PUESTO DE SALUD", "m": "SAN FRANCISCO EL ALTO" }, "geometry": { "type": "Point", "coordinates": [ -91.52596, 14.99639 ] } },
{ "type": "Feature", "properties": { "id": "1535", "n": "P/S SAN ANTONIO SIJA", "t": "PUESTO DE SALUD", "m": "SAN FRANCISCO EL ALTO" }, "geometry": { "type": "Point", "coordinates": [ -91.53043, 14.98179 ] } },
{ "type": "Feature", "properties": { "id": "1536", "n": "P/S RANCHO DE TEJA", "t": "PUESTO DE SALUD", "m": "SAN FRANCISCO EL ALTO" }, "geometry": { "type": "Point", "coordinates": [ -91.48621, 14.99874 ] } },
{ "type": "Feature", "properties": { "id": "1537", "n": "C/C CHIRRENOX", "t": "CENTRO CONVERGENCIA", "m": "SAN FRANCISCO EL ALTO" }, "geometry": { "type": "Point", "coordinates": [ -91.46368, 14.9718 ] } },
{ "type": "Feature", "properties": { "id": "1540", "n": "C/C SACMIXIT", "t": "CENTRO CONVERGENCIA", "m": "SAN FRANCISCO EL ALTO" }, "geometry": { "type": "Point", "coordinates": [ -91.42637, 14.9291 ] } },
{ "type": "Feature", "properties": { "id": "1503", "n": "C/S DE TOTONICAPAN", "t": "CENTRO DE SALUD", "m": "TOTONICAPAN" }, "geometry": { "type": "Point", "coordinates": [ -91.36681, 14.91358 ] } },
{ "type": "Feature", "properties": { "id": "1501", "n": "DAS", "t": "DIRECCION AREA SALUD", "m": "TOTONICAPAN" }, "geometry": { "type": "Point", "coordinates": [ -91.36077, 14.913 ] } },
{ "type": "Feature", "properties": { "id": "1502", "n": "HOSPITAL NACIONAL DE TOTONICAPAN", "t": "HOSPITAL", "m": "TOTONICAPAN" }, "geometry": { "type": "Point", "coordinates": [ -91.3806, 14.91409 ] } },
{ "type": "Feature", "properties": { "id": "1509", "n": "IGSS", "t": "IGSS", "m": "TOTONICAPAN" }, "geometry": { "type": "Point", "coordinates": [ -91.35716, 14.91321 ] } },
{ "type": "Feature", "properties": { "id": "1592", "n": "C/C PACHOC", "t": "CENTRO CONVERGENCIA", "m": "TOTONICAPAN" }, "geometry": { "type": "Point", "coordinates": [ -91.28061, 14.93312 ] } },
{ "type": "Feature", "properties": { "id": "1590", "n": "C/S CHIMENTE", "t": "CENTRO DE SALUD", "m": "TOTONICAPAN" }, "geometry": { "type": "Point", "coordinates": [ -91.22908, 14.94842 ] } },
{ "type": "Feature", "properties": { "id": "1506", "n": "P/S MATZUL", "t": "PUESTO DE SALUD", "m": "TOTONICAPAN" }, "geometry": { "type": "Point", "coordinates": [ -91.21628, 14.94101 ] } },
{ "type": "Feature", "properties": { "id": "1591", "n": "C/C CHUIPACHEC", "t": "CENTRO CONVERGENCIA", "m": "TOTONICAPAN" }, "geometry": { "type": "Point", "coordinates": [ -91.34032, 14.92282 ] } },
{ "type": "Feature", "properties": { "id": "1504", "n": "P/S PANQUIX", "t": "PUESTO DE SALUD", "m": "TOTONICAPAN" }, "geometry": { "type": "Point", "coordinates": [ -91.30858, 14.88482 ] } },
{ "type": "Feature", "properties": { "id": "1507", "n": "P/S BARRANACHE", "t": "PUESTO DE SALUD", "m": "TOTONICAPAN" }, "geometry": { "type": "Point", "coordinates": [ -91.22381, 14.82503 ] } },
{ "type": "Feature", "properties": { "id": "1594", "n": "C/C ESPERANZA", "t": "CENTRO CONVERGENCIA", "m": "TOTONICAPAN" }, "geometry": { "type": "Point", "coordinates": [ -91.23148, 14.82588 ] } },
{ "type": "Feature", "properties": { "id": "1593", "n": "C/C LA CONCORDIA", "t": "CENTRO CONVERGENCIA", "m": "TOTONICAPAN" }, "geometry": { "type": "Point", "coordinates": [ -91.24642, 14.83224 ] } },
{ "type": "Feature", "properties": { "id": "1505", "n": "P/S CHIPUAC", "t": "PUESTO DE SALUD", "m": "TOTONICAPAN" }, "geometry": { "type": "Point", "coordinates": [ -91.37662, 14.86846 ] } },
{ "type": "Feature", "properties": { "id": "1580", "n": "C/S SAN ANDRES XECUL", "t": "CENTRO DE SALUD", "m": "SAN ANDRES XECUL" }, "geometry": { "type": "Point", "coordinates": [ -91.48012, 14.90479 ] } },
{ "type": "Feature", "properties": { "id": "1538", "n": "C/C NIMASAC", "t": "CENTRO CONVERGENCIA", "m": "SAN ANDRES XECUL" }, "geometry": { "type": "Point", "coordinates": [ -91.48229, 14.92453 ] } },
{ "type": "Feature", "properties": { "id": "1581", "n": "P/S PALOMORA", "t": "PUESTO DE SALUD", "m": "SAN ANDRES XECUL" }, "geometry": { "type": "Point", "coordinates": [ -91.50019, 14.923 ] } },
{ "type": "Feature", "properties": { "id": "1582", "n": "C/C CHAJABAL", "t": "CENTRO CONVERGENCIA", "m": "SAN ANDRES XECUL" }, "geometry": { "type": "Point", "coordinates": [ -91.50332, 14.91104 ] } },
{ "type": "Feature", "properties": { "id": "1583", "n": "C/C TUICES", "t": "CENTRO CONVERGENCIA", "m": "SAN ANDRES XECUL" }, "geometry": { "type": "Point", "coordinates": [ -91.51952, 14.9336 ] } },
{ "type": "Feature", "properties": { "id": "1570", "n": "C/S SAN CRISTOBAL", "t": "CENTRO DE SALUD", "m": "SAN CRISTOBAL" }, "geometry": { "type": "Point", "coordinates": [ -91.4431, 14.91815 ] } },
{ "type": "Feature", "properties": { "id": "1571", "n": "P/S PATACHAJ", "t": "PUESTO DE SALUD", "m": "SAN CRISTOBAL" }, "geometry": { "type": "Point", "coordinates": [ -91.50282, 14.94389 ] } },
{ "type": "Feature", "properties": { "id": "1573", "n": "P/S NUEVA CANDELARIA", "t": "PUESTO DE SALUD", "m": "SAN CRISTOBAL" }, "geometry": { "type": "Point", "coordinates": [ -91.53167, 14.95129 ] } },
{ "type": "Feature", "properties": { "id": "1572", "n": "P/S SAN RAMON", "t": "PUESTO DE SALUD", "m": "SAN CRISTOBAL" }, "geometry": { "type": "Point", "coordinates": [ -91.42969, 14.8624 ] } },
{ "type": "Feature", "properties": { "id": "1543", "n": "C/S SANTA MAR?A CHIQUIMULA", "t": "CENTRO DE SALUD", "m": "SANTA MARIA CHIQUIMULA" }, "geometry": { "type": "Point", "coordinates": [ -91.33462, 15.02785 ] } },
{ "type": "Feature", "properties": { "id": "1544", "n": "P/S RANCHO", "t": "PUESTO DE SALUD", "m": "SANTA MARIA CHIQUIMULA" }, "geometry": { "type": "Point", "coordinates": [ -91.37704, 15.02023 ] } },
{ "type": "Feature", "properties": { "id": "1545", "n": "P/S XECACHELAJ", "t": "PUESTO DE SALUD", "m": "SANTA MARIA CHIQUIMULA" }, "geometry": { "type": "Point", "coordinates": [ -91.34406, 14.98051 ] } },
{ "type": "Feature", "properties": { "id": "1599", "n": "APROFAM", "t": "APROFAM", "m": "SANTA MARIA CHIQUIMULA" }, "geometry": { "type": "Point", "coordinates": [ -91.33447, 15.0282 ] } },
{ "type": "Feature", "properties": { "id": "1547", "n": "C/C TZUNUNA", "t": "CENTRO CONVERGENCIA", "m": "SANTA MARIA CHIQUIMULA" }, "geometry": { "type": "Point", "coordinates": [ -91.28672, 14.97271 ] } },
{ "type": "Feature", "properties": { "id": "1548", "n": "C/C PACHOLIP", "t": "CENTRO CONVERGENCIA", "m": "SANTA MARIA CHIQUIMULA" }, "geometry": { "type": "Point", "coordinates": [ -91.28754, 14.96277 ] } },
{ "type": "Feature", "properties": { "id": "1546", "n": "C/C CHUACHITUJ", "t": "CENTRO CONVERGENCIA", "m": "SANTA MARIA CHIQUIMULA" }, "geometry": { "type": "Point", "coordinates": [ -91.27582, 14.97242 ] } },
{ "type": "Feature", "properties": { "id": "1550", "n": "C/C CHUITACABAJ", "t": "CENTRO CONVERGENCIA", "m": "SANTA MARIA CHIQUIMULA" }, "geometry": { "type": "Point", "coordinates": [ -91.40629, 14.9877 ] } },
{ "type": "Feature", "properties": { "id": "1549", "n": "C/C PACHUM", "t": "CENTRO CONVERGENCIA", "m": "SANTA MARIA CHIQUIMULA" }, "geometry": { "type": "Point", "coordinates": [ -91.39607, 14.99035 ] } },
{ "type": "Feature", "properties": { "id": "1552", "n": "C/C XOLTACCHE", "t": "CENTRO CONVERGENCIA", "m": "SANTA MARIA CHIQUIMULA" }, "geometry": { "type": "Point", "coordinates": [ -91.36972, 14.98883 ] } },
{ "type": "Feature", "properties": { "id": "1551", "n": "C/C XESANA", "t": "CENTRO CONVERGENCIA", "m": "SANTA MARIA CHIQUIMULA" }, "geometry": { "type": "Point", "coordinates": [ -91.37729, 14.99832 ] } },
{ "type": "Feature", "properties": { "id": "1553", "n": "C/C XOLJA", "t": "CENTRO CONVERGENCIA", "m": "SANTA MARIA CHIQUIMULA" }, "geometry": { "type": "Point", "coordinates": [ -91.35821, 15.00778 ] } },
{ "type": "Feature", "properties": { "id": "1554", "n": "C/C PANTZAJ", "t": "CENTRO CONVERGENCIA", "m": "SANTA MARIA CHIQUIMULA" }, "geometry": { "type": "Point", "coordinates": [ -91.29128, 15.03888 ] } },
{ "type": "Feature", "properties": { "id": "1555", "n": "C/C CHIVALAN", "t": "CENTRO CONVERGENCIA", "m": "SANTA MARIA CHIQUIMULA" }, "geometry": { "type": "Point", "coordinates": [ -91.3184, 14.97211 ] } },
{ "type": "Feature", "properties": { "id": "1561", "n": "C/C IXCOTEYAC", "t": "CENTRO CONVERGENCIA", "m": "SANTA MARIA CHIQUIMULA" }, "geometry": { "type": "Point", "coordinates": [ -91.37829, 15.01138 ] } },
{ "type": "Feature", "properties": { "id": "1558", "n": "C/C CHUAQUISIS", "t": "CENTRO CONVERGENCIA", "m": "SANTA MARIA CHIQUIMULA" }, "geometry": { "type": "Point", "coordinates": [ -91.39747, 15.00178 ] } },
{ "type": "Feature", "properties": { "id": "1565", "n": "C/C CHUIAJ", "t": "CENTRO CONVERGENCIA", "m": "SANTA MARIA CHIQUIMULA" }, "geometry": { "type": "Point", "coordinates": [ -91.35079, 15.03808 ] } },
{ "type": "Feature", "properties": { "id": "1556", "n": "C/C CHIJOM", "t": "CENTRO CONVERGENCIA", "m": "SANTA MARIA CHIQUIMULA" }, "geometry": { "type": "Point", "coordinates": [ -91.3619, 15.02611 ] } },
{ "type": "Feature", "properties": { "id": "1560", "n": "C/C CHIAJ", "t": "CENTRO CONVERGENCIA", "m": "SANTA MARIA CHIQUIMULA" }, "geometry": { "type": "Point", "coordinates": [ -91.29796, 15.09957 ] } },
{ "type": "Feature", "properties": { "id": "1575", "n": "C/S SANTA LUCIA LA REFORMA", "t": "CENTRO DE SALUD", "m": "SANTA LUCIA LA REFORMA" }, "geometry": { "type": "Point", "coordinates": [ -91.23748, 15.13031 ] } },
{ "type": "Feature", "properties": { "id": "1577", "n": "P/S ARROYO SACASIGUAN", "t": "PUESTO DE SALUD", "m": "SANTA LUCIA LA REFORMA" }, "geometry": { "type": "Point", "coordinates": [ -91.24644, 15.19208 ] } },
{ "type": "Feature", "properties": { "id": "1600", "n": "C-C PABAQUIT", "t": "CENTRO CONVERGENCIA", "m": "SANTA LUCIA LA REFORMA" }, "geometry": { "type": "Point", "coordinates": [ -91.27065, 15.18214 ] } },
{ "type": "Feature", "properties": { "id": "1576", "n": "P/S PAMARIA", "t": "PUESTO DE SALUD", "m": "SANTA LUCIA LA REFORMA" }, "geometry": { "type": "Point", "coordinates": [ -91.31017, 15.17929 ] } },
{ "type": "Feature", "properties": { "id": "1578", "n": "P/S SAN LUIS SIBILAJ", "t": "PUESTO DE SALUD", "m": "SANTA LUCIA LA REFORMA" }, "geometry": { "type": "Point", "coordinates": [ -91.3254, 15.18811 ] } },
{ "type": "Feature", "properties": { "id": "2303", "n": "C/S SOLOLA", "t": "CENTRO DE SALUD", "m": "SOLOLA" }, "geometry": { "type": "Point", "coordinates": [ -91.18492, 14.77052 ] } },
{ "type": "Feature", "properties": { "id": "2301", "n": "DAS", "t": "DIRECCION AREA SALUD", "m": "SOLOLA" }, "geometry": { "type": "Point", "coordinates": [ -91.17683, 14.76378 ] } },
{ "type": "Feature", "properties": { "id": "2399", "n": "IGSS", "t": "IGSS", "m": "SOLOLA" }, "geometry": { "type": "Point", "coordinates": [ -91.17688, 14.76394 ] } },
{ "type": "Feature", "properties": { "id": "2302", "n": "HOSPITAL NACIONAL DE SOLOLA", "t": "HOSPITAL", "m": "SOLOLA" }, "geometry": { "type": "Point", "coordinates": [ -91.17682, 14.76483 ] } },
{ "type": "Feature", "properties": { "id": "2321", "n": "P/S CONCEPCION", "t": "PUESTO DE SALUD", "m": "CONCEPCION" }, "geometry": { "type": "Point", "coordinates": [ -91.14672, 14.7842 ] } },
{ "type": "Feature", "properties": { "id": "2323", "n": "P/S EL TABLON", "t": "PUESTO DE SALUD", "m": "CONCEPCION" }, "geometry": { "type": "Point", "coordinates": [ -91.18113, 14.79845 ] } },
{ "type": "Feature", "properties": { "id": "2322", "n": "P/S CIPRESALES", "t": "PUESTO DE SALUD", "m": "CONCEPCION" }, "geometry": { "type": "Point", "coordinates": [ -91.17516, 14.82615 ] } },
{ "type": "Feature", "properties": { "id": "2328", "n": "P/S CHUACRUZ", "t": "PUESTO DE SALUD", "m": "CONCEPCION" }, "geometry": { "type": "Point", "coordinates": [ -91.15779, 14.8227 ] } },
{ "type": "Feature", "properties": { "id": "2324", "n": "P/S ARGUETA", "t": "PUESTO DE SALUD", "m": "CONCEPCION" }, "geometry": { "type": "Point", "coordinates": [ -91.22586, 14.81457 ] } },
{ "type": "Feature", "properties": { "id": "2325", "n": "P/S PIXABAJ", "t": "PUESTO DE SALUD", "m": "CONCEPCION" }, "geometry": { "type": "Point", "coordinates": [ -91.18459, 14.87099 ] } },
{ "type": "Feature", "properties": { "id": "2326", "n": "P/S LOS ENCUENTROS", "t": "PUESTO DE SALUD", "m": "CONCEPCION" }, "geometry": { "type": "Point", "coordinates": [ -91.14784, 14.85185 ] } },
{ "type": "Feature", "properties": { "id": "2329", "n": "P/S EL MIRADOR", "t": "PUESTO DE SALUD", "m": "CONCEPCION" }, "geometry": { "type": "Point", "coordinates": [ -91.12818, 14.83201 ] } },
{ "type": "Feature", "properties": { "id": "2336", "n": "P/S SAN ANDRES SEMETABAJ", "t": "PUESTO DE SALUD", "m": "SAN ANDRES SEMETABAJ" }, "geometry": { "type": "Point", "coordinates": [ -91.13442, 14.74688 ] } },
{ "type": "Feature", "properties": { "id": "2337", "n": "P/S LAS CANOAS", "t": "PUESTO DE SALUD", "m": "SAN ANDRES SEMETABAJ" }, "geometry": { "type": "Point", "coordinates": [ -91.10595, 14.72108 ] } },
{ "type": "Feature", "properties": { "id": "2338", "n": "P/S GODINES", "t": "PUESTO DE SALUD", "m": "SAN ANDRES SEMETABAJ" }, "geometry": { "type": "Point", "coordinates": [ -91.09957, 14.70532 ] } },
{ "type": "Feature", "properties": { "id": "2327", "n": "P/S PATZUTZUN", "t": "PUESTO DE SALUD", "m": "CONCEPCION" }, "geometry": { "type": "Point", "coordinates": [ -91.1201, 14.80546 ] } },
{ "type": "Feature", "properties": { "id": "2330", "n": "C/C CHUISOLIS", "t": "CENTRO CONVERGENCIA", "m": "CONCEPCION" }, "geometry": { "type": "Point", "coordinates": [ -91.11827, 14.80125 ] } },
{ "type": "Feature", "properties": { "id": "2334", "n": "P/S SANTA CATARINA PALOPO", "t": "PUESTO DE SALUD", "m": "SANTA CATARINA PALOPO" }, "geometry": { "type": "Point", "coordinates": [ -91.13595, 14.72338 ] } },
{ "type": "Feature", "properties": { "id": "2332", "n": "C/S PANAJACHEL", "t": "CENTRO DE SALUD", "m": "PANAJACHEL" }, "geometry": { "type": "Point", "coordinates": [ -91.1544, 14.74462 ] } },
{ "type": "Feature", "properties": { "id": "2403", "n": "P/S SANTA MARIA VISITACION", "t": "PUESTO DE SALUD", "m": "SANTA MARIA VISITACION" }, "geometry": { "type": "Point", "coordinates": [ -91.30954, 14.71903 ] } },
{ "type": "Feature", "properties": { "id": "2357", "n": "P/S SANTA CLARA LA LAGUNA", "t": "PUESTO DE SALUD", "m": "SANTA CLARA LA LAGUNA" }, "geometry": { "type": "Point", "coordinates": [ -91.30189, 14.71758 ] } },
{ "type": "Feature", "properties": { "id": "2358", "n": "C/C PAQUIP", "t": "CENTRO CONVERGENCIA", "m": "SANTA CLARA LA LAGUNA" }, "geometry": { "type": "Point", "coordinates": [ -91.31698, 14.69157 ] } },
{ "type": "Feature", "properties": { "id": "2387", "n": "P/S PANYEBAR", "t": "PUESTO DE SALUD", "m": "SAN JUAN LA LAGUNA" }, "geometry": { "type": "Point", "coordinates": [ -91.31809, 14.66891 ] } },
{ "type": "Feature", "properties": { "id": "2375", "n": "C/S SAN PABLO LA LAGUNA", "t": "CENTRO DE SALUD", "m": "SAN PABLO LA LAGUNA" }, "geometry": { "type": "Point", "coordinates": [ -91.27254, 14.71968 ] } },
{ "type": "Feature", "properties": { "id": "2382", "n": "CAP DE SAN MARCOS LA LAGUNA", "t": "CENTRO ATENCION PERMANEN*", "m": "SAN MARCOS LA LAGUNA" }, "geometry": { "type": "Point", "coordinates": [ -91.25706, 14.72521 ] } },
{ "type": "Feature", "properties": { "id": "2384", "n": "C/S SAN PEDRO LA LAGUNA", "t": "CENTRO DE SALUD", "m": "SAN PEDRO LA LAGUNA" }, "geometry": { "type": "Point", "coordinates": [ -91.27871, 14.6949 ] } },
{ "type": "Feature", "properties": { "id": "2386", "n": "CAP SAN JUAN LA LAGUNA", "t": "CENTRO ATENCION PERMANEN*", "m": "SAN JUAN LA LAGUNA" }, "geometry": { "type": "Point", "coordinates": [ -91.28956, 14.69853 ] } },
{ "type": "Feature", "properties": { "id": "2352", "n": "P/S PAMEZABAL", "t": "PUESTO DE SALUD", "m": "SANTA LUCIA UTATLAN" }, "geometry": { "type": "Point", "coordinates": [ -91.29093, 14.77173 ] } },
{ "type": "Feature", "properties": { "id": "2351", "n": "C/S SANTA LUCIA UTATLAN", "t": "CENTRO DE SALUD", "m": "SANTA LUCIA UTATLAN" }, "geometry": { "type": "Point", "coordinates": [ -91.26663, 14.77421 ] } },
{ "type": "Feature", "properties": { "id": "2360", "n": "P/S SAN JOSE CHACAYA", "t": "PUESTO DE SALUD", "m": "SAN JOSE CHACAYA" }, "geometry": { "type": "Point", "coordinates": [ -91.21497, 14.77216 ] } },
{ "type": "Feature", "properties": { "id": "2361", "n": "C/C LOS TABLONES", "t": "CENTRO CONVERGENCIA", "m": "SAN JOSE CHACAYA" }, "geometry": { "type": "Point", "coordinates": [ -91.23349, 14.783 ] } },
{ "type": "Feature", "properties": { "id": "2363", "n": "C/C PARROMERO", "t": "CENTRO CONVERGENCIA", "m": "SAN JOSE CHACAYA" }, "geometry": { "type": "Point", "coordinates": [ -91.22442, 14.76703 ] } },
{ "type": "Feature", "properties": { "id": "2362", "n": "C/C LAS MINAS", "t": "CENTRO CONVERGENCIA", "m": "SAN JOSE CHACAYA" }, "geometry": { "type": "Point", "coordinates": [ -91.20917, 14.76806 ] } },
{ "type": "Feature", "properties": { "id": "2343", "n": "P/S AGUA ESCONDIDA", "t": "PUESTO DE SALUD", "m": "SAN ANTONIO PALOPO" }, "geometry": { "type": "Point", "coordinates": [ -91.10877, 14.66431 ] } },
{ "type": "Feature", "properties": { "id": "2401", "n": "IGSS", "t": "IGSS", "m": "SAN LUCAS TOLIMAN" }, "geometry": { "type": "Point", "coordinates": [ -91.14523, 14.62675 ] } },
{ "type": "Feature", "properties": { "id": "2340", "n": "C/S SAN LUCAS TOLIMAN", "t": "CENTRO DE SALUD", "m": "SAN LUCAS TOLIMAN" }, "geometry": { "type": "Point", "coordinates": [ -91.14503, 14.63584 ] } },
{ "type": "Feature", "properties": { "id": "2347", "n": "P/S CERRO DE ORO", "t": "PUESTO DE SALUD", "m": "SANTIAGO ATITLAN" }, "geometry": { "type": "Point", "coordinates": [ -91.16849, 14.6694 ] } },
{ "type": "Feature", "properties": { "id": "2346", "n": "C/S SANTIAGO ATITLAN", "t": "CENTRO DE SALUD", "m": "SANTIAGO ATITLAN" }, "geometry": { "type": "Point", "coordinates": [ -91.23019, 14.63819 ] } },
{ "type": "Feature", "properties": { "id": "2349", "n": "P/S PANABAJ", "t": "PUESTO DE SALUD", "m": "SANTIAGO ATITLAN" }, "geometry": { "type": "Point", "coordinates": [ -91.23569, 14.61899 ] } },
{ "type": "Feature", "properties": { "id": "2342", "n": "P/S SAN ANTONIO PALOPO", "t": "PUESTO DE SALUD", "m": "SAN ANTONIO PALOPO" }, "geometry": { "type": "Point", "coordinates": [ -91.11695, 14.69219 ] } },
{ "type": "Feature", "properties": { "id": "2377", "n": "CAP SANTA CRUZ LA LAGUNA", "t": "CENTRO ATENCION PERMANEN*", "m": "SANTA CRUZ LA LAGUNA" }, "geometry": { "type": "Point", "coordinates": [ -91.20665, 14.74379 ] } },
{ "type": "Feature", "properties": { "id": "2379", "n": "P/S JAIBALITO", "t": "PUESTO DE SALUD", "m": "SANTA CRUZ LA LAGUNA" }, "geometry": { "type": "Point", "coordinates": [ -91.21934, 14.73882 ] } },
{ "type": "Feature", "properties": { "id": "2378", "n": "P/S TZUNANA", "t": "PUESTO DE SALUD", "m": "SANTA CRUZ LA LAGUNA" }, "geometry": { "type": "Point", "coordinates": [ -91.24461, 14.72987 ] } },
{ "type": "Feature", "properties": { "id": "2406", "n": "C/C EL MOLINO", "t": "CENTRO CONVERGENCIA", "m": "NAHUALA" }, "geometry": { "type": "Point", "coordinates": [ -91.24869, 14.80017 ] } },
{ "type": "Feature", "properties": { "id": "2367", "n": "P/S PACHIPAC", "t": "PUESTO DE SALUD", "m": "NAHUALA" }, "geometry": { "type": "Point", "coordinates": [ -91.34164, 14.8357 ] } },
{ "type": "Feature", "properties": { "id": "2368", "n": "C/C CHIQUIX", "t": "CENTRO CONVERGENCIA", "m": "NAHUALA" }, "geometry": { "type": "Point", "coordinates": [ -91.40367, 14.80673 ] } },
{ "type": "Feature", "properties": { "id": "2373", "n": "P/S SANTA CATARINA IXTAHUACAN", "t": "PUESTO DE SALUD", "m": "SANTA CATARINA IXTAHUACAN" }, "geometry": { "type": "Point", "coordinates": [ -91.359, 14.85496 ] } },
{ "type": "Feature", "properties": { "id": "2366", "n": "P/S CHIRIJOX", "t": "PUESTO DE SALUD", "m": "NAHUALA" }, "geometry": { "type": "Point", "coordinates": [ -91.33681, 14.82671 ] } },
{ "type": "Feature", "properties": { "id": "2365", "n": "C/S NAHUALA", "t": "CENTRO DE SALUD", "m": "NAHUALA" }, "geometry": { "type": "Point", "coordinates": [ -91.3158, 14.84043 ] } },
{ "type": "Feature", "properties": { "id": "2369", "n": "C/C TZUCUBAL", "t": "CENTRO CONVERGENCIA", "m": "NAHUALA" }, "geometry": { "type": "Point", "coordinates": [ -91.30698, 14.77952 ] } },
{ "type": "Feature", "properties": { "id": "2370", "n": "C/C PACOXOM", "t": "CENTRO CONVERGENCIA", "m": "NAHUALA" }, "geometry": { "type": "Point", "coordinates": [ -91.22989, 14.80662 ] } },
{ "type": "Feature", "properties": { "id": "2371", "n": "C/C SANTA RITA", "t": "CENTRO CONVERGENCIA", "m": "NAHUALA" }, "geometry": { "type": "Point", "coordinates": [ -91.25301, 14.81748 ] } },
{ "type": "Feature", "properties": { "id": "2315", "n": "C/C LA ILUSION", "t": "CENTRO CONVERGENCIA", "m": "SOLOLA" }, "geometry": { "type": "Point", "coordinates": [ -91.21793, 14.78649 ] } },
{ "type": "Feature", "properties": { "id": "2312", "n": "C/C CHUIQUEL", "t": "CENTRO CONVERGENCIA", "m": "SOLOLA" }, "geometry": { "type": "Point", "coordinates": [ -91.21292, 14.79684 ] } },
{ "type": "Feature", "properties": { "id": "2310", "n": "C/C PAQUISIS", "t": "CENTRO CONVERGENCIA", "m": "SOLOLA" }, "geometry": { "type": "Point", "coordinates": [ -91.17647, 14.87509 ] } },
{ "type": "Feature", "properties": { "id": "2308", "n": "C/C CHUACORRAL", "t": "CENTRO CONVERGENCIA", "m": "SOLOLA" }, "geometry": { "type": "Point", "coordinates": [ -91.17132, 14.86524 ] } },
{ "type": "Feature", "properties": { "id": "2309", "n": "C/C SAN FRANCISISCO LOS ENCUENTROS", "t": "CENTRO CONVERGENCIA", "m": "SOLOLA" }, "geometry": { "type": "Point", "coordinates": [ -91.16105, 14.86471 ] } },
{ "type": "Feature", "properties": { "id": "2306", "n": "C/C EL ROSARIO LOS ENCUENTROS", "t": "CENTRO CONVERGENCIA", "m": "SOLOLA" }, "geometry": { "type": "Point", "coordinates": [ -91.13784, 14.86481 ] } },
{ "type": "Feature", "properties": { "id": "2311", "n": "C/C EL TRIUNFO", "t": "CENTRO CONVERGENCIA", "m": "SOLOLA" }, "geometry": { "type": "Point", "coordinates": [ -91.13682, 14.83379 ] } },
{ "type": "Feature", "properties": { "id": "2316", "n": "C/C EL ADELANTO", "t": "CENTRO CONVERGENCIA", "m": "SOLOLA" }, "geometry": { "type": "Point", "coordinates": [ -91.13129, 14.8234 ] } },
{ "type": "Feature", "properties": { "id": "2307", "n": "C/C CHURUNELES CENTRAL", "t": "CENTRO CONVERGENCIA", "m": "SOLOLA" }, "geometry": { "type": "Point", "coordinates": [ -91.10356, 14.81864 ] } },
{ "type": "Feature", "properties": { "id": "2313", "n": "C/C CHURRUNELES I", "t": "CENTRO CONVERGENCIA", "m": "SOLOLA" }, "geometry": { "type": "Point", "coordinates": [ -91.11521, 14.81783 ] } },
{ "type": "Feature", "properties": { "id": "2318", "n": "C/C CHURRUNELES II", "t": "CENTRO CONVERGENCIA", "m": "SOLOLA" }, "geometry": { "type": "Point", "coordinates": [ -91.10424, 14.82744 ] } },
{ "type": "Feature", "properties": { "id": "2319", "n": "C/C EL PARAISO, ALDEA LOS ENCUENTROS", "t": "CENTRO CONVERGENCIA", "m": "SOLOLA" }, "geometry": { "type": "Point", "coordinates": [ -91.14937, 14.86238 ] } },
{ "type": "Feature", "properties": { "id": "2314", "n": "C/C LAS TRAMPAS, PUJUJIL III", "t": "CENTRO CONVERGENCIA", "m": "SOLOLA" }, "geometry": { "type": "Point", "coordinates": [ -91.09424, 14.82915 ] } },
{ "type": "Feature", "properties": { "id": "2317", "n": "C/C LA FE PUJUJIL II", "t": "CENTRO CONVERGENCIA", "m": "SOLOLA" }, "geometry": { "type": "Point", "coordinates": [ -91.10361, 14.81865 ] } },
{ "type": "Feature", "properties": { "id": "2393", "n": "C/S GUINEALES", "t": "CENTRO DE SALUD", "m": "SANTA CATARINA IXTAHUACAN" }, "geometry": { "type": "Point", "coordinates": [ -91.38462, 14.6723 ] } },
{ "type": "Feature", "properties": { "id": "2391", "n": "P/S PACULAM", "t": "PUESTO DE SALUD", "m": "NAHUALA" }, "geometry": { "type": "Point", "coordinates": [ -91.38188, 14.64853 ] } },
{ "type": "Feature", "properties": { "id": "2389", "n": "C/S XEJUYUP", "t": "CENTRO DE SALUD", "m": "NAHUALA" }, "geometry": { "type": "Point", "coordinates": [ -91.42609, 14.66258 ] } },
{ "type": "Feature", "properties": { "id": "2396", "n": "P/S CAMACHE", "t": "PUESTO DE SALUD", "m": "SANTA CATARINA IXTAHUACAN" }, "geometry": { "type": "Point", "coordinates": [ -91.43859, 14.63112 ] } },
{ "type": "Feature", "properties": { "id": "2390", "n": "P/S PALACAL", "t": "PUESTO DE SALUD", "m": "NAHUALA" }, "geometry": { "type": "Point", "coordinates": [ -91.45747, 14.62857 ] } },
{ "type": "Feature", "properties": { "id": "2394", "n": "P/S LA CEIBA", "t": "PUESTO DE SALUD", "m": "SANTA CATARINA IXTAHUACAN" }, "geometry": { "type": "Point", "coordinates": [ -91.45757, 14.60679 ] } },
{ "type": "Feature", "properties": { "id": "2395", "n": "P/S TZAMPOJ", "t": "PUESTO DE SALUD", "m": "SANTA CATARINA IXTAHUACAN" }, "geometry": { "type": "Point", "coordinates": [ -91.49335, 14.61054 ] } },
{ "type": "Feature", "properties": { "id": "2392", "n": "P/S PAQUILA", "t": "PUESTO DE SALUD", "m": "NAHUALA" }, "geometry": { "type": "Point", "coordinates": [ -91.48428, 14.6307 ] } },
{ "type": "Feature", "properties": { "id": "150152", "n": "C/C CHITICOY", "t": "CENTRO CONVERGENCIA", "m": "RABINAL" }, "geometry": { "type": "Point", "coordinates": [ -90.46983, 15.07596 ] } },
{ "type": "Feature", "properties": { "id": "150144", "n": "P/S SAN LUIS", "t": "PUESTO DE SALUD", "m": "RABINAL" }, "geometry": { "type": "Point", "coordinates": [ -90.4256, 15.02508 ] } },
{ "type": "Feature", "properties": { "id": "150145", "n": "C/C GUACHIPILIN", "t": "CENTRO CONVERGENCIA", "m": "RABINAL" }, "geometry": { "type": "Point", "coordinates": [ -90.47742, 15.07358 ] } },
{ "type": "Feature", "properties": { "id": "150146", "n": "C/C CHIRUN", "t": "CENTRO CONVERGENCIA", "m": "RABINAL" }, "geometry": { "type": "Point", "coordinates": [ -90.45906, 15.04167 ] } },
{ "type": "Feature", "properties": { "id": "150147", "n": "P/S SAN RAFAEL", "t": "PUESTO DE SALUD", "m": "RABINAL" }, "geometry": { "type": "Point", "coordinates": [ -90.48193, 15.06065 ] } },
{ "type": "Feature", "properties": { "id": "150148", "n": "P/S CHUATEGUA", "t": "PUESTO DE SALUD", "m": "RABINAL" }, "geometry": { "type": "Point", "coordinates": [ -90.47708, 15.03288 ] } },
{ "type": "Feature", "properties": { "id": "150149", "n": "C/C EL SAUCE", "t": "CENTRO CONVERGENCIA", "m": "RABINAL" }, "geometry": { "type": "Point", "coordinates": [ -90.48266, 15.0262 ] } },
{ "type": "Feature", "properties": { "id": "150150", "n": "C/C CHICHUPAC", "t": "CENTRO CONVERGENCIA", "m": "RABINAL" }, "geometry": { "type": "Point", "coordinates": [ -90.46681, 15.01267 ] } },
{ "type": "Feature", "properties": { "id": "150151", "n": "C/C XISIGUAN", "t": "CENTRO CONVERGENCIA", "m": "RABINAL" }, "geometry": { "type": "Point", "coordinates": [ -90.49969, 15.04237 ] } },
{ "type": "Feature", "properties": { "id": "150143", "n": "C/C ACENTAMIENTO PACUX", "t": "CENTRO CONVERGENCIA", "m": "RABINAL" }, "geometry": { "type": "Point", "coordinates": [ -90.50406, 15.09552 ] } },
{ "type": "Feature", "properties": { "id": "150137", "n": "C/C BUANA VISTA", "t": "CENTRO CONVERGENCIA", "m": "RABINAL" }, "geometry": { "type": "Point", "coordinates": [ -90.54488, 15.15858 ] } },
{ "type": "Feature", "properties": { "id": "150138", "n": "P/S XOCOC", "t": "PUESTO DE SALUD", "m": "RABINAL" }, "geometry": { "type": "Point", "coordinates": [ -90.56307, 15.15326 ] } },
{ "type": "Feature", "properties": { "id": "150139", "n": "C/C PITIXLAN", "t": "CENTRO CONVERGENCIA", "m": "RABINAL" }, "geometry": { "type": "Point", "coordinates": [ -90.55366, 15.14333 ] } },
{ "type": "Feature", "properties": { "id": "150140", "n": "C/C SANTO DOMINGO I", "t": "CENTRO CONVERGENCIA", "m": "RABINAL" }, "geometry": { "type": "Point", "coordinates": [ -90.54426, 15.13226 ] } },
{ "type": "Feature", "properties": { "id": "150141", "n": "C/C CHUAPEROL", "t": "CENTRO CONVERGENCIA", "m": "RABINAL" }, "geometry": { "type": "Point", "coordinates": [ -90.52986, 15.12144 ] } },
{ "type": "Feature", "properties": { "id": "150142", "n": "C/C NIMACABAJ", "t": "CENTRO CONVERGENCIA", "m": "RABINAL" }, "geometry": { "type": "Point", "coordinates": [ -90.51606, 15.11592 ] } },
{ "type": "Feature", "properties": { "id": "150127", "n": "P/S PLAN DE SANCHEZ", "t": "PUESTO DE SALUD", "m": "RABINAL" }, "geometry": { "type": "Point", "coordinates": [ -90.52642, 15.03468 ] } },
{ "type": "Feature", "properties": { "id": "150128", "n": "P/S JOYA DE RAMOS", "t": "PUESTO DE SALUD", "m": "RABINAL" }, "geometry": { "type": "Point", "coordinates": [ -90.54927, 15.02301 ] } },
{ "type": "Feature", "properties": { "id": "150129", "n": "C/C LAS VENTANAS", "t": "CENTRO CONVERGENCIA", "m": "RABINAL" }, "geometry": { "type": "Point", "coordinates": [ -90.56621, 15.01362 ] } },
{ "type": "Feature", "properties": { "id": "150130", "n": "C/C CONCUL", "t": "CENTRO CONVERGENCIA", "m": "RABINAL" }, "geometry": { "type": "Point", "coordinates": [ -90.53117, 15.01372 ] } },
{ "type": "Feature", "properties": { "id": "150131", "n": "C/C RAXJUT", "t": "CENTRO CONVERGENCIA", "m": "RABINAL" }, "geometry": { "type": "Point", "coordinates": [ -90.52806, 15.05375 ] } },
{ "type": "Feature", "properties": { "id": "150132", "n": "P/S CHIAC", "t": "PUESTO DE SALUD", "m": "RABINAL" }, "geometry": { "type": "Point", "coordinates": [ -90.5208, 15.07175 ] } },
{ "type": "Feature", "properties": { "id": "150133", "n": "P/S PICHEC", "t": "PUESTO DE SALUD", "m": "RABINAL" }, "geometry": { "type": "Point", "coordinates": [ -90.54724, 15.09225 ] } },
{ "type": "Feature", "properties": { "id": "150134", "n": "P/S SUTUM", "t": "PUESTO DE SALUD", "m": "RABINAL" }, "geometry": { "type": "Point", "coordinates": [ -90.57709, 15.09855 ] } },
{ "type": "Feature", "properties": { "id": "150135", "n": "C/C PANACAL", "t": "CENTRO CONVERGENCIA", "m": "RABINAL" }, "geometry": { "type": "Point", "coordinates": [ -90.54818, 15.11476 ] } },
{ "type": "Feature", "properties": { "id": "150136", "n": "P/S LA CEIBA", "t": "PUESTO DE SALUD", "m": "RABINAL" }, "geometry": { "type": "Point", "coordinates": [ -90.54302, 15.10545 ] } },
{ "type": "Feature", "properties": { "id": "150126", "n": "P/S TEMPISQUE", "t": "PUESTO DE SALUD", "m": "SALAMA" }, "geometry": { "type": "Point", "coordinates": [ -90.36127, 15.1578 ] } },
{ "type": "Feature", "properties": { "id": "150119", "n": "C/C PAO", "t": "CENTRO CONVERGENCIA", "m": "RABINAL" }, "geometry": { "type": "Point", "coordinates": [ -90.49141, 15.03463 ] } },
{ "type": "Feature", "properties": { "id": "150120", "n": "C/C SAN ANTONIO CHIVAC", "t": "CENTRO CONVERGENCIA", "m": "SALAMA" }, "geometry": { "type": "Point", "coordinates": [ -90.44008, 14.95823 ] } },
{ "type": "Feature", "properties": { "id": "150121", "n": "C/C SANTA INES 1", "t": "CENTRO CONVERGENCIA", "m": "SALAMA" }, "geometry": { "type": "Point", "coordinates": [ -90.3934, 14.96359 ] } },
{ "type": "Feature", "properties": { "id": "150122", "n": "C/C SANTA INES 2", "t": "CENTRO CONVERGENCIA", "m": "SALAMA" }, "geometry": { "type": "Point", "coordinates": [ -90.40102, 14.96643 ] } },
{ "type": "Feature", "properties": { "id": "150123", "n": "C/C LAS CUEVAS", "t": "CENTRO CONVERGENCIA", "m": "SALAMA" }, "geometry": { "type": "Point", "coordinates": [ -90.41327, 14.97169 ] } },
{ "type": "Feature", "properties": { "id": "150124", "n": "C/C LA LAGUNA", "t": "CENTRO CONVERGENCIA", "m": "SALAMA" }, "geometry": { "type": "Point", "coordinates": [ -90.30258, 15.06948 ] } },
{ "type": "Feature", "properties": { "id": "150125", "n": "C/C PACALAJ", "t": "CENTRO CONVERGENCIA", "m": "SALAMA" }, "geometry": { "type": "Point", "coordinates": [ -90.25022, 15.12075 ] } },
{ "type": "Feature", "properties": { "id": "150117", "n": "CRUZ ROJA", "t": "CRUZ ROJA", "m": "PURULHA" }, "geometry": { "type": "Point", "coordinates": [ -90.23411, 15.23311 ] } },
{ "type": "Feature", "properties": { "id": "150116", "n": "C/S PURULHA", "t": "CENTRO DE SALUD", "m": "PURULHA" }, "geometry": { "type": "Point", "coordinates": [ -90.23751, 15.23518 ] } },
{ "type": "Feature", "properties": { "id": "150105", "n": "C/C PAMPA", "t": "CENTRO CONVERGENCIA", "m": "PURULHA" }, "geometry": { "type": "Point", "coordinates": [ -90.09359, 15.23381 ] } },
{ "type": "Feature", "properties": { "id": "150106", "n": "P/S MOJON PANIMA", "t": "PUESTO DE SALUD", "m": "PURULHA" }, "geometry": { "type": "Point", "coordinates": [ -90.10955, 15.2244 ] } },
{ "type": "Feature", "properties": { "id": "150107", "n": "C/C PANIMA", "t": "CENTRO CONVERGENCIA", "m": "PURULHA" }, "geometry": { "type": "Point", "coordinates": [ -90.13359, 15.22611 ] } },
{ "type": "Feature", "properties": { "id": "150108", "n": "P/S RIBACO", "t": "PUESTO DE SALUD", "m": "PURULHA" }, "geometry": { "type": "Point", "coordinates": [ -90.02219, 15.2324 ] } },
{ "type": "Feature", "properties": { "id": "150109", "n": "P/S MATANZAS", "t": "PUESTO DE SALUD", "m": "PURULHA" }, "geometry": { "type": "Point", "coordinates": [ -89.9015, 15.27363 ] } },
{ "type": "Feature", "properties": { "id": "150110", "n": "C/C LA PINADA", "t": "CENTRO CONVERGENCIA", "m": "PURULHA" }, "geometry": { "type": "Point", "coordinates": [ -89.92749, 15.22626 ] } },
{ "type": "Feature", "properties": { "id": "150111", "n": "C/C MONTE BLANCO", "t": "CENTRO CONVERGENCIA", "m": "PURULHA" }, "geometry": { "type": "Point", "coordinates": [ -89.93416, 15.20278 ] } },
{ "type": "Feature", "properties": { "id": "150112", "n": "C/C CIERRA LINDA", "t": "CENTRO CONVERGENCIA", "m": "PURULHA" }, "geometry": { "type": "Point", "coordinates": [ -89.96043, 15.23772 ] } },
{ "type": "Feature", "properties": { "id": "150113", "n": "C/C NUEVO AMANECER", "t": "CENTRO CONVERGENCIA", "m": "PURULHA" }, "geometry": { "type": "Point", "coordinates": [ -90.06184, 15.21508 ] } },
{ "type": "Feature", "properties": { "id": "150114", "n": "C/C EL ESFUERZO CHEJEL", "t": "CENTRO CONVERGENCIA", "m": "PURULHA" }, "geometry": { "type": "Point", "coordinates": [ -90.05981, 15.25559 ] } },
{ "type": "Feature", "properties": { "id": "150104", "n": "C/C PASUBIR", "t": "CENTRO CONVERGENCIA", "m": "CUBULCO" }, "geometry": { "type": "Point", "coordinates": [ -90.60551, 15.10242 ] } },
{ "type": "Feature", "properties": { "id": "150098", "n": "C/C LA ESTANCIA", "t": "CENTRO CONVERGENCIA", "m": "CUBULCO" }, "geometry": { "type": "Point", "coordinates": [ -90.68043, 15.13034 ] } },
{ "type": "Feature", "properties": { "id": "150099", "n": "P/S CASERIO LA LAGUNA PATZIJON", "t": "PUESTO DE SALUD", "m": "CUBULCO" }, "geometry": { "type": "Point", "coordinates": [ -90.72762, 15.11646 ] } },
{ "type": "Feature", "properties": { "id": "150100", "n": "P/S PATZOCOM", "t": "PUESTO DE SALUD", "m": "CUBULCO" }, "geometry": { "type": "Point", "coordinates": [ -90.56667, 15.05169 ] } },
{ "type": "Feature", "properties": { "id": "150101", "n": "C/C VOLCANCILLO", "t": "CENTRO CONVERGENCIA", "m": "CUBULCO" }, "geometry": { "type": "Point", "coordinates": [ -90.58232, 15.04649 ] } },
{ "type": "Feature", "properties": { "id": "150102", "n": "P/S CHITOMAX", "t": "PUESTO DE SALUD", "m": "CUBULCO" }, "geometry": { "type": "Point", "coordinates": [ -90.6387, 15.21514 ] } },
{ "type": "Feature", "properties": { "id": "150103", "n": "P/S SANGRE DE CRISTO", "t": "PUESTO DE SALUD", "m": "CUBULCO" }, "geometry": { "type": "Point", "coordinates": [ -90.60234, 15.06412 ] } },
{ "type": "Feature", "properties": { "id": "150097", "n": "C/C CHICUXTIN", "t": "CENTRO CONVERGENCIA", "m": "CUBULCO" }, "geometry": { "type": "Point", "coordinates": [ -90.61142, 15.11822 ] } },
{ "type": "Feature", "properties": { "id": "150088", "n": "C/C PAMISCACHE", "t": "CENTRO CONVERGENCIA", "m": "CUBULCO" }, "geometry": { "type": "Point", "coordinates": [ -90.65687, 15.12243 ] } },
{ "type": "Feature", "properties": { "id": "150089", "n": "C/C CHIPOPOP", "t": "CENTRO CONVERGENCIA", "m": "CUBULCO" }, "geometry": { "type": "Point", "coordinates": [ -90.6655, 15.11172 ] } },
{ "type": "Feature", "properties": { "id": "150090", "n": "C/C PAHUEZA", "t": "CENTRO CONVERGENCIA", "m": "CUBULCO" }, "geometry": { "type": "Point", "coordinates": [ -90.6815, 15.09 ] } },
{ "type": "Feature", "properties": { "id": "150091", "n": "C/C CHIMACHO", "t": "CENTRO CONVERGENCIA", "m": "CUBULCO" }, "geometry": { "type": "Point", "coordinates": [ -90.69308, 15.08955 ] } },
{ "type": "Feature", "properties": { "id": "150092", "n": "C/C PAO", "t": "CENTRO CONVERGENCIA", "m": "CUBULCO" }, "geometry": { "type": "Point", "coordinates": [ -90.72024, 15.06877 ] } },
{ "type": "Feature", "properties": { "id": "150093", "n": "C/C GUATZILEP", "t": "CENTRO CONVERGENCIA", "m": "CUBULCO" }, "geometry": { "type": "Point", "coordinates": [ -90.72613, 15.07398 ] } },
{ "type": "Feature", "properties": { "id": "150094", "n": "P/S TURBALA", "t": "PUESTO DE SALUD", "m": "CUBULCO" }, "geometry": { "type": "Point", "coordinates": [ -90.71907, 15.08704 ] } },
{ "type": "Feature", "properties": { "id": "150095", "n": "C/C PATABAL", "t": "CENTRO CONVERGENCIA", "m": "CUBULCO" }, "geometry": { "type": "Point", "coordinates": [ -90.70656, 15.07897 ] } },
{ "type": "Feature", "properties": { "id": "150096", "n": "P/S COLONIA EL NARANJO", "t": "PUESTO DE SALUD", "m": "CUBULCO" }, "geometry": { "type": "Point", "coordinates": [ -90.62625, 15.11721 ] } },
{ "type": "Feature", "properties": { "id": "150087", "n": "C/C CACAHUATAN", "t": "CENTRO CONVERGENCIA", "m": "CUBULCO" }, "geometry": { "type": "Point", "coordinates": [ -90.63542, 15.09413 ] } },
{ "type": "Feature", "properties": { "id": "150078", "n": "C/C XUN", "t": "CENTRO CONVERGENCIA", "m": "CUBULCO" }, "geometry": { "type": "Point", "coordinates": [ -90.64177, 15.09995 ] } },
{ "type": "Feature", "properties": { "id": "150079", "n": "P/S CHUACHUACALTE", "t": "PUESTO DE SALUD", "m": "CUBULCO" }, "geometry": { "type": "Point", "coordinates": [ -90.67036, 15.08891 ] } },
{ "type": "Feature", "properties": { "id": "150080", "n": "P/S TRES CRUCES", "t": "PUESTO DE SALUD", "m": "CUBULCO" }, "geometry": { "type": "Point", "coordinates": [ -90.68725, 15.02759 ] } },
{ "type": "Feature", "properties": { "id": "150081", "n": "C/C PACHIPAC", "t": "CENTRO CONVERGENCIA", "m": "CUBULCO" }, "geometry": { "type": "Point", "coordinates": [ -90.67408, 15.02619 ] } },
{ "type": "Feature", "properties": { "id": "150082", "n": "C/C SACAQUE", "t": "CENTRO CONVERGENCIA", "m": "CUBULCO" }, "geometry": { "type": "Point", "coordinates": [ -90.68011, 15.00152 ] } },
{ "type": "Feature", "properties": { "id": "150083", "n": "P/S SAN JOSE EL RODEO", "t": "PUESTO DE SALUD", "m": "CUBULCO" }, "geometry": { "type": "Point", "coordinates": [ -90.64202, 14.98066 ] } },
{ "type": "Feature", "properties": { "id": "150084", "n": "C/C HIERBA BUENA", "t": "CENTRO CONVERGENCIA", "m": "CUBULCO" }, "geometry": { "type": "Point", "coordinates": [ -90.62986, 14.98257 ] } },
{ "type": "Feature", "properties": { "id": "150085", "n": "P/S SANTA ROSA", "t": "PUESTO DE SALUD", "m": "CUBULCO" }, "geometry": { "type": "Point", "coordinates": [ -90.64502, 15.0207 ] } },
{ "type": "Feature", "properties": { "id": "150086", "n": "C/C CHOVEN", "t": "CENTRO CONVERGENCIA", "m": "CUBULCO" }, "geometry": { "type": "Point", "coordinates": [ -90.63439, 15.06711 ] } },
{ "type": "Feature", "properties": { "id": "150077", "n": "C/S CUBULCO", "t": "CENTRO DE SALUD", "m": "CUBULCO" }, "geometry": { "type": "Point", "coordinates": [ -90.62958, 15.10354 ] } },
{ "type": "Feature", "properties": { "id": "150069", "n": "C/S EL CHOL", "t": "CENTRO DE SALUD", "m": "EL CHOL" }, "geometry": { "type": "Point", "coordinates": [ -90.48827, 14.96196 ] } },
{ "type": "Feature", "properties": { "id": "150070", "n": "C/C OJO DE AGUA", "t": "CENTRO CONVERGENCIA", "m": "EL CHOL" }, "geometry": { "type": "Point", "coordinates": [ -90.48836, 14.91029 ] } },
{ "type": "Feature", "properties": { "id": "150071", "n": "P/S LOS JOBOS", "t": "PUESTO DE SALUD", "m": "EL CHOL" }, "geometry": { "type": "Point", "coordinates": [ -90.45983, 14.90487 ] } },
{ "type": "Feature", "properties": { "id": "150072", "n": "P/S LOS CHUYES", "t": "PUESTO DE SALUD", "m": "EL CHOL" }, "geometry": { "type": "Point", "coordinates": [ -90.47846, 14.9287 ] } },
{ "type": "Feature", "properties": { "id": "150073", "n": "C/C LOS AMATES", "t": "CENTRO CONVERGENCIA", "m": "EL CHOL" }, "geometry": { "type": "Point", "coordinates": [ -90.45542, 14.94054 ] } },
{ "type": "Feature", "properties": { "id": "150075", "n": "C/S RABINAL", "t": "CENTRO DE SALUD", "m": "RABINAL" }, "geometry": { "type": "Point", "coordinates": [ -90.49409, 15.08663 ] } },
{ "type": "Feature", "properties": { "id": "150065", "n": "P/S LLANO GRANDE", "t": "PUESTO DE SALUD", "m": "GRANADOS" }, "geometry": { "type": "Point", "coordinates": [ -90.55026, 14.92463 ] } },
{ "type": "Feature", "properties": { "id": "150066", "n": "C/S GRANADOS", "t": "CENTRO DE SALUD", "m": "GRANADOS" }, "geometry": { "type": "Point", "coordinates": [ -90.5269, 14.90814 ] } },
{ "type": "Feature", "properties": { "id": "150056", "n": "P/S SALTAN", "t": "PUESTO DE SALUD", "m": "GRANADOS" }, "geometry": { "type": "Point", "coordinates": [ -90.59806, 14.90019 ] } },
{ "type": "Feature", "properties": { "id": "150057", "n": "C/C RANCHO DE TEJA", "t": "CENTRO CONVERGENCIA", "m": "GRANADOS" }, "geometry": { "type": "Point", "coordinates": [ -90.59164, 14.93263 ] } },
{ "type": "Feature", "properties": { "id": "150058", "n": "P/S RANCHO VIEJO", "t": "PUESTO DE SALUD", "m": "GRANADOS" }, "geometry": { "type": "Point", "coordinates": [ -90.61264, 14.94644 ] } },
{ "type": "Feature", "properties": { "id": "150059", "n": "C/C OJO DE AGUA", "t": "CENTRO CONVERGENCIA", "m": "GRANADOS" }, "geometry": { "type": "Point", "coordinates": [ -90.62777, 14.96208 ] } },
{ "type": "Feature", "properties": { "id": "150060", "n": "C/C LAS CUEVAS", "t": "CENTRO CONVERGENCIA", "m": "GRANADOS" }, "geometry": { "type": "Point", "coordinates": [ -90.65128, 14.96603 ] } },
{ "type": "Feature", "properties": { "id": "150061", "n": "P/S PACHOJOP", "t": "PUESTO DE SALUD", "m": "CUBULCO" }, "geometry": { "type": "Point", "coordinates": [ -90.64005, 14.991 ] } },
{ "type": "Feature", "properties": { "id": "150062", "n": "C/C MANZANOTE 1", "t": "CENTRO CONVERGENCIA", "m": "GRANADOS" }, "geometry": { "type": "Point", "coordinates": [ -90.60501, 14.97977 ] } },
{ "type": "Feature", "properties": { "id": "150063", "n": "C/C LO DE GOMEZ", "t": "CENTRO CONVERGENCIA", "m": "GRANADOS" }, "geometry": { "type": "Point", "coordinates": [ -90.57896, 14.98608 ] } },
{ "type": "Feature", "properties": { "id": "150064", "n": "P/S IXCHEL", "t": "PUESTO DE SALUD", "m": "GRANADOS" }, "geometry": { "type": "Point", "coordinates": [ -90.55566, 14.99708 ] } },
{ "type": "Feature", "properties": { "id": "150050", "n": "C/C MATANZAS", "t": "CENTRO CONVERGENCIA", "m": "SAN JERONIMO" }, "geometry": { "type": "Point", "coordinates": [ -90.19227, 15.10314 ] } },
{ "type": "Feature", "properties": { "id": "150051", "n": "C/C SAN ISIDRO", "t": "CENTRO CONVERGENCIA", "m": "SAN JERONIMO" }, "geometry": { "type": "Point", "coordinates": [ -90.14205, 15.07088 ] } },
{ "type": "Feature", "properties": { "id": "150054", "n": "C/S SAN JERONIMO", "t": "CENTRO DE SALUD", "m": "SAN JERONIMO" }, "geometry": { "type": "Point", "coordinates": [ -90.24037, 15.06108 ] } },
{ "type": "Feature", "properties": { "id": "150041", "n": "C/C SANTA MARTA", "t": "CENTRO CONVERGENCIA", "m": "SAN JERONIMO" }, "geometry": { "type": "Point", "coordinates": [ -90.27957, 15.08363 ] } },
{ "type": "Feature", "properties": { "id": "150042", "n": "C/C LOS LIMONES", "t": "CENTRO CONVERGENCIA", "m": "SAN JERONIMO" }, "geometry": { "type": "Point", "coordinates": [ -90.28956, 15.0751 ] } },
{ "type": "Feature", "properties": { "id": "150043", "n": "C/C EL CACAO", "t": "CENTRO CONVERGENCIA", "m": "SAN JERONIMO" }, "geometry": { "type": "Point", "coordinates": [ -90.263, 15.04783 ] } },
{ "type": "Feature", "properties": { "id": "150044", "n": "C/C EL DURAZNO 1", "t": "CENTRO CONVERGENCIA", "m": "SAN JERONIMO" }, "geometry": { "type": "Point", "coordinates": [ -90.26209, 15.02241 ] } },
{ "type": "Feature", "properties": { "id": "150045", "n": "C/C EL ASTILLERO", "t": "CENTRO CONVERGENCIA", "m": "SAN JERONIMO" }, "geometry": { "type": "Point", "coordinates": [ -90.23136, 15.03347 ] } },
{ "type": "Feature", "properties": { "id": "150046", "n": "C/C RAMONALES", "t": "CENTRO CONVERGENCIA", "m": "SAN JERONIMO" }, "geometry": { "type": "Point", "coordinates": [ -90.23848, 15.00098 ] } },
{ "type": "Feature", "properties": { "id": "150047", "n": "C/C LOS CERITOS", "t": "CENTRO CONVERGENCIA", "m": "SAN JERONIMO" }, "geometry": { "type": "Point", "coordinates": [ -90.19253, 15.01849 ] } },
{ "type": "Feature", "properties": { "id": "150048", "n": "C/C EL CASTA¥O", "t": "CENTRO CONVERGENCIA", "m": "SAN JERONIMO" }, "geometry": { "type": "Point", "coordinates": [ -90.186, 15.0096 ] } },
{ "type": "Feature", "properties": { "id": "150049", "n": "C/C EL JICARO", "t": "CENTRO CONVERGENCIA", "m": "SAN JERONIMO" }, "geometry": { "type": "Point", "coordinates": [ -90.19232, 15.00742 ] } },
{ "type": "Feature", "properties": { "id": "150052", "n": "C/C SANTA CRUZ", "t": "CENTRO CONVERGENCIA", "m": "SAN JERONIMO" }, "geometry": { "type": "Point", "coordinates": [ -90.11821, 15.10128 ] } },
{ "type": "Feature", "properties": { "id": "150036", "n": "P/S SAN GABRIEL", "t": "PUESTO DE SALUD", "m": "SAN MIGUEL CHICAJ" }, "geometry": { "type": "Point", "coordinates": [ -90.41575, 15.13068 ] } },
{ "type": "Feature", "properties": { "id": "150037", "n": "C/C LAS MINAS", "t": "CENTRO CONVERGENCIA", "m": "SAN MIGUEL CHICAJ" }, "geometry": { "type": "Point", "coordinates": [ -90.4523, 15.14464 ] } },
{ "type": "Feature", "properties": { "id": "150038", "n": "C/C QUIACTE", "t": "CENTRO CONVERGENCIA", "m": "SAN MIGUEL CHICAJ" }, "geometry": { "type": "Point", "coordinates": [ -90.42933, 15.14671 ] } },
{ "type": "Feature", "properties": { "id": "150039", "n": "C/C COMALMAPA", "t": "CENTRO CONVERGENCIA", "m": "SAN MIGUEL CHICAJ" }, "geometry": { "type": "Point", "coordinates": [ -90.43884, 15.18915 ] } },
{ "type": "Feature", "properties": { "id": "150040", "n": "P/S SAN FRANCISCO", "t": "PUESTO DE SALUD", "m": "SAN MIGUEL CHICAJ" }, "geometry": { "type": "Point", "coordinates": [ -90.3937, 15.15473 ] } },
{ "type": "Feature", "properties": { "id": "150028", "n": "C/S SAN MIGUEL", "t": "CENTRO DE SALUD", "m": "SAN MIGUEL CHICAJ" }, "geometry": { "type": "Point", "coordinates": [ -90.39622, 15.09432 ] } },
{ "type": "Feature", "properties": { "id": "150029", "n": "P/S SAN RAFAEL", "t": "PUESTO DE SALUD", "m": "SAN MIGUEL CHICAJ" }, "geometry": { "type": "Point", "coordinates": [ -90.3851, 15.02163 ] } },
{ "type": "Feature", "properties": { "id": "150030", "n": "C/C LAS VEGAS", "t": "CENTRO CONVERGENCIA", "m": "SAN MIGUEL CHICAJ" }, "geometry": { "type": "Point", "coordinates": [ -90.37658, 15.02397 ] } },
{ "type": "Feature", "properties": { "id": "150031", "n": "C/C SANTA RITA", "t": "CENTRO CONVERGENCIA", "m": "SAN MIGUEL CHICAJ" }, "geometry": { "type": "Point", "coordinates": [ -90.39627, 15.02786 ] } },
{ "type": "Feature", "properties": { "id": "150032", "n": "C/C DOLORES", "t": "CENTRO CONVERGENCIA", "m": "SAN MIGUEL CHICAJ" }, "geometry": { "type": "Point", "coordinates": [ -90.38809, 15.05838 ] } },
{ "type": "Feature", "properties": { "id": "150033", "n": "C/C RINCON DE JESUS", "t": "CENTRO CONVERGENCIA", "m": "SAN MIGUEL CHICAJ" }, "geometry": { "type": "Point", "coordinates": [ -90.40096, 15.07908 ] } },
{ "type": "Feature", "properties": { "id": "150034", "n": "C/C PACHALUM", "t": "CENTRO CONVERGENCIA", "m": "SAN MIGUEL CHICAJ" }, "geometry": { "type": "Point", "coordinates": [ -90.40519, 15.06165 ] } },
{ "type": "Feature", "properties": { "id": "150035", "n": "C/C CHIXOLOP", "t": "CENTRO CONVERGENCIA", "m": "SAN MIGUEL CHICAJ" }, "geometry": { "type": "Point", "coordinates": [ -90.4294, 15.12212 ] } },
{ "type": "Feature", "properties": { "id": "150022", "n": "C/C CUMBRE LAS PALMAS", "t": "CENTRO CONVERGENCIA", "m": "SALAMA" }, "geometry": { "type": "Point", "coordinates": [ -90.34805, 15.00572 ] } },
{ "type": "Feature", "properties": { "id": "150023", "n": "C/C CHUACUSITO", "t": "CENTRO CONVERGENCIA", "m": "SALAMA" }, "geometry": { "type": "Point", "coordinates": [ -90.33679, 14.97229 ] } },
{ "type": "Feature", "properties": { "id": "150024", "n": "P/S LLANO GRANDE", "t": "PUESTO DE SALUD", "m": "SALAMA" }, "geometry": { "type": "Point", "coordinates": [ -90.36019, 14.94932 ] } },
{ "type": "Feature", "properties": { "id": "150025", "n": "C/C LOS PAXTES", "t": "CENTRO CONVERGENCIA", "m": "SALAMA" }, "geometry": { "type": "Point", "coordinates": [ -90.35526, 14.91023 ] } },
{ "type": "Feature", "properties": { "id": "150026", "n": "P/S EL AMATE", "t": "PUESTO DE SALUD", "m": "SALAMA" }, "geometry": { "type": "Point", "coordinates": [ -90.3837, 14.8914 ] } },
{ "type": "Feature", "properties": { "id": "150027", "n": "P/S LA CANOA", "t": "PUESTO DE SALUD", "m": "SALAMA" }, "geometry": { "type": "Point", "coordinates": [ -90.4029, 14.9155 ] } },
{ "type": "Feature", "properties": { "id": "150014", "n": "DAS", "t": "DIRECCION AREA SALUD", "m": "SALAMA" }, "geometry": { "type": "Point", "coordinates": [ -90.32657, 15.10032 ] } },
{ "type": "Feature", "properties": { "id": "150015", "n": "C/S SALAMA", "t": "CENTRO DE SALUD", "m": "SALAMA" }, "geometry": { "type": "Point", "coordinates": [ -90.32772, 15.09988 ] } },
{ "type": "Feature", "properties": { "id": "150016", "n": "HOSPITAL DEPARTAMENTAL", "t": "HOSPITAL", "m": "SALAMA" }, "geometry": { "type": "Point", "coordinates": [ -90.32795, 15.09917 ] } },
{ "type": "Feature", "properties": { "id": "150017", "n": "IGSS SALAMA", "t": "IGSS", "m": "SALAMA" }, "geometry": { "type": "Point", "coordinates": [ -90.32797, 15.09977 ] } },
{ "type": "Feature", "properties": { "id": "150018", "n": "P/S SAN IGNACIO", "t": "PUESTO DE SALUD", "m": "SALAMA" }, "geometry": { "type": "Point", "coordinates": [ -90.3203, 15.05775 ] } },
{ "type": "Feature", "properties": { "id": "150019", "n": "C/C PAYAQUE", "t": "CENTRO CONVERGENCIA", "m": "SALAMA" }, "geometry": { "type": "Point", "coordinates": [ -90.31118, 15.05579 ] } },
{ "type": "Feature", "properties": { "id": "150020", "n": "C/C LAS ANONAS", "t": "CENTRO CONVERGENCIA", "m": "SALAMA" }, "geometry": { "type": "Point", "coordinates": [ -90.31894, 15.0193 ] } },
{ "type": "Feature", "properties": { "id": "150021", "n": "C/C IXCAYAN", "t": "CENTRO CONVERGENCIA", "m": "SALAMA" }, "geometry": { "type": "Point", "coordinates": [ -90.35037, 15.01169 ] } },
{ "type": "Feature", "properties": { "id": "150009", "n": "P/S LAS LIMAS", "t": "PUESTO DE SALUD", "m": "SALAMA" }, "geometry": { "type": "Point", "coordinates": [ -90.24415, 14.9971 ] } },
{ "type": "Feature", "properties": { "id": "150010", "n": "C/C EL CHAGUITE", "t": "CENTRO CONVERGENCIA", "m": "SALAMA" }, "geometry": { "type": "Point", "coordinates": [ -90.2548, 14.96654 ] } },
{ "type": "Feature", "properties": { "id": "150011", "n": "P/S EL NANCE", "t": "PUESTO DE SALUD", "m": "SALAMA" }, "geometry": { "type": "Point", "coordinates": [ -90.29905, 14.94122 ] } },
{ "type": "Feature", "properties": { "id": "150012", "n": "C/C LAS VIGAS", "t": "CENTRO CONVERGENCIA", "m": "SALAMA" }, "geometry": { "type": "Point", "coordinates": [ -90.30175, 14.91374 ] } },
{ "type": "Feature", "properties": { "id": "150002", "n": "P/S SANTA BARBARA", "t": "PUESTO DE SALUD", "m": "SAN JERONIMO" }, "geometry": { "type": "Point", "coordinates": [ -90.18395, 15.06986 ] } },
{ "type": "Feature", "properties": { "id": "150003", "n": "P/S CHILASCO", "t": "PUESTO DE SALUD", "m": "SALAMA" }, "geometry": { "type": "Point", "coordinates": [ -90.11977, 15.12104 ] } },
{ "type": "Feature", "properties": { "id": "150004", "n": "C/C CHILASCO", "t": "CENTRO CONVERGENCIA", "m": "SALAMA" }, "geometry": { "type": "Point", "coordinates": [ -90.11584, 15.12265 ] } },
{ "type": "Feature", "properties": { "id": "150005", "n": "C/C STA BARBARA EL CARNERO", "t": "CENTRO CONVERGENCIA", "m": "SALAMA" }, "geometry": { "type": "Point", "coordinates": [ -90.31961, 15.23562 ] } },
{ "type": "Feature", "properties": { "id": "150006", "n": "C/C PARRACHOCH", "t": "CENTRO CONVERGENCIA", "m": "PURULHA" }, "geometry": { "type": "Point", "coordinates": [ -90.31807, 15.23618 ] } },
{ "type": "Feature", "properties": { "id": "150007", "n": "C/C DIVINA PROVIDENCIA", "t": "CENTRO CONVERGENCIA", "m": "SALAMA" }, "geometry": { "type": "Point", "coordinates": [ -90.17269, 15.16429 ] } },
{ "type": "Feature", "properties": { "id": "150008", "n": "C/C NI¥O PERDIDO", "t": "CENTRO CONVERGENCIA", "m": "SALAMA" }, "geometry": { "type": "Point", "coordinates": [ -90.17847, 15.13427 ] } },
{ "type": "Feature", "properties": { "id": "150013", "n": "C/C VAYNILLA", "t": "CENTRO CONVERGENCIA", "m": "SALAMA" }, "geometry": { "type": "Point", "coordinates": [ -90.26152, 14.94263 ] } },
{ "type": "Feature", "properties": { "id": "19079", "n": "C/S TIPO B", "t": "CENTRO DE SALUD", "m": "USUMATLAN" }, "geometry": { "type": "Point", "coordinates": [ -89.77658, 14.94902 ] } },
{ "type": "Feature", "properties": { "id": "19080", "n": "P/S LA PALMILLA", "t": "PUESTO DE SALUD", "m": "USUMATLAN" }, "geometry": { "type": "Point", "coordinates": [ -89.75178, 14.96105 ] } },
{ "type": "Feature", "properties": { "id": "19081", "n": "P/S PUEBLO NUEVO", "t": "PUESTO DE SALUD", "m": "USUMATLAN" }, "geometry": { "type": "Point", "coordinates": [ -89.76248, 14.97919 ] } },
{ "type": "Feature", "properties": { "id": "19082", "n": "P/S EL JUTE", "t": "PUESTO DE SALUD", "m": "USUMATLAN" }, "geometry": { "type": "Point", "coordinates": [ -89.82314, 14.9778 ] } },
{ "type": "Feature", "properties": { "id": "19083", "n": "P/S EL CHICO", "t": "PUESTO DE SALUD", "m": "USUMATLAN" }, "geometry": { "type": "Point", "coordinates": [ -89.83949, 15.01346 ] } },
{ "type": "Feature", "properties": { "id": "19077", "n": "P/S SAN ANTONIO LAS LOMAS", "t": "PUESTO DE SALUD", "m": "SAN DIEGO" }, "geometry": { "type": "Point", "coordinates": [ -89.74258, 14.82331 ] } },
{ "type": "Feature", "properties": { "id": "19070", "n": "P/S SAN VALENTIN", "t": "PUESTO DE SALUD", "m": "CABA¥AS" }, "geometry": { "type": "Point", "coordinates": [ -89.74895, 14.89124 ] } },
{ "type": "Feature", "properties": { "id": "19071", "n": "P/S LOMAS DE SAN JUAN", "t": "PUESTO DE SALUD", "m": "CABA¥AS" }, "geometry": { "type": "Point", "coordinates": [ -89.7269, 14.84834 ] } },
{ "type": "Feature", "properties": { "id": "19072", "n": "P/S EL ROSARIO", "t": "PUESTO DE SALUD", "m": "CABA¥AS" }, "geometry": { "type": "Point", "coordinates": [ -89.81017, 14.86472 ] } },
{ "type": "Feature", "properties": { "id": "19073", "n": "P/S LA ENCENADA", "t": "PUESTO DE SALUD", "m": "SAN DIEGO" }, "geometry": { "type": "Point", "coordinates": [ -89.79336, 14.82702 ] } },
{ "type": "Feature", "properties": { "id": "19074", "n": "C/S TIPO B", "t": "CENTRO DE SALUD", "m": "SAN DIEGO" }, "geometry": { "type": "Point", "coordinates": [ -89.77649, 14.78987 ] } },
{ "type": "Feature", "properties": { "id": "19076", "n": "P/S PAMPUR", "t": "PUESTO DE SALUD", "m": "SAN DIEGO" }, "geometry": { "type": "Point", "coordinates": [ -89.73228, 14.78062 ] } },
{ "type": "Feature", "properties": { "id": "19065", "n": "C/S TIPO B", "t": "CENTRO DE SALUD", "m": "HUITE" }, "geometry": { "type": "Point", "coordinates": [ -89.71608, 14.92619 ] } },
{ "type": "Feature", "properties": { "id": "19066", "n": "P/S SAN MIGUEL", "t": "PUESTO DE SALUD", "m": "HUITE" }, "geometry": { "type": "Point", "coordinates": [ -89.68434, 14.88039 ] } },
{ "type": "Feature", "properties": { "id": "19068", "n": "C/S TIPO A", "t": "CENTRO DE SALUD", "m": "CABA¥AS" }, "geometry": { "type": "Point", "coordinates": [ -89.79519, 14.93476 ] } },
{ "type": "Feature", "properties": { "id": "19057", "n": "C/S TIPO B", "t": "CENTRO DE SALUD", "m": "TECULUTAN" }, "geometry": { "type": "Point", "coordinates": [ -89.71492, 14.98917 ] } },
{ "type": "Feature", "properties": { "id": "19058", "n": "CENTRO NUTRICIONAL SAN JOSE", "t": "HOSPITAL", "m": "TECULUTAN" }, "geometry": { "type": "Point", "coordinates": [ -89.71182, 14.99284 ] } },
{ "type": "Feature", "properties": { "id": "19059", "n": "P/S ALDEA SAN JOSE", "t": "PUESTO DE SALUD", "m": "TECULUTAN" }, "geometry": { "type": "Point", "coordinates": [ -89.6941, 14.98113 ] } },
{ "type": "Feature", "properties": { "id": "19060", "n": "P/S EL ARCO", "t": "PUESTO DE SALUD", "m": "TECULUTAN" }, "geometry": { "type": "Point", "coordinates": [ -89.73548, 15.00136 ] } },
{ "type": "Feature", "properties": { "id": "19061", "n": "P/S VEGA DEL COBAN", "t": "PUESTO DE SALUD", "m": "TECULUTAN" }, "geometry": { "type": "Point", "coordinates": [ -89.71389, 14.96645 ] } },
{ "type": "Feature", "properties": { "id": "19063", "n": "P/S LA REFORMA", "t": "PUESTO DE SALUD", "m": "HUITE" }, "geometry": { "type": "Point", "coordinates": [ -89.70695, 14.95462 ] } },
{ "type": "Feature", "properties": { "id": "19048", "n": "C/S VISTA HERMOSA TAIT", "t": "CENTRO DE SALUD", "m": "LA UNION" }, "geometry": { "type": "Point", "coordinates": [ -89.28816, 14.96661 ] } },
{ "type": "Feature", "properties": { "id": "19049", "n": "P/S LA LAGUNA", "t": "PUESTO DE SALUD", "m": "LA UNION" }, "geometry": { "type": "Point", "coordinates": [ -89.20487, 14.9973 ] } },
{ "type": "Feature", "properties": { "id": "19050", "n": "P/S ROBLARCITO", "t": "PUESTO DE SALUD", "m": "LA UNION" }, "geometry": { "type": "Point", "coordinates": [ -89.24585, 14.99581 ] } },
{ "type": "Feature", "properties": { "id": "19051", "n": "P/S CAMPANARIO ORATORIO", "t": "PUESTO DE SALUD", "m": "LA UNION" }, "geometry": { "type": "Point", "coordinates": [ -89.26133, 14.97797 ] } },
{ "type": "Feature", "properties": { "id": "19052", "n": "P/S TAIGUAINI", "t": "PUESTO DE SALUD", "m": "LA UNION" }, "geometry": { "type": "Point", "coordinates": [ -89.26909, 14.91614 ] } },
{ "type": "Feature", "properties": { "id": "19053", "n": "P/S PE¥A BLANCA", "t": "PUESTO DE SALUD", "m": "LA UNION" }, "geometry": { "type": "Point", "coordinates": [ -89.30977, 14.89892 ] } },
{ "type": "Feature", "properties": { "id": "19054", "n": "P/S LAMPOCOY", "t": "PUESTO DE SALUD", "m": "LA UNION" }, "geometry": { "type": "Point", "coordinates": [ -89.33726, 14.94621 ] } },
{ "type": "Feature", "properties": { "id": "19055", "n": "P/S TASHARTE", "t": "PUESTO DE SALUD", "m": "LA UNION" }, "geometry": { "type": "Point", "coordinates": [ -89.35538, 14.93433 ] } },
{ "type": "Feature", "properties": { "id": "19045", "n": "P/S SANTIAGO", "t": "PUESTO DE SALUD", "m": "GUALAN" }, "geometry": { "type": "Point", "coordinates": [ -89.44607, 15.10212 ] } },
{ "type": "Feature", "properties": { "id": "19039", "n": "P/S EL CHILE", "t": "PUESTO DE SALUD", "m": "GUALAN" }, "geometry": { "type": "Point", "coordinates": [ -89.31257, 15.04933 ] } },
{ "type": "Feature", "properties": { "id": "19040", "n": "P/S BETHEL", "t": "PUESTO DE SALUD", "m": "GUALAN" }, "geometry": { "type": "Point", "coordinates": [ -89.2254, 15.02252 ] } },
{ "type": "Feature", "properties": { "id": "19041", "n": "P/S SANTA TERESA IGUANA", "t": "PUESTO DE SALUD", "m": "GUALAN" }, "geometry": { "type": "Point", "coordinates": [ -89.2483, 15.16076 ] } },
{ "type": "Feature", "properties": { "id": "19042", "n": "P/S GUAPINOL", "t": "PUESTO DE SALUD", "m": "GUALAN" }, "geometry": { "type": "Point", "coordinates": [ -89.19563, 15.1508 ] } },
{ "type": "Feature", "properties": { "id": "19043", "n": "P/S EL LOBO", "t": "PUESTO DE SALUD", "m": "GUALAN" }, "geometry": { "type": "Point", "coordinates": [ -89.30427, 15.17497 ] } },
{ "type": "Feature", "properties": { "id": "19044", "n": "P/S JUAN PONCE", "t": "PUESTO DE SALUD", "m": "GUALAN" }, "geometry": { "type": "Point", "coordinates": [ -89.4115, 15.11263 ] } },
{ "type": "Feature", "properties": { "id": "19038", "n": "P/S LAS CARRETAS", "t": "PUESTO DE SALUD", "m": "GUALAN" }, "geometry": { "type": "Point", "coordinates": [ -89.42854, 15.0791 ] } },
{ "type": "Feature", "properties": { "id": "19029", "n": "C/S TIPO B  (NUEVO)", "t": "CENTRO DE SALUD", "m": "RIO HONDO" }, "geometry": { "type": "Point", "coordinates": [ -89.58299, 15.04418 ] } },
{ "type": "Feature", "properties": { "id": "19030", "n": "C/C NUEVO SUNZAPOTE", "t": "CENTRO CONVERGENCIA", "m": "RIO HONDO" }, "geometry": { "type": "Point", "coordinates": [ -89.64916, 15.02393 ] } },
{ "type": "Feature", "properties": { "id": "19031", "n": "P/S SANTA CRUZ", "t": "PUESTO DE SALUD", "m": "RIO HONDO" }, "geometry": { "type": "Point", "coordinates": [ -89.67092, 15.01241 ] } },
{ "type": "Feature", "properties": { "id": "19032", "n": "P/S JONES", "t": "PUESTO DE SALUD", "m": "RIO HONDO" }, "geometry": { "type": "Point", "coordinates": [ -89.54622, 15.1139 ] } },
{ "type": "Feature", "properties": { "id": "19033", "n": "P/S EL ROSARIO", "t": "PUESTO DE SALUD", "m": "RIO HONDO" }, "geometry": { "type": "Point", "coordinates": [ -89.47448, 15.08292 ] } },
{ "type": "Feature", "properties": { "id": "19036", "n": "C/S TIPO A", "t": "CENTRO DE SALUD", "m": "GUALAN" }, "geometry": { "type": "Point", "coordinates": [ -89.35634, 15.11642 ] } },
{ "type": "Feature", "properties": { "id": "19037", "n": "IGSS", "t": "IGSS", "m": "GUALAN" }, "geometry": { "type": "Point", "coordinates": [ -89.35599, 15.11648 ] } },
{ "type": "Feature", "properties": { "id": "19028", "n": "C/S RIO HONDO", "t": "CENTRO DE SALUD", "m": "RIO HONDO" }, "geometry": { "type": "Point", "coordinates": [ -89.58561, 15.04365 ] } },
{ "type": "Feature", "properties": { "id": "19019", "n": "C/S SAN JORGE", "t": "CENTRO DE SALUD", "m": "ZACAPA" }, "geometry": { "type": "Point", "coordinates": [ -89.59196, 14.92761 ] } },
{ "type": "Feature", "properties": { "id": "19021", "n": "C/S TIPO B", "t": "CENTRO DE SALUD", "m": "ESTANZUELA" }, "geometry": { "type": "Point", "coordinates": [ -89.57893, 14.99372 ] } },
{ "type": "Feature", "properties": { "id": "19022", "n": "P/S GUAYABAL", "t": "PUESTO DE SALUD", "m": "ESTANZUELA" }, "geometry": { "type": "Point", "coordinates": [ -89.63141, 15.00219 ] } },
{ "type": "Feature", "properties": { "id": "19023", "n": "P/S SAN NICOLAS UNIDAD MINIMA", "t": "PUESTO DE SALUD", "m": "ESTANZUELA" }, "geometry": { "type": "Point", "coordinates": [ -89.62557, 14.94092 ] } },
{ "type": "Feature", "properties": { "id": "19024", "n": "P/S UMS TRES PINOS", "t": "PUESTO DE SALUD", "m": "ESTANZUELA" }, "geometry": { "type": "Point", "coordinates": [ -89.66293, 14.9247 ] } },
{ "type": "Feature", "properties": { "id": "19025", "n": "P/S CHISPAN", "t": "PUESTO DE SALUD", "m": "ESTANZUELA" }, "geometry": { "type": "Point", "coordinates": [ -89.57142, 15.03169 ] } },
{ "type": "Feature", "properties": { "id": "19018", "n": "P/S MANZANOTES", "t": "PUESTO DE SALUD", "m": "ZACAPA" }, "geometry": { "type": "Point", "coordinates": [ -89.5501, 15.02623 ] } },
{ "type": "Feature", "properties": { "id": "19012", "n": "P/S EL TERRERO", "t": "PUESTO DE SALUD", "m": "ZACAPA" }, "geometry": { "type": "Point", "coordinates": [ -89.49965, 15.00014 ] } },
{ "type": "Feature", "properties": { "id": "19013", "n": "P/S EL SOMPOPERO", "t": "PUESTO DE SALUD", "m": "ZACAPA" }, "geometry": { "type": "Point", "coordinates": [ -89.408, 14.98995 ] } },
{ "type": "Feature", "properties": { "id": "19014", "n": "P/S EL GUINEAL", "t": "PUESTO DE SALUD", "m": "ZACAPA" }, "geometry": { "type": "Point", "coordinates": [ -89.38272, 15.01282 ] } },
{ "type": "Feature", "properties": { "id": "19015", "n": "P/S LAMPOCOY", "t": "PUESTO DE SALUD", "m": "ZACAPA" }, "geometry": { "type": "Point", "coordinates": [ -89.38982, 15.03175 ] } },
{ "type": "Feature", "properties": { "id": "19016", "n": "P/S EL CAMALOTE", "t": "PUESTO DE SALUD", "m": "ZACAPA" }, "geometry": { "type": "Point", "coordinates": [ -89.35332, 15.0152 ] } },
{ "type": "Feature", "properties": { "id": "19017", "n": "P/S SAN PABLO", "t": "PUESTO DE SALUD", "m": "ZACAPA" }, "geometry": { "type": "Point", "coordinates": [ -89.50498, 15.05377 ] } },
{ "type": "Feature", "properties": { "id": "19010", "n": "CENTRO DE REHABILITACION FISICA", "t": "HOSPITAL", "m": "ZACAPA" }, "geometry": { "type": "Point", "coordinates": [ -89.52535, 14.96757 ] } },
{ "type": "Feature", "properties": { "id": "19011", "n": "HOSPITAL REGIONAL", "t": "HOSPITAL", "m": "ZACAPA" }, "geometry": { "type": "Point", "coordinates": [ -89.52488, 14.96731 ] } },
{ "type": "Feature", "properties": { "id": "19002", "n": "P/S SANTA ROSALIA", "t": "PUESTO DE SALUD", "m": "ZACAPA" }, "geometry": { "type": "Point", "coordinates": [ -89.52246, 14.93353 ] } },
{ "type": "Feature", "properties": { "id": "19004", "n": "IGSS", "t": "IGSS", "m": "ZACAPA" }, "geometry": { "type": "Point", "coordinates": [ -89.52911, 14.97141 ] } },
{ "type": "Feature", "properties": { "id": "19005", "n": "APROFAM", "t": "APROFAM", "m": "ZACAPA" }, "geometry": { "type": "Point", "coordinates": [ -89.52754, 14.96843 ] } },
{ "type": "Feature", "properties": { "id": "19006", "n": "CONSULTA EXTERNA IGSS", "t": "IGSS", "m": "ZACAPA" }, "geometry": { "type": "Point", "coordinates": [ -89.52477, 14.96319 ] } },
{ "type": "Feature", "properties": { "id": "19007", "n": "P/S SANTA LUCIA", "t": "PUESTO DE SALUD", "m": "ZACAPA" }, "geometry": { "type": "Point", "coordinates": [ -89.5239, 14.91243 ] } },
{ "type": "Feature", "properties": { "id": "19008", "n": "P/S LA TREMENTINA", "t": "PUESTO DE SALUD", "m": "ZACAPA" }, "geometry": { "type": "Point", "coordinates": [ -89.48756, 14.95859 ] } },
{ "type": "Feature", "properties": { "id": "19009", "n": "C/S TIPO B", "t": "CENTRO DE SALUD", "m": "ZACAPA" }, "geometry": { "type": "Point", "coordinates": [ -89.52561, 14.96752 ] } },
{ "type": "Feature", "properties": { "id": "20148", "n": "C/C LA LIMA", "t": "CENTRO CONVERGENCIA", "m": "CAMOTAN" }, "geometry": { "type": "Point", "coordinates": [ -89.31757, 14.89148 ] } },
{ "type": "Feature", "properties": { "id": "20145", "n": "C/C PLAN DE LA ARADA", "t": "CENTRO CONVERGENCIA", "m": "JOCOTAN" }, "geometry": { "type": "Point", "coordinates": [ -89.36505, 14.79603 ] } },
{ "type": "Feature", "properties": { "id": "20146", "n": "C/C ARADA ABAJO", "t": "CENTRO CONVERGENCIA", "m": "JOCOTAN" }, "geometry": { "type": "Point", "coordinates": [ -89.37349, 14.80586 ] } },
{ "type": "Feature", "properties": { "id": "20147", "n": "C/C EL VOLCAN", "t": "CENTRO CONVERGENCIA", "m": "CAMOTAN" }, "geometry": { "type": "Point", "coordinates": [ -89.34032, 14.88428 ] } },
{ "type": "Feature", "properties": { "id": "20144", "n": "C/C MOROLA", "t": "CENTRO CONVERGENCIA", "m": "CAMOTAN" }, "geometry": { "type": "Point", "coordinates": [ -89.19382, 14.92429 ] } },
{ "type": "Feature", "properties": { "id": "20135", "n": "C/C SHUPA", "t": "CENTRO CONVERGENCIA", "m": "CAMOTAN" }, "geometry": { "type": "Point", "coordinates": [ -89.27947, 14.87036 ] } },
{ "type": "Feature", "properties": { "id": "20136", "n": "P/S CAPARJA", "t": "PUESTO DE SALUD", "m": "CAMOTAN" }, "geometry": { "type": "Point", "coordinates": [ -89.24091, 14.85406 ] } },
{ "type": "Feature", "properties": { "id": "20137", "n": "C/C COPARJA", "t": "CENTRO CONVERGENCIA", "m": "CAMOTAN" }, "geometry": { "type": "Point", "coordinates": [ -89.24172, 14.85268 ] } },
{ "type": "Feature", "properties": { "id": "20138", "n": "C/C FOLINCAS", "t": "CENTRO CONVERGENCIA", "m": "CAMOTAN" }, "geometry": { "type": "Point", "coordinates": [ -89.232, 14.82313 ] } },
{ "type": "Feature", "properties": { "id": "20139", "n": "C/C EL ANICILLO", "t": "CENTRO CONVERGENCIA", "m": "CAMOTAN" }, "geometry": { "type": "Point", "coordinates": [ -89.24568, 14.87208 ] } },
{ "type": "Feature", "properties": { "id": "20140", "n": "C/C GUIOR CALICHAL", "t": "CENTRO CONVERGENCIA", "m": "CAMOTAN" }, "geometry": { "type": "Point", "coordinates": [ -89.25966, 14.89729 ] } },
{ "type": "Feature", "properties": { "id": "20141", "n": "C/C EL TESORO", "t": "CENTRO CONVERGENCIA", "m": "CAMOTAN" }, "geometry": { "type": "Point", "coordinates": [ -89.22054, 14.91033 ] } },
{ "type": "Feature", "properties": { "id": "20142", "n": "C/C TACHOCHE", "t": "CENTRO CONVERGENCIA", "m": "CAMOTAN" }, "geometry": { "type": "Point", "coordinates": [ -89.22777, 14.93596 ] } },
{ "type": "Feature", "properties": { "id": "20143", "n": "C/C SESESMILITO", "t": "CENTRO CONVERGENCIA", "m": "CAMOTAN" }, "geometry": { "type": "Point", "coordinates": [ -89.20804, 14.92352 ] } },
{ "type": "Feature", "properties": { "id": "20134", "n": "C/C MATAZANO", "t": "CENTRO CONVERGENCIA", "m": "JOCOTAN" }, "geometry": { "type": "Point", "coordinates": [ -89.38122, 14.84995 ] } },
{ "type": "Feature", "properties": { "id": "20128", "n": "P/S LANTIQUIN", "t": "PUESTO DE SALUD", "m": "CAMOTAN" }, "geometry": { "type": "Point", "coordinates": [ -89.36348, 14.80544 ] } },
{ "type": "Feature", "properties": { "id": "20129", "n": "ADICCA", "t": "CENTRO CONVERGENCIA", "m": "CAMOTAN" }, "geometry": { "type": "Point", "coordinates": [ -89.36904, 14.8218 ] } },
{ "type": "Feature", "properties": { "id": "20130", "n": "C/C RODEO", "t": "CENTRO CONVERGENCIA", "m": "CAMOTAN" }, "geometry": { "type": "Point", "coordinates": [ -89.27497, 14.84468 ] } },
{ "type": "Feature", "properties": { "id": "20131", "n": "C/C CAJON DEL RIO", "t": "CENTRO CONVERGENCIA", "m": "CAMOTAN" }, "geometry": { "type": "Point", "coordinates": [ -89.26044, 14.8251 ] } },
{ "type": "Feature", "properties": { "id": "20132", "n": "C/C LIMON TIMOTE", "t": "CENTRO CONVERGENCIA", "m": "CAMOTAN" }, "geometry": { "type": "Point", "coordinates": [ -89.29993, 14.80705 ] } },
{ "type": "Feature", "properties": { "id": "20133", "n": "DISPENSARIO BETHANIA", "t": "CENTRO CONVERGENCIA", "m": "JOCOTAN" }, "geometry": { "type": "Point", "coordinates": [ -89.38703, 14.81619 ] } },
{ "type": "Feature", "properties": { "id": "20126", "n": "C/S CAMOTAN", "t": "CENTRO DE SALUD", "m": "CAMOTAN" }, "geometry": { "type": "Point", "coordinates": [ -89.37357, 14.82042 ] } },
{ "type": "Feature", "properties": { "id": "20117", "n": "CENTRO GESTION DE RIESGOS", "t": "CENTRO CONVERGENCIA", "m": "JOCOTAN" }, "geometry": { "type": "Point", "coordinates": [ -89.31239, 14.77187 ] } },
{ "type": "Feature", "properties": { "id": "20118", "n": "UNIDAD TECNICA DE SALUD", "t": "UNIDAD TECNICA SALUD", "m": "JOCOTAN" }, "geometry": { "type": "Point", "coordinates": [ -89.31185, 14.7711 ] } },
{ "type": "Feature", "properties": { "id": "20119", "n": "C/C TATUTU", "t": "CENTRO CONVERGENCIA", "m": "JOCOTAN" }, "geometry": { "type": "Point", "coordinates": [ -89.31719, 14.76952 ] } },
{ "type": "Feature", "properties": { "id": "20120", "n": "C/C EL NARANJO", "t": "CENTRO CONVERGENCIA", "m": "JOCOTAN" }, "geometry": { "type": "Point", "coordinates": [ -89.30041, 14.78401 ] } },
{ "type": "Feature", "properties": { "id": "20121", "n": "C/C TONTOLES", "t": "CENTRO CONVERGENCIA", "m": "JOCOTAN" }, "geometry": { "type": "Point", "coordinates": [ -89.27945, 14.78108 ] } },
{ "type": "Feature", "properties": { "id": "20122", "n": "P/S SHALAGUA", "t": "PUESTO DE SALUD", "m": "CAMOTAN" }, "geometry": { "type": "Point", "coordinates": [ -89.25047, 14.78998 ] } },
{ "type": "Feature", "properties": { "id": "20123", "n": "C/C TANSHA", "t": "CENTRO CONVERGENCIA", "m": "JOCOTAN" }, "geometry": { "type": "Point", "coordinates": [ -89.23783, 14.77522 ] } },
{ "type": "Feature", "properties": { "id": "20124", "n": "C/C MUYURCO", "t": "CENTRO CONVERGENCIA", "m": "CAMOTAN" }, "geometry": { "type": "Point", "coordinates": [ -89.27904, 14.80422 ] } },
{ "type": "Feature", "properties": { "id": "20125", "n": "C/C NEARAR PETENTA", "t": "CENTRO CONVERGENCIA", "m": "CAMOTAN" }, "geometry": { "type": "Point", "coordinates": [ -89.32564, 14.82737 ] } },
{ "type": "Feature", "properties": { "id": "20116", "n": "P/S GUARERUCHE", "t": "PUESTO DE SALUD", "m": "JOCOTAN" }, "geometry": { "type": "Point", "coordinates": [ -89.42634, 14.83855 ] } },
{ "type": "Feature", "properties": { "id": "20112", "n": "P/S JOCOTAN", "t": "PUESTO DE SALUD", "m": "JOCOTAN" }, "geometry": { "type": "Point", "coordinates": [ -89.39053, 14.82153 ] } },
{ "type": "Feature", "properties": { "id": "20113", "n": "C/C PACREN", "t": "CENTRO CONVERGENCIA", "m": "JOCOTAN" }, "geometry": { "type": "Point", "coordinates": [ -89.37488, 14.78714 ] } },
{ "type": "Feature", "properties": { "id": "20114", "n": "P/S TUNUCO ABAJO", "t": "PUESTO DE SALUD", "m": "JOCOTAN" }, "geometry": { "type": "Point", "coordinates": [ -89.36069, 14.76335 ] } },
{ "type": "Feature", "properties": { "id": "20115", "n": "C/C ESCOBILLAL", "t": "CENTRO CONVERGENCIA", "m": "JOCOTAN" }, "geometry": { "type": "Point", "coordinates": [ -89.40968, 14.80171 ] } },
{ "type": "Feature", "properties": { "id": "20045", "n": "P/S CHARNMA", "t": "PUESTO DE SALUD", "m": "ESQUIPULAS" }, "geometry": { "type": "Point", "coordinates": [ -89.1989, 14.62529 ] } },
{ "type": "Feature", "properties": { "id": "20042", "n": "C/S TIPO \"B\"", "t": "CENTRO DE SALUD", "m": "ESQUIPULAS" }, "geometry": { "type": "Point", "coordinates": [ -89.35004, 14.56445 ] } },
{ "type": "Feature", "properties": { "id": "20044", "n": "P/S LAS PE¥AS", "t": "PUESTO DE SALUD", "m": "ESQUIPULAS" }, "geometry": { "type": "Point", "coordinates": [ -89.24186, 14.61008 ] } },
{ "type": "Feature", "properties": { "id": "20091", "n": "C/S IPALA", "t": "CENTRO DE SALUD", "m": "IPALA" }, "geometry": { "type": "Point", "coordinates": [ -89.6219, 14.61685 ] } },
{ "type": "Feature", "properties": { "id": "20086", "n": "C/C CA¥A VIEJA", "t": "CENTRO CONVERGENCIA", "m": "IPALA" }, "geometry": { "type": "Point", "coordinates": [ -89.56556, 14.56841 ] } },
{ "type": "Feature", "properties": { "id": "20087", "n": "C/C EL JUTE", "t": "CENTRO CONVERGENCIA", "m": "IPALA" }, "geometry": { "type": "Point", "coordinates": [ -89.55428, 14.54856 ] } },
{ "type": "Feature", "properties": { "id": "20088", "n": "P/S EL AMATILLO", "t": "PUESTO DE SALUD", "m": "IPALA" }, "geometry": { "type": "Point", "coordinates": [ -89.59755, 14.52993 ] } },
{ "type": "Feature", "properties": { "id": "20089", "n": "C/C EL ACHIOTE", "t": "CENTRO CONVERGENCIA", "m": "IPALA" }, "geometry": { "type": "Point", "coordinates": [ -89.57846, 14.48819 ] } },
{ "type": "Feature", "properties": { "id": "20090", "n": "C/C CACAHUATEPEQUE", "t": "CENTRO CONVERGENCIA", "m": "IPALA" }, "geometry": { "type": "Point", "coordinates": [ -89.5489, 14.53093 ] } },
{ "type": "Feature", "properties": { "id": "20110", "n": "P/S TUTICOPOTE", "t": "PUESTO DE SALUD", "m": "OLOPA" }, "geometry": { "type": "Point", "coordinates": [ -89.33286, 14.72476 ] } },
{ "type": "Feature", "properties": { "id": "20107", "n": "C/S OLOPA", "t": "CENTRO DE SALUD", "m": "OLOPA" }, "geometry": { "type": "Point", "coordinates": [ -89.34954, 14.69116 ] } },
{ "type": "Feature", "properties": { "id": "20108", "n": "P/S LAGUNA CAYUR", "t": "PUESTO DE SALUD", "m": "OLOPA" }, "geometry": { "type": "Point", "coordinates": [ -89.30213, 14.70623 ] } },
{ "type": "Feature", "properties": { "id": "20109", "n": "P/S LA PRENSA", "t": "PUESTO DE SALUD", "m": "OLOPA" }, "geometry": { "type": "Point", "coordinates": [ -89.26576, 14.72671 ] } },
{ "type": "Feature", "properties": { "id": "20104", "n": "C/C LA MAJADA", "t": "CENTRO CONVERGENCIA", "m": "SAN JACINTO" }, "geometry": { "type": "Point", "coordinates": [ -89.4957, 14.70416 ] } },
{ "type": "Feature", "properties": { "id": "20105", "n": "C/C TICANLU JOCOTAL", "t": "CENTRO CONVERGENCIA", "m": "SAN JACINTO" }, "geometry": { "type": "Point", "coordinates": [ -89.47711, 14.72939 ] } },
{ "type": "Feature", "properties": { "id": "20096", "n": "C/S TIPO \"B\"", "t": "CENTRO DE SALUD", "m": "CONCEPCION LAS MINAS" }, "geometry": { "type": "Point", "coordinates": [ -89.45413, 14.51918 ] } },
{ "type": "Feature", "properties": { "id": "20097", "n": "P/S LA ERMITA", "t": "PUESTO DE SALUD", "m": "CONCEPCION LAS MINAS" }, "geometry": { "type": "Point", "coordinates": [ -89.45924, 14.46702 ] } },
{ "type": "Feature", "properties": { "id": "20098", "n": "P/S LOS ALAMBRADOS", "t": "PUESTO DE SALUD", "m": "CONCEPCION LAS MINAS" }, "geometry": { "type": "Point", "coordinates": [ -89.46898, 14.43089 ] } },
{ "type": "Feature", "properties": { "id": "20099", "n": "C/C DOLARES", "t": "CENTRO CONVERGENCIA", "m": "CONCEPCION LAS MINAS" }, "geometry": { "type": "Point", "coordinates": [ -89.51265, 14.51325 ] } },
{ "type": "Feature", "properties": { "id": "20101", "n": "C/S SAN JACINTO", "t": "CENTRO DE SALUD", "m": "SAN JACINTO" }, "geometry": { "type": "Point", "coordinates": [ -89.50268, 14.67769 ] } },
{ "type": "Feature", "properties": { "id": "20102", "n": "P/S LOMAS ABAJO", "t": "PUESTO DE SALUD", "m": "SAN JACINTO" }, "geometry": { "type": "Point", "coordinates": [ -89.52636, 14.67107 ] } },
{ "type": "Feature", "properties": { "id": "20103", "n": "C/C AGUA ZARCA ARRIBA", "t": "CENTRO CONVERGENCIA", "m": "SAN JACINTO" }, "geometry": { "type": "Point", "coordinates": [ -89.52075, 14.68073 ] } },
{ "type": "Feature", "properties": { "id": "20094", "n": "C/C CIRACIL", "t": "CENTRO CONVERGENCIA", "m": "ESQUIPULAS" }, "geometry": { "type": "Point", "coordinates": [ -89.36085, 14.57924 ] } },
{ "type": "Feature", "properties": { "id": "20046", "n": "C/C CARRIZAL", "t": "CENTRO CONVERGENCIA", "m": "ESQUIPULAS" }, "geometry": { "type": "Point", "coordinates": [ -89.1598, 14.65793 ] } },
{ "type": "Feature", "properties": { "id": "20047", "n": "C/C CAFETALES", "t": "CENTRO CONVERGENCIA", "m": "ESQUIPULAS" }, "geometry": { "type": "Point", "coordinates": [ -89.1677, 14.62062 ] } },
{ "type": "Feature", "properties": { "id": "20048", "n": "C/C PINALITO", "t": "CENTRO CONVERGENCIA", "m": "ESQUIPULAS" }, "geometry": { "type": "Point", "coordinates": [ -89.25672, 14.62688 ] } },
{ "type": "Feature", "properties": { "id": "20049", "n": "C/C TONTOLES", "t": "CENTRO CONVERGENCIA", "m": "ESQUIPULAS" }, "geometry": { "type": "Point", "coordinates": [ -89.28867, 14.60753 ] } },
{ "type": "Feature", "properties": { "id": "20050", "n": "C/C OLOPITA", "t": "CENTRO CONVERGENCIA", "m": "ESQUIPULAS" }, "geometry": { "type": "Point", "coordinates": [ -89.30911, 14.59309 ] } },
{ "type": "Feature", "properties": { "id": "20092", "n": "CONSULTORIO", "t": "CENTRO CONVERGENCIA", "m": "ESQUIPULAS" }, "geometry": { "type": "Point", "coordinates": [ -89.35201, 14.56671 ] } },
{ "type": "Feature", "properties": { "id": "20093", "n": "C/C BELN", "t": "CENTRO CONVERGENCIA", "m": "ESQUIPULAS" }, "geometry": { "type": "Point", "coordinates": [ -89.35893, 14.59541 ] } },
{ "type": "Feature", "properties": { "id": "20085", "n": "C/C LA TUNA", "t": "CENTRO CONVERGENCIA", "m": "IPALA" }, "geometry": { "type": "Point", "coordinates": [ -89.58832, 14.57368 ] } },
{ "type": "Feature", "properties": { "id": "20033", "n": "C/C CHISPAN", "t": "CENTRO CONVERGENCIA", "m": "SAN JUAN ERMITA" }, "geometry": { "type": "Point", "coordinates": [ -89.40684, 14.69886 ] } },
{ "type": "Feature", "properties": { "id": "20034", "n": "C/C MATASANO", "t": "CENTRO CONVERGENCIA", "m": "SAN JUAN ERMITA" }, "geometry": { "type": "Point", "coordinates": [ -89.39323, 14.70506 ] } },
{ "type": "Feature", "properties": { "id": "20035", "n": "P/S LOS ENCUENTROS", "t": "PUESTO DE SALUD", "m": "SAN JUAN ERMITA" }, "geometry": { "type": "Point", "coordinates": [ -89.4044, 14.71802 ] } },
{ "type": "Feature", "properties": { "id": "20036", "n": "C/C QUEQUESQUE", "t": "CENTRO CONVERGENCIA", "m": "SAN JUAN ERMITA" }, "geometry": { "type": "Point", "coordinates": [ -89.37918, 14.71776 ] } },
{ "type": "Feature", "properties": { "id": "20037", "n": "C/C TASHARJA CENTRO", "t": "CENTRO CONVERGENCIA", "m": "SAN JUAN ERMITA" }, "geometry": { "type": "Point", "coordinates": [ -89.39093, 14.72272 ] } },
{ "type": "Feature", "properties": { "id": "20038", "n": "C/C TASHARJA ARRIBA", "t": "CENTRO CONVERGENCIA", "m": "SAN JUAN ERMITA" }, "geometry": { "type": "Point", "coordinates": [ -89.39284, 14.73099 ] } },
{ "type": "Feature", "properties": { "id": "20039", "n": "C/C LAGUNETA", "t": "CENTRO CONVERGENCIA", "m": "SAN JUAN ERMITA" }, "geometry": { "type": "Point", "coordinates": [ -89.39513, 14.74463 ] } },
{ "type": "Feature", "properties": { "id": "20040", "n": "C/C CARRIZAL", "t": "CENTRO CONVERGENCIA", "m": "SAN JUAN ERMITA" }, "geometry": { "type": "Point", "coordinates": [ -89.40017, 14.7538 ] } },
{ "type": "Feature", "properties": { "id": "20078", "n": "C/C CHAPARRONCITO", "t": "CENTRO CONVERGENCIA", "m": "IPALA" }, "geometry": { "type": "Point", "coordinates": [ -89.65831, 14.56768 ] } },
{ "type": "Feature", "properties": { "id": "20079", "n": "P/S EL SAUCE", "t": "PUESTO DE SALUD", "m": "IPALA" }, "geometry": { "type": "Point", "coordinates": [ -89.6714, 14.54745 ] } },
{ "type": "Feature", "properties": { "id": "20080", "n": "C/C JICAMAPA", "t": "CENTRO CONVERGENCIA", "m": "IPALA" }, "geometry": { "type": "Point", "coordinates": [ -89.63138, 14.66453 ] } },
{ "type": "Feature", "properties": { "id": "20081", "n": "C/C EL JOCOTE", "t": "CENTRO CONVERGENCIA", "m": "IPALA" }, "geometry": { "type": "Point", "coordinates": [ -89.5792, 14.6512 ] } },
{ "type": "Feature", "properties": { "id": "20082", "n": "C/C EL CHAGUITE", "t": "CENTRO CONVERGENCIA", "m": "IPALA" }, "geometry": { "type": "Point", "coordinates": [ -89.58226, 14.6381 ] } },
{ "type": "Feature", "properties": { "id": "20083", "n": "C/C LA CENICERAS", "t": "CENTRO CONVERGENCIA", "m": "IPALA" }, "geometry": { "type": "Point", "coordinates": [ -89.56613, 14.62731 ] } },
{ "type": "Feature", "properties": { "id": "20084", "n": "C/C EL ROSARIO", "t": "CENTRO CONVERGENCIA", "m": "IPALA" }, "geometry": { "type": "Point", "coordinates": [ -89.57196, 14.60147 ] } },
{ "type": "Feature", "properties": { "id": "20074", "n": "C/C LAS CEBOLLAS", "t": "CENTRO CONVERGENCIA", "m": "QUETZALTEPEQUE" }, "geometry": { "type": "Point", "coordinates": [ -89.41623, 14.58895 ] } },
{ "type": "Feature", "properties": { "id": "20031", "n": "C/C CHANCO", "t": "CENTRO CONVERGENCIA", "m": "SAN ERMITA SALITON" }, "geometry": { "type": "Point", "coordinates": [ -89.44489, 14.71002 ] } },
{ "type": "Feature", "properties": { "id": "20032", "n": "C/C MOJON", "t": "CENTRO CONVERGENCIA", "m": "SAN JUAN ERMITA" }, "geometry": { "type": "Point", "coordinates": [ -89.41649, 14.70352 ] } },
{ "type": "Feature", "properties": { "id": "20075", "n": "C/C PEDREGALITO", "t": "CENTRO CONVERGENCIA", "m": "QUETZALTEPEQUE" }, "geometry": { "type": "Point", "coordinates": [ -89.43612, 14.61489 ] } },
{ "type": "Feature", "properties": { "id": "20076", "n": "C/C PEDREGAL", "t": "CENTRO CONVERGENCIA", "m": "QUETZALTEPEQUE" }, "geometry": { "type": "Point", "coordinates": [ -89.39463, 14.62049 ] } },
{ "type": "Feature", "properties": { "id": "20023", "n": "C/STIPO B", "t": "CENTRO DE SALUD", "m": "SAN JUAN ERMITA" }, "geometry": { "type": "Point", "coordinates": [ -89.42908, 14.76389 ] } },
{ "type": "Feature", "properties": { "id": "20024", "n": "CODERGE", "t": "CENTRO CONVERGENCIA", "m": "SAN JUAN ERMITA" }, "geometry": { "type": "Point", "coordinates": [ -89.4341, 14.76387 ] } },
{ "type": "Feature", "properties": { "id": "20025", "n": "C/C BUENA VISTA", "t": "CENTRO CONVERGENCIA", "m": "SAN JUAN ERMITA" }, "geometry": { "type": "Point", "coordinates": [ -89.43735, 14.76817 ] } },
{ "type": "Feature", "properties": { "id": "20026", "n": "C/C MINAS ABAJO", "t": "CENTRO CONVERGENCIA", "m": "SAN JUAN ERMITA" }, "geometry": { "type": "Point", "coordinates": [ -89.45044, 14.77348 ] } },
{ "type": "Feature", "properties": { "id": "20027", "n": "C/C MINAS ARRIBA", "t": "CENTRO CONVERGENCIA", "m": "SAN JUAN ERMITA" }, "geometry": { "type": "Point", "coordinates": [ -89.45597, 14.78038 ] } },
{ "type": "Feature", "properties": { "id": "20028", "n": "C/C TICANLU", "t": "CENTRO CONVERGENCIA", "m": "SAN JUAN ERMITA" }, "geometry": { "type": "Point", "coordinates": [ -89.46296, 14.7397 ] } },
{ "type": "Feature", "properties": { "id": "20029", "n": "C/C CORRAL DE PIEDRA", "t": "CENTRO CONVERGENCIA", "m": "SAN JUAN ERMITA" }, "geometry": { "type": "Point", "coordinates": [ -89.45474, 14.70794 ] } },
{ "type": "Feature", "properties": { "id": "20030", "n": "C/C SALITRON", "t": "CENTRO CONVERGENCIA", "m": "SAN JUAN ERMITA" }, "geometry": { "type": "Point", "coordinates": [ -89.46265, 14.70367 ] } },
{ "type": "Feature", "properties": { "id": "20065", "n": "C/C HIERBA BUENA", "t": "CENTRO CONVERGENCIA", "m": "QUETZALTEPEQUE" }, "geometry": { "type": "Point", "coordinates": [ -89.5036, 14.62656 ] } },
{ "type": "Feature", "properties": { "id": "20066", "n": "P/S LIMON POZOS", "t": "PUESTO DE SALUD", "m": "QUETZALTEPEQUE" }, "geometry": { "type": "Point", "coordinates": [ -89.5363, 14.61011 ] } },
{ "type": "Feature", "properties": { "id": "20067", "n": "C/C JAVILLAL", "t": "CENTRO CONVERGENCIA", "m": "QUETZALTEPEQUE" }, "geometry": { "type": "Point", "coordinates": [ -89.51772, 14.61165 ] } },
{ "type": "Feature", "properties": { "id": "20068", "n": "C/C ESTANZUELA ARRIBA", "t": "CENTRO CONVERGENCIA", "m": "QUETZALTEPEQUE" }, "geometry": { "type": "Point", "coordinates": [ -89.51013, 14.59644 ] } },
{ "type": "Feature", "properties": { "id": "20069", "n": "P/S CEITILLAL", "t": "PUESTO DE SALUD", "m": "QUETZALTEPEQUE" }, "geometry": { "type": "Point", "coordinates": [ -89.52052, 14.57843 ] } },
{ "type": "Feature", "properties": { "id": "20070", "n": "C/C PALMAR", "t": "CENTRO CONVERGENCIA", "m": "QUETZALTEPEQUE" }, "geometry": { "type": "Point", "coordinates": [ -89.49241, 14.58625 ] } },
{ "type": "Feature", "properties": { "id": "20071", "n": "C/C ESTANZUELA ABAJO", "t": "CENTRO CONVERGENCIA", "m": "QUETZALTEPEQUE" }, "geometry": { "type": "Point", "coordinates": [ -89.50141, 14.60813 ] } },
{ "type": "Feature", "properties": { "id": "20072", "n": "C/C COMUN", "t": "CENTRO CONVERGENCIA", "m": "QUETZALTEPEQUE" }, "geometry": { "type": "Point", "coordinates": [ -89.47089, 14.67577 ] } },
{ "type": "Feature", "properties": { "id": "20073", "n": "C/C PIEDRAS GORDAS", "t": "CENTRO CONVERGENCIA", "m": "QUETZALTEPEQUE" }, "geometry": { "type": "Point", "coordinates": [ -89.51805, 14.54579 ] } },
{ "type": "Feature", "properties": { "id": "20064", "n": "C/C SAN JACINTILLO", "t": "CENTRO CONVERGENCIA", "m": "QUETZALTEPEQUE" }, "geometry": { "type": "Point", "coordinates": [ -89.48277, 14.62599 ] } },
{ "type": "Feature", "properties": { "id": "20014", "n": "P/S EL MORRAL", "t": "PUESTO DE SALUD", "m": "CHIQUIMULA" }, "geometry": { "type": "Point", "coordinates": [ -89.50643, 14.80861 ] } },
{ "type": "Feature", "properties": { "id": "20015", "n": "P/S ALDEA HACIENDA EL SALTO", "t": "PUESTO DE SALUD", "m": "CHIQUIMULA" }, "geometry": { "type": "Point", "coordinates": [ -89.49063, 14.76301 ] } },
{ "type": "Feature", "properties": { "id": "20016", "n": "C/C CHIQUIMULA", "t": "CENTRO CONVERGENCIA", "m": "CHIQUIMULA" }, "geometry": { "type": "Point", "coordinates": [ -89.53161, 14.7467 ] } },
{ "type": "Feature", "properties": { "id": "20017", "n": "C/C COMUNITARIO", "t": "CENTRO CONVERGENCIA", "m": "CHIQUIMULA" }, "geometry": { "type": "Point", "coordinates": [ -89.54522, 14.74284 ] } },
{ "type": "Feature", "properties": { "id": "20018", "n": "P/S VADO HONDO", "t": "PUESTO DE SALUD", "m": "CHIQUIMULA" }, "geometry": { "type": "Point", "coordinates": [ -89.50364, 14.73177 ] } },
{ "type": "Feature", "properties": { "id": "20019", "n": "C/C EL SAUCE", "t": "CENTRO CONVERGENCIA", "m": "CHIQUIMULA" }, "geometry": { "type": "Point", "coordinates": [ -89.456, 14.80283 ] } },
{ "type": "Feature", "properties": { "id": "20020", "n": "P/S SANTA BARBARA", "t": "PUESTO DE SALUD", "m": "CHIQUIMULA" }, "geometry": { "type": "Point", "coordinates": [ -89.48244, 14.8518 ] } },
{ "type": "Feature", "properties": { "id": "20021", "n": "P/S SHORORAGUA", "t": "PUESTO DE SALUD", "m": "CHIQUIMULA" }, "geometry": { "type": "Point", "coordinates": [ -89.57532, 14.76703 ] } },
{ "type": "Feature", "properties": { "id": "20022", "n": "P/S ALDEA LA CATOCHA", "t": "PUESTO DE SALUD", "m": "CHIQUIMULA" }, "geometry": { "type": "Point", "coordinates": [ -89.64718, 14.77822 ] } },
{ "type": "Feature", "properties": { "id": "20058", "n": "C/C NOCHAN", "t": "CENTRO CONVERGENCIA", "m": "QUETZALTEPEQUE" }, "geometry": { "type": "Point", "coordinates": [ -89.38201, 14.68154 ] } },
{ "type": "Feature", "properties": { "id": "20059", "n": "C/C EL GUATALON", "t": "CENTRO CONVERGENCIA", "m": "QUETZALTEPEQUE" }, "geometry": { "type": "Point", "coordinates": [ -89.40862, 14.66856 ] } },
{ "type": "Feature", "properties": { "id": "20060", "n": "C/C LLANO GALAN", "t": "CENTRO CONVERGENCIA", "m": "QUETZALTEPEQUE" }, "geometry": { "type": "Point", "coordinates": [ -89.40272, 14.65884 ] } },
{ "type": "Feature", "properties": { "id": "20061", "n": "C/C MOJON", "t": "CENTRO CONVERGENCIA", "m": "QUETZALTEPEQUE" }, "geometry": { "type": "Point", "coordinates": [ -89.41201, 14.65598 ] } },
{ "type": "Feature", "properties": { "id": "20062", "n": "C/C PINALITO", "t": "CENTRO CONVERGENCIA", "m": "QUETZALTEPEQUE" }, "geometry": { "type": "Point", "coordinates": [ -89.44208, 14.67688 ] } },
{ "type": "Feature", "properties": { "id": "20063", "n": "C/C RIO GRANDE", "t": "CENTRO CONVERGENCIA", "m": "QUETZALTEPEQUE" }, "geometry": { "type": "Point", "coordinates": [ -89.48567, 14.63387 ] } },
{ "type": "Feature", "properties": { "id": "20057", "n": "P/S PADRE MIGUEL", "t": "PUESTO DE SALUD", "m": "QUETZALTEPEQUE" }, "geometry": { "type": "Point", "coordinates": [ -89.45128, 14.56447 ] } },
{ "type": "Feature", "properties": { "id": "20011", "n": "P/S EL PALMAR", "t": "PUESTO DE SALUD", "m": "CHIQUIMULA" }, "geometry": { "type": "Point", "coordinates": [ -89.63387, 14.84013 ] } },
{ "type": "Feature", "properties": { "id": "20012", "n": "P/S ALDEA EL CARRIZAL", "t": "PUESTO DE SALUD", "m": "CHIQUIMULA" }, "geometry": { "type": "Point", "coordinates": [ -89.63673, 14.82007 ] } },
{ "type": "Feature", "properties": { "id": "20013", "n": "P/S ALDEA EL BARREAL", "t": "PUESTO DE SALUD", "m": "CHIQUIMULA" }, "geometry": { "type": "Point", "coordinates": [ -89.66979, 14.79364 ] } },
{ "type": "Feature", "properties": { "id": "20001", "n": "C/S REGION III", "t": "CENTRO DE SALUD", "m": "CHIQUIMULA" }, "geometry": { "type": "Point", "coordinates": [ -89.53685, 14.8016 ] } },
{ "type": "Feature", "properties": { "id": "20002", "n": "HOSPITAL EMERGENCIA", "t": "HOSPITAL", "m": "CHIQUIMULA" }, "geometry": { "type": "Point", "coordinates": [ -89.53656, 14.80191 ] } },
{ "type": "Feature", "properties": { "id": "20004", "n": "DAS", "t": "DIRECCION AREA SALUD", "m": "CHIQUIMULA" }, "geometry": { "type": "Point", "coordinates": [ -89.54419, 14.80216 ] } },
{ "type": "Feature", "properties": { "id": "20005", "n": "FUNDABIEN", "t": "FUNDABIEN", "m": "CHIQUIMULA" }, "geometry": { "type": "Point", "coordinates": [ -89.54475, 14.79649 ] } },
{ "type": "Feature", "properties": { "id": "20006", "n": "IGGS", "t": "IGSS", "m": "CHIQUIMULA" }, "geometry": { "type": "Point", "coordinates": [ -89.54207, 14.7985 ] } },
{ "type": "Feature", "properties": { "id": "20007", "n": "CRUZ ROJA", "t": "CRUZ ROJA", "m": "CHIQUIMULA" }, "geometry": { "type": "Point", "coordinates": [ -89.54233, 14.80229 ] } },
{ "type": "Feature", "properties": { "id": "20009", "n": "C/C COMUNITARIO", "t": "CENTRO CONVERGENCIA", "m": "CHIQUIMULA" }, "geometry": { "type": "Point", "coordinates": [ -89.59658, 14.82386 ] } },
{ "type": "Feature", "properties": { "id": "20010", "n": "P/S MARAXCà", "t": "PUESTO DE SALUD", "m": "CHIQUIMULA" }, "geometry": { "type": "Point", "coordinates": [ -89.57662, 14.84726 ] } },
{ "type": "Feature", "properties": { "id": "20052", "n": "C/S SAN JOSE LA ARADA", "t": "CENTRO DE SALUD", "m": "SAN JOSE LA ARADA" }, "geometry": { "type": "Point", "coordinates": [ -89.58563, 14.72351 ] } },
{ "type": "Feature", "properties": { "id": "20053", "n": "P/S EL RINCON", "t": "PUESTO DE SALUD", "m": "SAN JOSE LA ARADA" }, "geometry": { "type": "Point", "coordinates": [ -89.62029, 14.69103 ] } },
{ "type": "Feature", "properties": { "id": "20054", "n": "P/S SASPAN", "t": "PUESTO DE SALUD", "m": "SAN JOSE LA ARADA" }, "geometry": { "type": "Point", "coordinates": [ -89.54907, 14.71332 ] } },
{ "type": "Feature", "properties": { "id": "20056", "n": "C/S QUETZALTEPEQUE", "t": "CENTRO DE SALUD", "m": "QUETZALTEPEQUE" }, "geometry": { "type": "Point", "coordinates": [ -89.43905, 14.63201 ] } },
{ "type": "Feature", "properties": { "id": "04061", "n": "CAP CENTRO DE ATENCION PERMANENTE", "t": "CENTRO ATENCION PERMANEN*", "m": "SANARATE" }, "geometry": { "type": "Point", "coordinates": [ -90.196, 14.78874 ] } },
{ "type": "Feature", "properties": { "id": "04060", "n": "P/S SAN JUAN", "t": "PUESTO DE SALUD", "m": "SANARATE" }, "geometry": { "type": "Point", "coordinates": [ -90.17253, 14.75185 ] } },
{ "type": "Feature", "properties": { "id": "04043", "n": "IGSS", "t": "IGSS", "m": "GUASTATOYA" }, "geometry": { "type": "Point", "coordinates": [ -90.07123, 14.85655 ] } },
{ "type": "Feature", "properties": { "id": "04054", "n": "P/S EL FLORIDO", "t": "PUESTO DE SALUD", "m": "SANARATE" }, "geometry": { "type": "Point", "coordinates": [ -90.19206, 14.84835 ] } },
{ "type": "Feature", "properties": { "id": "04055", "n": "P/S LLANO DE MORALES", "t": "PUESTO DE SALUD", "m": "SANARATE" }, "geometry": { "type": "Point", "coordinates": [ -90.20814, 14.74002 ] } },
{ "type": "Feature", "properties": { "id": "04056", "n": "P/S JOCOTALES", "t": "PUESTO DE SALUD", "m": "SAN ANTONIO LA PAZ" }, "geometry": { "type": "Point", "coordinates": [ -90.23749, 14.7386 ] } },
{ "type": "Feature", "properties": { "id": "04044", "n": "P/S SANTO DOMINGO LOS OCOTES", "t": "PUESTO DE SALUD", "m": "SAN ANTONIO LA PAZ" }, "geometry": { "type": "Point", "coordinates": [ -90.31435, 14.78572 ] } },
{ "type": "Feature", "properties": { "id": "04045", "n": "P/S AGUA CALIENTE", "t": "PUESTO DE SALUD", "m": "SAN ANTONIO LA PAZ" }, "geometry": { "type": "Point", "coordinates": [ -90.32476, 14.74359 ] } },
{ "type": "Feature", "properties": { "id": "04046", "n": "C/S SAN ANTONIO LA PAZ", "t": "CENTRO DE SALUD", "m": "SAN ANTONIO LA PAZ" }, "geometry": { "type": "Point", "coordinates": [ -90.28469, 14.76211 ] } },
{ "type": "Feature", "properties": { "id": "04048", "n": "P/S LOS PLANES", "t": "PUESTO DE SALUD", "m": "SAN ANTONIO LA PAZ" }, "geometry": { "type": "Point", "coordinates": [ -90.27772, 14.7083 ] } },
{ "type": "Feature", "properties": { "id": "04049", "n": "P/S LLANO LARGO", "t": "PUESTO DE SALUD", "m": "SAN ANTONIO LA PAZ" }, "geometry": { "type": "Point", "coordinates": [ -90.24176, 14.70146 ] } },
{ "type": "Feature", "properties": { "id": "04050", "n": "P/S CUCANJOL", "t": "PUESTO DE SALUD", "m": "SAN ANTONIO LA PAZ" }, "geometry": { "type": "Point", "coordinates": [ -90.33096, 14.81095 ] } },
{ "type": "Feature", "properties": { "id": "04051", "n": "P/S SINACA", "t": "PUESTO DE SALUD", "m": "SANARATE" }, "geometry": { "type": "Point", "coordinates": [ -90.27753, 14.80524 ] } },
{ "type": "Feature", "properties": { "id": "04052", "n": "P/S CERRO BLANCO", "t": "PUESTO DE SALUD", "m": "SANARATE" }, "geometry": { "type": "Point", "coordinates": [ -90.34341, 14.85849 ] } },
{ "type": "Feature", "properties": { "id": "04053", "n": "P/S CONACASTE", "t": "PUESTO DE SALUD", "m": "SANARATE" }, "geometry": { "type": "Point", "coordinates": [ -90.24001, 14.81271 ] } },
{ "type": "Feature", "properties": { "id": "04057", "n": "P/S BARRANQUILLO", "t": "PUESTO DE SALUD", "m": "SANARATE" }, "geometry": { "type": "Point", "coordinates": [ -90.11321, 14.79901 ] } },
{ "type": "Feature", "properties": { "id": "04041", "n": "DAS", "t": "DIRECCION AREA SALUD", "m": "GUASTATOYA" }, "geometry": { "type": "Point", "coordinates": [ -90.06803, 14.85366 ] } },
{ "type": "Feature", "properties": { "id": "04042", "n": "HOSPITAL NACIONAL", "t": "HOSPITAL", "m": "GUASTATOYA" }, "geometry": { "type": "Point", "coordinates": [ -90.06307, 14.8558 ] } },
{ "type": "Feature", "properties": { "id": "04036", "n": "C/S SANSARE", "t": "CENTRO DE SALUD", "m": "SANSARE" }, "geometry": { "type": "Point", "coordinates": [ -90.11795, 14.75253 ] } },
{ "type": "Feature", "properties": { "id": "04038", "n": "P/S EL JUTE", "t": "PUESTO DE SALUD", "m": "SANSARE" }, "geometry": { "type": "Point", "coordinates": [ -90.05969, 14.74965 ] } },
{ "type": "Feature", "properties": { "id": "04039", "n": "P/S POZA VERDE", "t": "PUESTO DE SALUD", "m": "SANSARE" }, "geometry": { "type": "Point", "coordinates": [ -90.11589, 14.71368 ] } },
{ "type": "Feature", "properties": { "id": "04040", "n": "P/S SAN FELIPE LA TABLA", "t": "PUESTO DE SALUD", "m": "SANSARE" }, "geometry": { "type": "Point", "coordinates": [ -90.15552, 14.72669 ] } },
{ "type": "Feature", "properties": { "id": "04027", "n": "P/S ZUNZAPOTE", "t": "PUESTO DE SALUD", "m": "MORAZAN" }, "geometry": { "type": "Point", "coordinates": [ -90.07745, 14.99451 ] } },
{ "type": "Feature", "properties": { "id": "04028", "n": "P/S EL JUTE LA COBANA", "t": "PUESTO DE SALUD", "m": "SAN AGUSTIN ACASAGUASTLAN" }, "geometry": { "type": "Point", "coordinates": [ -90.07345, 14.98897 ] } },
{ "type": "Feature", "properties": { "id": "04029", "n": "P/S MARAFUNA", "t": "PUESTO DE SALUD", "m": "MORAZAN" }, "geometry": { "type": "Point", "coordinates": [ -90.10262, 14.92638 ] } },
{ "type": "Feature", "properties": { "id": "04031", "n": "C/S MORAZAN", "t": "CENTRO DE SALUD", "m": "MORAZAN" }, "geometry": { "type": "Point", "coordinates": [ -90.14863, 14.93206 ] } },
{ "type": "Feature", "properties": { "id": "04032", "n": "P/S EL ZAPOTE", "t": "PUESTO DE SALUD", "m": "MORAZAN" }, "geometry": { "type": "Point", "coordinates": [ -90.1903, 14.96129 ] } },
{ "type": "Feature", "properties": { "id": "04033", "n": "P/S LOS TABLONES", "t": "PUESTO DE SALUD", "m": "MORAZAN" }, "geometry": { "type": "Point", "coordinates": [ -90.162, 14.9614 ] } },
{ "type": "Feature", "properties": { "id": "04034", "n": "P/S EL COYOTE", "t": "PUESTO DE SALUD", "m": "MORAZAN" }, "geometry": { "type": "Point", "coordinates": [ -90.20931, 14.89828 ] } },
{ "type": "Feature", "properties": { "id": "04035", "n": "P/S LOS CERRITOS", "t": "PUESTO DE SALUD", "m": "SANSARE" }, "geometry": { "type": "Point", "coordinates": [ -90.11628, 14.76232 ] } },
{ "type": "Feature", "properties": { "id": "04015", "n": "P/S SAN PEDRO", "t": "PUESTO DE SALUD", "m": "GUASTATOYA" }, "geometry": { "type": "Point", "coordinates": [ -89.89022, 14.96019 ] } },
{ "type": "Feature", "properties": { "id": "04016", "n": "C/S SAN CRISTOBAL", "t": "CENTRO DE SALUD", "m": "GUASTATOYA" }, "geometry": { "type": "Point", "coordinates": [ -89.88075, 14.92625 ] } },
{ "type": "Feature", "properties": { "id": "04019", "n": "C/S SAN AGUSTIN", "t": "CENTRO DE SALUD", "m": "SAN AGUSTIN ACASAGUASTLAN" }, "geometry": { "type": "Point", "coordinates": [ -89.971, 14.94095 ] } },
{ "type": "Feature", "properties": { "id": "04020", "n": "P/S PUERTA DE GOLPE", "t": "PUESTO DE SALUD", "m": "SAN AGUSTIN ACASAGUASTLAN" }, "geometry": { "type": "Point", "coordinates": [ -89.9592, 14.99567 ] } },
{ "type": "Feature", "properties": { "id": "04021", "n": "P/S EL CIMIENTO", "t": "PUESTO DE SALUD", "m": "SAN AGUSTIN ACASAGUASTLAN" }, "geometry": { "type": "Point", "coordinates": [ -89.95778, 15.02359 ] } },
{ "type": "Feature", "properties": { "id": "04022", "n": "P/S TECUIS", "t": "PUESTO DE SALUD", "m": "SAN AGUSTIN ACASAGUASTLAN" }, "geometry": { "type": "Point", "coordinates": [ -89.97637, 15.01614 ] } },
{ "type": "Feature", "properties": { "id": "04025", "n": "P/S TULUMAJILLO", "t": "PUESTO DE SALUD", "m": "SAN AGUSTIN ACASAGUASTLAN" }, "geometry": { "type": "Point", "coordinates": [ -90.04611, 14.92722 ] } },
{ "type": "Feature", "properties": { "id": "04026", "n": "P/S OMAJA", "t": "PUESTO DE SALUD", "m": "SAN AGUSTIN ACASAGUASTLAN" }, "geometry": { "type": "Point", "coordinates": [ -90.06155, 14.96581 ] } },
{ "type": "Feature", "properties": { "id": "04007", "n": "P/S EL RANCHO", "t": "PUESTO DE SALUD", "m": "GUASTATOYA" }, "geometry": { "type": "Point", "coordinates": [ -90.01234, 14.91237 ] } },
{ "type": "Feature", "properties": { "id": "04008", "n": "P/S PASO LOS JALAPAS", "t": "PUESTO DE SALUD", "m": "GUASTATOYA" }, "geometry": { "type": "Point", "coordinates": [ -89.96707, 14.90485 ] } },
{ "type": "Feature", "properties": { "id": "04009", "n": "P/S LAS OVEJAS", "t": "PUESTO DE SALUD", "m": "GUASTATOYA" }, "geometry": { "type": "Point", "coordinates": [ -89.92757, 14.89191 ] } },
{ "type": "Feature", "properties": { "id": "04010", "n": "C/S EL JICARO", "t": "CENTRO DE SALUD", "m": "GUASTATOYA" }, "geometry": { "type": "Point", "coordinates": [ -89.89663, 14.91083 ] } },
{ "type": "Feature", "properties": { "id": "04012", "n": "P/S ESPIRITU SANTO", "t": "PUESTO DE SALUD", "m": "GUASTATOYA" }, "geometry": { "type": "Point", "coordinates": [ -89.88491, 14.91252 ] } },
{ "type": "Feature", "properties": { "id": "04013", "n": "P/S LO DE CHINA", "t": "PUESTO DE SALUD", "m": "GUASTATOYA" }, "geometry": { "type": "Point", "coordinates": [ -89.85056, 14.91954 ] } },
{ "type": "Feature", "properties": { "id": "04014", "n": "P/S ESTANCIA DE LA VIRGEN", "t": "PUESTO DE SALUD", "m": "GUASTATOYA" }, "geometry": { "type": "Point", "coordinates": [ -89.88901, 14.93765 ] } },
{ "type": "Feature", "properties": { "id": "04005", "n": "P/S SUBINAL", "t": "PUESTO DE SALUD", "m": "GUASTATOYA" }, "geometry": { "type": "Point", "coordinates": [ -90.13527, 14.85757 ] } },
{ "type": "Feature", "properties": { "id": "04002", "n": "P/S SANTA RITA", "t": "PUESTO DE SALUD", "m": "GUASTATOYA" }, "geometry": { "type": "Point", "coordinates": [ -90.02046, 14.86246 ] } },
{ "type": "Feature", "properties": { "id": "04003", "n": "P/S EL NARANJO", "t": "PUESTO DE SALUD", "m": "GUASTATOYA" }, "geometry": { "type": "Point", "coordinates": [ -89.98588, 14.81702 ] } },
{ "type": "Feature", "properties": { "id": "04004", "n": "P/S EL OBRAJE", "t": "PUESTO DE SALUD", "m": "GUASTATOYA" }, "geometry": { "type": "Point", "coordinates": [ -90.06755, 14.81427 ] } },
{ "type": "Feature", "properties": { "id": "21104", "n": "HOSPITAL", "t": "HOSPITAL", "m": "JALAPA" }, "geometry": { "type": "Point", "coordinates": [ -89.98564, 14.63476 ] } },
{ "type": "Feature", "properties": { "id": "21105", "n": "DAS", "t": "DIRECCION AREA SALUD", "m": "JALAPA" }, "geometry": { "type": "Point", "coordinates": [ -89.98652, 14.63529 ] } },
{ "type": "Feature", "properties": { "id": "21103", "n": "C/S DE JALAPA", "t": "CENTRO DE SALUD", "m": "JALAPA" }, "geometry": { "type": "Point", "coordinates": [ -89.98511, 14.63492 ] } },
{ "type": "Feature", "properties": { "id": "21095", "n": "C/C LAGUNA DE PINO", "t": "CENTRO CONVERGENCIA", "m": "JALAPA" }, "geometry": { "type": "Point", "coordinates": [ -90.08596, 14.63723 ] } },
{ "type": "Feature", "properties": { "id": "21096", "n": "C/C ALDEA LA PAZ", "t": "CENTRO CONVERGENCIA", "m": "JALAPA" }, "geometry": { "type": "Point", "coordinates": [ -90.12529, 14.63699 ] } },
{ "type": "Feature", "properties": { "id": "21097", "n": "C/C LA FUENTE", "t": "CENTRO CONVERGENCIA", "m": "JALAPA" }, "geometry": { "type": "Point", "coordinates": [ -90.07406, 14.62285 ] } },
{ "type": "Feature", "properties": { "id": "21098", "n": "C/C EL PARAISO", "t": "CENTRO CONVERGENCIA", "m": "JALAPA" }, "geometry": { "type": "Point", "coordinates": [ -90.04374, 14.60499 ] } },
{ "type": "Feature", "properties": { "id": "21099", "n": "C/C ALDEA MIRAFLORES", "t": "CENTRO CONVERGENCIA", "m": "JALAPA" }, "geometry": { "type": "Point", "coordinates": [ -90.01073, 14.58507 ] } },
{ "type": "Feature", "properties": { "id": "21100", "n": "C/C ARLOROMA", "t": "CENTRO CONVERGENCIA", "m": "JALAPA" }, "geometry": { "type": "Point", "coordinates": [ -90.02493, 14.59236 ] } },
{ "type": "Feature", "properties": { "id": "21101", "n": "P/S LAS AZUCENAS", "t": "PUESTO DE SALUD", "m": "JALAPA" }, "geometry": { "type": "Point", "coordinates": [ -90.03805, 14.58237 ] } },
{ "type": "Feature", "properties": { "id": "21102", "n": "C/C EL MAESTRILLO", "t": "CENTRO CONVERGENCIA", "m": "JALAPA" }, "geometry": { "type": "Point", "coordinates": [ -89.92782, 14.62667 ] } },
{ "type": "Feature", "properties": { "id": "21089", "n": "C/C LA TOMA", "t": "CENTRO CONVERGENCIA", "m": "JALAPA" }, "geometry": { "type": "Point", "coordinates": [ -90.09021, 14.58644 ] } },
{ "type": "Feature", "properties": { "id": "21090", "n": "C/C GUACAMAYA", "t": "CENTRO CONVERGENCIA", "m": "JALAPA" }, "geometry": { "type": "Point", "coordinates": [ -90.0986, 14.58504 ] } },
{ "type": "Feature", "properties": { "id": "21091", "n": "C/C EL BOSQUE", "t": "CENTRO CONVERGENCIA", "m": "JALAPA" }, "geometry": { "type": "Point", "coordinates": [ -90.12314, 14.56743 ] } },
{ "type": "Feature", "properties": { "id": "21092", "n": "C/C EL ASTILLERO", "t": "CENTRO CONVERGENCIA", "m": "JALAPA" }, "geometry": { "type": "Point", "coordinates": [ -90.07984, 14.52578 ] } },
{ "type": "Feature", "properties": { "id": "21093", "n": "C/C MIRAMUNDO", "t": "CENTRO CONVERGENCIA", "m": "JALAPA" }, "geometry": { "type": "Point", "coordinates": [ -90.10929, 14.54747 ] } },
{ "type": "Feature", "properties": { "id": "21094", "n": "P/S BUENA VISTA", "t": "PUESTO DE SALUD", "m": "JALAPA" }, "geometry": { "type": "Point", "coordinates": [ -90.12545, 14.59156 ] } },
{ "type": "Feature", "properties": { "id": "21080", "n": "CENTRO COMUNITARIO", "t": "CENTRO CONVERGENCIA", "m": "JALAPA" }, "geometry": { "type": "Point", "coordinates": [ -90.10568, 14.64752 ] } },
{ "type": "Feature", "properties": { "id": "21081", "n": "C/C PALO VERDE", "t": "CENTRO CONVERGENCIA", "m": "JALAPA" }, "geometry": { "type": "Point", "coordinates": [ -90.15076, 14.66515 ] } },
{ "type": "Feature", "properties": { "id": "21082", "n": "C/C TALQUETZAL", "t": "CENTRO CONVERGENCIA", "m": "JALAPA" }, "geometry": { "type": "Point", "coordinates": [ -90.16764, 14.68086 ] } },
{ "type": "Feature", "properties": { "id": "21083", "n": "P/S SANSIRISAY", "t": "PUESTO DE SALUD", "m": "JALAPA" }, "geometry": { "type": "Point", "coordinates": [ -90.1801, 14.67205 ] } },
{ "type": "Feature", "properties": { "id": "21084", "n": "C/S SANYUYO", "t": "CENTRO DE SALUD", "m": "JALAPA" }, "geometry": { "type": "Point", "coordinates": [ -90.15127, 14.63857 ] } },
{ "type": "Feature", "properties": { "id": "21085", "n": "C/C SAMPAQUISOY", "t": "CENTRO CONVERGENCIA", "m": "JALAPA" }, "geometry": { "type": "Point", "coordinates": [ -90.18886, 14.63994 ] } },
{ "type": "Feature", "properties": { "id": "21086", "n": "P/S AGUA CALIENTE", "t": "PUESTO DE SALUD", "m": "JALAPA" }, "geometry": { "type": "Point", "coordinates": [ -90.2145, 14.65515 ] } },
{ "type": "Feature", "properties": { "id": "21087", "n": "P/S LA LAGUNETA", "t": "PUESTO DE SALUD", "m": "JALAPA" }, "geometry": { "type": "Point", "coordinates": [ -90.13118, 14.61671 ] } },
{ "type": "Feature", "properties": { "id": "21088", "n": "C/C LOS LLANITOS", "t": "CENTRO CONVERGENCIA", "m": "JALAPA" }, "geometry": { "type": "Point", "coordinates": [ -90.07737, 14.59851 ] } },
{ "type": "Feature", "properties": { "id": "21075", "n": "C/C EL DURAZNAL", "t": "CENTRO CONVERGENCIA", "m": "JALAPA" }, "geometry": { "type": "Point", "coordinates": [ -90.05807, 14.64022 ] } },
{ "type": "Feature", "properties": { "id": "21076", "n": "C/C PATA GALANA", "t": "CENTRO CONVERGENCIA", "m": "JALAPA" }, "geometry": { "type": "Point", "coordinates": [ -90.05438, 14.66019 ] } },
{ "type": "Feature", "properties": { "id": "21077", "n": "C/C IZOTES", "t": "CENTRO CONVERGENCIA", "m": "JALAPA" }, "geometry": { "type": "Point", "coordinates": [ -90.12357, 14.66031 ] } },
{ "type": "Feature", "properties": { "id": "21078", "n": "P/S SAN JOSE CARRIZAL", "t": "PUESTO DE SALUD", "m": "JALAPA" }, "geometry": { "type": "Point", "coordinates": [ -90.12652, 14.67886 ] } },
{ "type": "Feature", "properties": { "id": "21079", "n": "C/C ITZACOBA", "t": "CENTRO CONVERGENCIA", "m": "JALAPA" }, "geometry": { "type": "Point", "coordinates": [ -90.08621, 14.64818 ] } },
{ "type": "Feature", "properties": { "id": "21068", "n": "C/C VENTURA", "t": "CENTRO CONVERGENCIA", "m": "JALAPA" }, "geometry": { "type": "Point", "coordinates": [ -89.97513, 14.70053 ] } },
{ "type": "Feature", "properties": { "id": "21069", "n": "P/S SAN MIGUEL", "t": "PUESTO DE SALUD", "m": "JALAPA" }, "geometry": { "type": "Point", "coordinates": [ -89.97466, 14.74117 ] } },
{ "type": "Feature", "properties": { "id": "21070", "n": "C/C LA PASTORIA", "t": "CENTRO CONVERGENCIA", "m": "JALAPA" }, "geometry": { "type": "Point", "coordinates": [ -89.93424, 14.76887 ] } },
{ "type": "Feature", "properties": { "id": "21071", "n": "C/C ANSHIGUA", "t": "CENTRO CONVERGENCIA", "m": "JALAPA" }, "geometry": { "type": "Point", "coordinates": [ -89.95011, 14.79771 ] } },
{ "type": "Feature", "properties": { "id": "21072", "n": "C/C LOS LIMARES", "t": "CENTRO CONVERGENCIA", "m": "JALAPA" }, "geometry": { "type": "Point", "coordinates": [ -90.00127, 14.74099 ] } },
{ "type": "Feature", "properties": { "id": "21073", "n": "C/C EL GUAJE", "t": "CENTRO CONVERGENCIA", "m": "JALAPA" }, "geometry": { "type": "Point", "coordinates": [ -90.029, 14.65772 ] } },
{ "type": "Feature", "properties": { "id": "21074", "n": "C/C EL DEVISADERO", "t": "CENTRO CONVERGENCIA", "m": "JALAPA" }, "geometry": { "type": "Point", "coordinates": [ -90.03855, 14.63973 ] } },
{ "type": "Feature", "properties": { "id": "21061", "n": "C/C MAGUELLES", "t": "CENTRO CONVERGENCIA", "m": "MATAQUESCUINTLA" }, "geometry": { "type": "Point", "coordinates": [ -90.17199, 14.59903 ] } },
{ "type": "Feature", "properties": { "id": "21062", "n": "P/S GUACHIPILIN", "t": "PUESTO DE SALUD", "m": "MATAQUESCUINTLA" }, "geometry": { "type": "Point", "coordinates": [ -90.16812, 14.60926 ] } },
{ "type": "Feature", "properties": { "id": "21063", "n": "P/S LAS BRISAS", "t": "PUESTO DE SALUD", "m": "MATAQUESCUINTLA" }, "geometry": { "type": "Point", "coordinates": [ -90.17778, 14.56868 ] } },
{ "type": "Feature", "properties": { "id": "21064", "n": "C/S MATAQUESCUINTLA", "t": "CENTRO DE SALUD", "m": "MATAQUESCUINTLA" }, "geometry": { "type": "Point", "coordinates": [ -90.18883, 14.52627 ] } },
{ "type": "Feature", "properties": { "id": "21066", "n": "P/S SOLEDAD GRANDE", "t": "PUESTO DE SALUD", "m": "MATAQUESCUINTLA" }, "geometry": { "type": "Point", "coordinates": [ -90.12673, 14.53731 ] } },
{ "type": "Feature", "properties": { "id": "21053", "n": "P/S SAN JOSE LA CIERRA", "t": "PUESTO DE SALUD", "m": "MATAQUESCUINTLA" }, "geometry": { "type": "Point", "coordinates": [ -90.24084, 14.503 ] } },
{ "type": "Feature", "properties": { "id": "21054", "n": "P/S PARROQUIAL SAN JOSE LA CIERRA", "t": "PUESTO DE SALUD", "m": "MATAQUESCUINTLA" }, "geometry": { "type": "Point", "coordinates": [ -90.24108, 14.50331 ] } },
{ "type": "Feature", "properties": { "id": "21055", "n": "P/S SAN MIGUEL", "t": "PUESTO DE SALUD", "m": "MATAQUESCUINTLA" }, "geometry": { "type": "Point", "coordinates": [ -90.2195, 14.57025 ] } },
{ "type": "Feature", "properties": { "id": "21056", "n": "C/C EL ESCOBAL", "t": "CENTRO CONVERGENCIA", "m": "MATAQUESCUINTLA" }, "geometry": { "type": "Point", "coordinates": [ -90.21499, 14.58944 ] } },
{ "type": "Feature", "properties": { "id": "21057", "n": "P/S SAN SUPO", "t": "PUESTO DE SALUD", "m": "MATAQUESCUINTLA" }, "geometry": { "type": "Point", "coordinates": [ -90.19285, 14.5762 ] } },
{ "type": "Feature", "properties": { "id": "21058", "n": "CLINICA PARROQUIAL", "t": "CENTRO CONVERGENCIA", "m": "MATAQUESCUINTLA" }, "geometry": { "type": "Point", "coordinates": [ -90.18111, 14.59632 ] } },
{ "type": "Feature", "properties": { "id": "21059", "n": "P/S SAN ANTONIO LAS FLORES", "t": "PUESTO DE SALUD", "m": "MATAQUESCUINTLA" }, "geometry": { "type": "Point", "coordinates": [ -90.18047, 14.59641 ] } },
{ "type": "Feature", "properties": { "id": "21051", "n": "P/S SABANETAS", "t": "PUESTO DE SALUD", "m": "SAN CARLOS ALZATATE" }, "geometry": { "type": "Point", "coordinates": [ -90.02443, 14.47341 ] } },
{ "type": "Feature", "properties": { "id": "21045", "n": "P/S LLANO GRANDE", "t": "PUESTO DE SALUD", "m": "MONJAS" }, "geometry": { "type": "Point", "coordinates": [ -89.90271, 14.48 ] } },
{ "type": "Feature", "properties": { "id": "21046", "n": "P/S PLAN DE LA CRUZ", "t": "PUESTO DE SALUD", "m": "MONJAS" }, "geometry": { "type": "Point", "coordinates": [ -89.91316, 14.46054 ] } },
{ "type": "Feature", "properties": { "id": "21048", "n": "P/S LAS FLORES", "t": "PUESTO DE SALUD", "m": "SAN CARLOS ALZATATE" }, "geometry": { "type": "Point", "coordinates": [ -90.08398, 14.45545 ] } },
{ "type": "Feature", "properties": { "id": "21049", "n": "P/S PINO ZAPATON", "t": "PUESTO DE SALUD", "m": "SAN CARLOS ALZATATE" }, "geometry": { "type": "Point", "coordinates": [ -90.05346, 14.44543 ] } },
{ "type": "Feature", "properties": { "id": "21050", "n": "C/S SAN CARLOS ALZATATE", "t": "CENTRO DE SALUD", "m": "SAN CARLOS ALZATATE" }, "geometry": { "type": "Point", "coordinates": [ -90.05483, 14.49563 ] } },
{ "type": "Feature", "properties": { "id": "21044", "n": "C/S MONJAS", "t": "CENTRO DE SALUD", "m": "MONJAS" }, "geometry": { "type": "Point", "coordinates": [ -89.87158, 14.50111 ] } },
{ "type": "Feature", "properties": { "id": "21034", "n": "C/C LA MONTA¥A", "t": "CENTRO CONVERGENCIA", "m": "SAN LUIS JILOTEPEQUE" }, "geometry": { "type": "Point", "coordinates": [ -89.77305, 14.66667 ] } },
{ "type": "Feature", "properties": { "id": "21035", "n": "P/S VALENCIA", "t": "PUESTO DE SALUD", "m": "SAN LUIS JILOTEPEQUE" }, "geometry": { "type": "Point", "coordinates": [ -89.66377, 14.65003 ] } },
{ "type": "Feature", "properties": { "id": "21036", "n": "P/S TRAPICHITOS", "t": "PUESTO DE SALUD", "m": "SAN LUIS JILOTEPEQUE" }, "geometry": { "type": "Point", "coordinates": [ -89.71817, 14.57325 ] } },
{ "type": "Feature", "properties": { "id": "21037", "n": "P/S POZA VERDE", "t": "PUESTO DE SALUD", "m": "SAN LUIS JILOTEPEQUE" }, "geometry": { "type": "Point", "coordinates": [ -89.70215, 14.51695 ] } },
{ "type": "Feature", "properties": { "id": "21039", "n": "C/S SAN MANUEL CHAPARRON", "t": "CENTRO DE SALUD", "m": "SAN MANUEL CHAPARRON" }, "geometry": { "type": "Point", "coordinates": [ -89.76469, 14.52264 ] } },
{ "type": "Feature", "properties": { "id": "21040", "n": "P/S SAN JUAN SALAMO", "t": "PUESTO DE SALUD", "m": "MONJAS" }, "geometry": { "type": "Point", "coordinates": [ -89.86214, 14.53283 ] } },
{ "type": "Feature", "properties": { "id": "21041", "n": "P/S SAN JUANCITO", "t": "PUESTO DE SALUD", "m": "MONJAS" }, "geometry": { "type": "Point", "coordinates": [ -89.8759, 14.57022 ] } },
{ "type": "Feature", "properties": { "id": "21042", "n": "P/S ACHIOTES", "t": "PUESTO DE SALUD", "m": "MONJAS" }, "geometry": { "type": "Point", "coordinates": [ -89.90525, 14.55129 ] } },
{ "type": "Feature", "properties": { "id": "21033", "n": "P/S CHAGUITON", "t": "PUESTO DE SALUD", "m": "SAN LUIS JILOTEPEQUE" }, "geometry": { "type": "Point", "coordinates": [ -89.72903, 14.74051 ] } },
{ "type": "Feature", "properties": { "id": "21026", "n": "C/C GUISILTEPEQUE", "t": "CENTRO CONVERGENCIA", "m": "SAN PEDRO PINULA" }, "geometry": { "type": "Point", "coordinates": [ -89.91906, 14.67911 ] } },
{ "type": "Feature", "properties": { "id": "21027", "n": "C/C LOS RISCOS", "t": "CENTRO CONVERGENCIA", "m": "SAN PEDRO PINULA" }, "geometry": { "type": "Point", "coordinates": [ -89.92687, 14.65792 ] } },
{ "type": "Feature", "properties": { "id": "21029", "n": "C/S SAN LUIS JILOTEPEQUE", "t": "CENTRO DE SALUD", "m": "SAN LUIS JILOTEPEQUE" }, "geometry": { "type": "Point", "coordinates": [ -89.73003, 14.6442 ] } },
{ "type": "Feature", "properties": { "id": "21030", "n": "C/S SAN LUIS CAMPO DE AVIACION", "t": "CENTRO DE SALUD", "m": "SAN LUIS JILOTEPEQUE" }, "geometry": { "type": "Point", "coordinates": [ -89.7215, 14.64884 ] } },
{ "type": "Feature", "properties": { "id": "21031", "n": "C/C EL CAMARON", "t": "CENTRO CONVERGENCIA", "m": "SAN LUIS JILOTEPEQUE" }, "geometry": { "type": "Point", "coordinates": [ -89.69218, 14.72202 ] } },
{ "type": "Feature", "properties": { "id": "21032", "n": "P/S LOS OLIVOS", "t": "PUESTO DE SALUD", "m": "SAN LUIS JILOTEPEQUE" }, "geometry": { "type": "Point", "coordinates": [ -89.68336, 14.67834 ] } },
{ "type": "Feature", "properties": { "id": "21023", "n": "C/C EL TOBON", "t": "CENTRO CONVERGENCIA", "m": "SAN PEDRO PINULA" }, "geometry": { "type": "Point", "coordinates": [ -89.90294, 14.80392 ] } },
{ "type": "Feature", "properties": { "id": "21024", "n": "C/C LAGUNA SECA", "t": "CENTRO CONVERGENCIA", "m": "SAN PEDRO PINULA" }, "geometry": { "type": "Point", "coordinates": [ -89.87688, 14.80858 ] } },
{ "type": "Feature", "properties": { "id": "21025", "n": "C/C SAN IGNACIO", "t": "CENTRO CONVERGENCIA", "m": "SAN PEDRO PINULA" }, "geometry": { "type": "Point", "coordinates": [ -89.89259, 14.76481 ] } },
{ "type": "Feature", "properties": { "id": "21014", "n": "C/C EL CERRITO", "t": "CENTRO CONVERGENCIA", "m": "SAN PEDRO PINULA" }, "geometry": { "type": "Point", "coordinates": [ -89.79588, 14.60441 ] } },
{ "type": "Feature", "properties": { "id": "21015", "n": "C/C CORRALITO", "t": "CENTRO CONVERGENCIA", "m": "SAN PEDRO PINULA" }, "geometry": { "type": "Point", "coordinates": [ -89.82216, 14.59888 ] } },
{ "type": "Feature", "properties": { "id": "21016", "n": "C/C LAS AGUJITAS", "t": "CENTRO CONVERGENCIA", "m": "SAN PEDRO PINULA" }, "geometry": { "type": "Point", "coordinates": [ -89.85249, 14.70752 ] } },
{ "type": "Feature", "properties": { "id": "21017", "n": "C/C EL ZUNSO", "t": "CENTRO CONVERGENCIA", "m": "SAN PEDRO PINULA" }, "geometry": { "type": "Point", "coordinates": [ -89.83304, 14.73624 ] } },
{ "type": "Feature", "properties": { "id": "21018", "n": "C/C SAN JOSE", "t": "CENTRO CONVERGENCIA", "m": "SAN PEDRO PINULA" }, "geometry": { "type": "Point", "coordinates": [ -89.86825, 14.75228 ] } },
{ "type": "Feature", "properties": { "id": "21019", "n": "C/C LA PUERTA", "t": "CENTRO CONVERGENCIA", "m": "SAN PEDRO PINULA" }, "geometry": { "type": "Point", "coordinates": [ -89.87348, 14.74461 ] } },
{ "type": "Feature", "properties": { "id": "21020", "n": "C/C PLAN DE LACRUZ", "t": "CENTRO CONVERGENCIA", "m": "SAN PEDRO PINULA" }, "geometry": { "type": "Point", "coordinates": [ -89.89635, 14.74166 ] } },
{ "type": "Feature", "properties": { "id": "21021", "n": "C/C HIERBA BUENA", "t": "CENTRO CONVERGENCIA", "m": "SAN PEDRO PINULA" }, "geometry": { "type": "Point", "coordinates": [ -89.91829, 14.73687 ] } },
{ "type": "Feature", "properties": { "id": "21022", "n": "P/S CARRIZAL GRANDE", "t": "PUESTO DE SALUD", "m": "SAN PEDRO PINULA" }, "geometry": { "type": "Point", "coordinates": [ -89.89773, 14.77273 ] } },
{ "type": "Feature", "properties": { "id": "21010", "n": "C/C ALDEA NUEVA", "t": "CENTRO CONVERGENCIA", "m": "SAN PEDRO PINULA" }, "geometry": { "type": "Point", "coordinates": [ -89.78389, 14.7102 ] } },
{ "type": "Feature", "properties": { "id": "21011", "n": "C/C MONTA¥ITA DE LA VIRGEN", "t": "CENTRO CONVERGENCIA", "m": "SAN PEDRO PINULA" }, "geometry": { "type": "Point", "coordinates": [ -89.7877, 14.73482 ] } },
{ "type": "Feature", "properties": { "id": "21012", "n": "C/C BUANA VISTA", "t": "CENTRO CONVERGENCIA", "m": "SAN PEDRO PINULA" }, "geometry": { "type": "Point", "coordinates": [ -89.80868, 14.77628 ] } },
{ "type": "Feature", "properties": { "id": "21013", "n": "C/C LA CEIBA", "t": "CENTRO CONVERGENCIA", "m": "SAN PEDRO PINULA" }, "geometry": { "type": "Point", "coordinates": [ -89.82257, 14.77634 ] } },
{ "type": "Feature", "properties": { "id": "21002", "n": "C/S SAN PEDRO PINULA", "t": "CENTRO DE SALUD", "m": "SAN PEDRO PINULA" }, "geometry": { "type": "Point", "coordinates": [ -89.85916, 14.66585 ] } },
{ "type": "Feature", "properties": { "id": "21003", "n": "P/S SANTO DOMINGO", "t": "PUESTO DE SALUD", "m": "SAN PEDRO PINULA" }, "geometry": { "type": "Point", "coordinates": [ -89.88795, 14.6216 ] } },
{ "type": "Feature", "properties": { "id": "21004", "n": "C/C CARRIZALITO LA CUMBRE", "t": "CENTRO CONVERGENCIA", "m": "SAN PEDRO PINULA" }, "geometry": { "type": "Point", "coordinates": [ -89.79252, 14.67123 ] } },
{ "type": "Feature", "properties": { "id": "21005", "n": "P/S SANTA INES 95", "t": "PUESTO DE SALUD", "m": "SAN PEDRO PINULA" }, "geometry": { "type": "Point", "coordinates": [ -89.78128, 14.67743 ] } },
{ "type": "Feature", "properties": { "id": "21006", "n": "C/C LAGUNA SECA", "t": "CENTRO CONVERGENCIA", "m": "SAN PEDRO PINULA" }, "geometry": { "type": "Point", "coordinates": [ -89.78318, 14.67036 ] } },
{ "type": "Feature", "properties": { "id": "21007", "n": "C/C LAGUNA MOJADA", "t": "CENTRO CONVERGENCIA", "m": "SAN PEDRO PINULA" }, "geometry": { "type": "Point", "coordinates": [ -89.78214, 14.66547 ] } },
{ "type": "Feature", "properties": { "id": "21008", "n": "C/C AGUAMECATE", "t": "CENTRO CONVERGENCIA", "m": "SAN PEDRO PINULA" }, "geometry": { "type": "Point", "coordinates": [ -89.78077, 14.63011 ] } },
{ "type": "Feature", "properties": { "id": "21009", "n": "C/C EL DURAZNO", "t": "CENTRO CONVERGENCIA", "m": "SAN PEDRO PINULA" }, "geometry": { "type": "Point", "coordinates": [ -89.79006, 14.65793 ] } },
{ "type": "Feature", "properties": { "id": "3323", "n": "C/S EL ADELANTO", "t": "CENTRO DE SALUD", "m": "EL ADELANTO" }, "geometry": { "type": "Point", "coordinates": [ -89.82664, 14.17049 ] } },
{ "type": "Feature", "properties": { "id": "3329", "n": "P/S LAS FLORES", "t": "PUESTO DE SALUD", "m": "ZAPOTITLAN" }, "geometry": { "type": "Point", "coordinates": [ -89.81772, 14.07579 ] } },
{ "type": "Feature", "properties": { "id": "3327", "n": "P/S SAN ANTONIO PAPATURRO", "t": "PUESTO DE SALUD", "m": "ZAPOTITLAN" }, "geometry": { "type": "Point", "coordinates": [ -89.80169, 14.11783 ] } },
{ "type": "Feature", "properties": { "id": "3328", "n": "P/S ZAPOTITLAN", "t": "PUESTO DE SALUD", "m": "ZAPOTITLAN" }, "geometry": { "type": "Point", "coordinates": [ -89.82611, 14.13919 ] } },
{ "type": "Feature", "properties": { "id": "3372", "n": "P/S TRAPICHE", "t": "PUESTO DE SALUD", "m": "EL ADELANTO" }, "geometry": { "type": "Point", "coordinates": [ -89.81171, 14.167 ] } },
{ "type": "Feature", "properties": { "id": "3373", "n": "P/S SARON", "t": "PUESTO DE SALUD", "m": "EL ADELANTO" }, "geometry": { "type": "Point", "coordinates": [ -89.86362, 14.17456 ] } },
{ "type": "Feature", "properties": { "id": "3374", "n": "P/S CHINAMAS", "t": "PUESTO DE SALUD", "m": "EL ADELANTO" }, "geometry": { "type": "Point", "coordinates": [ -89.89306, 14.17011 ] } },
{ "type": "Feature", "properties": { "id": "3279", "n": "P/S SAN JUAQUIN", "t": "PUESTO DE SALUD", "m": "ASUNCION MITA" }, "geometry": { "type": "Point", "coordinates": [ -89.60376, 14.25237 ] } },
{ "type": "Feature", "properties": { "id": "3280", "n": "P/S TIUCAL", "t": "PUESTO DE SALUD", "m": "ASUNCION MITA" }, "geometry": { "type": "Point", "coordinates": [ -89.72872, 14.28577 ] } },
{ "type": "Feature", "properties": { "id": "3277", "n": "P/S EL TAMARINDO", "t": "PUESTO DE SALUD", "m": "ASUNCION MITA" }, "geometry": { "type": "Point", "coordinates": [ -89.753, 14.25185 ] } },
{ "type": "Feature", "properties": { "id": "3285", "n": "CC SHANSHUL", "t": "CENTRO CONVERGENCIA", "m": "ASUNCION MITA" }, "geometry": { "type": "Point", "coordinates": [ -89.71139, 14.24532 ] } },
{ "type": "Feature", "properties": { "id": "3282", "n": "CC GIRONES", "t": "CENTRO CONVERGENCIA", "m": "ASUNCION MITA" }, "geometry": { "type": "Point", "coordinates": [ -89.72997, 14.30134 ] } },
{ "type": "Feature", "properties": { "id": "3281", "n": "CC SANTA CRUZ", "t": "CENTRO CONVERGENCIA", "m": "ASUNCION MITA" }, "geometry": { "type": "Point", "coordinates": [ -89.72367, 14.38957 ] } },
{ "type": "Feature", "properties": { "id": "3347", "n": "C/S CIUDAD PEDRO DE ALVARADO", "t": "CENTRO DE SALUD", "m": "MOYUTA" }, "geometry": { "type": "Point", "coordinates": [ -90.09538, 13.87366 ] } },
{ "type": "Feature", "properties": { "id": "3351", "n": "P/S EL SALAMAR", "t": "PUESTO DE SALUD", "m": "MOYUTA" }, "geometry": { "type": "Point", "coordinates": [ -90.10658, 13.84652 ] } },
{ "type": "Feature", "properties": { "id": "3350", "n": "P/S PARCELAMIENTO MONTUFAR", "t": "PUESTO DE SALUD", "m": "MOYUTA" }, "geometry": { "type": "Point", "coordinates": [ -90.1552, 13.81025 ] } },
{ "type": "Feature", "properties": { "id": "3349", "n": "P/S EL PARAISO", "t": "PUESTO DE SALUD", "m": "MOYUTA" }, "geometry": { "type": "Point", "coordinates": [ -90.19338, 13.80526 ] } },
{ "type": "Feature", "properties": { "id": "3348", "n": "P/S GARITA CHAPINA", "t": "PUESTO DE SALUD", "m": "MOYUTA" }, "geometry": { "type": "Point", "coordinates": [ -90.12114, 13.75095 ] } },
{ "type": "Feature", "properties": { "id": "3352", "n": "P/S PASACO", "t": "PUESTO DE SALUD", "m": "PASACO" }, "geometry": { "type": "Point", "coordinates": [ -90.20631, 13.97827 ] } },
{ "type": "Feature", "properties": { "id": "3344", "n": "C/S MOYUTA", "t": "CENTRO DE SALUD", "m": "MOYUTA" }, "geometry": { "type": "Point", "coordinates": [ -90.08367, 14.04034 ] } },
{ "type": "Feature", "properties": { "id": "3345", "n": "P/S BETHANIA", "t": "PUESTO DE SALUD", "m": "MOYUTA" }, "geometry": { "type": "Point", "coordinates": [ -90.11564, 14.04061 ] } },
{ "type": "Feature", "properties": { "id": "3291", "n": "C/S CONGUACO", "t": "CENTRO DE SALUD", "m": "CONGUACO" }, "geometry": { "type": "Point", "coordinates": [ -90.03106, 14.0468 ] } },
{ "type": "Feature", "properties": { "id": "3292", "n": "P/S SAN PEDRO, CONGUACO", "t": "PUESTO DE SALUD", "m": "CONGUACO" }, "geometry": { "type": "Point", "coordinates": [ -90.02304, 14.01324 ] } },
{ "type": "Feature", "properties": { "id": "3338", "n": "C/S JALPATAGUA", "t": "CENTRO DE SALUD", "m": "JALPATAGUA" }, "geometry": { "type": "Point", "coordinates": [ -90.00585, 14.13566 ] } },
{ "type": "Feature", "properties": { "id": "3341", "n": "P/S VALLE NUEVO", "t": "PUESTO DE SALUD", "m": "JALPATAGUA" }, "geometry": { "type": "Point", "coordinates": [ -89.92034, 14.03341 ] } },
{ "type": "Feature", "properties": { "id": "3339", "n": "P/S AZULCO", "t": "PUESTO DE SALUD", "m": "JALPATAGUA" }, "geometry": { "type": "Point", "coordinates": [ -90.05193, 14.0816 ] } },
{ "type": "Feature", "properties": { "id": "3340", "n": "P/S SAN IXTAN", "t": "PUESTO DE SALUD", "m": "JALPATAGUA" }, "geometry": { "type": "Point", "coordinates": [ -90.0188, 14.17853 ] } },
{ "type": "Feature", "properties": { "id": "3287", "n": "C/S COMAPA", "t": "CENTRO DE SALUD", "m": "COMAPA" }, "geometry": { "type": "Point", "coordinates": [ -89.91171, 14.11195 ] } },
{ "type": "Feature", "properties": { "id": "3289", "n": "CC CAPARROZA", "t": "CENTRO CONVERGENCIA", "m": "COMAPA" }, "geometry": { "type": "Point", "coordinates": [ -89.88891, 14.15138 ] } },
{ "type": "Feature", "properties": { "id": "3288", "n": "P/S ESTANZUELA", "t": "PUESTO DE SALUD", "m": "COMAPA" }, "geometry": { "type": "Point", "coordinates": [ -89.86986, 14.08528 ] } },
{ "type": "Feature", "properties": { "id": "3314", "n": "C/S ATESCATEMPA", "t": "CENTRO DE SALUD", "m": "ATESCATEMPA" }, "geometry": { "type": "Point", "coordinates": [ -89.73827, 14.17619 ] } },
{ "type": "Feature", "properties": { "id": "3316", "n": "P/S EL NARANJO", "t": "PUESTO DE SALUD", "m": "ATESCATEMPA" }, "geometry": { "type": "Point", "coordinates": [ -89.712, 14.14013 ] } },
{ "type": "Feature", "properties": { "id": "3315", "n": "P/S CONTEPEQUE", "t": "PUESTO DE SALUD", "m": "ATESCATEMPA" }, "geometry": { "type": "Point", "coordinates": [ -89.74709, 14.13292 ] } },
{ "type": "Feature", "properties": { "id": "3321", "n": "P/S LA ESMERALDA, JEREZ", "t": "PUESTO DE SALUD", "m": "JEREZ" }, "geometry": { "type": "Point", "coordinates": [ -89.76619, 14.0909 ] } },
{ "type": "Feature", "properties": { "id": "3320", "n": "P/S JEREZ", "t": "PUESTO DE SALUD", "m": "JEREZ" }, "geometry": { "type": "Point", "coordinates": [ -89.75051, 14.0892 ] } },
{ "type": "Feature", "properties": { "id": "3317", "n": "P/S HORCONES", "t": "PUESTO DE SALUD", "m": "ATESCATEMPA" }, "geometry": { "type": "Point", "coordinates": [ -89.74194, 14.21976 ] } },
{ "type": "Feature", "properties": { "id": "3318", "n": "P/S SAN CRISTOBAL", "t": "PUESTO DE SALUD", "m": "ATESCATEMPA" }, "geometry": { "type": "Point", "coordinates": [ -89.66874, 14.18552 ] } },
{ "type": "Feature", "properties": { "id": "3332", "n": "P/S EL JICARO", "t": "PUESTO DE SALUD", "m": "YUPILTEPEQUE" }, "geometry": { "type": "Point", "coordinates": [ -89.77587, 14.14822 ] } },
{ "type": "Feature", "properties": { "id": "3331", "n": "C/S YULINTEPEQUE", "t": "CENTRO DE SALUD", "m": "YUPILTEPEQUE" }, "geometry": { "type": "Point", "coordinates": [ -89.78969, 14.19229 ] } },
{ "type": "Feature", "properties": { "id": "3251", "n": "DAS", "t": "DIRECCION AREA SALUD", "m": "JUTIAPA" }, "geometry": { "type": "Point", "coordinates": [ -89.88814, 14.28661 ] } },
{ "type": "Feature", "properties": { "id": "3253", "n": "C/S JUTIAPA", "t": "CENTRO DE SALUD", "m": "JUTIAPA" }, "geometry": { "type": "Point", "coordinates": [ -89.88889, 14.28726 ] } },
{ "type": "Feature", "properties": { "id": "3252", "n": "HOSPITAL NACIONAL DE JUTIAPA", "t": "HOSPITAL", "m": "JUTIAPA" }, "geometry": { "type": "Point", "coordinates": [ -89.88877, 14.28762 ] } },
{ "type": "Feature", "properties": { "id": "3254", "n": "P/S AMAYITO", "t": "PUESTO DE SALUD", "m": "JUTIAPA" }, "geometry": { "type": "Point", "coordinates": [ -89.9531, 14.2751 ] } },
{ "type": "Feature", "properties": { "id": "3260", "n": "P/S MATILISGUATE", "t": "PUESTO DE SALUD", "m": "JUTIAPA" }, "geometry": { "type": "Point", "coordinates": [ -89.79118, 14.34484 ] } },
{ "type": "Feature", "properties": { "id": "3256", "n": "P/S CANOAS", "t": "PUESTO DE SALUD", "m": "JUTIAPA" }, "geometry": { "type": "Point", "coordinates": [ -89.80599, 14.32709 ] } },
{ "type": "Feature", "properties": { "id": "3257", "n": "P/S ENCINO GACHO", "t": "PUESTO DE SALUD", "m": "JUTIAPA" }, "geometry": { "type": "Point", "coordinates": [ -89.89964, 14.41021 ] } },
{ "type": "Feature", "properties": { "id": "3336", "n": "P/S OVEJERO", "t": "PUESTO DE SALUD", "m": "EL PROGRESO" }, "geometry": { "type": "Point", "coordinates": [ -89.86761, 14.43903 ] } },
{ "type": "Feature", "properties": { "id": "3334", "n": "C/S EL PROGRESO", "t": "CENTRO DE SALUD", "m": "EL PROGRESO" }, "geometry": { "type": "Point", "coordinates": [ -89.85074, 14.35651 ] } },
{ "type": "Feature", "properties": { "id": "3335", "n": "P/S ACEQUIA", "t": "PUESTO DE SALUD", "m": "EL PROGRESO" }, "geometry": { "type": "Point", "coordinates": [ -89.85859, 14.32727 ] } },
{ "type": "Feature", "properties": { "id": "3263", "n": "CC TRANCAS I", "t": "CENTRO CONVERGENCIA", "m": "JUTIAPA" }, "geometry": { "type": "Point", "coordinates": [ -89.87746, 14.26565 ] } },
{ "type": "Feature", "properties": { "id": "3369", "n": "IGSS", "t": "IGSS", "m": "JUTIAPA" }, "geometry": { "type": "Point", "coordinates": [ -89.89785, 14.29569 ] } },
{ "type": "Feature", "properties": { "id": "3261", "n": "P/S MATILISGUATE S. M.", "t": "PUESTO DE SALUD", "m": "JUTIAPA" }, "geometry": { "type": "Point", "coordinates": [ -89.95575, 14.19072 ] } },
{ "type": "Feature", "properties": { "id": "3262", "n": "P/S VALENCIA", "t": "PUESTO DE SALUD", "m": "JUTIAPA" }, "geometry": { "type": "Point", "coordinates": [ -89.97325, 14.40776 ] } },
{ "type": "Feature", "properties": { "id": "3270", "n": "CC DURAZNO", "t": "CENTRO CONVERGENCIA", "m": "JUTIAPA" }, "geometry": { "type": "Point", "coordinates": [ -90.0281, 14.39264 ] } },
{ "type": "Feature", "properties": { "id": "3267", "n": "CC BOTADERO", "t": "CENTRO CONVERGENCIA", "m": "JUTIAPA" }, "geometry": { "type": "Point", "coordinates": [ -90.02579, 14.40795 ] } },
{ "type": "Feature", "properties": { "id": "3271", "n": "CC CIENEGUILLA", "t": "CENTRO CONVERGENCIA", "m": "JUTIAPA" }, "geometry": { "type": "Point", "coordinates": [ -90.03479, 14.40954 ] } },
{ "type": "Feature", "properties": { "id": "3269", "n": "CC ANONOS", "t": "CENTRO CONVERGENCIA", "m": "JUTIAPA" }, "geometry": { "type": "Point", "coordinates": [ -90.00164, 14.39373 ] } },
{ "type": "Feature", "properties": { "id": "3266", "n": "CC PERLA", "t": "CENTRO CONVERGENCIA", "m": "JUTIAPA" }, "geometry": { "type": "Point", "coordinates": [ -89.97902, 14.3638 ] } },
{ "type": "Feature", "properties": { "id": "3265", "n": "CC PILAS", "t": "CENTRO CONVERGENCIA", "m": "JUTIAPA" }, "geometry": { "type": "Point", "coordinates": [ -89.80713, 14.2508 ] } },
{ "type": "Feature", "properties": { "id": "3264", "n": "CC SAN JOSE BUENA VISTA", "t": "CENTRO CONVERGENCIA", "m": "JUTIAPA" }, "geometry": { "type": "Point", "coordinates": [ -89.81581, 14.25471 ] } },
{ "type": "Feature", "properties": { "id": "3354", "n": "C/S QUESADA", "t": "CENTRO DE SALUD", "m": "QUESADA" }, "geometry": { "type": "Point", "coordinates": [ -90.04019, 14.26767 ] } },
{ "type": "Feature", "properties": { "id": "3355", "n": "P/S SANTA GERTRUDIS", "t": "PUESTO DE SALUD", "m": "QUESADA" }, "geometry": { "type": "Point", "coordinates": [ -90.03642, 14.31665 ] } },
{ "type": "Feature", "properties": { "id": "3268", "n": "CC CIPRES", "t": "CENTRO CONVERGENCIA", "m": "JUTIAPA" }, "geometry": { "type": "Point", "coordinates": [ -90.04424, 14.34995 ] } },
{ "type": "Feature", "properties": { "id": "3357", "n": "C/S SAN JOSE ACATEMPA", "t": "CENTRO DE SALUD", "m": "SAN JOSE ACATEMPA" }, "geometry": { "type": "Point", "coordinates": [ -90.1266, 14.26181 ] } },
{ "type": "Feature", "properties": { "id": "3358", "n": "P/S LA CEIBITA", "t": "PUESTO DE SALUD", "m": "SAN JOSE ACATEMPA" }, "geometry": { "type": "Point", "coordinates": [ -90.0674, 14.24716 ] } },
{ "type": "Feature", "properties": { "id": "3273", "n": "C/S ASUNCION MITA", "t": "CENTRO DE SALUD", "m": "ASUNCION MITA" }, "geometry": { "type": "Point", "coordinates": [ -89.71086, 14.3277 ] } },
{ "type": "Feature", "properties": { "id": "3371", "n": "IGSS", "t": "IGSS", "m": "ASUNCION MITA" }, "geometry": { "type": "Point", "coordinates": [ -89.70816, 14.33477 ] } },
{ "type": "Feature", "properties": { "id": "3276", "n": "P/S CERRO BLANCO", "t": "PUESTO DE SALUD", "m": "ASUNCION MITA" }, "geometry": { "type": "Point", "coordinates": [ -89.66564, 14.36676 ] } },
{ "type": "Feature", "properties": { "id": "3283", "n": "CC TRAPICHE VARGAS", "t": "CENTRO CONVERGENCIA", "m": "ASUNCION MITA" }, "geometry": { "type": "Point", "coordinates": [ -89.63917, 14.33941 ] } },
{ "type": "Feature", "properties": { "id": "3274", "n": "P/S ANGUIATU FRONTERA", "t": "PUESTO DE SALUD", "m": "ASUNCION MITA" }, "geometry": { "type": "Point", "coordinates": [ -89.57743, 14.35186 ] } },
{ "type": "Feature", "properties": { "id": "3278", "n": "P/S ESTANZUELA", "t": "PUESTO DE SALUD", "m": "ASUNCION MITA" }, "geometry": { "type": "Point", "coordinates": [ -89.73422, 14.36662 ] } },
{ "type": "Feature", "properties": { "id": "3284", "n": "CC GUEVARA", "t": "CENTRO CONVERGENCIA", "m": "ASUNCION MITA" }, "geometry": { "type": "Point", "coordinates": [ -89.75679, 14.35446 ] } },
{ "type": "Feature", "properties": { "id": "3275", "n": "P/S ASUNCION GRANDE", "t": "PUESTO DE SALUD", "m": "ASUNCION MITA" }, "geometry": { "type": "Point", "coordinates": [ -89.78075, 14.33163 ] } },
{ "type": "Feature", "properties": { "id": "3294", "n": "C/S AGUA BLANCA", "t": "CENTRO DE SALUD", "m": "AGUA BLANCA" }, "geometry": { "type": "Point", "coordinates": [ -89.65927, 14.49227 ] } },
{ "type": "Feature", "properties": { "id": "3310", "n": "CC RONCON GRANDE", "t": "CENTRO CONVERGENCIA", "m": "AGUA BLANCA" }, "geometry": { "type": "Point", "coordinates": [ -89.5617, 14.44322 ] } },
{ "type": "Feature", "properties": { "id": "3303", "n": "CC SANTA BARBARA", "t": "CENTRO CONVERGENCIA", "m": "AGUA BLANCA" }, "geometry": { "type": "Point", "coordinates": [ -89.55597, 14.42041 ] } },
{ "type": "Feature", "properties": { "id": "3306", "n": "CC CERRO GORDO", "t": "CENTRO CONVERGENCIA", "m": "AGUA BLANCA" }, "geometry": { "type": "Point", "coordinates": [ -89.6017, 14.44148 ] } },
{ "type": "Feature", "properties": { "id": "3295", "n": "P/S CAÑAS", "t": "PUESTO DE SALUD", "m": "AGUA BLANCA" }, "geometry": { "type": "Point", "coordinates": [ -89.54725, 14.47044 ] } },
{ "type": "Feature", "properties": { "id": "3296", "n": "P/S LA CIMA", "t": "PUESTO DE SALUD", "m": "AGUA BLANCA" }, "geometry": { "type": "Point", "coordinates": [ -89.60771, 14.46551 ] } },
{ "type": "Feature", "properties": { "id": "3300", "n": "P/S TEMPISQUE", "t": "PUESTO DE SALUD", "m": "AGUA BLANCA" }, "geometry": { "type": "Point", "coordinates": [ -89.6277, 14.49414 ] } },
{ "type": "Feature", "properties": { "id": "3297", "n": "P/S OBRAJUELO", "t": "PUESTO DE SALUD", "m": "AGUA BLANCA" }, "geometry": { "type": "Point", "coordinates": [ -89.63628, 14.45573 ] } },
{ "type": "Feature", "properties": { "id": "3298", "n": "P/S PAPALHUAPA", "t": "PUESTO DE SALUD", "m": "AGUA BLANCA" }, "geometry": { "type": "Point", "coordinates": [ -89.63699, 14.43908 ] } },
{ "type": "Feature", "properties": { "id": "3299", "n": "P/S SANTA GERTRUDIS", "t": "PUESTO DE SALUD", "m": "AGUA BLANCA" }, "geometry": { "type": "Point", "coordinates": [ -89.61142, 14.40598 ] } },
{ "type": "Feature", "properties": { "id": "3309", "n": "CC PINUELA", "t": "CENTRO CONVERGENCIA", "m": "AGUA BLANCA" }, "geometry": { "type": "Point", "coordinates": [ -89.58421, 14.41977 ] } },
{ "type": "Feature", "properties": { "id": "3305", "n": "CC TALQUEZAL", "t": "CENTRO CONVERGENCIA", "m": "AGUA BLANCA" }, "geometry": { "type": "Point", "coordinates": [ -89.51505, 14.41191 ] } },
{ "type": "Feature", "properties": { "id": "3311", "n": "CC LLANO SANTIAGO", "t": "CENTRO CONVERGENCIA", "m": "AGUA BLANCA" }, "geometry": { "type": "Point", "coordinates": [ -89.57904, 14.45531 ] } },
{ "type": "Feature", "properties": { "id": "3308", "n": "CC TUNA", "t": "CENTRO CONVERGENCIA", "m": "AGUA BLANCA" }, "geometry": { "type": "Point", "coordinates": [ -89.67811, 14.45185 ] } },
{ "type": "Feature", "properties": { "id": "3301", "n": "CC MONTERICO", "t": "CENTRO CONVERGENCIA", "m": "AGUA BLANCA" }, "geometry": { "type": "Point", "coordinates": [ -89.64347, 14.53872 ] } },
{ "type": "Feature", "properties": { "id": "3302", "n": "CC PARADA", "t": "CENTRO CONVERGENCIA", "m": "AGUA BLANCA" }, "geometry": { "type": "Point", "coordinates": [ -89.62325, 14.54164 ] } },
{ "type": "Feature", "properties": { "id": "3360", "n": "C/S SANTA CATARINA MITA", "t": "CENTRO DE SALUD", "m": "SANTA CATARINA MITA" }, "geometry": { "type": "Point", "coordinates": [ -89.74562, 14.44765 ] } },
{ "type": "Feature", "properties": { "id": "3362", "n": "P/S HORCONES", "t": "PUESTO DE SALUD", "m": "SANTA CATARINA MITA" }, "geometry": { "type": "Point", "coordinates": [ -89.78331, 14.43939 ] } },
{ "type": "Feature", "properties": { "id": "3361", "n": "P/S ALDEA NUEVA", "t": "PUESTO DE SALUD", "m": "SANTA CATARINA MITA" }, "geometry": { "type": "Point", "coordinates": [ -89.80081, 14.42554 ] } },
{ "type": "Feature", "properties": { "id": "3363", "n": "P/S JOCOTE DULCE", "t": "PUESTO DE SALUD", "m": "SANTA CATARINA MITA" }, "geometry": { "type": "Point", "coordinates": [ -89.82363, 14.47768 ] } },
{ "type": "Feature", "properties": { "id": "3364", "n": "P/S EL LIMON", "t": "PUESTO DE SALUD", "m": "SANTA CATARINA MITA" }, "geometry": { "type": "Point", "coordinates": [ -89.80421, 14.38356 ] } },
{ "type": "Feature", "properties": { "id": "3366", "n": "P/S CARBONERA", "t": "PUESTO DE SALUD", "m": "SANTA CATARINA MITA" }, "geometry": { "type": "Point", "coordinates": [ -89.77556, 14.36982 ] } },
{ "type": "Feature", "properties": { "id": "3365", "n": "P/S LA BARRANCA", "t": "PUESTO DE SALUD", "m": "SANTA CATARINA MITA" }, "geometry": { "type": "Point", "coordinates": [ -89.73245, 14.42343 ] } },
{ "type": "Feature", "properties": { "id": "2502", "n": "C/S CANTEL", "t": "CENTRO DE SALUD", "m": "CANTEL" }, "geometry": { "type": "Point", "coordinates": [ -91.45521, 14.81274 ] } },
{ "type": "Feature", "properties": { "id": "2504", "n": "P/S XECAM", "t": "PUESTO DE SALUD", "m": "CANTEL" }, "geometry": { "type": "Point", "coordinates": [ -91.43394, 14.81213 ] } },
{ "type": "Feature", "properties": { "id": "2593", "n": "P/S PACHAJ", "t": "PUESTO DE SALUD", "m": "CANTEL" }, "geometry": { "type": "Point", "coordinates": [ -91.45337, 14.83051 ] } },
{ "type": "Feature", "properties": { "id": "2500", "n": "C/S ALMOLONGA", "t": "CENTRO DE SALUD", "m": "ALMOLONGA" }, "geometry": { "type": "Point", "coordinates": [ -91.4946, 14.81358 ] } },
{ "type": "Feature", "properties": { "id": "2513", "n": "C/S ZUNIL", "t": "CENTRO DE SALUD", "m": "ZUNIL" }, "geometry": { "type": "Point", "coordinates": [ -91.48421, 14.78394 ] } },
{ "type": "Feature", "properties": { "id": "2514", "n": "P/S LA ESTANCIA DE LA CRUZ", "t": "PUESTO DE SALUD", "m": "ZUNIL" }, "geometry": { "type": "Point", "coordinates": [ -91.50812, 14.75064 ] } },
{ "type": "Feature", "properties": { "id": "2515", "n": "P/S SANTA MARIA DE JESUS", "t": "PUESTO DE SALUD", "m": "ZUNIL" }, "geometry": { "type": "Point", "coordinates": [ -91.52572, 14.72266 ] } },
{ "type": "Feature", "properties": { "id": "2526", "n": "C/S EL PALMAR", "t": "CENTRO DE SALUD", "m": "EL PALMAR" }, "geometry": { "type": "Point", "coordinates": [ -91.55878, 14.64543 ] } },
{ "type": "Feature", "properties": { "id": "2528", "n": "P/S CALAHUACHE", "t": "PUESTO DE SALUD", "m": "EL PALMAR" }, "geometry": { "type": "Point", "coordinates": [ -91.55188, 14.67027 ] } },
{ "type": "Feature", "properties": { "id": "2534", "n": "CC ALDEA BELEN", "t": "CENTRO CONVERGENCIA", "m": "EL PALMAR" }, "geometry": { "type": "Point", "coordinates": [ -91.56058, 14.66486 ] } },
{ "type": "Feature", "properties": { "id": "2533", "n": "CC LAS MARIAS", "t": "CENTRO CONVERGENCIA", "m": "EL PALMAR" }, "geometry": { "type": "Point", "coordinates": [ -91.57968, 14.65133 ] } },
{ "type": "Feature", "properties": { "id": "2536", "n": "CC LA ALIANZA", "t": "CENTRO CONVERGENCIA", "m": "EL PALMAR" }, "geometry": { "type": "Point", "coordinates": [ -91.64397, 14.66893 ] } },
{ "type": "Feature", "properties": { "id": "2535", "n": "CC ESPERANZA MIRALTA", "t": "CENTRO CONVERGENCIA", "m": "EL PALMAR" }, "geometry": { "type": "Point", "coordinates": [ -91.65613, 14.6819 ] } },
{ "type": "Feature", "properties": { "id": "2598", "n": "P/S SAN ANTONIO", "t": "PUESTO DE SALUD", "m": "EL PALMAR" }, "geometry": { "type": "Point", "coordinates": [ -91.65412, 14.6871 ] } },
{ "type": "Feature", "properties": { "id": "2529", "n": "P/S NIMINA", "t": "PUESTO DE SALUD", "m": "EL PALMAR" }, "geometry": { "type": "Point", "coordinates": [ -91.6628, 14.65023 ] } },
{ "type": "Feature", "properties": { "id": "2530", "n": "CC EL TINECO", "t": "CENTRO CONVERGENCIA", "m": "EL PALMAR" }, "geometry": { "type": "Point", "coordinates": [ -91.65883, 14.66251 ] } },
{ "type": "Feature", "properties": { "id": "2531", "n": "CC MONTE MARGARITA", "t": "CENTRO CONVERGENCIA", "m": "EL PALMAR" }, "geometry": { "type": "Point", "coordinates": [ -91.66507, 14.65535 ] } },
{ "type": "Feature", "properties": { "id": "2532", "n": "CC GUADALUPE VICTORIA", "t": "CENTRO CONVERGENCIA", "m": "EL PALMAR" }, "geometry": { "type": "Point", "coordinates": [ -91.65513, 14.6468 ] } },
{ "type": "Feature", "properties": { "id": "2597", "n": "CRUZ ROJA", "t": "CRUZ ROJA", "m": "EL PALMAR" }, "geometry": { "type": "Point", "coordinates": [ -91.55682, 14.64772 ] } },
{ "type": "Feature", "properties": { "id": "2562", "n": "C/S GENOVA COSTA CUCA", "t": "CENTRO DE SALUD", "m": "GENOVA" }, "geometry": { "type": "Point", "coordinates": [ -91.83297, 14.62414 ] } },
{ "type": "Feature", "properties": { "id": "2567", "n": "P/S ALDEA GUADALUPE", "t": "PUESTO DE SALUD", "m": "GENOVA" }, "geometry": { "type": "Point", "coordinates": [ -91.84553, 14.59844 ] } },
{ "type": "Feature", "properties": { "id": "2571", "n": "CC COMUNIDAD AGRARIA ARIZONA", "t": "CENTRO CONVERGENCIA", "m": "GENOVA" }, "geometry": { "type": "Point", "coordinates": [ -91.89806, 14.56352 ] } },
{ "type": "Feature", "properties": { "id": "2603", "n": "P/S ALDEA BOLIVAR", "t": "PUESTO DE SALUD", "m": "GENOVA" }, "geometry": { "type": "Point", "coordinates": [ -91.85574, 14.56195 ] } },
{ "type": "Feature", "properties": { "id": "2569", "n": "P/S ALDEA LA PAZ", "t": "PUESTO DE SALUD", "m": "GENOVA" }, "geometry": { "type": "Point", "coordinates": [ -91.83251, 14.58969 ] } },
{ "type": "Feature", "properties": { "id": "2563", "n": "P/S PARCELAMIENTO EL REPOSO A", "t": "PUESTO DE SALUD", "m": "GENOVA" }, "geometry": { "type": "Point", "coordinates": [ -91.87135, 14.52343 ] } },
{ "type": "Feature", "properties": { "id": "2573", "n": "CC SAN ROQUE", "t": "CENTRO CONVERGENCIA", "m": "GENOVA" }, "geometry": { "type": "Point", "coordinates": [ -91.90562, 14.51499 ] } },
{ "type": "Feature", "properties": { "id": "2572", "n": "CC COMUNIDAD AGRARIA Y CORONADO", "t": "CENTRO CONVERGENCIA", "m": "GENOVA" }, "geometry": { "type": "Point", "coordinates": [ -91.80644, 14.50891 ] } },
{ "type": "Feature", "properties": { "id": "2564", "n": "P/S PARCELAMIENTO EL REPOSO B", "t": "PUESTO DE SALUD", "m": "GENOVA" }, "geometry": { "type": "Point", "coordinates": [ -91.82208, 14.53784 ] } },
{ "type": "Feature", "properties": { "id": "2568", "n": "P/S SAN MIGUELITO", "t": "PUESTO DE SALUD", "m": "GENOVA" }, "geometry": { "type": "Point", "coordinates": [ -91.80443, 14.58079 ] } },
{ "type": "Feature", "properties": { "id": "2566", "n": "P/S MORAZAN", "t": "PUESTO DE SALUD", "m": "GENOVA" }, "geometry": { "type": "Point", "coordinates": [ -91.79705, 14.61457 ] } },
{ "type": "Feature", "properties": { "id": "2604", "n": "P/S SECTOR MENDEZ", "t": "PUESTO DE SALUD", "m": "GENOVA" }, "geometry": { "type": "Point", "coordinates": [ -91.81747, 14.62183 ] } },
{ "type": "Feature", "properties": { "id": "2570", "n": "CC CASERIO MORELIA", "t": "CENTRO CONVERGENCIA", "m": "GENOVA" }, "geometry": { "type": "Point", "coordinates": [ -91.80717, 14.64498 ] } },
{ "type": "Feature", "properties": { "id": "2565", "n": "P/S EL ROSARIO", "t": "PUESTO DE SALUD", "m": "GENOVA" }, "geometry": { "type": "Point", "coordinates": [ -91.82, 14.64177 ] } },
{ "type": "Feature", "properties": { "id": "2437", "n": "C/S SALCAJA", "t": "CENTRO DE SALUD", "m": "SALCAJA" }, "geometry": { "type": "Point", "coordinates": [ -91.45691, 14.87971 ] } },
{ "type": "Feature", "properties": { "id": "2439", "n": "C/S OLINTEPEQUE", "t": "CENTRO DE SALUD", "m": "OLINTEPEQUE" }, "geometry": { "type": "Point", "coordinates": [ -91.51418, 14.88639 ] } },
{ "type": "Feature", "properties": { "id": "2440", "n": "CC LA CUMBRE", "t": "CENTRO CONVERGENCIA", "m": "OLINTEPEQUE" }, "geometry": { "type": "Point", "coordinates": [ -91.51784, 14.91156 ] } },
{ "type": "Feature", "properties": { "id": "2607", "n": "CC LA LIBERTAD", "t": "CENTRO CONVERGENCIA", "m": "OLINTEPEQUE" }, "geometry": { "type": "Point", "coordinates": [ -91.5101, 14.87904 ] } },
{ "type": "Feature", "properties": { "id": "2606", "n": "CC CHUISUT", "t": "CENTRO CONVERGENCIA", "m": "OLINTEPEQUE" }, "geometry": { "type": "Point", "coordinates": [ -91.56303, 14.89018 ] } },
{ "type": "Feature", "properties": { "id": "2577", "n": "C/S LA ESPERANZA", "t": "CENTRO DE SALUD", "m": "LA ESPERANZA" }, "geometry": { "type": "Point", "coordinates": [ -91.56206, 14.87149 ] } },
{ "type": "Feature", "properties": { "id": "2488", "n": "P/S SAN MATEO", "t": "PUESTO DE SALUD", "m": "SAN MATEO" }, "geometry": { "type": "Point", "coordinates": [ -91.59006, 14.85815 ] } },
{ "type": "Feature", "properties": { "id": "2491", "n": "CC DURAZNALES", "t": "CENTRO CONVERGENCIA", "m": "CONCEPCION CHIQUIRICHAPA" }, "geometry": { "type": "Point", "coordinates": [ -91.60082, 14.85841 ] } },
{ "type": "Feature", "properties": { "id": "2490", "n": "C/S CONCEPCION CHIQUIRICHAPA", "t": "CENTRO DE SALUD", "m": "CONCEPCION CHIQUIRICHAPA" }, "geometry": { "type": "Point", "coordinates": [ -91.61916, 14.85953 ] } },
{ "type": "Feature", "properties": { "id": "2492", "n": "CC TOJCHAN", "t": "CENTRO CONVERGENCIA", "m": "CONCEPCION CHIQUIRICHAPA" }, "geometry": { "type": "Point", "coordinates": [ -91.64006, 14.84736 ] } },
{ "type": "Feature", "properties": { "id": "2591", "n": "CRUZ ROJA", "t": "CRUZ ROJA", "m": "CONCEPCION CHIQUIRICHAPA" }, "geometry": { "type": "Point", "coordinates": [ -91.62595, 14.8554 ] } },
{ "type": "Feature", "properties": { "id": "2494", "n": "C/S SAN MARTIN SACATEPEQUEZ", "t": "CENTRO DE SALUD", "m": "SAN MARTIN SACATEPEQUEZ" }, "geometry": { "type": "Point", "coordinates": [ -91.64244, 14.82418 ] } },
{ "type": "Feature", "properties": { "id": "2495", "n": "P/S MIRAMAR", "t": "PUESTO DE SALUD", "m": "SAN MARTIN SACATEPEQUEZ" }, "geometry": { "type": "Point", "coordinates": [ -91.68161, 14.75332 ] } },
{ "type": "Feature", "properties": { "id": "2517", "n": "C/S COLOMBA", "t": "CENTRO DE SALUD", "m": "COLOMBA" }, "geometry": { "type": "Point", "coordinates": [ -91.73175, 14.70633 ] } },
{ "type": "Feature", "properties": { "id": "2518", "n": "P/S LAS MERCEDES", "t": "PUESTO DE SALUD", "m": "COLOMBA" }, "geometry": { "type": "Point", "coordinates": [ -91.76557, 14.70633 ] } },
{ "type": "Feature", "properties": { "id": "2596", "n": "IGSS", "t": "IGSS", "m": "COLOMBA" }, "geometry": { "type": "Point", "coordinates": [ -91.73921, 14.70879 ] } },
{ "type": "Feature", "properties": { "id": "2594", "n": "P/S COMUNIDAD AGRARIA EL PENSAMIENTO", "t": "PUESTO DE SALUD", "m": "COLOMBA" }, "geometry": { "type": "Point", "coordinates": [ -91.73244, 14.76606 ] } },
{ "type": "Feature", "properties": { "id": "2520", "n": "P/S LA MOCA", "t": "PUESTO DE SALUD", "m": "COLOMBA" }, "geometry": { "type": "Point", "coordinates": [ -91.76429, 14.7727 ] } },
{ "type": "Feature", "properties": { "id": "2496", "n": "P/S SANTA ANITA", "t": "PUESTO DE SALUD", "m": "SAN MARTIN SACATEPEQUEZ" }, "geometry": { "type": "Point", "coordinates": [ -91.72705, 14.78485 ] } },
{ "type": "Feature", "properties": { "id": "2519", "n": "P/S LA FLORIDA", "t": "PUESTO DE SALUD", "m": "COLOMBA" }, "geometry": { "type": "Point", "coordinates": [ -91.75587, 14.75147 ] } },
{ "type": "Feature", "properties": { "id": "2575", "n": "C/S FLORES COSTA CUCA", "t": "CENTRO DE SALUD", "m": "FLORES COSTA CUCA" }, "geometry": { "type": "Point", "coordinates": [ -91.82564, 14.65629 ] } },
{ "type": "Feature", "properties": { "id": "2555", "n": "CC CASERIO LA AYUDA", "t": "CENTRO CONVERGENCIA", "m": "COATEPEQUE" }, "geometry": { "type": "Point", "coordinates": [ -91.91146, 14.587 ] } },
{ "type": "Feature", "properties": { "id": "2553", "n": "CC CASERIO EL SOCORRO", "t": "CENTRO CONVERGENCIA", "m": "COATEPEQUE" }, "geometry": { "type": "Point", "coordinates": [ -91.89976, 14.61524 ] } },
{ "type": "Feature", "properties": { "id": "2558", "n": "CC SAN RAFAEL PACAYA I SECTOR I", "t": "CENTRO CONVERGENCIA", "m": "COATEPEQUE" }, "geometry": { "type": "Point", "coordinates": [ -91.92406, 14.62596 ] } },
{ "type": "Feature", "properties": { "id": "2560", "n": "CC EL POMAL", "t": "CENTRO CONVERGENCIA", "m": "COATEPEQUE" }, "geometry": { "type": "Point", "coordinates": [ -92.00287, 14.54443 ] } },
{ "type": "Feature", "properties": { "id": "2556", "n": "CC PARCELAMIENTO EL PITAL", "t": "CENTRO CONVERGENCIA", "m": "COATEPEQUE" }, "geometry": { "type": "Point", "coordinates": [ -91.93862, 14.65904 ] } },
{ "type": "Feature", "properties": { "id": "2557", "n": "CC EL REFUGIO", "t": "CENTRO CONVERGENCIA", "m": "COATEPEQUE" }, "geometry": { "type": "Point", "coordinates": [ -91.91329, 14.66026 ] } },
{ "type": "Feature", "properties": { "id": "2550", "n": "CC SAN FRANCISCO JULAIN", "t": "CENTRO CONVERGENCIA", "m": "COATEPEQUE" }, "geometry": { "type": "Point", "coordinates": [ -92.01409, 14.66159 ] } },
{ "type": "Feature", "properties": { "id": "2543", "n": "P/S RANCHO GRANDE", "t": "PUESTO DE SALUD", "m": "COATEPEQUE" }, "geometry": { "type": "Point", "coordinates": [ -92.0175, 14.66463 ] } },
{ "type": "Feature", "properties": { "id": "2552", "n": "CC SANTA MARIA EL NARANJO", "t": "CENTRO CONVERGENCIA", "m": "COATEPEQUE" }, "geometry": { "type": "Point", "coordinates": [ -92.05795, 14.6847 ] } },
{ "type": "Feature", "properties": { "id": "2544", "n": "P/S MONTECRISTO", "t": "PUESTO DE SALUD", "m": "COATEPEQUE" }, "geometry": { "type": "Point", "coordinates": [ -92.1075, 14.64278 ] } },
{ "type": "Feature", "properties": { "id": "2559", "n": "CC SANJON SECO", "t": "CENTRO CONVERGENCIA", "m": "COATEPEQUE" }, "geometry": { "type": "Point", "coordinates": [ -92.04659, 14.67274 ] } },
{ "type": "Feature", "properties": { "id": "2554", "n": "CC CASERIO JALISCO", "t": "CENTRO CONVERGENCIA", "m": "COATEPEQUE" }, "geometry": { "type": "Point", "coordinates": [ -91.9478, 14.67208 ] } },
{ "type": "Feature", "properties": { "id": "2538", "n": "HOSPITAL NACIONAL DR. JJ ORTEGA", "t": "HOSPITAL", "m": "COATEPEQUE" }, "geometry": { "type": "Point", "coordinates": [ -91.86953, 14.69914 ] } },
{ "type": "Feature", "properties": { "id": "2539", "n": "C/S COATEPEQUE", "t": "CENTRO DE SALUD", "m": "COATEPEQUE" }, "geometry": { "type": "Point", "coordinates": [ -91.86882, 14.69948 ] } },
{ "type": "Feature", "properties": { "id": "2542", "n": "P/S NUEVA CHUATUJ", "t": "PUESTO DE SALUD", "m": "COATEPEQUE" }, "geometry": { "type": "Point", "coordinates": [ -91.8792, 14.67555 ] } },
{ "type": "Feature", "properties": { "id": "2546", "n": "P/S SAN RAFAEL PACAYA", "t": "PUESTO DE SALUD", "m": "COATEPEQUE" }, "geometry": { "type": "Point", "coordinates": [ -91.92886, 14.62724 ] } },
{ "type": "Feature", "properties": { "id": "2547", "n": "P/S SAN VICENTE", "t": "PUESTO DE SALUD", "m": "COATEPEQUE" }, "geometry": { "type": "Point", "coordinates": [ -91.93507, 14.60695 ] } },
{ "type": "Feature", "properties": { "id": "2548", "n": "P/S EL TROJE", "t": "PUESTO DE SALUD", "m": "COATEPEQUE" }, "geometry": { "type": "Point", "coordinates": [ -91.97182, 14.5746 ] } },
{ "type": "Feature", "properties": { "id": "2549", "n": "P/S LOS ENCUENTROS", "t": "PUESTO DE SALUD", "m": "COATEPEQUE" }, "geometry": { "type": "Point", "coordinates": [ -92.02304, 14.56837 ] } },
{ "type": "Feature", "properties": { "id": "2541", "n": "P/S LAS PALMAS", "t": "PUESTO DE SALUD", "m": "COATEPEQUE" }, "geometry": { "type": "Point", "coordinates": [ -91.99594, 14.70249 ] } },
{ "type": "Feature", "properties": { "id": "2540", "n": "P/S BETHANIA", "t": "PUESTO DE SALUD", "m": "COATEPEQUE" }, "geometry": { "type": "Point", "coordinates": [ -91.9762, 14.68544 ] } },
{ "type": "Feature", "properties": { "id": "2545", "n": "P/S LA FELICIDAD", "t": "PUESTO DE SALUD", "m": "COATEPEQUE" }, "geometry": { "type": "Point", "coordinates": [ -91.97426, 14.65251 ] } },
{ "type": "Feature", "properties": { "id": "2599", "n": "CRUZ ROJA", "t": "CRUZ ROJA", "m": "COATEPEQUE" }, "geometry": { "type": "Point", "coordinates": [ -91.86504, 14.70363 ] } },
{ "type": "Feature", "properties": { "id": "2601", "n": "IGSS", "t": "IGSS", "m": "COATEPEQUE" }, "geometry": { "type": "Point", "coordinates": [ -91.85332, 14.70281 ] } },
{ "type": "Feature", "properties": { "id": "2602", "n": "APROFAM", "t": "APROFAM", "m": "COATEPEQUE" }, "geometry": { "type": "Point", "coordinates": [ -91.86285, 14.7052 ] } },
{ "type": "Feature", "properties": { "id": "2522", "n": "C/S SAN FRANCISCO LA UNION", "t": "CENTRO DE SALUD", "m": "SAN FRANCISCO LA UNION" }, "geometry": { "type": "Point", "coordinates": [ -91.54587, 14.92595 ] } },
{ "type": "Feature", "properties": { "id": "2524", "n": "CC PALA", "t": "CENTRO CONVERGENCIA", "m": "SAN FRANCISCO LA UNION" }, "geometry": { "type": "Point", "coordinates": [ -91.54609, 14.9324 ] } },
{ "type": "Feature", "properties": { "id": "2523", "n": "CC XEAJ", "t": "CENTRO CONVERGENCIA", "m": "SAN FRANCISCO LA UNION" }, "geometry": { "type": "Point", "coordinates": [ -91.55683, 14.93255 ] } },
{ "type": "Feature", "properties": { "id": "2442", "n": "C/S SAN CARLOS SIJA", "t": "CENTRO DE SALUD", "m": "SAN CARLOS SIJA" }, "geometry": { "type": "Point", "coordinates": [ -91.55197, 14.98547 ] } },
{ "type": "Feature", "properties": { "id": "2507", "n": "P/S CHORCALE", "t": "PUESTO DE SALUD", "m": "HUITAN" }, "geometry": { "type": "Point", "coordinates": [ -91.68148, 15.09027 ] } },
{ "type": "Feature", "properties": { "id": "2470", "n": "CC LA GRANDEZA", "t": "CENTRO CONVERGENCIA", "m": "CABRICAN" }, "geometry": { "type": "Point", "coordinates": [ -91.69368, 15.10778 ] } },
{ "type": "Feature", "properties": { "id": "2469", "n": "CC TUAJLAJ", "t": "CENTRO CONVERGENCIA", "m": "CABRICAN" }, "geometry": { "type": "Point", "coordinates": [ -91.67937, 15.07876 ] } },
{ "type": "Feature", "properties": { "id": "2458", "n": "C/S CABRICAN", "t": "CENTRO DE SALUD", "m": "CABRICAN" }, "geometry": { "type": "Point", "coordinates": [ -91.64307, 15.07422 ] } },
{ "type": "Feature", "properties": { "id": "2508", "n": "P/S EL CERRO", "t": "PUESTO DE SALUD", "m": "HUITAN" }, "geometry": { "type": "Point", "coordinates": [ -91.65057, 15.10771 ] } },
{ "type": "Feature", "properties": { "id": "2466", "n": "CC LOS ROJAS", "t": "CENTRO CONVERGENCIA", "m": "CABRICAN" }, "geometry": { "type": "Point", "coordinates": [ -91.67229, 15.10349 ] } },
{ "type": "Feature", "properties": { "id": "2462", "n": "CC BUENA VISTA EL CERRO", "t": "CENTRO CONVERGENCIA", "m": "CABRICAN" }, "geometry": { "type": "Point", "coordinates": [ -91.66941, 15.11429 ] } },
{ "type": "Feature", "properties": { "id": "2473", "n": "CC LA VEGA", "t": "CENTRO CONVERGENCIA", "m": "CABRICAN" }, "geometry": { "type": "Point", "coordinates": [ -91.68016, 15.12779 ] } },
{ "type": "Feature", "properties": { "id": "2467", "n": "CC EL DURAZNO", "t": "CENTRO CONVERGENCIA", "m": "CABRICAN" }, "geometry": { "type": "Point", "coordinates": [ -91.64737, 15.11993 ] } },
{ "type": "Feature", "properties": { "id": "2460", "n": "CC QUIQUIBAJ", "t": "CENTRO CONVERGENCIA", "m": "CABRICAN" }, "geometry": { "type": "Point", "coordinates": [ -91.66423, 15.13398 ] } },
{ "type": "Feature", "properties": { "id": "2509", "n": "P/S LA CIENEGA", "t": "PUESTO DE SALUD", "m": "HUITAN" }, "geometry": { "type": "Point", "coordinates": [ -91.62243, 15.09481 ] } },
{ "type": "Feature", "properties": { "id": "2468", "n": "CC LAS VENTANAS", "t": "CENTRO CONVERGENCIA", "m": "CABRICAN" }, "geometry": { "type": "Point", "coordinates": [ -91.61449, 15.10043 ] } },
{ "type": "Feature", "properties": { "id": "2461", "n": "CC EL XUX", "t": "CENTRO CONVERGENCIA", "m": "CABRICAN" }, "geometry": { "type": "Point", "coordinates": [ -91.63328, 15.14668 ] } },
{ "type": "Feature", "properties": { "id": "2471", "n": "CC EL RINCON", "t": "CENTRO CONVERGENCIA", "m": "CABRICAN" }, "geometry": { "type": "Point", "coordinates": [ -91.63626, 15.11979 ] } },
{ "type": "Feature", "properties": { "id": "2506", "n": "P/S HUITAN CENTRO", "t": "PUESTO DE SALUD", "m": "HUITAN" }, "geometry": { "type": "Point", "coordinates": [ -91.64023, 15.04847 ] } },
{ "type": "Feature", "properties": { "id": "2463", "n": "CC LOMA LINDA", "t": "CENTRO CONVERGENCIA", "m": "CABRICAN" }, "geometry": { "type": "Point", "coordinates": [ -91.64932, 15.05145 ] } },
{ "type": "Feature", "properties": { "id": "2510", "n": "P/S XACANA", "t": "PUESTO DE SALUD", "m": "HUITAN" }, "geometry": { "type": "Point", "coordinates": [ -91.66641, 15.04461 ] } },
{ "type": "Feature", "properties": { "id": "2511", "n": "P/S VIXBEN", "t": "PUESTO DE SALUD", "m": "HUITAN" }, "geometry": { "type": "Point", "coordinates": [ -91.65552, 15.03501 ] } },
{ "type": "Feature", "properties": { "id": "2464", "n": "CC LOMA DE VIXBEN", "t": "CENTRO CONVERGENCIA", "m": "CABRICAN" }, "geometry": { "type": "Point", "coordinates": [ -91.64898, 15.02414 ] } },
{ "type": "Feature", "properties": { "id": "2454", "n": "C/S SIVILIA", "t": "CENTRO DE SALUD", "m": "SIBILA" }, "geometry": { "type": "Point", "coordinates": [ -91.62488, 14.99135 ] } },
{ "type": "Feature", "properties": { "id": "2456", "n": "P/S LA UNION", "t": "PUESTO DE SALUD", "m": "SIBILA" }, "geometry": { "type": "Point", "coordinates": [ -91.64836, 14.99739 ] } },
{ "type": "Feature", "properties": { "id": "2455", "n": "P/S CHUICABAL", "t": "PUESTO DE SALUD", "m": "SIBILA" }, "geometry": { "type": "Point", "coordinates": [ -91.66524, 14.98341 ] } },
{ "type": "Feature", "properties": { "id": "2608", "n": "P/S PAXOJ-HUITAN", "t": "PUESTO DE SALUD", "m": "OLINTEPEQUE" }, "geometry": { "type": "Point", "coordinates": [ -91.63218, 15.05719 ] } },
{ "type": "Feature", "properties": { "id": "2465", "n": "CC TXEMUJ", "t": "CENTRO CONVERGENCIA", "m": "CABRICAN" }, "geometry": { "type": "Point", "coordinates": [ -91.60011, 15.06379 ] } },
{ "type": "Feature", "properties": { "id": "2459", "n": "CC HUITANCITO", "t": "CENTRO CONVERGENCIA", "m": "CABRICAN" }, "geometry": { "type": "Point", "coordinates": [ -91.62573, 15.03857 ] } },
{ "type": "Feature", "properties": { "id": "2446", "n": "P/S CALEL", "t": "PUESTO DE SALUD", "m": "SAN CARLOS SIJA" }, "geometry": { "type": "Point", "coordinates": [ -91.56773, 15.09254 ] } },
{ "type": "Feature", "properties": { "id": "2443", "n": "P/S AGUA CALIENTE", "t": "PUESTO DE SALUD", "m": "SAN CARLOS SIJA" }, "geometry": { "type": "Point", "coordinates": [ -91.56853, 15.13943 ] } },
{ "type": "Feature", "properties": { "id": "2444", "n": "P/S CHICAVAL", "t": "PUESTO DE SALUD", "m": "SAN CARLOS SIJA" }, "geometry": { "type": "Point", "coordinates": [ -91.53548, 15.13891 ] } },
{ "type": "Feature", "properties": { "id": "2447", "n": "CC MOGOTILLOS", "t": "CENTRO CONVERGENCIA", "m": "SAN CARLOS SIJA" }, "geometry": { "type": "Point", "coordinates": [ -91.58985, 15.11686 ] } },
{ "type": "Feature", "properties": { "id": "2449", "n": "CC ESQUIPULAS SEQUE", "t": "CENTRO CONVERGENCIA", "m": "SAN CARLOS SIJA" }, "geometry": { "type": "Point", "coordinates": [ -91.61203, 15.0046 ] } },
{ "type": "Feature", "properties": { "id": "2448", "n": "CC SAN JOSE CHICALQUIX", "t": "CENTRO CONVERGENCIA", "m": "SAN CARLOS SIJA" }, "geometry": { "type": "Point", "coordinates": [ -91.59568, 15.00367 ] } },
{ "type": "Feature", "properties": { "id": "2451", "n": "CC SAN FRANCISCO CHUATUJ", "t": "CENTRO CONVERGENCIA", "m": "SAN CARLOS SIJA" }, "geometry": { "type": "Point", "coordinates": [ -91.6051, 14.98421 ] } },
{ "type": "Feature", "properties": { "id": "2450", "n": "CC NUEVO SAN ANTONIO", "t": "CENTRO CONVERGENCIA", "m": "SAN CARLOS SIJA" }, "geometry": { "type": "Point", "coordinates": [ -91.55728, 15.01842 ] } },
{ "type": "Feature", "properties": { "id": "2452", "n": "CC CRUCES I", "t": "CENTRO CONVERGENCIA", "m": "SAN CARLOS SIJA" }, "geometry": { "type": "Point", "coordinates": [ -91.55224, 14.9548 ] } },
{ "type": "Feature", "properties": { "id": "2476", "n": "C/S CAJOLA", "t": "CENTRO DE SALUD", "m": "CAJOLA" }, "geometry": { "type": "Point", "coordinates": [ -91.61324, 14.9238 ] } },
{ "type": "Feature", "properties": { "id": "2478", "n": "P/S SAN MIGUEL SIGUILA", "t": "PUESTO DE SALUD", "m": "SAN MIGUEL SIGUILA" }, "geometry": { "type": "Point", "coordinates": [ -91.61549, 14.89539 ] } },
{ "type": "Feature", "properties": { "id": "2480", "n": "C/S SAN JUAN OSTUNCALCO", "t": "CENTRO DE SALUD", "m": "SAN JUAN OSTUNCALCO" }, "geometry": { "type": "Point", "coordinates": [ -91.6222, 14.87169 ] } },
{ "type": "Feature", "properties": { "id": "2483", "n": "P/S VARSOVIA", "t": "PUESTO DE SALUD", "m": "SAN JUAN OSTUNCALCO" }, "geometry": { "type": "Point", "coordinates": [ -91.63521, 14.89858 ] } },
{ "type": "Feature", "properties": { "id": "2486", "n": "CC LA UNION", "t": "CENTRO CONVERGENCIA", "m": "SAN JUAN OSTUNCALCO" }, "geometry": { "type": "Point", "coordinates": [ -91.64245, 14.90947 ] } },
{ "type": "Feature", "properties": { "id": "2481", "n": "P/S MONROVIA", "t": "PUESTO DE SALUD", "m": "SAN JUAN OSTUNCALCO" }, "geometry": { "type": "Point", "coordinates": [ -91.63375, 14.91165 ] } },
{ "type": "Feature", "properties": { "id": "2482", "n": "P/S LA VICTORIA", "t": "PUESTO DE SALUD", "m": "SAN JUAN OSTUNCALCO" }, "geometry": { "type": "Point", "coordinates": [ -91.65729, 14.90523 ] } },
{ "type": "Feature", "properties": { "id": "2484", "n": "P/S LAGUNA CUACHE", "t": "PUESTO DE SALUD", "m": "SAN JUAN OSTUNCALCO" }, "geometry": { "type": "Point", "coordinates": [ -91.67092, 14.89649 ] } },
{ "type": "Feature", "properties": { "id": "2485", "n": "P/S NUEVA CONCEPCION", "t": "PUESTO DE SALUD", "m": "SAN JUAN OSTUNCALCO" }, "geometry": { "type": "Point", "coordinates": [ -91.68842, 14.87819 ] } },
{ "type": "Feature", "properties": { "id": "2579", "n": "C/S PALESTINA DE LOS ALTOS", "t": "CENTRO DE SALUD", "m": "PALESTINA DE LOS ALTOS" }, "geometry": { "type": "Point", "coordinates": [ -91.69457, 14.93326 ] } },
{ "type": "Feature", "properties": { "id": "2580", "n": "P/S EL EDEN", "t": "PUESTO DE SALUD", "m": "PALESTINA DE LOS ALTOS" }, "geometry": { "type": "Point", "coordinates": [ -91.65926, 14.95468 ] } },
{ "type": "Feature", "properties": { "id": "2581", "n": "P/S SAN JOSE BUENA VISTA", "t": "PUESTO DE SALUD", "m": "PALESTINA DE LOS ALTOS" }, "geometry": { "type": "Point", "coordinates": [ -91.67481, 14.91862 ] } },
{ "type": "Feature", "properties": { "id": "2582", "n": "P/S EL CARMEN", "t": "PUESTO DE SALUD", "m": "PALESTINA DE LOS ALTOS" }, "geometry": { "type": "Point", "coordinates": [ -91.70086, 14.91376 ] } },
{ "type": "Feature", "properties": { "id": "2429", "n": "C/S DE QUETZALTENANGO", "t": "CENTRO DE SALUD", "m": "QUETZALTENANGO" }, "geometry": { "type": "Point", "coordinates": [ -91.51566, 14.84412 ] } },
{ "type": "Feature", "properties": { "id": "2584", "n": "IGSS", "t": "IGSS", "m": "QUETZALTENANGO" }, "geometry": { "type": "Point", "coordinates": [ -91.51728, 14.83802 ] } },
{ "type": "Feature", "properties": { "id": "2586", "n": "CRUZ ROJA", "t": "CRUZ ROJA", "m": "QUETZALTENANGO" }, "geometry": { "type": "Point", "coordinates": [ -91.51676, 14.83263 ] } },
{ "type": "Feature", "properties": { "id": "2585", "n": "APROFAM", "t": "APROFAM", "m": "QUETZALTENANGO" }, "geometry": { "type": "Point", "coordinates": [ -91.51497, 14.83469 ] } },
{ "type": "Feature", "properties": { "id": "2426", "n": "DAS", "t": "DIRECCION AREA SALUD", "m": "QUETZALTENANGO" }, "geometry": { "type": "Point", "coordinates": [ -91.5143, 14.8352 ] } },
{ "type": "Feature", "properties": { "id": "2428", "n": "HOSPITAL RODOLFO ROBLES", "t": "HOSPITAL", "m": "QUETZALTENANGO" }, "geometry": { "type": "Point", "coordinates": [ -91.52919, 14.83285 ] } },
{ "type": "Feature", "properties": { "id": "2427", "n": "HOSPITAL REGIONAL DE OCCIDENTE", "t": "HOSPITAL", "m": "QUETZALTENANGO" }, "geometry": { "type": "Point", "coordinates": [ -91.54004, 14.8588 ] } },
{ "type": "Feature", "properties": { "id": "2433", "n": "CC CANDELARIA", "t": "CENTRO CONVERGENCIA", "m": "QUETZALTENANGO" }, "geometry": { "type": "Point", "coordinates": [ -91.53149, 14.80249 ] } },
{ "type": "Feature", "properties": { "id": "2430", "n": "CC LLANO DEL PINAL I", "t": "CENTRO CONVERGENCIA", "m": "QUETZALTENANGO" }, "geometry": { "type": "Point", "coordinates": [ -91.54246, 14.79174 ] } },
{ "type": "Feature", "properties": { "id": "2431", "n": "CC LAS MAJADAS", "t": "CENTRO CONVERGENCIA", "m": "QUETZALTENANGO" }, "geometry": { "type": "Point", "coordinates": [ -91.52425, 14.76116 ] } },
{ "type": "Feature", "properties": { "id": "2432", "n": "CC XEPACHE", "t": "CENTRO CONVERGENCIA", "m": "QUETZALTENANGO" }, "geometry": { "type": "Point", "coordinates": [ -91.55253, 14.79396 ] } },
{ "type": "Feature", "properties": { "id": "2269", "n": "P/S XALBAL", "t": "PUESTO DE SALUD", "m": "IXCAN" }, "geometry": { "type": "Point", "coordinates": [ -90.99758, 15.87499 ] } },
{ "type": "Feature", "properties": { "id": "2285", "n": "C/C SANTA MARIA DE CANDELARIA", "t": "CENTRO CONVERGENCIA", "m": "IXCAN" }, "geometry": { "type": "Point", "coordinates": [ -91.05599, 15.85537 ] } },
{ "type": "Feature", "properties": { "id": "2266", "n": "P/S LOS VALLES", "t": "PUESTO DE SALUD", "m": "IXCAN" }, "geometry": { "type": "Point", "coordinates": [ -91.08914, 15.8023 ] } },
{ "type": "Feature", "properties": { "id": "2267", "n": "P/S MAYALAN", "t": "PUESTO DE SALUD", "m": "IXCAN" }, "geometry": { "type": "Point", "coordinates": [ -91.08873, 15.94485 ] } },
{ "type": "Feature", "properties": { "id": "2270", "n": "C/C CENTRO I", "t": "CENTRO CONVERGENCIA", "m": "IXCAN" }, "geometry": { "type": "Point", "coordinates": [ -91.13911, 15.91694 ] } },
{ "type": "Feature", "properties": { "id": "2278", "n": "C/C NUEVO CUCHUMATAN", "t": "CENTRO CONVERGENCIA", "m": "IXCAN" }, "geometry": { "type": "Point", "coordinates": [ -91.1118, 15.86237 ] } },
{ "type": "Feature", "properties": { "id": "2279", "n": "C/C PIEDRAS BLANCAS", "t": "CENTRO CONVERGENCIA", "m": "IXCAN" }, "geometry": { "type": "Point", "coordinates": [ -91.13278, 15.8326 ] } },
{ "type": "Feature", "properties": { "id": "2274", "n": "C/C NUEVO MALACATAN", "t": "CENTRO CONVERGENCIA", "m": "IXCAN" }, "geometry": { "type": "Point", "coordinates": [ -91.14253, 15.88475 ] } },
{ "type": "Feature", "properties": { "id": "2271", "n": "C/C CENTRO III", "t": "CENTRO CONVERGENCIA", "m": "IXCAN" }, "geometry": { "type": "Point", "coordinates": [ -91.10342, 15.9094 ] } },
{ "type": "Feature", "properties": { "id": "2237", "n": "C/C SANTA MARIA DOLORES", "t": "CENTRO CONVERGENCIA", "m": "IXCAN" }, "geometry": { "type": "Point", "coordinates": [ -90.88989, 15.8176 ] } },
{ "type": "Feature", "properties": { "id": "2230", "n": "P/S SANTA MARIA TZEJA", "t": "PUESTO DE SALUD", "m": "IXCAN" }, "geometry": { "type": "Point", "coordinates": [ -90.88697, 15.86771 ] } },
{ "type": "Feature", "properties": { "id": "2229", "n": "P/S SAN JOSE LA 20", "t": "PUESTO DE SALUD", "m": "IXCAN" }, "geometry": { "type": "Point", "coordinates": [ -90.83786, 15.91292 ] } },
{ "type": "Feature", "properties": { "id": "2248", "n": "P/S EL AFAN", "t": "PUESTO DE SALUD", "m": "IXCAN" }, "geometry": { "type": "Point", "coordinates": [ -90.75433, 15.92032 ] } },
{ "type": "Feature", "properties": { "id": "2259", "n": "C/C SANTA ANA", "t": "CENTRO CONVERGENCIA", "m": "IXCAN" }, "geometry": { "type": "Point", "coordinates": [ -90.77718, 15.9253 ] } },
{ "type": "Feature", "properties": { "id": "2238", "n": "C/C TRINITARIA", "t": "CENTRO CONVERGENCIA", "m": "IXCAN" }, "geometry": { "type": "Point", "coordinates": [ -90.80852, 15.94548 ] } },
{ "type": "Feature", "properties": { "id": "2228", "n": "C/S SANTA CLAR", "t": "CENTRO DE SALUD", "m": "IXCAN" }, "geometry": { "type": "Point", "coordinates": [ -90.90225, 16.02914 ] } },
{ "type": "Feature", "properties": { "id": "2236", "n": "C/C SAN JUAN LA XV", "t": "CENTRO CONVERGENCIA", "m": "IXCAN" }, "geometry": { "type": "Point", "coordinates": [ -90.83636, 16.01469 ] } },
{ "type": "Feature", "properties": { "id": "2235", "n": "C/C MONTE ALEGRE", "t": "CENTRO CONVERGENCIA", "m": "IXCAN" }, "geometry": { "type": "Point", "coordinates": [ -90.79359, 16.03607 ] } },
{ "type": "Feature", "properties": { "id": "2233", "n": "C/C EFRETA", "t": "CENTRO CONVERGENCIA", "m": "IXCAN" }, "geometry": { "type": "Point", "coordinates": [ -90.80472, 16.01639 ] } },
{ "type": "Feature", "properties": { "id": "2249", "n": "P/S SAN JUAN CHACTELA", "t": "PUESTO DE SALUD", "m": "IXCAN" }, "geometry": { "type": "Point", "coordinates": [ -90.85664, 15.75012 ] } },
{ "type": "Feature", "properties": { "id": "2251", "n": "C/C MARGARITAS COPON", "t": "CENTRO CONVERGENCIA", "m": "IXCAN" }, "geometry": { "type": "Point", "coordinates": [ -90.79966, 15.70236 ] } },
{ "type": "Feature", "properties": { "id": "2256", "n": "C/C RUMOR II", "t": "CENTRO CONVERGENCIA", "m": "IXCAN" }, "geometry": { "type": "Point", "coordinates": [ -90.83713, 15.70035 ] } },
{ "type": "Feature", "properties": { "id": "2258", "n": "C/C SAN MARCOS ROCNIMA", "t": "CENTRO CONVERGENCIA", "m": "IXCAN" }, "geometry": { "type": "Point", "coordinates": [ -90.80237, 15.73986 ] } },
{ "type": "Feature", "properties": { "id": "2255", "n": "C/C EL PROGRESO", "t": "CENTRO CONVERGENCIA", "m": "IXCAN" }, "geometry": { "type": "Point", "coordinates": [ -90.81221, 15.76818 ] } },
{ "type": "Feature", "properties": { "id": "2253", "n": "C/C NUEVA VIDA", "t": "CENTRO CONVERGENCIA", "m": "IXCAN" }, "geometry": { "type": "Point", "coordinates": [ -90.82172, 15.73822 ] } },
{ "type": "Feature", "properties": { "id": "2252", "n": "C/C NARANJAL", "t": "CENTRO CONVERGENCIA", "m": "IXCAN" }, "geometry": { "type": "Point", "coordinates": [ -90.8341, 15.74457 ] } },
{ "type": "Feature", "properties": { "id": "2250", "n": "C/C ESQUIPULAS", "t": "CENTRO CONVERGENCIA", "m": "IXCAN" }, "geometry": { "type": "Point", "coordinates": [ -90.83533, 15.75996 ] } },
{ "type": "Feature", "properties": { "id": "2289", "n": "C/C EL ESFUERZO", "t": "CENTRO CONVERGENCIA", "m": "IXCAN" }, "geometry": { "type": "Point", "coordinates": [ -90.83879, 15.78142 ] } },
{ "type": "Feature", "properties": { "id": "2262", "n": "C/C LAS FLORES", "t": "CENTRO CONVERGENCIA", "m": "IXCAN" }, "geometry": { "type": "Point", "coordinates": [ -90.86129, 15.79047 ] } },
{ "type": "Feature", "properties": { "id": "2257", "n": "C/C SAACTE I", "t": "CENTRO CONVERGENCIA", "m": "IXCAN" }, "geometry": { "type": "Point", "coordinates": [ -90.81961, 15.78758 ] } },
{ "type": "Feature", "properties": { "id": "2254", "n": "C/C PRIMAVERA DEL IXCAN", "t": "CENTRO CONVERGENCIA", "m": "IXCAN" }, "geometry": { "type": "Point", "coordinates": [ -90.78444, 15.80587 ] } },
{ "type": "Feature", "properties": { "id": "2247", "n": "P/S TZETUN", "t": "PUESTO DE SALUD", "m": "IXCAN" }, "geometry": { "type": "Point", "coordinates": [ -90.77244, 15.82717 ] } },
{ "type": "Feature", "properties": { "id": "2261", "n": "C/C VILLA HERMOSA", "t": "CENTRO CONVERGENCIA", "m": "IXCAN" }, "geometry": { "type": "Point", "coordinates": [ -90.79884, 15.8468 ] } },
{ "type": "Feature", "properties": { "id": "2260", "n": "C/C VERGEL I", "t": "CENTRO CONVERGENCIA", "m": "IXCAN" }, "geometry": { "type": "Point", "coordinates": [ -90.74779, 15.87255 ] } },
{ "type": "Feature", "properties": { "id": "2232", "n": "C/C BRISAS DEL TZEJA", "t": "CENTRO CONVERGENCIA", "m": "IXCAN" }, "geometry": { "type": "Point", "coordinates": [ -90.8078, 15.88978 ] } },
{ "type": "Feature", "properties": { "id": "2234", "n": "C/C ESIJA", "t": "CENTRO CONVERGENCIA", "m": "IXCAN" }, "geometry": { "type": "Point", "coordinates": [ -90.75632, 16.05236 ] } },
{ "type": "Feature", "properties": { "id": "2242", "n": "C/C CAROLINA", "t": "CENTRO CONVERGENCIA", "m": "IXCAN" }, "geometry": { "type": "Point", "coordinates": [ -90.73468, 16.04954 ] } },
{ "type": "Feature", "properties": { "id": "2240", "n": "C/S INGENIEROS", "t": "CENTRO DE SALUD", "m": "IXCAN" }, "geometry": { "type": "Point", "coordinates": [ -90.64399, 16.05759 ] } },
{ "type": "Feature", "properties": { "id": "2246", "n": "C/C SANTA CRUZ", "t": "CENTRO CONVERGENCIA", "m": "IXCAN" }, "geometry": { "type": "Point", "coordinates": [ -90.54074, 16.06154 ] } },
{ "type": "Feature", "properties": { "id": "2244", "n": "C/C NUEVO PARAISO", "t": "CENTRO CONVERGENCIA", "m": "IXCAN" }, "geometry": { "type": "Point", "coordinates": [ -90.47286, 16.05937 ] } },
{ "type": "Feature", "properties": { "id": "2241", "n": "P/S LAS MINAS", "t": "PUESTO DE SALUD", "m": "IXCAN" }, "geometry": { "type": "Point", "coordinates": [ -90.4902, 16.04543 ] } },
{ "type": "Feature", "properties": { "id": "2245", "n": "C/C SAN JACOBO I", "t": "CENTRO CONVERGENCIA", "m": "IXCAN" }, "geometry": { "type": "Point", "coordinates": [ -90.5816, 16.03899 ] } },
{ "type": "Feature", "properties": { "id": "2243", "n": "C/C NUEVA MAQUINA", "t": "CENTRO CONVERGENCIA", "m": "IXCAN" }, "geometry": { "type": "Point", "coordinates": [ -90.54392, 16.00027 ] } },
{ "type": "Feature", "properties": { "id": "2231", "n": "P/S SAN LUCAS", "t": "PUESTO DE SALUD", "m": "IXCAN" }, "geometry": { "type": "Point", "coordinates": [ -90.89154, 15.96646 ] } },
{ "type": "Feature", "properties": { "id": "2277", "n": "C/C LOS ANGELAS", "t": "CENTRO CONVERGENCIA", "m": "IXCAN" }, "geometry": { "type": "Point", "coordinates": [ -91.06458, 16.04788 ] } },
{ "type": "Feature", "properties": { "id": "2275", "n": "C/C FLOR DEL NORTE", "t": "CENTRO CONVERGENCIA", "m": "IXCAN" }, "geometry": { "type": "Point", "coordinates": [ -91.11364, 16.0207 ] } },
{ "type": "Feature", "properties": { "id": "2264", "n": "P/S CUARTO PUEBLO", "t": "PUESTO DE SALUD", "m": "IXCAN" }, "geometry": { "type": "Point", "coordinates": [ -90.9807, 16.03806 ] } },
{ "type": "Feature", "properties": { "id": "2263", "n": "C/S RESURECCION", "t": "CENTRO DE SALUD", "m": "IXCAN" }, "geometry": { "type": "Point", "coordinates": [ -91.0048, 15.97582 ] } },
{ "type": "Feature", "properties": { "id": "2283", "n": "C/C SAN LORENZO", "t": "CENTRO CONVERGENCIA", "m": "IXCAN" }, "geometry": { "type": "Point", "coordinates": [ -91.02733, 15.90884 ] } },
{ "type": "Feature", "properties": { "id": "2276", "n": "C/C FLOR TODOSANTERA", "t": "CENTRO CONVERGENCIA", "m": "IXCAN" }, "geometry": { "type": "Point", "coordinates": [ -91.00844, 15.93051 ] } },
{ "type": "Feature", "properties": { "id": "2227", "n": "C/S PLAYA GRANDE", "t": "CENTRO DE SALUD", "m": "IXCAN" }, "geometry": { "type": "Point", "coordinates": [ -90.74399, 15.97354 ] } },
{ "type": "Feature", "properties": { "id": "2268", "n": "P/S SANTIAGO IXCAN", "t": "PUESTO DE SALUD", "m": "IXCAN" }, "geometry": { "type": "Point", "coordinates": [ -90.98376, 15.80299 ] } },
{ "type": "Feature", "properties": { "id": "2282", "n": "C/C SAN JUAN IXCAN", "t": "CENTRO CONVERGENCIA", "m": "IXCAN" }, "geometry": { "type": "Point", "coordinates": [ -90.987, 15.76445 ] } },
{ "type": "Feature", "properties": { "id": "2272", "n": "C/C CIMIENTOS DE LA ESPERANZA", "t": "CENTRO CONVERGENCIA", "m": "IXCAN" }, "geometry": { "type": "Point", "coordinates": [ -90.90771, 15.73368 ] } },
{ "type": "Feature", "properties": { "id": "2281", "n": "C/C SAN ANTONIO CHIQUITO", "t": "CENTRO CONVERGENCIA", "m": "IXCAN" }, "geometry": { "type": "Point", "coordinates": [ -90.91621, 15.71144 ] } },
{ "type": "Feature", "properties": { "id": "2286", "n": "C/C SANTA MARIA SOMOCOCH", "t": "CENTRO CONVERGENCIA", "m": "IXCAN" }, "geometry": { "type": "Point", "coordinates": [ -90.89221, 15.73123 ] } },
{ "type": "Feature", "properties": { "id": "2284", "n": "C/C SANTA ELENA COPON", "t": "CENTRO CONVERGENCIA", "m": "IXCAN" }, "geometry": { "type": "Point", "coordinates": [ -90.87232, 15.7056 ] } },
{ "type": "Feature", "properties": { "id": "2265", "n": "P/S LOS COPONES", "t": "PUESTO DE SALUD", "m": "IXCAN" }, "geometry": { "type": "Point", "coordinates": [ -90.89311, 15.71291 ] } },
{ "type": "Feature", "properties": { "id": "1853", "n": "C/S CHICHE", "t": "CENTRO DE SALUD", "m": "CHICHE" }, "geometry": { "type": "Point", "coordinates": [ -91.06738, 15.0101 ] } },
{ "type": "Feature", "properties": { "id": "1857", "n": "C/C CHUPOJ II", "t": "CENTRO CONVERGENCIA", "m": "CHICHE" }, "geometry": { "type": "Point", "coordinates": [ -91.04218, 14.98005 ] } },
{ "type": "Feature", "properties": { "id": "1854", "n": "P/S LAGUNA SECA", "t": "PUESTO DE SALUD", "m": "CHICHE" }, "geometry": { "type": "Point", "coordinates": [ -91.01124, 14.96356 ] } },
{ "type": "Feature", "properties": { "id": "1855", "n": "C/C CHOYOMCHE II", "t": "CENTRO CONVERGENCIA", "m": "CHICHE" }, "geometry": { "type": "Point", "coordinates": [ -90.97207, 14.96786 ] } },
{ "type": "Feature", "properties": { "id": "1861", "n": "C/C CAMPO ALEGRE", "t": "CENTRO CONVERGENCIA", "m": "CHICHE" }, "geometry": { "type": "Point", "coordinates": [ -90.9645, 14.97542 ] } },
{ "type": "Feature", "properties": { "id": "1859", "n": "C/C TULUCHE I", "t": "CENTRO CONVERGENCIA", "m": "CHICHE" }, "geometry": { "type": "Point", "coordinates": [ -90.98067, 14.99618 ] } },
{ "type": "Feature", "properties": { "id": "1858", "n": "C/C RINCON DE LOS LEONES", "t": "CENTRO CONVERGENCIA", "m": "CHICHE" }, "geometry": { "type": "Point", "coordinates": [ -90.94554, 15.02621 ] } },
{ "type": "Feature", "properties": { "id": "1860", "n": "C/C CUCABAJ", "t": "CENTRO CONVERGENCIA", "m": "CHICHE" }, "geometry": { "type": "Point", "coordinates": [ -91.0496, 15.01244 ] } },
{ "type": "Feature", "properties": { "id": "1856", "n": "C/C CHUPOJ I", "t": "CENTRO CONVERGENCIA", "m": "CHICHE" }, "geometry": { "type": "Point", "coordinates": [ -91.04605, 14.96363 ] } },
{ "type": "Feature", "properties": { "id": "1795", "n": "C/S ZACUALPA", "t": "CENTRO DE SALUD", "m": "ZACUALPA" }, "geometry": { "type": "Point", "coordinates": [ -90.87834, 15.02438 ] } },
{ "type": "Feature", "properties": { "id": "1806", "n": "C/C TRAPICHITOS I", "t": "CENTRO CONVERGENCIA", "m": "ZACUALPA" }, "geometry": { "type": "Point", "coordinates": [ -90.86951, 15.04882 ] } },
{ "type": "Feature", "properties": { "id": "1803", "n": "C/C CHUCHUCA", "t": "CENTRO CONVERGENCIA", "m": "ZACUALPA" }, "geometry": { "type": "Point", "coordinates": [ -90.85112, 15.08163 ] } },
{ "type": "Feature", "properties": { "id": "1804", "n": "C/C XEJOX", "t": "CENTRO CONVERGENCIA", "m": "ZACUALPA" }, "geometry": { "type": "Point", "coordinates": [ -90.83347, 15.08082 ] } },
{ "type": "Feature", "properties": { "id": "1802", "n": "C/C PACOC", "t": "CENTRO CONVERGENCIA", "m": "ZACUALPA" }, "geometry": { "type": "Point", "coordinates": [ -90.86823, 15.0807 ] } },
{ "type": "Feature", "properties": { "id": "1801", "n": "C/C PASOJOC", "t": "CENTRO CONVERGENCIA", "m": "ZACUALPA" }, "geometry": { "type": "Point", "coordinates": [ -90.89021, 15.0906 ] } },
{ "type": "Feature", "properties": { "id": "2088", "n": "C/C CHIMATZATZ", "t": "CENTRO CONVERGENCIA", "m": "ZACUALPA" }, "geometry": { "type": "Point", "coordinates": [ -90.90158, 15.07193 ] } },
{ "type": "Feature", "properties": { "id": "1797", "n": "C/C XOLJIP", "t": "CENTRO CONVERGENCIA", "m": "ZACUALPA" }, "geometry": { "type": "Point", "coordinates": [ -90.91848, 15.08224 ] } },
{ "type": "Feature", "properties": { "id": "1799", "n": "C/C TURBALA", "t": "CENTRO CONVERGENCIA", "m": "ZACUALPA" }, "geometry": { "type": "Point", "coordinates": [ -90.88671, 15.06197 ] } },
{ "type": "Feature", "properties": { "id": "1813", "n": "C/C XICALCAL", "t": "CENTRO CONVERGENCIA", "m": "ZACUALPA" }, "geometry": { "type": "Point", "coordinates": [ -90.88494, 15.03937 ] } },
{ "type": "Feature", "properties": { "id": "1808", "n": "C/C TONALA", "t": "CENTRO CONVERGENCIA", "m": "ZACUALPA" }, "geometry": { "type": "Point", "coordinates": [ -90.89988, 15.04236 ] } },
{ "type": "Feature", "properties": { "id": "1814", "n": "C/C CHIXOCOL", "t": "CENTRO CONVERGENCIA", "m": "ZACUALPA" }, "geometry": { "type": "Point", "coordinates": [ -90.90178, 15.01879 ] } },
{ "type": "Feature", "properties": { "id": "1796", "n": "P/S SAN ANTONIO", "t": "PUESTO DE SALUD", "m": "ZACUALPA" }, "geometry": { "type": "Point", "coordinates": [ -90.9345, 15.04029 ] } },
{ "type": "Feature", "properties": { "id": "1809", "n": "C/C TUNAJA i", "t": "CENTRO CONVERGENCIA", "m": "ZACUALPA" }, "geometry": { "type": "Point", "coordinates": [ -90.85756, 15.02743 ] } },
{ "type": "Feature", "properties": { "id": "1812", "n": "C/C TUNAJA ii", "t": "CENTRO CONVERGENCIA", "m": "ZACUALPA" }, "geometry": { "type": "Point", "coordinates": [ -90.84758, 15.02725 ] } },
{ "type": "Feature", "properties": { "id": "1811", "n": "C/C LA VEGA", "t": "CENTRO CONVERGENCIA", "m": "ZACUALPA" }, "geometry": { "type": "Point", "coordinates": [ -90.86082, 15.01509 ] } },
{ "type": "Feature", "properties": { "id": "1810", "n": "C/C PIEDRAS BLANCAS", "t": "CENTRO CONVERGENCIA", "m": "ZACUALPA" }, "geometry": { "type": "Point", "coordinates": [ -90.85216, 14.99943 ] } },
{ "type": "Feature", "properties": { "id": "1807", "n": "C/C TRAPICHITOS II", "t": "CENTRO CONVERGENCIA", "m": "ZACUALPA" }, "geometry": { "type": "Point", "coordinates": [ -90.86883, 15.03816 ] } },
{ "type": "Feature", "properties": { "id": "1908", "n": "C/S CANILLA", "t": "CENTRO DE SALUD", "m": "CANILLA" }, "geometry": { "type": "Point", "coordinates": [ -90.8553, 15.16629 ] } },
{ "type": "Feature", "properties": { "id": "1916", "n": "C/C SABAQUIEJ", "t": "CENTRO CONVERGENCIA", "m": "CANILLA" }, "geometry": { "type": "Point", "coordinates": [ -90.86825, 15.19632 ] } },
{ "type": "Feature", "properties": { "id": "1910", "n": "C/C CHIMUL", "t": "CENTRO CONVERGENCIA", "m": "CANILLA" }, "geometry": { "type": "Point", "coordinates": [ -90.82738, 15.22265 ] } },
{ "type": "Feature", "properties": { "id": "1913", "n": "C/C HIERBA BUENA", "t": "CENTRO CONVERGENCIA", "m": "CANILLA" }, "geometry": { "type": "Point", "coordinates": [ -90.80392, 15.18412 ] } },
{ "type": "Feature", "properties": { "id": "1911", "n": "C/C EL RINCON", "t": "CENTRO CONVERGENCIA", "m": "CANILLA" }, "geometry": { "type": "Point", "coordinates": [ -90.84722, 15.14994 ] } },
{ "type": "Feature", "properties": { "id": "1909", "n": "C/C CHICHAJ", "t": "CENTRO CONVERGENCIA", "m": "CANILLA" }, "geometry": { "type": "Point", "coordinates": [ -90.81716, 15.12189 ] } },
{ "type": "Feature", "properties": { "id": "1830", "n": "C/C LILILLA I", "t": "CENTRO CONVERGENCIA", "m": "SAN ANDRES SAJCABAJA" }, "geometry": { "type": "Point", "coordinates": [ -90.89983, 15.17531 ] } },
{ "type": "Feature", "properties": { "id": "1816", "n": "C/S SAN ANDRES SAJCABAJA", "t": "CENTRO DE SALUD", "m": "SAN ANDRES SAJCABAJA" }, "geometry": { "type": "Point", "coordinates": [ -90.93918, 15.17505 ] } },
{ "type": "Feature", "properties": { "id": "1818", "n": "P/S CHINILLA", "t": "PUESTO DE SALUD", "m": "SAN ANDRES SAJCABAJA" }, "geometry": { "type": "Point", "coordinates": [ -90.88759, 15.20834 ] } },
{ "type": "Feature", "properties": { "id": "1827", "n": "C/C SACAJ", "t": "CENTRO CONVERGENCIA", "m": "SAN ANDRES SAJCABAJA" }, "geometry": { "type": "Point", "coordinates": [ -90.93875, 15.11066 ] } },
{ "type": "Feature", "properties": { "id": "1826", "n": "C/C PIEDRAS NEGRAS", "t": "CENTRO CONVERGENCIA", "m": "SAN ANDRES SAJCABAJA" }, "geometry": { "type": "Point", "coordinates": [ -90.96586, 15.09216 ] } },
{ "type": "Feature", "properties": { "id": "1823", "n": "C/C RIJUYUB", "t": "CENTRO CONVERGENCIA", "m": "SAN ANDRES SAJCABAJA" }, "geometry": { "type": "Point", "coordinates": [ -90.95559, 15.11401 ] } },
{ "type": "Feature", "properties": { "id": "1822", "n": "C/C LA CUMBRE", "t": "CENTRO CONVERGENCIA", "m": "SAN ANDRES SAJCABAJA" }, "geometry": { "type": "Point", "coordinates": [ -90.99957, 15.10987 ] } },
{ "type": "Feature", "properties": { "id": "1828", "n": "C/C XABAJ", "t": "CENTRO CONVERGENCIA", "m": "SAN ANDRES SAJCABAJA" }, "geometry": { "type": "Point", "coordinates": [ -90.95865, 15.13294 ] } },
{ "type": "Feature", "properties": { "id": "1819", "n": "C/C CHICAJAC", "t": "CENTRO CONVERGENCIA", "m": "SAN ANDRES SAJCABAJA" }, "geometry": { "type": "Point", "coordinates": [ -90.98687, 15.11642 ] } },
{ "type": "Feature", "properties": { "id": "1831", "n": "C/C PLATANAR", "t": "CENTRO CONVERGENCIA", "m": "SAN ANDRES SAJCABAJA" }, "geometry": { "type": "Point", "coordinates": [ -90.91079, 15.13464 ] } },
{ "type": "Feature", "properties": { "id": "1825", "n": "C/C PATZAC", "t": "CENTRO CONVERGENCIA", "m": "SAN ANDRES SAJCABAJA" }, "geometry": { "type": "Point", "coordinates": [ -90.90963, 15.20715 ] } },
{ "type": "Feature", "properties": { "id": "1897", "n": "C/C AGUILIX", "t": "CENTRO CONVERGENCIA", "m": "SANTA ROSA CHUJUYUB" }, "geometry": { "type": "Point", "coordinates": [ -91.00601, 15.10805 ] } },
{ "type": "Feature", "properties": { "id": "1901", "n": "C/C PACHOJ", "t": "CENTRO CONVERGENCIA", "m": "SANTA ROSA CHUJUYUB" }, "geometry": { "type": "Point", "coordinates": [ -91.02947, 15.09578 ] } },
{ "type": "Feature", "properties": { "id": "1900", "n": "C/C EL NARANJO", "t": "CENTRO CONVERGENCIA", "m": "SANTA ROSA CHUJUYUB" }, "geometry": { "type": "Point", "coordinates": [ -91.03355, 15.11375 ] } },
{ "type": "Feature", "properties": { "id": "1899", "n": "C/C CUCABAJ I", "t": "CENTRO CONVERGENCIA", "m": "SANTA ROSA CHUJUYUB" }, "geometry": { "type": "Point", "coordinates": [ -91.09296, 15.02288 ] } },
{ "type": "Feature", "properties": { "id": "1979", "n": "C/C CHOCORRAL", "t": "CENTRO CONVERGENCIA", "m": "CHICAMAN" }, "geometry": { "type": "Point", "coordinates": [ -90.74482, 15.43388 ] } },
{ "type": "Feature", "properties": { "id": "1980", "n": "C/C JUMUC", "t": "CENTRO CONVERGENCIA", "m": "CHICAMAN" }, "geometry": { "type": "Point", "coordinates": [ -90.74653, 15.44254 ] } },
{ "type": "Feature", "properties": { "id": "1981", "n": "C/C EL SOCH", "t": "CENTRO CONVERGENCIA", "m": "CHICAMAN" }, "geometry": { "type": "Point", "coordinates": [ -90.74829, 15.45233 ] } },
{ "type": "Feature", "properties": { "id": "1982", "n": "C/C NUEVA ESPERANZA", "t": "CENTRO CONVERGENCIA", "m": "CHICAMAN" }, "geometry": { "type": "Point", "coordinates": [ -90.72897, 15.44947 ] } },
{ "type": "Feature", "properties": { "id": "1983", "n": "C/C LA SOLEDAD", "t": "CENTRO CONVERGENCIA", "m": "CHICAMAN" }, "geometry": { "type": "Point", "coordinates": [ -90.72068, 15.44814 ] } },
{ "type": "Feature", "properties": { "id": "1978", "n": "C/C EL AMAY", "t": "CENTRO CONVERGENCIA", "m": "CHICAMAN" }, "geometry": { "type": "Point", "coordinates": [ -90.69436, 15.4613 ] } },
{ "type": "Feature", "properties": { "id": "1998", "n": "C/C CIPRESALES", "t": "CENTRO CONVERGENCIA", "m": "CHICAMAN" }, "geometry": { "type": "Point", "coordinates": [ -90.64871, 15.50363 ] } },
{ "type": "Feature", "properties": { "id": "2058", "n": "C/C LOTE 3", "t": "CENTRO CONVERGENCIA", "m": "CHICAMAN" }, "geometry": { "type": "Point", "coordinates": [ -90.6899, 15.52406 ] } },
{ "type": "Feature", "properties": { "id": "1984", "n": "C/C CUMBRE DEL AMAY", "t": "CENTRO CONVERGENCIA", "m": "CHICAMAN" }, "geometry": { "type": "Point", "coordinates": [ -90.71387, 15.46577 ] } },
{ "type": "Feature", "properties": { "id": "2226", "n": "DAS", "t": "DIRECCION AREA SALUD", "m": "IXCAN" }, "geometry": { "type": "Point", "coordinates": [ -90.77799, 15.98896 ] } },
{ "type": "Feature", "properties": { "id": "1948", "n": "C/C BUENA VISTA", "t": "CENTRO CONVERGENCIA", "m": "SACAPULAS" }, "geometry": { "type": "Point", "coordinates": [ -91.10972, 15.34577 ] } },
{ "type": "Feature", "properties": { "id": "1947", "n": "C/C CHUIXOCOL", "t": "CENTRO CONVERGENCIA", "m": "SACAPULAS" }, "geometry": { "type": "Point", "coordinates": [ -91.10444, 15.34119 ] } },
{ "type": "Feature", "properties": { "id": "1949", "n": "C/C RIO PAJARITO", "t": "CENTRO CONVERGENCIA", "m": "SACAPULAS" }, "geometry": { "type": "Point", "coordinates": [ -91.10551, 15.3318 ] } },
{ "type": "Feature", "properties": { "id": "1932", "n": "P/S SALINAS MAGDALENA", "t": "PUESTO DE SALUD", "m": "SACAPULAS" }, "geometry": { "type": "Point", "coordinates": [ -91.12657, 15.33651 ] } },
{ "type": "Feature", "properties": { "id": "1951", "n": "C/C MAGDALENA LA ABUNDANCIA", "t": "CENTRO CONVERGENCIA", "m": "SACAPULAS" }, "geometry": { "type": "Point", "coordinates": [ -91.13227, 15.33536 ] } },
{ "type": "Feature", "properties": { "id": "1950", "n": "C/C TIERRA CALIENTE", "t": "CENTRO CONVERGENCIA", "m": "SACAPULAS" }, "geometry": { "type": "Point", "coordinates": [ -91.14337, 15.32222 ] } },
{ "type": "Feature", "properties": { "id": "1955", "n": "C/C PRIMER CENTRO TIERRA COLORADA", "t": "CENTRO CONVERGENCIA", "m": "SACAPULAS" }, "geometry": { "type": "Point", "coordinates": [ -91.15135, 15.34368 ] } },
{ "type": "Feature", "properties": { "id": "1954", "n": "C/C LA MONTANA", "t": "CENTRO CONVERGENCIA", "m": "SACAPULAS" }, "geometry": { "type": "Point", "coordinates": [ -91.16625, 15.35136 ] } },
{ "type": "Feature", "properties": { "id": "1933", "n": "P/S PARRAXTUT", "t": "PUESTO DE SALUD", "m": "SACAPULAS" }, "geometry": { "type": "Point", "coordinates": [ -91.17383, 15.33958 ] } },
{ "type": "Feature", "properties": { "id": "1952", "n": "C/C PRIMER CENTRO RIO BLANCO", "t": "CENTRO CONVERGENCIA", "m": "SACAPULAS" }, "geometry": { "type": "Point", "coordinates": [ -91.16729, 15.32927 ] } },
{ "type": "Feature", "properties": { "id": "2100", "n": "C/C CUESTA DE AGUILA", "t": "CENTRO CONVERGENCIA", "m": "SACAPULAS" }, "geometry": { "type": "Point", "coordinates": [ -91.1839, 15.31155 ] } },
{ "type": "Feature", "properties": { "id": "1956", "n": "C/C PIE DE AGUILA", "t": "CENTRO CONVERGENCIA", "m": "SACAPULAS" }, "geometry": { "type": "Point", "coordinates": [ -91.16825, 15.30293 ] } },
{ "type": "Feature", "properties": { "id": "1957", "n": "C/C XECATALOJ", "t": "CENTRO CONVERGENCIA", "m": "SACAPULAS" }, "geometry": { "type": "Point", "coordinates": [ -91.08335, 15.29303 ] } },
{ "type": "Feature", "properties": { "id": "1919", "n": "C/S PACHALUM", "t": "CENTRO DE SALUD", "m": "PACHALUM" }, "geometry": { "type": "Point", "coordinates": [ -90.66653, 14.92661 ] } },
{ "type": "Feature", "properties": { "id": "1920", "n": "P/S CIPRES", "t": "PUESTO DE SALUD", "m": "PACHALUM" }, "geometry": { "type": "Point", "coordinates": [ -90.68347, 14.96417 ] } },
{ "type": "Feature", "properties": { "id": "2097", "n": "C/C PIEDRA BLANCA", "t": "CENTRO CONVERGENCIA", "m": "PACHALUM" }, "geometry": { "type": "Point", "coordinates": [ -90.63864, 14.92497 ] } },
{ "type": "Feature", "properties": { "id": "1929", "n": "C/S SACAPULAS", "t": "CENTRO DE SALUD", "m": "SACAPULAS" }, "geometry": { "type": "Point", "coordinates": [ -91.08897, 15.28879 ] } },
{ "type": "Feature", "properties": { "id": "1959", "n": "C/C CHAOJ", "t": "CENTRO CONVERGENCIA", "m": "SACAPULAS" }, "geometry": { "type": "Point", "coordinates": [ -91.06346, 15.28611 ] } },
{ "type": "Feature", "properties": { "id": "1971", "n": "C/C PAGUAYIL", "t": "CENTRO CONVERGENCIA", "m": "SACAPULAS" }, "geometry": { "type": "Point", "coordinates": [ -91.0692, 15.30474 ] } },
{ "type": "Feature", "properties": { "id": "1965", "n": "C/C PACUCH", "t": "CENTRO CONVERGENCIA", "m": "SACAPULAS" }, "geometry": { "type": "Point", "coordinates": [ -91.04535, 15.30794 ] } },
{ "type": "Feature", "properties": { "id": "1961", "n": "C/C CHIORNO", "t": "CENTRO CONVERGENCIA", "m": "SACAPULAS" }, "geometry": { "type": "Point", "coordinates": [ -91.0688, 15.31392 ] } },
{ "type": "Feature", "properties": { "id": "1962", "n": "C/C CHIXICAY", "t": "CENTRO CONVERGENCIA", "m": "SACAPULAS" }, "geometry": { "type": "Point", "coordinates": [ -91.08487, 15.31622 ] } },
{ "type": "Feature", "properties": { "id": "1970", "n": "C/C PASANEP ALTO", "t": "CENTRO CONVERGENCIA", "m": "SACAPULAS" }, "geometry": { "type": "Point", "coordinates": [ -91.0859, 15.2435 ] } },
{ "type": "Feature", "properties": { "id": "1969", "n": "C/C PANANEP BAJO", "t": "CENTRO CONVERGENCIA", "m": "SACAPULAS" }, "geometry": { "type": "Point", "coordinates": [ -91.098, 15.2605 ] } },
{ "type": "Feature", "properties": { "id": "1966", "n": "C/C SAN SEBASTIAN", "t": "CENTRO CONVERGENCIA", "m": "SACAPULAS" }, "geometry": { "type": "Point", "coordinates": [ -91.03945, 15.25933 ] } },
{ "type": "Feature", "properties": { "id": "1964", "n": "C/C CHUPACBALAM", "t": "CENTRO CONVERGENCIA", "m": "SACAPULAS" }, "geometry": { "type": "Point", "coordinates": [ -91.10897, 15.2369 ] } },
{ "type": "Feature", "properties": { "id": "1963", "n": "C/C PATULUP", "t": "CENTRO CONVERGENCIA", "m": "SACAPULAS" }, "geometry": { "type": "Point", "coordinates": [ -91.13571, 15.23224 ] } },
{ "type": "Feature", "properties": { "id": "1967", "n": "C/C PANARANJO", "t": "CENTRO CONVERGENCIA", "m": "SACAPULAS" }, "geometry": { "type": "Point", "coordinates": [ -91.18857, 15.22909 ] } },
{ "type": "Feature", "properties": { "id": "1968", "n": "C/C XECHILEY", "t": "CENTRO CONVERGENCIA", "m": "SACAPULAS" }, "geometry": { "type": "Point", "coordinates": [ -91.18029, 15.20939 ] } },
{ "type": "Feature", "properties": { "id": "1941", "n": "C/C XETABAL II", "t": "CENTRO CONVERGENCIA", "m": "SACAPULAS" }, "geometry": { "type": "Point", "coordinates": [ -91.15092, 15.24508 ] } },
{ "type": "Feature", "properties": { "id": "1943", "n": "C/C PASAUL TERCER CENTRO", "t": "CENTRO CONVERGENCIA", "m": "SACAPULAS" }, "geometry": { "type": "Point", "coordinates": [ -91.16313, 15.2521 ] } },
{ "type": "Feature", "properties": { "id": "1940", "n": "C/C RANCHO DE TEJA", "t": "CENTRO CONVERGENCIA", "m": "SACAPULAS" }, "geometry": { "type": "Point", "coordinates": [ -91.15792, 15.23427 ] } },
{ "type": "Feature", "properties": { "id": "1939", "n": "C/C CHACAGUEX", "t": "CENTRO CONVERGENCIA", "m": "SACAPULAS" }, "geometry": { "type": "Point", "coordinates": [ -91.16457, 15.22537 ] } },
{ "type": "Feature", "properties": { "id": "1944", "n": "C/C SAN JOSE SACA COTZIJ 1", "t": "CENTRO CONVERGENCIA", "m": "SACAPULAS" }, "geometry": { "type": "Point", "coordinates": [ -91.16707, 15.26752 ] } },
{ "type": "Feature", "properties": { "id": "1934", "n": "C/C TZUNULUL", "t": "CENTRO CONVERGENCIA", "m": "SACAPULAS" }, "geometry": { "type": "Point", "coordinates": [ -91.18044, 15.28208 ] } },
{ "type": "Feature", "properties": { "id": "1935", "n": "C/C GUANTAJAU", "t": "CENTRO CONVERGENCIA", "m": "SACAPULAS" }, "geometry": { "type": "Point", "coordinates": [ -91.18694, 15.28856 ] } },
{ "type": "Feature", "properties": { "id": "1938", "n": "C/C EL BALDIO", "t": "CENTRO CONVERGENCIA", "m": "SACAPULAS" }, "geometry": { "type": "Point", "coordinates": [ -91.20382, 15.26054 ] } },
{ "type": "Feature", "properties": { "id": "1937", "n": "C/C EL MATAZANO", "t": "CENTRO CONVERGENCIA", "m": "SACAPULAS" }, "geometry": { "type": "Point", "coordinates": [ -91.20931, 15.27878 ] } },
{ "type": "Feature", "properties": { "id": "1936", "n": "C/C EL LOCOTE", "t": "CENTRO CONVERGENCIA", "m": "SACAPULAS" }, "geometry": { "type": "Point", "coordinates": [ -91.21428, 15.28305 ] } },
{ "type": "Feature", "properties": { "id": "1931", "n": "P/S LLANO GRANDE", "t": "PUESTO DE SALUD", "m": "SACAPULAS" }, "geometry": { "type": "Point", "coordinates": [ -91.2267, 15.27199 ] } },
{ "type": "Feature", "properties": { "id": "1946", "n": "C/C CERRO NEGRO", "t": "CENTRO CONVERGENCIA", "m": "SACAPULAS" }, "geometry": { "type": "Point", "coordinates": [ -91.22051, 15.24298 ] } },
{ "type": "Feature", "properties": { "id": "1930", "n": "P/S RIO BLANCO", "t": "PUESTO DE SALUD", "m": "SACAPULAS" }, "geometry": { "type": "Point", "coordinates": [ -91.15034, 15.28363 ] } },
{ "type": "Feature", "properties": { "id": "1865", "n": "P/S EL PINAL", "t": "PUESTO DE SALUD", "m": "USPANTAN" }, "geometry": { "type": "Point", "coordinates": [ -90.77139, 15.40161 ] } },
{ "type": "Feature", "properties": { "id": "1872", "n": "P/S SAN MARCOS EL TRIUNFO", "t": "PUESTO DE SALUD", "m": "USPANTAN" }, "geometry": { "type": "Point", "coordinates": [ -90.79148, 15.64106 ] } },
{ "type": "Feature", "properties": { "id": "1876", "n": "C/C LA LAGUNITA", "t": "CENTRO CONVERGENCIA", "m": "USPANTAN" }, "geometry": { "type": "Point", "coordinates": [ -90.7403, 15.6246 ] } },
{ "type": "Feature", "properties": { "id": "1885", "n": "C/C EL OLIMPO", "t": "CENTRO CONVERGENCIA", "m": "USPANTAN" }, "geometry": { "type": "Point", "coordinates": [ -90.70773, 15.62351 ] } },
{ "type": "Feature", "properties": { "id": "1886", "n": "C/C TAMBORCITO", "t": "CENTRO CONVERGENCIA", "m": "USPANTAN" }, "geometry": { "type": "Point", "coordinates": [ -90.72717, 15.61248 ] } },
{ "type": "Feature", "properties": { "id": "1887", "n": "C/C CONCEPCION CHIGUATAL", "t": "CENTRO CONVERGENCIA", "m": "USPANTAN" }, "geometry": { "type": "Point", "coordinates": [ -90.70284, 15.60554 ] } },
{ "type": "Feature", "properties": { "id": "1890", "n": "C/C SAMUTZ SACRABINA", "t": "CENTRO CONVERGENCIA", "m": "USPANTAN" }, "geometry": { "type": "Point", "coordinates": [ -90.71172, 15.56635 ] } },
{ "type": "Feature", "properties": { "id": "2167", "n": "C/C CHEMAL I", "t": "CENTRO CONVERGENCIA", "m": "CHAJUL" }, "geometry": { "type": "Point", "coordinates": [ -90.96623, 15.48683 ] } },
{ "type": "Feature", "properties": { "id": "2168", "n": "C/C XETZE", "t": "CENTRO CONVERGENCIA", "m": "CHAJUL" }, "geometry": { "type": "Point", "coordinates": [ -91.01137, 15.47476 ] } },
{ "type": "Feature", "properties": { "id": "2170", "n": "C/C JUIL", "t": "CENTRO CONVERGENCIA", "m": "CHAJUL" }, "geometry": { "type": "Point", "coordinates": [ -91.0571, 15.52828 ] } },
{ "type": "Feature", "properties": { "id": "2171", "n": "C/C CHACALTE", "t": "CENTRO CONVERGENCIA", "m": "CHAJUL" }, "geometry": { "type": "Point", "coordinates": [ -91.08181, 15.50632 ] } },
{ "type": "Feature", "properties": { "id": "2186", "n": "C/C POMBALTZE", "t": "CENTRO CONVERGENCIA", "m": "CHAJUL" }, "geometry": { "type": "Point", "coordinates": [ -91.13808, 15.68793 ] } },
{ "type": "Feature", "properties": { "id": "2187", "n": "C/C SANTA EULALIA", "t": "CENTRO CONVERGENCIA", "m": "CHAJUL" }, "geometry": { "type": "Point", "coordinates": [ -91.11921, 15.71652 ] } },
{ "type": "Feature", "properties": { "id": "2161", "n": "(P/S) SANTA CECILIA LA PIMIENTA", "t": "PUESTO DE SALUD", "m": "CHAJUL" }, "geometry": { "type": "Point", "coordinates": [ -91.11307, 15.73909 ] } },
{ "type": "Feature", "properties": { "id": "2188", "n": "C/C XEMAC", "t": "CENTRO CONVERGENCIA", "m": "CHAJUL" }, "geometry": { "type": "Point", "coordinates": [ -91.11223, 15.61655 ] } },
{ "type": "Feature", "properties": { "id": "2153", "n": "C/C SAJSIBAN", "t": "CENTRO CONVERGENCIA", "m": "NEBAJ" }, "geometry": { "type": "Point", "coordinates": [ -91.14679, 15.62689 ] } },
{ "type": "Feature", "properties": { "id": "1749", "n": "HOSPITAL DISTRITAL JOYABAJ", "t": "HOSPITAL", "m": "JOYABAJ" }, "geometry": { "type": "Point", "coordinates": [ -90.79679, 14.98992 ] } },
{ "type": "Feature", "properties": { "id": "1752", "n": "P/S CAQUIL", "t": "PUESTO DE SALUD", "m": "JOYABAJ" }, "geometry": { "type": "Point", "coordinates": [ -90.743, 14.99889 ] } },
{ "type": "Feature", "properties": { "id": "1781", "n": "C/C XEBALANGUAC", "t": "CENTRO CONVERGENCIA", "m": "JOYABAJ" }, "geometry": { "type": "Point", "coordinates": [ -90.71258, 15.03173 ] } },
{ "type": "Feature", "properties": { "id": "1782", "n": "C/C XEPEPEN", "t": "CENTRO CONVERGENCIA", "m": "JOYABAJ" }, "geometry": { "type": "Point", "coordinates": [ -90.71489, 15.01132 ] } },
{ "type": "Feature", "properties": { "id": "1779", "n": "C/C CHIAJ", "t": "CENTRO CONVERGENCIA", "m": "JOYABAJ" }, "geometry": { "type": "Point", "coordinates": [ -90.71634, 14.98812 ] } },
{ "type": "Feature", "properties": { "id": "1780", "n": "C/C PALIBATZ", "t": "CENTRO CONVERGENCIA", "m": "JOYABAJ" }, "geometry": { "type": "Point", "coordinates": [ -90.72155, 14.95385 ] } },
{ "type": "Feature", "properties": { "id": "1751", "n": "P/S PASAGUAY", "t": "PUESTO DE SALUD", "m": "JOYABAJ" }, "geometry": { "type": "Point", "coordinates": [ -90.76077, 15.00271 ] } },
{ "type": "Feature", "properties": { "id": "1783", "n": "C/C SAJQUIM", "t": "CENTRO CONVERGENCIA", "m": "JOYABAJ" }, "geometry": { "type": "Point", "coordinates": [ -90.73851, 15.04189 ] } },
{ "type": "Feature", "properties": { "id": "1772", "n": "C/C TZITZIL", "t": "CENTRO CONVERGENCIA", "m": "JOYABAJ" }, "geometry": { "type": "Point", "coordinates": [ -90.75616, 15.01912 ] } },
{ "type": "Feature", "properties": { "id": "1771", "n": "C/C XEABAJ", "t": "CENTRO CONVERGENCIA", "m": "JOYABAJ" }, "geometry": { "type": "Point", "coordinates": [ -90.7557, 15.04038 ] } },
{ "type": "Feature", "properties": { "id": "1767", "n": "C/C PAJUYA", "t": "CENTRO CONVERGENCIA", "m": "JOYABAJ" }, "geometry": { "type": "Point", "coordinates": [ -90.77342, 15.0391 ] } },
{ "type": "Feature", "properties": { "id": "1766", "n": "C/C CHORRAXAJ", "t": "CENTRO CONVERGENCIA", "m": "JOYABAJ" }, "geometry": { "type": "Point", "coordinates": [ -90.78177, 15.0372 ] } },
{ "type": "Feature", "properties": { "id": "1768", "n": "C/C PATZULA", "t": "CENTRO CONVERGENCIA", "m": "JOYABAJ" }, "geometry": { "type": "Point", "coordinates": [ -90.7888, 15.04434 ] } },
{ "type": "Feature", "properties": { "id": "1774", "n": "C/C PAMUTZ", "t": "CENTRO CONVERGENCIA", "m": "JOYABAJ" }, "geometry": { "type": "Point", "coordinates": [ -90.77643, 15.00996 ] } },
{ "type": "Feature", "properties": { "id": "1756", "n": "C/C LA ESTANCIA", "t": "CENTRO CONVERGENCIA", "m": "JOYABAJ" }, "geometry": { "type": "Point", "coordinates": [ -90.8202, 14.97728 ] } },
{ "type": "Feature", "properties": { "id": "1757", "n": "C/C PAJARO DE PLATA", "t": "CENTRO CONVERGENCIA", "m": "JOYABAJ" }, "geometry": { "type": "Point", "coordinates": [ -90.78979, 14.96536 ] } },
{ "type": "Feature", "properties": { "id": "1755", "n": "C/C SAN JUAN LOS LLANOS", "t": "CENTRO CONVERGENCIA", "m": "JOYABAJ" }, "geometry": { "type": "Point", "coordinates": [ -90.75742, 14.94652 ] } },
{ "type": "Feature", "properties": { "id": "1754", "n": "C/C PARIACHE", "t": "CENTRO CONVERGENCIA", "m": "JOYABAJ" }, "geometry": { "type": "Point", "coordinates": [ -90.74338, 14.93113 ] } },
{ "type": "Feature", "properties": { "id": "1753", "n": "C/C SANTA ELENA CHICHO", "t": "CENTRO CONVERGENCIA", "m": "JOYABAJ" }, "geometry": { "type": "Point", "coordinates": [ -90.71384, 14.92213 ] } },
{ "type": "Feature", "properties": { "id": "1765", "n": "C/C CRUCES TUNAJA", "t": "CENTRO CONVERGENCIA", "m": "JOYABAJ" }, "geometry": { "type": "Point", "coordinates": [ -90.82556, 15.01041 ] } },
{ "type": "Feature", "properties": { "id": "1764", "n": "C/C CHIRIJTZAQ", "t": "CENTRO CONVERGENCIA", "m": "JOYABAJ" }, "geometry": { "type": "Point", "coordinates": [ -90.81671, 15.01778 ] } },
{ "type": "Feature", "properties": { "id": "1773", "n": "C/C SAMABAJ", "t": "CENTRO CONVERGENCIA", "m": "JOYABAJ" }, "geometry": { "type": "Point", "coordinates": [ -90.81833, 15.03846 ] } },
{ "type": "Feature", "properties": { "id": "1770", "n": "C/C ALCONA", "t": "CENTRO CONVERGENCIA", "m": "JOYABAJ" }, "geometry": { "type": "Point", "coordinates": [ -90.81153, 15.07354 ] } },
{ "type": "Feature", "properties": { "id": "1775", "n": "C/C CRUZ CHICH", "t": "CENTRO CONVERGENCIA", "m": "JOYABAJ" }, "geometry": { "type": "Point", "coordinates": [ -90.80282, 15.10226 ] } },
{ "type": "Feature", "properties": { "id": "1769", "n": "C/C XECNUP", "t": "CENTRO CONVERGENCIA", "m": "JOYABAJ" }, "geometry": { "type": "Point", "coordinates": [ -90.78918, 15.07414 ] } },
{ "type": "Feature", "properties": { "id": "1788", "n": "C/C RIO GRANDE PACHILIP", "t": "CENTRO CONVERGENCIA", "m": "JOYABAJ" }, "geometry": { "type": "Point", "coordinates": [ -90.80227, 14.92787 ] } },
{ "type": "Feature", "properties": { "id": "1758", "n": "C/C RIO GRANDE LOS LLANOS", "t": "CENTRO CONVERGENCIA", "m": "JOYABAJ" }, "geometry": { "type": "Point", "coordinates": [ -90.77783, 14.93247 ] } },
{ "type": "Feature", "properties": { "id": "1763", "n": "C/C CHUACORRAL", "t": "CENTRO CONVERGENCIA", "m": "JOYABAJ" }, "geometry": { "type": "Point", "coordinates": [ -90.85515, 14.98621 ] } },
{ "type": "Feature", "properties": { "id": "1750", "n": "P/S ESTANZUELA", "t": "PUESTO DE SALUD", "m": "JOYABAJ" }, "geometry": { "type": "Point", "coordinates": [ -90.87641, 14.98921 ] } },
{ "type": "Feature", "properties": { "id": "1761", "n": "C/C NIMCHAJ", "t": "CENTRO CONVERGENCIA", "m": "JOYABAJ" }, "geometry": { "type": "Point", "coordinates": [ -90.89015, 14.97941 ] } },
{ "type": "Feature", "properties": { "id": "1759", "n": "C/C EL TEMAL", "t": "CENTRO CONVERGENCIA", "m": "JOYABAJ" }, "geometry": { "type": "Point", "coordinates": [ -90.918, 14.98816 ] } },
{ "type": "Feature", "properties": { "id": "1760", "n": "C/C CIMIENTOS", "t": "CENTRO CONVERGENCIA", "m": "JOYABAJ" }, "geometry": { "type": "Point", "coordinates": [ -90.92589, 14.97566 ] } },
{ "type": "Feature", "properties": { "id": "1792", "n": "C/C TZALAM", "t": "CENTRO CONVERGENCIA", "m": "JOYABAJ" }, "geometry": { "type": "Point", "coordinates": [ -90.9093, 14.97529 ] } },
{ "type": "Feature", "properties": { "id": "1793", "n": "C/C CHUGERJA", "t": "CENTRO CONVERGENCIA", "m": "JOYABAJ" }, "geometry": { "type": "Point", "coordinates": [ -90.90816, 14.96575 ] } },
{ "type": "Feature", "properties": { "id": "1786", "n": "C/C BOQUEROM", "t": "CENTRO CONVERGENCIA", "m": "JOYABAJ" }, "geometry": { "type": "Point", "coordinates": [ -90.92114, 14.95276 ] } },
{ "type": "Feature", "properties": { "id": "1787", "n": "C/C LAS LOMAS", "t": "CENTRO CONVERGENCIA", "m": "JOYABAJ" }, "geometry": { "type": "Point", "coordinates": [ -90.89038, 14.95516 ] } },
{ "type": "Feature", "properties": { "id": "1790", "n": "C/C PERICON CH.", "t": "CENTRO CONVERGENCIA", "m": "JOYABAJ" }, "geometry": { "type": "Point", "coordinates": [ -90.86373, 14.95494 ] } },
{ "type": "Feature", "properties": { "id": "1789", "n": "C/C SAN ANTONIO LA", "t": "CENTRO CONVERGENCIA", "m": "JOYABAJ" }, "geometry": { "type": "Point", "coordinates": [ -90.85126, 14.95474 ] } },
{ "type": "Feature", "properties": { "id": "1791", "n": "C/C SAN LUIS LA C", "t": "CENTRO CONVERGENCIA", "m": "JOYABAJ" }, "geometry": { "type": "Point", "coordinates": [ -90.83873, 14.94084 ] } },
{ "type": "Feature", "properties": { "id": "1785", "n": "C/C LIMARES", "t": "CENTRO CONVERGENCIA", "m": "JOYABAJ" }, "geometry": { "type": "Point", "coordinates": [ -90.83912, 14.95294 ] } },
{ "type": "Feature", "properties": { "id": "1784", "n": "C/C AGUACATE", "t": "CENTRO CONVERGENCIA", "m": "JOYABAJ" }, "geometry": { "type": "Point", "coordinates": [ -90.84118, 14.95986 ] } },
{ "type": "Feature", "properties": { "id": "1866", "n": "P/S LANCETILLO", "t": "PUESTO DE SALUD", "m": "USPANTAN" }, "geometry": { "type": "Point", "coordinates": [ -90.73815, 15.55048 ] } },
{ "type": "Feature", "properties": { "id": "1888", "n": "C/C SAQUIXPEC", "t": "CENTRO CONVERGENCIA", "m": "USPANTAN" }, "geometry": { "type": "Point", "coordinates": [ -90.75132, 15.59221 ] } },
{ "type": "Feature", "properties": { "id": "1880", "n": "C/C NAPOLES", "t": "CENTRO CONVERGENCIA", "m": "USPANTAN" }, "geometry": { "type": "Point", "coordinates": [ -90.804, 15.60004 ] } },
{ "type": "Feature", "properties": { "id": "1871", "n": "P/S RIO AZUL", "t": "PUESTO DE SALUD", "m": "USPANTAN" }, "geometry": { "type": "Point", "coordinates": [ -90.83193, 15.63114 ] } },
{ "type": "Feature", "properties": { "id": "1895", "n": "C/C EL PARAISO", "t": "CENTRO CONVERGENCIA", "m": "USPANTAN" }, "geometry": { "type": "Point", "coordinates": [ -90.86131, 15.63915 ] } },
{ "type": "Feature", "properties": { "id": "2102", "n": "HOSPITAL NACIONAL DE NEBAJ", "t": "HOSPITAL", "m": "NEBAJ" }, "geometry": { "type": "Point", "coordinates": [ -91.14248, 15.40025 ] } },
{ "type": "Feature", "properties": { "id": "2110", "n": "(P/S) SUMAL GRANDE", "t": "PUESTO DE SALUD", "m": "NEBAJ" }, "geometry": { "type": "Point", "coordinates": [ -91.18989, 15.54208 ] } },
{ "type": "Feature", "properties": { "id": "2145", "n": "C/C BATZSUMAL I", "t": "CENTRO CONVERGENCIA", "m": "NEBAJ" }, "geometry": { "type": "Point", "coordinates": [ -91.20322, 15.53917 ] } },
{ "type": "Feature", "properties": { "id": "2212", "n": "C/C BATZUMAL II", "t": "CENTRO CONVERGENCIA", "m": "NEBAJ" }, "geometry": { "type": "Point", "coordinates": [ -91.21464, 15.53172 ] } },
{ "type": "Feature", "properties": { "id": "2211", "n": "C/C VISIVAN", "t": "CENTRO CONVERGENCIA", "m": "NEBAJ" }, "geometry": { "type": "Point", "coordinates": [ -91.22478, 15.52284 ] } },
{ "type": "Feature", "properties": { "id": "2109", "n": "(P/S) VICALAMA", "t": "PUESTO DE SALUD", "m": "NEBAJ" }, "geometry": { "type": "Point", "coordinates": [ -91.21995, 15.51179 ] } },
{ "type": "Feature", "properties": { "id": "2143", "n": "C/C VICAMPANAVITZ", "t": "CENTRO CONVERGENCIA", "m": "NEBAJ" }, "geometry": { "type": "Point", "coordinates": [ -91.18927, 15.51968 ] } },
{ "type": "Feature", "properties": { "id": "2210", "n": "C/C TUCANAL", "t": "CENTRO CONVERGENCIA", "m": "NEBAJ" }, "geometry": { "type": "Point", "coordinates": [ -91.18948, 15.5046 ] } },
{ "type": "Feature", "properties": { "id": "2142", "n": "C/C COTZOL", "t": "CENTRO CONVERGENCIA", "m": "NEBAJ" }, "geometry": { "type": "Point", "coordinates": [ -91.17708, 15.50373 ] } },
{ "type": "Feature", "properties": { "id": "2144", "n": "C/C VIVITZ", "t": "CENTRO CONVERGENCIA", "m": "NEBAJ" }, "geometry": { "type": "Point", "coordinates": [ -91.23876, 15.51856 ] } },
{ "type": "Feature", "properties": { "id": "2139", "n": "C/C VIJOLOM II", "t": "CENTRO CONVERGENCIA", "m": "NEBAJ" }, "geometry": { "type": "Point", "coordinates": [ -91.25501, 15.51516 ] } },
{ "type": "Feature", "properties": { "id": "2136", "n": "C/C LIBERTAD", "t": "CENTRO CONVERGENCIA", "m": "NEBAJ" }, "geometry": { "type": "Point", "coordinates": [ -91.25043, 15.49163 ] } },
{ "type": "Feature", "properties": { "id": "2141", "n": "C/C TUJOLOM", "t": "CENTRO CONVERGENCIA", "m": "NEBAJ" }, "geometry": { "type": "Point", "coordinates": [ -91.24065, 15.49274 ] } },
{ "type": "Feature", "properties": { "id": "2140", "n": "C/C VIJOLOM I", "t": "CENTRO CONVERGENCIA", "m": "NEBAJ" }, "geometry": { "type": "Point", "coordinates": [ -91.23069, 15.49382 ] } },
{ "type": "Feature", "properties": { "id": "2108", "n": "(P/S) SALQUIL GRANDE", "t": "PUESTO DE SALUD", "m": "NEBAJ" }, "geometry": { "type": "Point", "coordinates": [ -91.2548, 15.48624 ] } },
{ "type": "Feature", "properties": { "id": "2137", "n": "C/C QUEJCHIP", "t": "CENTRO CONVERGENCIA", "m": "NEBAJ" }, "geometry": { "type": "Point", "coordinates": [ -91.2817, 15.49546 ] } },
{ "type": "Feature", "properties": { "id": "2114", "n": "(P/S) PALOP", "t": "PUESTO DE SALUD", "m": "NEBAJ" }, "geometry": { "type": "Point", "coordinates": [ -91.29077, 15.515 ] } },
{ "type": "Feature", "properties": { "id": "2135", "n": "C/C XEPIUN", "t": "CENTRO CONVERGENCIA", "m": "NEBAJ" }, "geometry": { "type": "Point", "coordinates": [ -91.24561, 15.48086 ] } },
{ "type": "Feature", "properties": { "id": "2130", "n": "C/C KANAQUIL", "t": "CENTRO CONVERGENCIA", "m": "NEBAJ" }, "geometry": { "type": "Point", "coordinates": [ -91.23599, 15.46771 ] } },
{ "type": "Feature", "properties": { "id": "2131", "n": "C/C BATZSUCHIL", "t": "CENTRO CONVERGENCIA", "m": "NEBAJ" }, "geometry": { "type": "Point", "coordinates": [ -91.22499, 15.46515 ] } },
{ "type": "Feature", "properties": { "id": "2127", "n": "C/C LAGUNA TZALBAL", "t": "CENTRO CONVERGENCIA", "m": "NEBAJ" }, "geometry": { "type": "Point", "coordinates": [ -91.21107, 15.4626 ] } },
{ "type": "Feature", "properties": { "id": "2107", "n": "(P/S) TZALBAL", "t": "PUESTO DE SALUD", "m": "NEBAJ" }, "geometry": { "type": "Point", "coordinates": [ -91.21033, 15.45155 ] } },
{ "type": "Feature", "properties": { "id": "2105", "n": "(P/S) ACTXUMBAL", "t": "PUESTO DE SALUD", "m": "NEBAJ" }, "geometry": { "type": "Point", "coordinates": [ -91.16034, 15.44189 ] } },
{ "type": "Feature", "properties": { "id": "2128", "n": "C/C VIPECBALAM", "t": "CENTRO CONVERGENCIA", "m": "NEBAJ" }, "geometry": { "type": "Point", "coordinates": [ -91.18793, 15.46394 ] } },
{ "type": "Feature", "properties": { "id": "2126", "n": "C/C CHUCHE", "t": "CENTRO CONVERGENCIA", "m": "NEBAJ" }, "geometry": { "type": "Point", "coordinates": [ -91.22456, 15.44582 ] } },
{ "type": "Feature", "properties": { "id": "2132", "n": "C/C XOLOCHE", "t": "CENTRO CONVERGENCIA", "m": "NEBAJ" }, "geometry": { "type": "Point", "coordinates": [ -91.24045, 15.45867 ] } },
{ "type": "Feature", "properties": { "id": "2133", "n": "C/C PARRAMOS GRANDE", "t": "CENTRO CONVERGENCIA", "m": "NEBAJ" }, "geometry": { "type": "Point", "coordinates": [ -91.28064, 15.47076 ] } },
{ "type": "Feature", "properties": { "id": "2125", "n": "C/C JANLAY", "t": "CENTRO CONVERGENCIA", "m": "NEBAJ" }, "geometry": { "type": "Point", "coordinates": [ -91.20936, 15.43919 ] } },
{ "type": "Feature", "properties": { "id": "2101", "n": "DAS", "t": "DIRECCION AREA SALUD", "m": "NEBAJ" }, "geometry": { "type": "Point", "coordinates": [ -91.14976, 15.40622 ] } },
{ "type": "Feature", "properties": { "id": "1974", "n": "C/S CHINIQUE", "t": "CENTRO DE SALUD", "m": "CHINIQUE" }, "geometry": { "type": "Point", "coordinates": [ -91.03027, 15.04419 ] } },
{ "type": "Feature", "properties": { "id": "2201", "n": "C/C CAJIXAY", "t": "CENTRO CONVERGENCIA", "m": "COTZAL" }, "geometry": { "type": "Point", "coordinates": [ -90.9797, 15.39718 ] } },
{ "type": "Feature", "properties": { "id": "2202", "n": "C/C VILLA HORTENCIA I", "t": "CENTRO CONVERGENCIA", "m": "COTZAL" }, "geometry": { "type": "Point", "coordinates": [ -90.94693, 15.38222 ] } },
{ "type": "Feature", "properties": { "id": "2197", "n": "C/C VILLA HORTENCIA II", "t": "CENTRO CONVERGENCIA", "m": "COTZAL" }, "geometry": { "type": "Point", "coordinates": [ -90.93469, 15.40354 ] } },
{ "type": "Feature", "properties": { "id": "2200", "n": "C/C VILLA HOTENCIA ANTIGUA", "t": "CENTRO CONVERGENCIA", "m": "COTZAL" }, "geometry": { "type": "Point", "coordinates": [ -90.90268, 15.43626 ] } },
{ "type": "Feature", "properties": { "id": "2207", "n": "C/C SAJUBAJ", "t": "CENTRO CONVERGENCIA", "m": "COTZAL" }, "geometry": { "type": "Point", "coordinates": [ -90.9406, 15.46015 ] } },
{ "type": "Feature", "properties": { "id": "2195", "n": "(P/S) OJO DE AGUA", "t": "PUESTO DE SALUD", "m": "COTZAL" }, "geometry": { "type": "Point", "coordinates": [ -91.05436, 15.40038 ] } },
{ "type": "Feature", "properties": { "id": "2203", "n": "C/C LOS ANGELES", "t": "CENTRO CONVERGENCIA", "m": "COTZAL" }, "geometry": { "type": "Point", "coordinates": [ -91.04583, 15.43275 ] } },
{ "type": "Feature", "properties": { "id": "2098", "n": "CRUZ ROJA", "t": "CRUZ ROJA", "m": "SACAPULAS" }, "geometry": { "type": "Point", "coordinates": [ -91.08911, 15.28958 ] } },
{ "type": "Feature", "properties": { "id": "1922", "n": "C/S SAN ANTONIO ILOTENANGO", "t": "CENTRO DE SALUD", "m": "SAN ANTONIO ILOTENANGO" }, "geometry": { "type": "Point", "coordinates": [ -91.22974, 15.054 ] } },
{ "type": "Feature", "properties": { "id": "1928", "n": "C/C SACXAC", "t": "CENTRO CONVERGENCIA", "m": "SAN ANTONIO ILOTENANGO" }, "geometry": { "type": "Point", "coordinates": [ -91.24318, 15.05065 ] } },
{ "type": "Feature", "properties": { "id": "1926", "n": "C/C CHUITZUNUNA", "t": "CENTRO CONVERGENCIA", "m": "SAN ANTONIO ILOTENANGO" }, "geometry": { "type": "Point", "coordinates": [ -91.26999, 15.04337 ] } },
{ "type": "Feature", "properties": { "id": "1924", "n": "C/C CHATIAN", "t": "CENTRO CONVERGENCIA", "m": "SAN ANTONIO ILOTENANGO" }, "geometry": { "type": "Point", "coordinates": [ -91.22448, 15.10486 ] } },
{ "type": "Feature", "properties": { "id": "1925", "n": "C/C CHIAJ", "t": "CENTRO CONVERGENCIA", "m": "SAN ANTONIO ILOTENANGO" }, "geometry": { "type": "Point", "coordinates": [ -91.23818, 15.0284 ] } },
{ "type": "Feature", "properties": { "id": "1923", "n": "P/S PATZALA", "t": "PUESTO DE SALUD", "m": "SAN ANTONIO ILOTENANGO" }, "geometry": { "type": "Point", "coordinates": [ -91.23207, 15.00417 ] } },
{ "type": "Feature", "properties": { "id": "2029", "n": "C/S SAN PEDRO JOCOPILAS", "t": "CENTRO DE SALUD", "m": "SAN PEDRO JOCOPILAS" }, "geometry": { "type": "Point", "coordinates": [ -91.15165, 15.09536 ] } },
{ "type": "Feature", "properties": { "id": "2032", "n": "P/S COMITANCILLO", "t": "PUESTO DE SALUD", "m": "SAN PEDRO JOCOPILAS" }, "geometry": { "type": "Point", "coordinates": [ -91.24016, 15.23021 ] } },
{ "type": "Feature", "properties": { "id": "2030", "n": "P/S SANTA MARIA JOCOPILAS", "t": "PUESTO DE SALUD", "m": "SAN PEDRO JOCOPILAS" }, "geometry": { "type": "Point", "coordinates": [ -91.27056, 15.22637 ] } },
{ "type": "Feature", "properties": { "id": "2031", "n": "P/S LA PRIMAVERA", "t": "PUESTO DE SALUD", "m": "SAN PEDRO JOCOPILAS" }, "geometry": { "type": "Point", "coordinates": [ -91.19923, 15.17356 ] } },
{ "type": "Feature", "properties": { "id": "2037", "n": "C/C SANTABAL I", "t": "CENTRO CONVERGENCIA", "m": "SAN PEDRO JOCOPILAS" }, "geometry": { "type": "Point", "coordinates": [ -91.18515, 15.12116 ] } },
{ "type": "Feature", "properties": { "id": "2042", "n": "C/C CHUTZALIC", "t": "CENTRO CONVERGENCIA", "m": "SAN PEDRO JOCOPILAS" }, "geometry": { "type": "Point", "coordinates": [ -91.16685, 15.12817 ] } },
{ "type": "Feature", "properties": { "id": "2060", "n": "C/C SAN PABLO 2", "t": "CENTRO CONVERGENCIA", "m": "SAN PEDRO JOCOPILAS" }, "geometry": { "type": "Point", "coordinates": [ -91.17063, 15.09791 ] } },
{ "type": "Feature", "properties": { "id": "2041", "n": "C/C SAN PABLO I", "t": "CENTRO CONVERGENCIA", "m": "SAN PEDRO JOCOPILAS" }, "geometry": { "type": "Point", "coordinates": [ -91.16266, 15.09419 ] } },
{ "type": "Feature", "properties": { "id": "2033", "n": "C/C CHITUCUR I", "t": "CENTRO CONVERGENCIA", "m": "SAN PEDRO JOCOPILAS" }, "geometry": { "type": "Point", "coordinates": [ -91.14233, 15.11195 ] } },
{ "type": "Feature", "properties": { "id": "2043", "n": "C/C SAN PEDRO II", "t": "CENTRO CONVERGENCIA", "m": "SAN PEDRO JOCOPILAS" }, "geometry": { "type": "Point", "coordinates": [ -91.13436, 15.09432 ] } },
{ "type": "Feature", "properties": { "id": "2035", "n": "C/C LA MONTANA I", "t": "CENTRO CONVERGENCIA", "m": "SAN PEDRO JOCOPILAS" }, "geometry": { "type": "Point", "coordinates": [ -91.10598, 15.11062 ] } },
{ "type": "Feature", "properties": { "id": "2036", "n": "C/C LA MONTANA II", "t": "CENTRO CONVERGENCIA", "m": "SAN PEDRO JOCOPILAS" }, "geometry": { "type": "Point", "coordinates": [ -91.10388, 15.12266 ] } },
{ "type": "Feature", "properties": { "id": "2040", "n": "C/C PACAJA", "t": "CENTRO CONVERGENCIA", "m": "SAN PEDRO JOCOPILAS" }, "geometry": { "type": "Point", "coordinates": [ -91.11809, 15.1231 ] } },
{ "type": "Feature", "properties": { "id": "2038", "n": "C/C XOLJUYUP I", "t": "CENTRO CONVERGENCIA", "m": "SAN PEDRO JOCOPILAS" }, "geometry": { "type": "Point", "coordinates": [ -91.12984, 15.12814 ] } },
{ "type": "Feature", "properties": { "id": "2039", "n": "C/C XOLJUYUP II", "t": "CENTRO CONVERGENCIA", "m": "SAN PEDRO JOCOPILAS" }, "geometry": { "type": "Point", "coordinates": [ -91.12733, 15.11292 ] } },
{ "type": "Feature", "properties": { "id": "2045", "n": "C/S  SAN BARTOLO JOCOTENANGO", "t": "CENTRO DE SALUD", "m": "SAN BARTOLO JOCOTENANGO" }, "geometry": { "type": "Point", "coordinates": [ -91.0749, 15.1905 ] } },
{ "type": "Feature", "properties": { "id": "2061", "n": "C/C TACACHAT", "t": "CENTRO CONVERGENCIA", "m": "SAN BARTOLO JOCOTENANGO" }, "geometry": { "type": "Point", "coordinates": [ -91.02541, 15.20684 ] } },
{ "type": "Feature", "properties": { "id": "2048", "n": "C/C CARRIZAL", "t": "CENTRO CONVERGENCIA", "m": "SAN BARTOLO JOCOTENANGO" }, "geometry": { "type": "Point", "coordinates": [ -91.04285, 15.18305 ] } },
{ "type": "Feature", "properties": { "id": "2050", "n": "C/C CUEVAS", "t": "CENTRO CONVERGENCIA", "m": "SAN BARTOLO JOCOTENANGO" }, "geometry": { "type": "Point", "coordinates": [ -91.05206, 15.16685 ] } },
{ "type": "Feature", "properties": { "id": "2046", "n": "P/S CIMIENTOS", "t": "PUESTO DE SALUD", "m": "SAN BARTOLO JOCOTENANGO" }, "geometry": { "type": "Point", "coordinates": [ -91.02882, 15.2244 ] } },
{ "type": "Feature", "properties": { "id": "1824", "n": "C/C PARCELAS", "t": "CENTRO CONVERGENCIA", "m": "SAN ANDRES SAJCABAJA" }, "geometry": { "type": "Point", "coordinates": [ -90.99425, 15.23045 ] } },
{ "type": "Feature", "properties": { "id": "1817", "n": "P/S CHINANTON", "t": "PUESTO DE SALUD", "m": "SAN ANDRES SAJCABAJA" }, "geometry": { "type": "Point", "coordinates": [ -90.94052, 15.24125 ] } },
{ "type": "Feature", "properties": { "id": "1829", "n": "C/C MIXCOLAJA", "t": "CENTRO CONVERGENCIA", "m": "SAN ANDRES SAJCABAJA" }, "geometry": { "type": "Point", "coordinates": [ -90.99373, 15.25495 ] } },
{ "type": "Feature", "properties": { "id": "2054", "n": "C/C AJPUJUYUP", "t": "CENTRO CONVERGENCIA", "m": "SAN BARTOLO JOCOTENANGO" }, "geometry": { "type": "Point", "coordinates": [ -91.10616, 15.2281 ] } },
{ "type": "Feature", "properties": { "id": "2051", "n": "C/C PAQUIX", "t": "CENTRO CONVERGENCIA", "m": "SAN BARTOLO JOCOTENANGO" }, "geometry": { "type": "Point", "coordinates": [ -91.09834, 15.19695 ] } },
{ "type": "Feature", "properties": { "id": "2047", "n": "P/S LA PALMA", "t": "PUESTO DE SALUD", "m": "SAN BARTOLO JOCOTENANGO" }, "geometry": { "type": "Point", "coordinates": [ -91.09092, 15.12676 ] } },
{ "type": "Feature", "properties": { "id": "2055", "n": "C/C PATZCAMAN", "t": "CENTRO CONVERGENCIA", "m": "SAN BARTOLO JOCOTENANGO" }, "geometry": { "type": "Point", "coordinates": [ -91.1453, 15.14454 ] } },
{ "type": "Feature", "properties": { "id": "2057", "n": "C/C XETEMABAJ I", "t": "CENTRO CONVERGENCIA", "m": "SAN BARTOLO JOCOTENANGO" }, "geometry": { "type": "Point", "coordinates": [ -91.10828, 15.16759 ] } },
{ "type": "Feature", "properties": { "id": "1874", "n": "P/S LAS PACAYAS", "t": "PUESTO DE SALUD", "m": "USPANTAN" }, "geometry": { "type": "Point", "coordinates": [ -90.76946, 15.42873 ] } },
{ "type": "Feature", "properties": { "id": "1870", "n": "P/S LA TANA", "t": "PUESTO DE SALUD", "m": "USPANTAN" }, "geometry": { "type": "Point", "coordinates": [ -90.82919, 15.58091 ] } },
{ "type": "Feature", "properties": { "id": "2094", "n": "P/S 31 DE MAYO", "t": "PUESTO DE SALUD", "m": "USPANTAN" }, "geometry": { "type": "Point", "coordinates": [ -90.83143, 15.55712 ] } },
{ "type": "Feature", "properties": { "id": "1894", "n": "C/C LA GLORIA", "t": "CENTRO CONVERGENCIA", "m": "USPANTAN" }, "geometry": { "type": "Point", "coordinates": [ -90.82755, 15.54907 ] } },
{ "type": "Feature", "properties": { "id": "1892", "n": "C/C MONTE CRISTO", "t": "CENTRO CONVERGENCIA", "m": "USPANTAN" }, "geometry": { "type": "Point", "coordinates": [ -90.84188, 15.58766 ] } },
{ "type": "Feature", "properties": { "id": "1893", "n": "C/C EL SARAGUATE", "t": "CENTRO CONVERGENCIA", "m": "USPANTAN" }, "geometry": { "type": "Point", "coordinates": [ -90.88612, 15.61035 ] } },
{ "type": "Feature", "properties": { "id": "2191", "n": "(C/S) SAN JUAN COTZAL", "t": "CENTRO DE SALUD", "m": "COTZAL" }, "geometry": { "type": "Point", "coordinates": [ -91.02915, 15.43601 ] } },
{ "type": "Feature", "properties": { "id": "2206", "n": "C/C PINAL", "t": "CENTRO CONVERGENCIA", "m": "COTZAL" }, "geometry": { "type": "Point", "coordinates": [ -90.94355, 15.455 ] } },
{ "type": "Feature", "properties": { "id": "2198", "n": "C/C FINCA SAN FRANCISCO", "t": "CENTRO CONVERGENCIA", "m": "COTZAL" }, "geometry": { "type": "Point", "coordinates": [ -90.91269, 15.45944 ] } },
{ "type": "Feature", "properties": { "id": "2204", "n": "C/C XEPUTUL II", "t": "CENTRO CONVERGENCIA", "m": "COTZAL" }, "geometry": { "type": "Point", "coordinates": [ -90.88073, 15.48291 ] } },
{ "type": "Feature", "properties": { "id": "2205", "n": "C/C SAN MARCOS CAMLA", "t": "CENTRO CONVERGENCIA", "m": "COTZAL" }, "geometry": { "type": "Point", "coordinates": [ -90.88351, 15.49745 ] } },
{ "type": "Feature", "properties": { "id": "2199", "n": "C/C PAMAXAN", "t": "CENTRO CONVERGENCIA", "m": "COTZAL" }, "geometry": { "type": "Point", "coordinates": [ -90.88599, 15.45442 ] } },
{ "type": "Feature", "properties": { "id": "2192", "n": "(P/S) SANTA AVELINA", "t": "PUESTO DE SALUD", "m": "COTZAL" }, "geometry": { "type": "Point", "coordinates": [ -90.96298, 15.45367 ] } },
{ "type": "Feature", "properties": { "id": "2196", "n": "(P/S) VICHIBALA", "t": "PUESTO DE SALUD", "m": "COTZAL" }, "geometry": { "type": "Point", "coordinates": [ -90.98121, 15.44917 ] } },
{ "type": "Feature", "properties": { "id": "2194", "n": "(P/S) CHICHEL", "t": "PUESTO DE SALUD", "m": "COTZAL" }, "geometry": { "type": "Point", "coordinates": [ -90.98973, 15.46461 ] } },
{ "type": "Feature", "properties": { "id": "2193", "n": "(P/S) SAN FELIPE CHENLA", "t": "PUESTO DE SALUD", "m": "COTZAL" }, "geometry": { "type": "Point", "coordinates": [ -91.00948, 15.44412 ] } },
{ "type": "Feature", "properties": { "id": "2077", "n": "APROFAN", "t": "APROFAM", "m": "SANTA CRUZ EL QUICHE" }, "geometry": { "type": "Point", "coordinates": [ -91.14735, 15.03044 ] } },
{ "type": "Feature", "properties": { "id": "1702", "n": "HOSPITAL SANTA ELENA", "t": "HOSPITAL", "m": "SANTA CRUZ EL QUICHE" }, "geometry": { "type": "Point", "coordinates": [ -91.15769, 15.0313 ] } },
{ "type": "Feature", "properties": { "id": "1706", "n": "(P/S) PANAJXIT", "t": "PUESTO DE SALUD", "m": "SANTA CRUZ EL QUICHE" }, "geometry": { "type": "Point", "coordinates": [ -91.20536, 15.0358 ] } },
{ "type": "Feature", "properties": { "id": "1708", "n": "(P/S) LA ESTANCIA", "t": "PUESTO DE SALUD", "m": "SANTA CRUZ EL QUICHE" }, "geometry": { "type": "Point", "coordinates": [ -91.18692, 15.01671 ] } },
{ "type": "Feature", "properties": { "id": "1701", "n": "DAS", "t": "DIRECCION AREA SALUD", "m": "SANTA CRUZ EL QUICHE" }, "geometry": { "type": "Point", "coordinates": [ -91.14724, 15.0254 ] } },
{ "type": "Feature", "properties": { "id": "2078", "n": "IGSS", "t": "IGSS", "m": "SANTA CRUZ EL QUICHE" }, "geometry": { "type": "Point", "coordinates": [ -91.1461, 15.02449 ] } },
{ "type": "Feature", "properties": { "id": "1703", "n": "(C/S) SANTA CRUZ", "t": "CENTRO DE SALUD", "m": "SANTA CRUZ EL QUICHE" }, "geometry": { "type": "Point", "coordinates": [ -91.14924, 15.02464 ] } },
{ "type": "Feature", "properties": { "id": "1704", "n": "(P/S) LEMOA", "t": "PUESTO DE SALUD", "m": "SANTA CRUZ EL QUICHE" }, "geometry": { "type": "Point", "coordinates": [ -91.12271, 14.99284 ] } },
{ "type": "Feature", "properties": { "id": "2075", "n": "P/S PACAJA 1", "t": "PUESTO DE SALUD", "m": "SANTA CRUZ EL QUICHE" }, "geometry": { "type": "Point", "coordinates": [ -91.10625, 15.01839 ] } },
{ "type": "Feature", "properties": { "id": "1707", "n": "(P/S) CHOACAMAN", "t": "PUESTO DE SALUD", "m": "SANTA CRUZ EL QUICHE" }, "geometry": { "type": "Point", "coordinates": [ -91.09245, 15.03212 ] } },
{ "type": "Feature", "properties": { "id": "1705", "n": "(P/S) CHIJUYUP", "t": "PUESTO DE SALUD", "m": "SANTA CRUZ EL QUICHE" }, "geometry": { "type": "Point", "coordinates": [ -91.05282, 15.09903 ] } },
{ "type": "Feature", "properties": { "id": "2066", "n": "C/S PATZITE", "t": "CENTRO DE SALUD", "m": "PATZITE" }, "geometry": { "type": "Point", "coordinates": [ -91.20818, 14.96431 ] } },
{ "type": "Feature", "properties": { "id": "2073", "n": "C/C PARAXAMOLO", "t": "CENTRO CONVERGENCIA", "m": "PATZITE" }, "geometry": { "type": "Point", "coordinates": [ -91.22019, 14.95489 ] } },
{ "type": "Feature", "properties": { "id": "2072", "n": "C/C PAXOCOL", "t": "CENTRO CONVERGENCIA", "m": "PATZITE" }, "geometry": { "type": "Point", "coordinates": [ -91.22562, 14.9612 ] } },
{ "type": "Feature", "properties": { "id": "2068", "n": "C/C XATINAP III", "t": "CENTRO CONVERGENCIA", "m": "PATZITE" }, "geometry": { "type": "Point", "coordinates": [ -91.19103, 14.98908 ] } },
{ "type": "Feature", "properties": { "id": "2067", "n": "C/C PCHO CHICALTE", "t": "CENTRO CONVERGENCIA", "m": "PATZITE" }, "geometry": { "type": "Point", "coordinates": [ -91.15504, 14.98341 ] } },
{ "type": "Feature", "properties": { "id": "2069", "n": "C/C XATINAP II", "t": "CENTRO CONVERGENCIA", "m": "PATZITE" }, "geometry": { "type": "Point", "coordinates": [ -91.17462, 15.00914 ] } },
{ "type": "Feature", "properties": { "id": "2080", "n": "C/C PAMECEBAL III", "t": "CENTRO CONVERGENCIA", "m": "SANTA CRUZ EL QUICHE" }, "geometry": { "type": "Point", "coordinates": [ -91.19033, 15.05667 ] } },
{ "type": "Feature", "properties": { "id": "2081", "n": "C/C PAMECEBAL I", "t": "CENTRO CONVERGENCIA", "m": "SANTA CRUZ EL QUICHE" }, "geometry": { "type": "Point", "coordinates": [ -91.16972, 15.0543 ] } },
{ "type": "Feature", "properties": { "id": "2070", "n": "C/C PACAJA II", "t": "CENTRO CONVERGENCIA", "m": "PATZITE" }, "geometry": { "type": "Point", "coordinates": [ -91.11858, 15.01725 ] } },
{ "type": "Feature", "properties": { "id": "2082", "n": "C/C CHICABRACAN II", "t": "CENTRO CONVERGENCIA", "m": "SANTA CRUZ EL QUICHE" }, "geometry": { "type": "Point", "coordinates": [ -91.09893, 15.00655 ] } },
{ "type": "Feature", "properties": { "id": "2071", "n": "C/C CHICABRACAN I", "t": "CENTRO CONVERGENCIA", "m": "PATZITE" }, "geometry": { "type": "Point", "coordinates": [ -91.08387, 15.01025 ] } },
{ "type": "Feature", "properties": { "id": "1833", "n": "C/S CUNEN", "t": "CENTRO DE SALUD", "m": "CUNEN" }, "geometry": { "type": "Point", "coordinates": [ -91.02366, 15.33645 ] } },
{ "type": "Feature", "properties": { "id": "1849", "n": "C/C MEDIA LUNA", "t": "CENTRO CONVERGENCIA", "m": "CUNEN" }, "geometry": { "type": "Point", "coordinates": [ -91.06736, 15.33358 ] } },
{ "type": "Feature", "properties": { "id": "1834", "n": "P/S CHIUL", "t": "PUESTO DE SALUD", "m": "CUNEN" }, "geometry": { "type": "Point", "coordinates": [ -91.09236, 15.34235 ] } },
{ "type": "Feature", "properties": { "id": "1848", "n": "C/C EL RANCHO", "t": "CENTRO CONVERGENCIA", "m": "CUNEN" }, "geometry": { "type": "Point", "coordinates": [ -91.05193, 15.31823 ] } },
{ "type": "Feature", "properties": { "id": "1850", "n": "C/C TRIGALES", "t": "CENTRO CONVERGENCIA", "m": "CUNEN" }, "geometry": { "type": "Point", "coordinates": [ -91.03215, 15.34823 ] } },
{ "type": "Feature", "properties": { "id": "1851", "n": "C/C XETZAC", "t": "CENTRO CONVERGENCIA", "m": "CUNEN" }, "geometry": { "type": "Point", "coordinates": [ -91.05991, 15.35073 ] } },
{ "type": "Feature", "properties": { "id": "1847", "n": "C/C XECAXLUT", "t": "CENTRO CONVERGENCIA", "m": "CUNEN" }, "geometry": { "type": "Point", "coordinates": [ -91.01628, 15.30992 ] } },
{ "type": "Feature", "properties": { "id": "1842", "n": "C/C SAN CLARA", "t": "CENTRO CONVERGENCIA", "m": "CUNEN" }, "geometry": { "type": "Point", "coordinates": [ -90.98952, 15.33931 ] } },
{ "type": "Feature", "properties": { "id": "1837", "n": "C/C LA BARRANCA", "t": "CENTRO CONVERGENCIA", "m": "CUNEN" }, "geometry": { "type": "Point", "coordinates": [ -90.98845, 15.33157 ] } },
{ "type": "Feature", "properties": { "id": "1838", "n": "C/C CECILIA", "t": "CENTRO CONVERGENCIA", "m": "CUNEN" }, "geometry": { "type": "Point", "coordinates": [ -90.9857, 15.3069 ] } },
{ "type": "Feature", "properties": { "id": "1836", "n": "P/S LA HACIENDA", "t": "PUESTO DE SALUD", "m": "CUNEN" }, "geometry": { "type": "Point", "coordinates": [ -90.96722, 15.32603 ] } },
{ "type": "Feature", "properties": { "id": "1840", "n": "C/C AGUA ESCONDIDA", "t": "CENTRO CONVERGENCIA", "m": "CUNEN" }, "geometry": { "type": "Point", "coordinates": [ -90.93531, 15.32572 ] } },
{ "type": "Feature", "properties": { "id": "1846", "n": "C/C XABIL", "t": "CENTRO CONVERGENCIA", "m": "CUNEN" }, "geometry": { "type": "Point", "coordinates": [ -90.90945, 15.30728 ] } },
{ "type": "Feature", "properties": { "id": "1845", "n": "C/C PERICOM", "t": "CENTRO CONVERGENCIA", "m": "CUNEN" }, "geometry": { "type": "Point", "coordinates": [ -90.91645, 15.33721 ] } },
{ "type": "Feature", "properties": { "id": "1841", "n": "C/C PAJALES", "t": "CENTRO CONVERGENCIA", "m": "CUNEN" }, "geometry": { "type": "Point", "coordinates": [ -90.92012, 15.35525 ] } },
{ "type": "Feature", "properties": { "id": "1844", "n": "C/C DONCELLAS", "t": "CENTRO CONVERGENCIA", "m": "CUNEN" }, "geometry": { "type": "Point", "coordinates": [ -90.94293, 15.35411 ] } },
{ "type": "Feature", "properties": { "id": "1835", "n": "P/S CHUTUJ", "t": "PUESTO DE SALUD", "m": "CUNEN" }, "geometry": { "type": "Point", "coordinates": [ -90.96057, 15.35628 ] } },
{ "type": "Feature", "properties": { "id": "1843", "n": "C/C XEMANZANA", "t": "CENTRO CONVERGENCIA", "m": "CUNEN" }, "geometry": { "type": "Point", "coordinates": [ -90.97624, 15.35579 ] } },
{ "type": "Feature", "properties": { "id": "1839", "n": "C/C SAN SIGUAN CENTRO", "t": "CENTRO CONVERGENCIA", "m": "CUNEN" }, "geometry": { "type": "Point", "coordinates": [ -90.95088, 15.33331 ] } },
{ "type": "Feature", "properties": { "id": "1863", "n": "HOSPITAL DE USPANTAN", "t": "HOSPITAL", "m": "USPANTAN" }, "geometry": { "type": "Point", "coordinates": [ -90.87593, 15.34624 ] } },
{ "type": "Feature", "properties": { "id": "1868", "n": "P/S SICACHE", "t": "PUESTO DE SALUD", "m": "USPANTAN" }, "geometry": { "type": "Point", "coordinates": [ -90.84987, 15.28653 ] } },
{ "type": "Feature", "properties": { "id": "1864", "n": "P/S EL PALMAR", "t": "PUESTO DE SALUD", "m": "USPANTAN" }, "geometry": { "type": "Point", "coordinates": [ -90.80434, 15.28619 ] } },
{ "type": "Feature", "properties": { "id": "2093", "n": "P/S CHOLA", "t": "PUESTO DE SALUD", "m": "USPANTAN" }, "geometry": { "type": "Point", "coordinates": [ -90.85665, 15.3659 ] } },
{ "type": "Feature", "properties": { "id": "2092", "n": "P/S SAN RACAN CHITUJ", "t": "PUESTO DE SALUD", "m": "USPANTAN" }, "geometry": { "type": "Point", "coordinates": [ -90.87087, 15.39747 ] } },
{ "type": "Feature", "properties": { "id": "1867", "n": "P/S CARACOL", "t": "PUESTO DE SALUD", "m": "USPANTAN" }, "geometry": { "type": "Point", "coordinates": [ -90.81706, 15.41384 ] } },
{ "type": "Feature", "properties": { "id": "1869", "n": "P/S EL CARACOLITO", "t": "PUESTO DE SALUD", "m": "USPANTAN" }, "geometry": { "type": "Point", "coordinates": [ -90.82581, 15.41805 ] } },
{ "type": "Feature", "properties": { "id": "2159", "n": "(C/S) SAN GASPAR CHAJUL", "t": "CENTRO DE SALUD", "m": "CHAJUL" }, "geometry": { "type": "Point", "coordinates": [ -91.03518, 15.48439 ] } },
{ "type": "Feature", "properties": { "id": "2183", "n": "C/C JUA", "t": "CENTRO CONVERGENCIA", "m": "CHAJUL" }, "geometry": { "type": "Point", "coordinates": [ -91.07778, 15.62467 ] } },
{ "type": "Feature", "properties": { "id": "2176", "n": "C/C LAS FLORES", "t": "CENTRO CONVERGENCIA", "m": "CHAJUL" }, "geometry": { "type": "Point", "coordinates": [ -91.0701, 15.63915 ] } },
{ "type": "Feature", "properties": { "id": "2160", "n": "(P/S) CHEL", "t": "PUESTO DE SALUD", "m": "CHAJUL" }, "geometry": { "type": "Point", "coordinates": [ -91.06732, 15.64097 ] } },
{ "type": "Feature", "properties": { "id": "2179", "n": "C/C ESTRELLA POLAR", "t": "CENTRO CONVERGENCIA", "m": "CHAJUL" }, "geometry": { "type": "Point", "coordinates": [ -91.07291, 15.6636 ] } },
{ "type": "Feature", "properties": { "id": "2178", "n": "C/C XAXMOXAN", "t": "CENTRO CONVERGENCIA", "m": "CHAJUL" }, "geometry": { "type": "Point", "coordinates": [ -91.06614, 15.6513 ] } },
{ "type": "Feature", "properties": { "id": "2213", "n": "C/C ENCUENTRO AMAJCHEL", "t": "CENTRO CONVERGENCIA", "m": "CHAJUL" }, "geometry": { "type": "Point", "coordinates": [ -91.02083, 15.68468 ] } },
{ "type": "Feature", "properties": { "id": "2164", "n": "(P/S) AMAJCHEL", "t": "PUESTO DE SALUD", "m": "CHAJUL" }, "geometry": { "type": "Point", "coordinates": [ -90.98628, 15.69547 ] } },
{ "type": "Feature", "properties": { "id": "2177", "n": "C/C ANTIGUA AMAJCHEL", "t": "CENTRO CONVERGENCIA", "m": "CHAJUL" }, "geometry": { "type": "Point", "coordinates": [ -90.94776, 15.66013 ] } },
{ "type": "Feature", "properties": { "id": "2214", "n": "C/C XECOL", "t": "CENTRO CONVERGENCIA", "m": "CHAJUL" }, "geometry": { "type": "Point", "coordinates": [ -90.96118, 15.69808 ] } },
{ "type": "Feature", "properties": { "id": "2182", "n": "C/C NUEVA AMAJCHEL", "t": "CENTRO CONVERGENCIA", "m": "CHAJUL" }, "geometry": { "type": "Point", "coordinates": [ -90.98694, 15.70086 ] } },
{ "type": "Feature", "properties": { "id": "2180", "n": "C/C SANTA CLARA", "t": "CENTRO CONVERGENCIA", "m": "CHAJUL" }, "geometry": { "type": "Point", "coordinates": [ -91.02097, 15.71692 ] } },
{ "type": "Feature", "properties": { "id": "2181", "n": "C/C XECOYEU", "t": "CENTRO CONVERGENCIA", "m": "CHAJUL" }, "geometry": { "type": "Point", "coordinates": [ -91.0608, 15.72527 ] } },
{ "type": "Feature", "properties": { "id": "2172", "n": "C/C BATZUL", "t": "CENTRO CONVERGENCIA", "m": "CHAJUL" }, "geometry": { "type": "Point", "coordinates": [ -91.04008, 15.45107 ] } },
{ "type": "Feature", "properties": { "id": "2162", "n": "(P/S) XIX", "t": "PUESTO DE SALUD", "m": "CHAJUL" }, "geometry": { "type": "Point", "coordinates": [ -91.09797, 15.46716 ] } },
{ "type": "Feature", "properties": { "id": "2166", "n": "(P/S) XOLCUAY", "t": "PUESTO DE SALUD", "m": "CHAJUL" }, "geometry": { "type": "Point", "coordinates": [ -91.07747, 15.45089 ] } },
{ "type": "Feature", "properties": { "id": "2169", "n": "C/C SONTZAJ", "t": "CENTRO CONVERGENCIA", "m": "CHAJUL" }, "geometry": { "type": "Point", "coordinates": [ -91.08825, 15.45326 ] } },
{ "type": "Feature", "properties": { "id": "1727", "n": "C/C CHULUMAL I", "t": "CENTRO CONVERGENCIA", "m": "CHICHICASTENANGO" }, "geometry": { "type": "Point", "coordinates": [ -91.1025, 14.96815 ] } },
{ "type": "Feature", "properties": { "id": "1744", "n": "C/C CHULUMAL II", "t": "CENTRO CONVERGENCIA", "m": "CHICHICASTENANGO" }, "geometry": { "type": "Point", "coordinates": [ -91.09115, 14.96645 ] } },
{ "type": "Feature", "properties": { "id": "1728", "n": "C/C CHULUMAL Iii", "t": "CENTRO CONVERGENCIA", "m": "CHICHICASTENANGO" }, "geometry": { "type": "Point", "coordinates": [ -91.09913, 14.97909 ] } },
{ "type": "Feature", "properties": { "id": "1729", "n": "C/C CHULIMAL Iv", "t": "CENTRO CONVERGENCIA", "m": "CHICHICASTENANGO" }, "geometry": { "type": "Point", "coordinates": [ -91.09178, 14.98086 ] } },
{ "type": "Feature", "properties": { "id": "1738", "n": "C/C SEPELA", "t": "CENTRO CONVERGENCIA", "m": "CHICHICASTENANGO" }, "geometry": { "type": "Point", "coordinates": [ -91.11266, 14.97337 ] } },
{ "type": "Feature", "properties": { "id": "1743", "n": "C/C CHUJUPEN", "t": "CENTRO CONVERGENCIA", "m": "CHICHICASTENANGO" }, "geometry": { "type": "Point", "coordinates": [ -91.10528, 14.94977 ] } },
{ "type": "Feature", "properties": { "id": "1711", "n": "(P/S) CHUABAJ", "t": "PUESTO DE SALUD", "m": "CHICHICASTENANGO" }, "geometry": { "type": "Point", "coordinates": [ -91.10682, 14.91004 ] } },
{ "type": "Feature", "properties": { "id": "1733", "n": "C/C PACHOJ", "t": "CENTRO CONVERGENCIA", "m": "CHICHICASTENANGO" }, "geometry": { "type": "Point", "coordinates": [ -91.11304, 14.9342 ] } },
{ "type": "Feature", "properties": { "id": "1715", "n": "C/C PATZIBAL", "t": "CENTRO CONVERGENCIA", "m": "CHICHICASTENANGO" }, "geometry": { "type": "Point", "coordinates": [ -91.14435, 14.94198 ] } },
{ "type": "Feature", "properties": { "id": "1716", "n": "C/C SAQUILLA I", "t": "CENTRO CONVERGENCIA", "m": "CHICHICASTENANGO" }, "geometry": { "type": "Point", "coordinates": [ -91.15034, 14.95073 ] } },
{ "type": "Feature", "properties": { "id": "1720", "n": "C/C MACTZUL VI", "t": "CENTRO CONVERGENCIA", "m": "CHICHICASTENANGO" }, "geometry": { "type": "Point", "coordinates": [ -91.19345, 14.94496 ] } },
{ "type": "Feature", "properties": { "id": "1718", "n": "C/C MACTZUL III", "t": "CENTRO CONVERGENCIA", "m": "CHICHICASTENANGO" }, "geometry": { "type": "Point", "coordinates": [ -91.19639, 14.94813 ] } },
{ "type": "Feature", "properties": { "id": "1717", "n": "C/C MACTZUL II", "t": "CENTRO CONVERGENCIA", "m": "CHICHICASTENANGO" }, "geometry": { "type": "Point", "coordinates": [ -91.18045, 14.96448 ] } },
{ "type": "Feature", "properties": { "id": "1719", "n": "C/C MACTZUL IV", "t": "CENTRO CONVERGENCIA", "m": "CHICHICASTENANGO" }, "geometry": { "type": "Point", "coordinates": [ -91.21047, 14.95341 ] } },
{ "type": "Feature", "properties": { "id": "1724", "n": "C/C POCOHIL I", "t": "CENTRO CONVERGENCIA", "m": "CHICHICASTENANGO" }, "geometry": { "type": "Point", "coordinates": [ -91.13366, 14.92115 ] } },
{ "type": "Feature", "properties": { "id": "1734", "n": "C/C PATULUP Ii", "t": "CENTRO CONVERGENCIA", "m": "CHICHICASTENANGO" }, "geometry": { "type": "Point", "coordinates": [ -91.16077, 14.93355 ] } },
{ "type": "Feature", "properties": { "id": "1732", "n": "C/C MUCUBALZIP", "t": "CENTRO CONVERGENCIA", "m": "CHICHICASTENANGO" }, "geometry": { "type": "Point", "coordinates": [ -91.15289, 14.91886 ] } },
{ "type": "Feature", "properties": { "id": "1726", "n": "C/C SEMEJA Iii", "t": "CENTRO CONVERGENCIA", "m": "CHICHICASTENANGO" }, "geometry": { "type": "Point", "coordinates": [ -91.16719, 14.89396 ] } },
{ "type": "Feature", "properties": { "id": "1745", "n": "C/C POCOCHIL II II C", "t": "CENTRO CONVERGENCIA", "m": "CHICHICASTENANGO" }, "geometry": { "type": "Point", "coordinates": [ -91.14646, 14.90477 ] } },
{ "type": "Feature", "properties": { "id": "2085", "n": "C/C POCOCHIL II", "t": "CENTRO CONVERGENCIA", "m": "CHICHICASTENANGO" }, "geometry": { "type": "Point", "coordinates": [ -91.14833, 14.90284 ] } },
{ "type": "Feature", "properties": { "id": "1725", "n": "C/C SEMEJA I", "t": "CENTRO CONVERGENCIA", "m": "CHICHICASTENANGO" }, "geometry": { "type": "Point", "coordinates": [ -91.14155, 14.89088 ] } },
{ "type": "Feature", "properties": { "id": "1736", "n": "C/C SEMEJA Ii", "t": "CENTRO CONVERGENCIA", "m": "CHICHICASTENANGO" }, "geometry": { "type": "Point", "coordinates": [ -91.14938, 14.87766 ] } },
{ "type": "Feature", "properties": { "id": "1722", "n": "C/C CHUCOJOM", "t": "CENTRO CONVERGENCIA", "m": "CHICHICASTENANGO" }, "geometry": { "type": "Point", "coordinates": [ -91.1214, 14.91182 ] } },
{ "type": "Feature", "properties": { "id": "1747", "n": "C/C RIO XAJIL", "t": "CENTRO CONVERGENCIA", "m": "CHICHICASTENANGO" }, "geometry": { "type": "Point", "coordinates": [ -91.09341, 14.92919 ] } },
{ "type": "Feature", "properties": { "id": "1742", "n": "C/C CHONTALA", "t": "CENTRO CONVERGENCIA", "m": "CHICHICASTENANGO" }, "geometry": { "type": "Point", "coordinates": [ -91.07479, 14.92394 ] } },
{ "type": "Feature", "properties": { "id": "1746", "n": "C/C QUIEJEL", "t": "CENTRO CONVERGENCIA", "m": "CHICHICASTENANGO" }, "geometry": { "type": "Point", "coordinates": [ -91.08985, 14.9402 ] } },
{ "type": "Feature", "properties": { "id": "1740", "n": "C/C CAMANIBAL ESCUELA", "t": "CENTRO CONVERGENCIA", "m": "CHICHICASTENANGO" }, "geometry": { "type": "Point", "coordinates": [ -91.09568, 14.91199 ] } },
{ "type": "Feature", "properties": { "id": "1731", "n": "C/C CHICUA Ii", "t": "CENTRO CONVERGENCIA", "m": "CHICHICASTENANGO" }, "geometry": { "type": "Point", "coordinates": [ -91.10959, 14.89496 ] } },
{ "type": "Feature", "properties": { "id": "1730", "n": "C/C CHICUA I", "t": "CENTRO CONVERGENCIA", "m": "CHICHICASTENANGO" }, "geometry": { "type": "Point", "coordinates": [ -91.12357, 14.88568 ] } },
{ "type": "Feature", "properties": { "id": "1721", "n": "C/C COMANCHAJ", "t": "CENTRO CONVERGENCIA", "m": "CHICHICASTENANGO" }, "geometry": { "type": "Point", "coordinates": [ -91.13335, 14.87683 ] } },
{ "type": "Feature", "properties": { "id": "2086", "n": "C/C EL ROSARIO", "t": "CENTRO CONVERGENCIA", "m": "CHICHICASTENANGO" }, "geometry": { "type": "Point", "coordinates": [ -91.13782, 14.86479 ] } },
{ "type": "Feature", "properties": { "id": "1723", "n": "C/C CHUTZOROP", "t": "CENTRO CONVERGENCIA", "m": "CHICHICASTENANGO" }, "geometry": { "type": "Point", "coordinates": [ -91.1153, 14.8732 ] } },
{ "type": "Feature", "properties": { "id": "1712", "n": "(P/S) POCOHIL", "t": "PUESTO DE SALUD", "m": "CHICHICASTENANGO" }, "geometry": { "type": "Point", "coordinates": [ -91.14344, 14.92332 ] } },
{ "type": "Feature", "properties": { "id": "1737", "n": "C/C XEABAJ Ii", "t": "CENTRO CONVERGENCIA", "m": "CHICHICASTENANGO" }, "geometry": { "type": "Point", "coordinates": [ -91.16133, 14.91731 ] } },
{ "type": "Feature", "properties": { "id": "1713", "n": "(P/S) PAXOT", "t": "PUESTO DE SALUD", "m": "CHICHICASTENANGO" }, "geometry": { "type": "Point", "coordinates": [ -91.18847, 14.93548 ] } },
{ "type": "Feature", "properties": { "id": "1741", "n": "C/C CHIJTINIMIT", "t": "CENTRO CONVERGENCIA", "m": "CHICHICASTENANGO" }, "geometry": { "type": "Point", "coordinates": [ -91.12592, 14.94552 ] } },
{ "type": "Feature", "properties": { "id": "1976", "n": "C/S CHICAMAN", "t": "CENTRO DE SALUD", "m": "CHICAMAN" }, "geometry": { "type": "Point", "coordinates": [ -90.80901, 15.34609 ] } },
{ "type": "Feature", "properties": { "id": "1985", "n": "C/C BUENA VISTA", "t": "CENTRO CONVERGENCIA", "m": "CHICAMAN" }, "geometry": { "type": "Point", "coordinates": [ -90.78826, 15.34642 ] } },
{ "type": "Feature", "properties": { "id": "2004", "n": "C/C CHIXOY", "t": "CENTRO CONVERGENCIA", "m": "CHICAMAN" }, "geometry": { "type": "Point", "coordinates": [ -90.65637, 15.35395 ] } },
{ "type": "Feature", "properties": { "id": "2005", "n": "C/C EL ZAPOTE", "t": "CENTRO CONVERGENCIA", "m": "CHICAMAN" }, "geometry": { "type": "Point", "coordinates": [ -90.64924, 15.34432 ] } },
{ "type": "Feature", "properties": { "id": "2011", "n": "C/C SAN SEBASTIAN BELEJU", "t": "CENTRO CONVERGENCIA", "m": "CHICAMAN" }, "geometry": { "type": "Point", "coordinates": [ -90.62435, 15.32688 ] } },
{ "type": "Feature", "properties": { "id": "2018", "n": "C/C ESQUIPULAS", "t": "CENTRO CONVERGENCIA", "m": "CHICAMAN" }, "geometry": { "type": "Point", "coordinates": [ -90.58255, 15.31845 ] } },
{ "type": "Feature", "properties": { "id": "2017", "n": "C/C PAJUIL", "t": "CENTRO CONVERGENCIA", "m": "CHICAMAN" }, "geometry": { "type": "Point", "coordinates": [ -90.58224, 15.32235 ] } },
{ "type": "Feature", "properties": { "id": "2020", "n": "C/C MODELO DE AGUACATE", "t": "CENTRO CONVERGENCIA", "m": "CHICAMAN" }, "geometry": { "type": "Point", "coordinates": [ -90.54407, 15.32122 ] } },
{ "type": "Feature", "properties": { "id": "2012", "n": "C/C LA CAMPANA", "t": "CENTRO CONVERGENCIA", "m": "CHICAMAN" }, "geometry": { "type": "Point", "coordinates": [ -90.51278, 15.31199 ] } },
{ "type": "Feature", "properties": { "id": "2014", "n": "C/C PANCUL", "t": "CENTRO CONVERGENCIA", "m": "CHICAMAN" }, "geometry": { "type": "Point", "coordinates": [ -90.52171, 15.31918 ] } },
{ "type": "Feature", "properties": { "id": "2019", "n": "C/C LA LIMA", "t": "CENTRO CONVERGENCIA", "m": "CHICAMAN" }, "geometry": { "type": "Point", "coordinates": [ -90.5354, 15.31964 ] } },
{ "type": "Feature", "properties": { "id": "2016", "n": "C/C SANTA GERTRUDIS", "t": "CENTRO CONVERGENCIA", "m": "CHICAMAN" }, "geometry": { "type": "Point", "coordinates": [ -90.56051, 15.30576 ] } },
{ "type": "Feature", "properties": { "id": "2002", "n": "C/C OJO DE AGUA", "t": "CENTRO CONVERGENCIA", "m": "CHICAMAN" }, "geometry": { "type": "Point", "coordinates": [ -90.67411, 15.34205 ] } },
{ "type": "Feature", "properties": { "id": "2003", "n": "C/C SAN LUCAS CALA", "t": "CENTRO CONVERGENCIA", "m": "CHICAMAN" }, "geometry": { "type": "Point", "coordinates": [ -90.6993, 15.3441 ] } },
{ "type": "Feature", "properties": { "id": "2001", "n": "C/C CUMBRE DE LAS FLORES", "t": "CENTRO CONVERGENCIA", "m": "CHICAMAN" }, "geometry": { "type": "Point", "coordinates": [ -90.71079, 15.35168 ] } },
{ "type": "Feature", "properties": { "id": "2006", "n": "C/C EL JOCOTE", "t": "CENTRO CONVERGENCIA", "m": "CHICAMAN" }, "geometry": { "type": "Point", "coordinates": [ -90.69893, 15.36276 ] } },
{ "type": "Feature", "properties": { "id": "2053", "n": "P/S SANTA ELENA", "t": "PUESTO DE SALUD", "m": "SAN CRISTOBAL ALTA VERAPAZ" }, "geometry": { "type": "Point", "coordinates": [ -90.62442, 15.37327 ] } },
{ "type": "Feature", "properties": { "id": "2015", "n": "C/C AGUA BLANCA", "t": "CENTRO CONVERGENCIA", "m": "CHICAMAN" }, "geometry": { "type": "Point", "coordinates": [ -90.5536, 15.34042 ] } },
{ "type": "Feature", "properties": { "id": "2013", "n": "C/C PLAN GRANDE", "t": "CENTRO CONVERGENCIA", "m": "CHICAMAN" }, "geometry": { "type": "Point", "coordinates": [ -90.50768, 15.33213 ] } },
{ "type": "Feature", "properties": { "id": "2009", "n": "C/C LOS PLATANOS", "t": "CENTRO CONVERGENCIA", "m": "CHICAMAN" }, "geometry": { "type": "Point", "coordinates": [ -90.78003, 15.36582 ] } },
{ "type": "Feature", "properties": { "id": "2010", "n": "C/C LAS VIGAS", "t": "CENTRO CONVERGENCIA", "m": "CHICAMAN" }, "geometry": { "type": "Point", "coordinates": [ -90.77622, 15.35975 ] } },
{ "type": "Feature", "properties": { "id": "2007", "n": "C/C SAN ANTONIO", "t": "CENTRO CONVERGENCIA", "m": "CHICAMAN" }, "geometry": { "type": "Point", "coordinates": [ -90.77467, 15.37523 ] } },
{ "type": "Feature", "properties": { "id": "2175", "n": "C/C VISIQUICHUM", "t": "CENTRO CONVERGENCIA", "m": "CHAJUL" }, "geometry": { "type": "Point", "coordinates": [ -91.08901, 15.57765 ] } },
{ "type": "Feature", "properties": { "id": "2189", "n": "C/C SOTZIL", "t": "CENTRO CONVERGENCIA", "m": "CHAJUL" }, "geometry": { "type": "Point", "coordinates": [ -91.10375, 15.62644 ] } },
{ "type": "Feature", "properties": { "id": "2163", "n": "(P/S) SOTZIL", "t": "PUESTO DE SALUD", "m": "CHAJUL" }, "geometry": { "type": "Point", "coordinates": [ -91.1028, 15.6273 ] } },
{ "type": "Feature", "properties": { "id": "2165", "n": "(P/S) ILOM", "t": "PUESTO DE SALUD", "m": "CHAJUL" }, "geometry": { "type": "Point", "coordinates": [ -91.11652, 15.65549 ] } },
{ "type": "Feature", "properties": { "id": "2184", "n": "C/C SANTA DELFINA", "t": "CENTRO CONVERGENCIA", "m": "CHAJUL" }, "geometry": { "type": "Point", "coordinates": [ -91.1299, 15.66008 ] } },
{ "type": "Feature", "properties": { "id": "2157", "n": "C/C SAN FRANCISCO JOCOTALES", "t": "CENTRO CONVERGENCIA", "m": "NEBAJ" }, "geometry": { "type": "Point", "coordinates": [ -91.1475, 15.67381 ] } },
{ "type": "Feature", "properties": { "id": "2185", "n": "C/C SANTA ROSA MORELIA", "t": "CENTRO CONVERGENCIA", "m": "CHAJUL" }, "geometry": { "type": "Point", "coordinates": [ -91.15521, 15.69774 ] } },
{ "type": "Feature", "properties": { "id": "2113", "n": "(P/S) NUEVA AMERICA", "t": "PUESTO DE SALUD", "m": "NEBAJ" }, "geometry": { "type": "Point", "coordinates": [ -91.15064, 15.66978 ] } },
{ "type": "Feature", "properties": { "id": "2156", "n": "C/C LAS PILAS", "t": "CENTRO CONVERGENCIA", "m": "NEBAJ" }, "geometry": { "type": "Point", "coordinates": [ -91.14809, 15.662 ] } },
{ "type": "Feature", "properties": { "id": "2155", "n": "C/C SANTA MARTA", "t": "CENTRO CONVERGENCIA", "m": "NEBAJ" }, "geometry": { "type": "Point", "coordinates": [ -91.16026, 15.65248 ] } },
{ "type": "Feature", "properties": { "id": "2104", "n": "(P/S) PULAY", "t": "PUESTO DE SALUD", "m": "NEBAJ" }, "geometry": { "type": "Point", "coordinates": [ -91.09643, 15.43149 ] } },
{ "type": "Feature", "properties": { "id": "2103", "n": "(P/S) RIO AZUL", "t": "PUESTO DE SALUD", "m": "NEBAJ" }, "geometry": { "type": "Point", "coordinates": [ -91.11583, 15.43222 ] } },
{ "type": "Feature", "properties": { "id": "2120", "n": "C/C PARAISO", "t": "CENTRO CONVERGENCIA", "m": "NEBAJ" }, "geometry": { "type": "Point", "coordinates": [ -91.12684, 15.43439 ] } },
{ "type": "Feature", "properties": { "id": "2119", "n": "C/C BISAN", "t": "CENTRO CONVERGENCIA", "m": "NEBAJ" }, "geometry": { "type": "Point", "coordinates": [ -91.13229, 15.42874 ] } },
{ "type": "Feature", "properties": { "id": "2118", "n": "C/C CAMBALAM", "t": "CENTRO CONVERGENCIA", "m": "NEBAJ" }, "geometry": { "type": "Point", "coordinates": [ -91.17734, 15.43469 ] } },
{ "type": "Feature", "properties": { "id": "2115", "n": "(P/S) ACUL", "t": "PUESTO DE SALUD", "m": "NEBAJ" }, "geometry": { "type": "Point", "coordinates": [ -91.18998, 15.40547 ] } },
{ "type": "Feature", "properties": { "id": "2117", "n": "C/C XEXUXCAP", "t": "CENTRO CONVERGENCIA", "m": "NEBAJ" }, "geometry": { "type": "Point", "coordinates": [ -91.20875, 15.40522 ] } },
{ "type": "Feature", "properties": { "id": "2111", "n": "(P/S) SUMALITO", "t": "PUESTO DE SALUD", "m": "NEBAJ" }, "geometry": { "type": "Point", "coordinates": [ -91.12199, 15.53701 ] } },
{ "type": "Feature", "properties": { "id": "2112", "n": "(P/S) TRAPICHITOS", "t": "PUESTO DE SALUD", "m": "NEBAJ" }, "geometry": { "type": "Point", "coordinates": [ -91.12447, 15.55656 ] } },
{ "type": "Feature", "properties": { "id": "2151", "n": "C/C XEUCALVITZ", "t": "CENTRO CONVERGENCIA", "m": "NEBAJ" }, "geometry": { "type": "Point", "coordinates": [ -91.14521, 15.55467 ] } },
{ "type": "Feature", "properties": { "id": "2152", "n": "C/C VIUCALVITZ", "t": "CENTRO CONVERGENCIA", "m": "NEBAJ" }, "geometry": { "type": "Point", "coordinates": [ -91.15742, 15.5745 ] } },
{ "type": "Feature", "properties": { "id": "2154", "n": "C/C IXTUPIL", "t": "CENTRO CONVERGENCIA", "m": "NEBAJ" }, "geometry": { "type": "Point", "coordinates": [ -91.14847, 15.60736 ] } },
{ "type": "Feature", "properties": { "id": "2150", "n": "C/C BATZCHOCOLA", "t": "CENTRO CONVERGENCIA", "m": "NEBAJ" }, "geometry": { "type": "Point", "coordinates": [ -91.10823, 15.57153 ] } },
{ "type": "Feature", "properties": { "id": "2148", "n": "C/C VICOTZ", "t": "CENTRO CONVERGENCIA", "m": "NEBAJ" }, "geometry": { "type": "Point", "coordinates": [ -91.16092, 15.51927 ] } },
{ "type": "Feature", "properties": { "id": "2147", "n": "C/C XECOTZ", "t": "CENTRO CONVERGENCIA", "m": "NEBAJ" }, "geometry": { "type": "Point", "coordinates": [ -91.14871, 15.49962 ] } },
{ "type": "Feature", "properties": { "id": "2149", "n": "C/C BUENA VISTA", "t": "CENTRO CONVERGENCIA", "m": "NEBAJ" }, "geometry": { "type": "Point", "coordinates": [ -91.13322, 15.48722 ] } },
{ "type": "Feature", "properties": { "id": "2122", "n": "C/C PEXIA GRANDE", "t": "CENTRO CONVERGENCIA", "m": "NEBAJ" }, "geometry": { "type": "Point", "coordinates": [ -91.07845, 15.40579 ] } },
{ "type": "Feature", "properties": { "id": "2121", "n": "C/C XONCA", "t": "CENTRO CONVERGENCIA", "m": "NEBAJ" }, "geometry": { "type": "Point", "coordinates": [ -91.11007, 15.45244 ] } },
{ "type": "Feature", "properties": { "id": "2123", "n": "C/C XEVITZ", "t": "CENTRO CONVERGENCIA", "m": "NEBAJ" }, "geometry": { "type": "Point", "coordinates": [ -91.11436, 15.38617 ] } },
{ "type": "Feature", "properties": { "id": "2124", "n": "C/C COCOP", "t": "CENTRO CONVERGENCIA", "m": "NEBAJ" }, "geometry": { "type": "Point", "coordinates": [ -91.10711, 15.40652 ] } },
{ "type": "Feature", "properties": { "id": "1710", "n": "(C/S) CHICHICASTENANGO", "t": "CENTRO DE SALUD", "m": "CHICHICASTENANGO" }, "geometry": { "type": "Point", "coordinates": [ -91.11207, 14.94732 ] } },
{ "type": "Feature", "properties": { "id": "2024", "n": "C/S CHUPOL", "t": "CENTRO DE SALUD", "m": "CHICHICASTENANGO" }, "geometry": { "type": "Point", "coordinates": [ -91.06518, 14.85473 ] } },
{ "type": "Feature", "properties": { "id": "2025", "n": "P/S PANIMACHE", "t": "PUESTO DE SALUD", "m": "CHICHICASTENANGO" }, "geometry": { "type": "Point", "coordinates": [ -91.10691, 14.79336 ] } },
{ "type": "Feature", "properties": { "id": "2059", "n": "C/C CHUMANZANA", "t": "CENTRO CONVERGENCIA", "m": "CHUPOL" }, "geometry": { "type": "Point", "coordinates": [ -91.10243, 14.84935 ] } },
{ "type": "Feature", "properties": { "id": "2026", "n": "P/S CHUCHIPACA", "t": "PUESTO DE SALUD", "m": "CHICHICASTENANGO" }, "geometry": { "type": "Point", "coordinates": [ -91.08333, 14.88179 ] } },
{ "type": "Feature", "properties": { "id": "2028", "n": "P/S TZANIMACABAJ", "t": "PUESTO DE SALUD", "m": "CHICHICASTENANGO" }, "geometry": { "type": "Point", "coordinates": [ -91.05537, 14.89901 ] } },
{ "type": "Feature", "properties": { "id": "3004", "n": "P/S NUEVA CANDELARIA", "t": "PUESTO DE SALUD", "m": "RETALHULEU" }, "geometry": { "type": "Point", "coordinates": [ -91.74081, 14.37664 ] } },
{ "type": "Feature", "properties": { "id": "3005", "n": "P/S VICTORIA EL SALTO", "t": "PUESTO DE SALUD", "m": "RETALHULEU" }, "geometry": { "type": "Point", "coordinates": [ -91.76895, 14.26292 ] } },
{ "type": "Feature", "properties": { "id": "3006", "n": "P/S 3 CRUCES(LA BARRITA)", "t": "PUESTO DE SALUD", "m": "RETALHULEU" }, "geometry": { "type": "Point", "coordinates": [ -92.10869, 14.45142 ] } },
{ "type": "Feature", "properties": { "id": "3007", "n": "C/S CHAMPERICO", "t": "CENTRO DE SALUD", "m": "CHAMPERICO" }, "geometry": { "type": "Point", "coordinates": [ -91.90665, 14.30152 ] } },
{ "type": "Feature", "properties": { "id": "3008", "n": "P/S PARCELAMIENTO ROSARIO", "t": "PUESTO DE SALUD", "m": "CHAMPERICO" }, "geometry": { "type": "Point", "coordinates": [ -91.85001, 14.32166 ] } },
{ "type": "Feature", "properties": { "id": "3009", "n": "P/S SANTIAGO AGRICOLA", "t": "PUESTO DE SALUD", "m": "CHAMPERICO" }, "geometry": { "type": "Point", "coordinates": [ -91.87783, 14.42242 ] } },
{ "type": "Feature", "properties": { "id": "3010", "n": "P/S EL CHICO", "t": "PUESTO DE SALUD", "m": "CHAMPERICO" }, "geometry": { "type": "Point", "coordinates": [ -92.05717, 14.40904 ] } },
{ "type": "Feature", "properties": { "id": "3011", "n": "P/S EL ROSARIO", "t": "PUESTO DE SALUD", "m": "CHAMPERICO" }, "geometry": { "type": "Point", "coordinates": [ -91.88804, 14.33059 ] } },
{ "type": "Feature", "properties": { "id": "3012", "n": "P/S EL RIO", "t": "PUESTO DE SALUD", "m": "CHAMPERICO" }, "geometry": { "type": "Point", "coordinates": [ -91.93241, 14.40791 ] } },
{ "type": "Feature", "properties": { "id": "3013", "n": "P/S CUCHUAPAN", "t": "PUESTO DE SALUD", "m": "CHAMPERICO" }, "geometry": { "type": "Point", "coordinates": [ -91.77876, 14.26701 ] } },
{ "type": "Feature", "properties": { "id": "3014", "n": "P/S NUEVA CAJOLA", "t": "PUESTO DE SALUD", "m": "CHAMPERICO" }, "geometry": { "type": "Point", "coordinates": [ -91.93846, 14.40593 ] } },
{ "type": "Feature", "properties": { "id": "3015", "n": "P/S AZTLAN", "t": "PUESTO DE SALUD", "m": "CHAMPERICO" }, "geometry": { "type": "Point", "coordinates": [ -91.81378, 14.35226 ] } },
{ "type": "Feature", "properties": { "id": "3016", "n": "P/S LA SURENA", "t": "PUESTO DE SALUD", "m": "CHAMPERICO" }, "geometry": { "type": "Point", "coordinates": [ -91.8518, 14.39247 ] } },
{ "type": "Feature", "properties": { "id": "3017", "n": "C/S SANTA CRUZ MULUA", "t": "CENTRO DE SALUD", "m": "SANTA CRUZ MULUA" }, "geometry": { "type": "Point", "coordinates": [ -91.62393, 14.5823 ] } },
{ "type": "Feature", "properties": { "id": "3018", "n": "P/S SAN MARTIN ZAPOTITLAN", "t": "PUESTO DE SALUD", "m": "SAN MARTIN ZAPOTITLAN" }, "geometry": { "type": "Point", "coordinates": [ -91.60751, 14.60899 ] } },
{ "type": "Feature", "properties": { "id": "3019", "n": "P/S LA LOLITA", "t": "PUESTO DE SALUD", "m": "SANTA CRUZ MULUA" }, "geometry": { "type": "Point", "coordinates": [ -91.65756, 14.4399 ] } },
{ "type": "Feature", "properties": { "id": "3020", "n": "P/S CEIBA BLANCA", "t": "PUESTO DE SALUD", "m": "SANTA CRUZ MULUA" }, "geometry": { "type": "Point", "coordinates": [ -91.60826, 14.57817 ] } },
{ "type": "Feature", "properties": { "id": "3022", "n": "C/S LA MAQUINA II", "t": "CENTRO DE SALUD", "m": "LA MAQUINA II" }, "geometry": { "type": "Point", "coordinates": [ -91.67422, 14.2336 ] } },
{ "type": "Feature", "properties": { "id": "3023", "n": "P/S ALDEA EL TULATE", "t": "PUESTO DE SALUD", "m": "LA MAQUINA II" }, "geometry": { "type": "Point", "coordinates": [ -91.71332, 14.1581 ] } },
{ "type": "Feature", "properties": { "id": "3024", "n": "P/S GUISCOYOL", "t": "PUESTO DE SALUD", "m": "LA MAQUINA II" }, "geometry": { "type": "Point", "coordinates": [ -91.73883, 14.25314 ] } },
{ "type": "Feature", "properties": { "id": "3025", "n": "P/S NUEVA BELEN", "t": "PUESTO DE SALUD", "m": "LA MAQUINA II" }, "geometry": { "type": "Point", "coordinates": [ -91.64086, 14.39205 ] } },
{ "type": "Feature", "properties": { "id": "3027", "n": "C/C LINEA C-2 SIS", "t": "CENTRO CONVERGENCIA", "m": "LA MAQUINA II" }, "geometry": { "type": "Point", "coordinates": [ -91.62311, 14.29137 ] } },
{ "type": "Feature", "properties": { "id": "3028", "n": "C/C LINEA C-6 SIS", "t": "CENTRO CONVERGENCIA", "m": "LA MAQUINA II" }, "geometry": { "type": "Point", "coordinates": [ -91.65201, 14.26649 ] } },
{ "type": "Feature", "properties": { "id": "3029", "n": "C/S NUEVO SAN CARLOS", "t": "CENTRO DE SALUD", "m": "NUEVO SAN CARLOS" }, "geometry": { "type": "Point", "coordinates": [ -91.69105, 14.5922 ] } },
{ "type": "Feature", "properties": { "id": "3030", "n": "P/S CANDELARIA XOLHUITZ", "t": "PUESTO DE SALUD", "m": "NUEVO SAN CARLOS" }, "geometry": { "type": "Point", "coordinates": [ -91.70505, 14.66261 ] } },
{ "type": "Feature", "properties": { "id": "3031", "n": "P/S GRANADOS", "t": "PUESTO DE SALUD", "m": "NUEVO SAN CARLOS" }, "geometry": { "type": "Point", "coordinates": [ -91.68505, 14.62266 ] } },
{ "type": "Feature", "properties": { "id": "3033", "n": "C/S CABALLO BLANCO", "t": "CENTRO DE SALUD", "m": "RETALHULEU" }, "geometry": { "type": "Point", "coordinates": [ -91.8506, 14.49623 ] } },
{ "type": "Feature", "properties": { "id": "3034", "n": "P/S LA BLANQUITA", "t": "PUESTO DE SALUD", "m": "RETALHULEU" }, "geometry": { "type": "Point", "coordinates": [ -91.94129, 14.51251 ] } },
{ "type": "Feature", "properties": { "id": "3035", "n": "P/S SANTA FE", "t": "PUESTO DE SALUD", "m": "RETALHULEU" }, "geometry": { "type": "Point", "coordinates": [ -91.82157, 14.46327 ] } },
{ "type": "Feature", "properties": { "id": "3036", "n": "P/S VALLE LIRIO", "t": "PUESTO DE SALUD", "m": "RETALHULEU" }, "geometry": { "type": "Point", "coordinates": [ -92.08142, 14.54067 ] } },
{ "type": "Feature", "properties": { "id": "3037", "n": "P/S LAS CRUCES", "t": "PUESTO DE SALUD", "m": "RETALHULEU" }, "geometry": { "type": "Point", "coordinates": [ -91.7866, 14.49379 ] } },
{ "type": "Feature", "properties": { "id": "3038", "n": "C/S SAN FELIPE", "t": "CENTRO DE SALUD", "m": "SAN FELIPE" }, "geometry": { "type": "Point", "coordinates": [ -91.59857, 14.62397 ] } },
{ "type": "Feature", "properties": { "id": "3039", "n": "P/S EL PALMARCITO", "t": "PUESTO DE SALUD", "m": "SAN FELIPE" }, "geometry": { "type": "Point", "coordinates": [ -91.57268, 14.62668 ] } },
{ "type": "Feature", "properties": { "id": "3040", "n": "P/S CANTON VELA", "t": "PUESTO DE SALUD", "m": "SAN FELIPE" }, "geometry": { "type": "Point", "coordinates": [ -91.57761, 14.59975 ] } },
{ "type": "Feature", "properties": { "id": "3041", "n": "P/S LOS ANGELES", "t": "PUESTO DE SALUD", "m": "SAN FELIPE" }, "geometry": { "type": "Point", "coordinates": [ -91.5741, 14.61192 ] } },
{ "type": "Feature", "properties": { "id": "3042", "n": "C/S SAN SEBASTIAN", "t": "CENTRO DE SALUD", "m": "SAN SEBASTIAN" }, "geometry": { "type": "Point", "coordinates": [ -91.64884, 14.56521 ] } },
{ "type": "Feature", "properties": { "id": "3043", "n": "P/S SAN LUIS", "t": "PUESTO DE SALUD", "m": "SAN SEBASTIAN" }, "geometry": { "type": "Point", "coordinates": [ -91.64291, 14.6017 ] } },
{ "type": "Feature", "properties": { "id": "3044", "n": "C/C OCOSITO CENTRO", "t": "CENTRO CONVERGENCIA", "m": "SAN SEBASTIAN" }, "geometry": { "type": "Point", "coordinates": [ -91.66311, 14.58257 ] } },
{ "type": "Feature", "properties": { "id": "3045", "n": "C/S SAN ANDRES VILLA SECA", "t": "CENTRO DE SALUD", "m": "SAN ANDRES VILLA SECA" }, "geometry": { "type": "Point", "coordinates": [ -91.58512, 14.57786 ] } },
{ "type": "Feature", "properties": { "id": "3046", "n": "P/S BUENOS AIRES", "t": "PUESTO DE SALUD", "m": "SAN ANDRES VILLA SECA" }, "geometry": { "type": "Point", "coordinates": [ -91.6056, 14.41442 ] } },
{ "type": "Feature", "properties": { "id": "3047", "n": "C/C CANTON CENTRO", "t": "CENTRO CONVERGENCIA", "m": "EL ASINTAL" }, "geometry": { "type": "Point", "coordinates": [ -91.73903, 14.60283 ] } },
{ "type": "Feature", "properties": { "id": "3048", "n": "C/C LA CUCHILLA", "t": "CENTRO CONVERGENCIA", "m": "SAN ANDRES VILLA SECA" }, "geometry": { "type": "Point", "coordinates": [ -91.59334, 14.50806 ] } },
{ "type": "Feature", "properties": { "id": "3049", "n": "C/S EL ASINTAL", "t": "CENTRO DE SALUD", "m": "EL ASINTAL" }, "geometry": { "type": "Point", "coordinates": [ -91.72712, 14.59761 ] } },
{ "type": "Feature", "properties": { "id": "3050", "n": "P/S SIBANA", "t": "PUESTO DE SALUD", "m": "EL ASINTAL" }, "geometry": { "type": "Point", "coordinates": [ -91.75135, 14.56924 ] } },
{ "type": "Feature", "properties": { "id": "3051", "n": "P/S XAB", "t": "PUESTO DE SALUD", "m": "EL ASINTAL" }, "geometry": { "type": "Point", "coordinates": [ -91.77539, 14.5867 ] } },
{ "type": "Feature", "properties": { "id": "3052", "n": "C/C BACAJIA I", "t": "CENTRO CONVERGENCIA", "m": "EL ASINTAL" }, "geometry": { "type": "Point", "coordinates": [ -91.60873, 14.54619 ] } },
{ "type": "Feature", "properties": { "id": "3053", "n": "C/C PAJALES ANEXO I", "t": "CENTRO CONVERGENCIA", "m": "EL ASINTAL" }, "geometry": { "type": "Point", "coordinates": [ -91.61093, 14.52426 ] } },
{ "type": "Feature", "properties": { "id": "3054", "n": "C/C PAJALES ANEXO II", "t": "CENTRO CONVERGENCIA", "m": "EL ASINTAL" }, "geometry": { "type": "Point", "coordinates": [ -91.61514, 14.51207 ] } },
{ "type": "Feature", "properties": { "id": "3057", "n": "APROFAM", "t": "APROFAM", "m": "RETALHULEU" }, "geometry": { "type": "Point", "coordinates": [ -91.67371, 14.53812 ] } },
{ "type": "Feature", "properties": { "id": "3070", "n": "C/C PARCELAMIENTO EL SALTO", "t": "CENTRO CONVERGENCIA", "m": "SAN ANDRES VILLA SECA" }, "geometry": { "type": "Point", "coordinates": [ -91.58338, 14.45068 ] } },
{ "type": "Feature", "properties": { "id": "3003", "n": "C/S DE RETALHULEU", "t": "CENTRO DE SALUD", "m": "RETALHULEU" }, "geometry": { "type": "Point", "coordinates": [ -91.67949, 14.5386 ] } },
{ "type": "Feature", "properties": { "id": "3072", "n": "C/C LA ESPERANZA", "t": "CENTRO CONVERGENCIA", "m": "EL ASINTAL" }, "geometry": { "type": "Point", "coordinates": [ -91.77255, 14.56466 ] } },
{ "type": "Feature", "properties": { "id": "3058", "n": "CRUZ ROJA", "t": "CRUZ ROJA", "m": "RETALHULEU" }, "geometry": { "type": "Point", "coordinates": [ -91.67634, 14.54147 ] } },
{ "type": "Feature", "properties": { "id": "3001", "n": "DAS", "t": "DIRECCION AREA SALUD", "m": "RETALHULEU" }, "geometry": { "type": "Point", "coordinates": [ -91.67939, 14.53859 ] } },
{ "type": "Feature", "properties": { "id": "3002", "n": "HOSPITAL NACIONAL", "t": "HOSPITAL", "m": "RETALHULEU" }, "geometry": { "type": "Point", "coordinates": [ -91.6771, 14.54678 ] } },
{ "type": "Feature", "properties": { "id": "3059", "n": "IGSS", "t": "IGSS", "m": "RETALHULEU" }, "geometry": { "type": "Point", "coordinates": [ -91.6784, 14.54421 ] } },
{ "type": "Feature", "properties": { "id": "3063", "n": "IGSS", "t": "IGSS", "m": "CHAMPERICO" }, "geometry": { "type": "Point", "coordinates": [ -91.91335, 14.29334 ] } },
{ "type": "Feature", "properties": { "id": "3061", "n": "P/S EL CODO", "t": "PUESTO DE SALUD", "m": "CHAMPERICO" }, "geometry": { "type": "Point", "coordinates": [ -91.82571, 14.31074 ] } },
{ "type": "Feature", "properties": { "id": "2736", "n": "P/S ESQUIPULAS PALO GORDO", "t": "PUESTO DE SALUD", "m": "ESQUIPULAS PALO GORDO" }, "geometry": { "type": "Point", "coordinates": [ -91.8256, 14.94194 ] } },
{ "type": "Feature", "properties": { "id": "2744", "n": "C/C POJOPON", "t": "CENTRO CONVERGENCIA", "m": "ESQUIPULAS PALO GORDO" }, "geometry": { "type": "Point", "coordinates": [ -91.83496, 14.94031 ] } },
{ "type": "Feature", "properties": { "id": "2743", "n": "C/C OJO DE AGUA", "t": "CENTRO CONVERGENCIA", "m": "ESQUIPULAS PALO GORDO" }, "geometry": { "type": "Point", "coordinates": [ -91.82841, 14.93489 ] } },
{ "type": "Feature", "properties": { "id": "2740", "n": "C/C VILLA HERMOSA I", "t": "CENTRO CONVERGENCIA", "m": "ESQUIPULAS PALO GORDO" }, "geometry": { "type": "Point", "coordinates": [ -91.82125, 14.92474 ] } },
{ "type": "Feature", "properties": { "id": "2738", "n": "UMS VILLA HERMOSA", "t": "UNIDAD MINIMA SALUD", "m": "ESQUIPULAS PALO GORDO" }, "geometry": { "type": "Point", "coordinates": [ -91.82148, 14.92458 ] } },
{ "type": "Feature", "properties": { "id": "2739", "n": "C/C TANIL", "t": "CENTRO CONVERGENCIA", "m": "ESQUIPULAS PALO GORDO" }, "geometry": { "type": "Point", "coordinates": [ -91.81933, 14.92871 ] } },
{ "type": "Feature", "properties": { "id": "2747", "n": "C/C JERUSALEN", "t": "CENTRO CONVERGENCIA", "m": "ESQUIPULAS PALO GORDO" }, "geometry": { "type": "Point", "coordinates": [ -91.81889, 14.93515 ] } },
{ "type": "Feature", "properties": { "id": "2742", "n": "C/C BETHANIA", "t": "CENTRO CONVERGENCIA", "m": "ESQUIPULAS PALO GORDO" }, "geometry": { "type": "Point", "coordinates": [ -91.81773, 14.94173 ] } },
{ "type": "Feature", "properties": { "id": "2746", "n": "C/C PARAISO", "t": "CENTRO CONVERGENCIA", "m": "ESQUIPULAS PALO GORDO" }, "geometry": { "type": "Point", "coordinates": [ -91.80964, 14.93872 ] } },
{ "type": "Feature", "properties": { "id": "2745", "n": "C/C FRATERNIDAD", "t": "CENTRO CONVERGENCIA", "m": "ESQUIPULAS PALO GORDO" }, "geometry": { "type": "Point", "coordinates": [ -91.87174, 14.93542 ] } },
{ "type": "Feature", "properties": { "id": "2733", "n": "C/S SAN RAFAEL PIE DE LA CUESTA", "t": "CENTRO DE SALUD", "m": "SAN RAFAEL PIE DE LA CUESTA" }, "geometry": { "type": "Point", "coordinates": [ -91.91277, 14.93273 ] } },
{ "type": "Feature", "properties": { "id": "2734", "n": "P/S CHAYEN", "t": "PUESTO DE SALUD", "m": "SAN RAFAEL PIE DE LA CUESTA" }, "geometry": { "type": "Point", "coordinates": [ -91.94031, 14.91848 ] } },
{ "type": "Feature", "properties": { "id": "2637", "n": "P/S BARRANCA GRANDE", "t": "PUESTO DE SALUD", "m": "SAN CRISTOBAL CUCHO" }, "geometry": { "type": "Point", "coordinates": [ -91.76459, 14.89026 ] } },
{ "type": "Feature", "properties": { "id": "2640", "n": "UMS BARRANCA EL CENTRO", "t": "UNIDAD MINIMA SALUD", "m": "SAN CRISTOBAL CUCHO" }, "geometry": { "type": "Point", "coordinates": [ -91.75826, 14.89881 ] } },
{ "type": "Feature", "properties": { "id": "2792", "n": "C/C NUEVO EGIPTO", "t": "CENTRO CONVERGENCIA", "m": "MALACATAN" }, "geometry": { "type": "Point", "coordinates": [ -92.04057, 14.92183 ] } },
{ "type": "Feature", "properties": { "id": "2791", "n": "C/C 11 DE JUNIO", "t": "CENTRO CONVERGENCIA", "m": "MALACATAN" }, "geometry": { "type": "Point", "coordinates": [ -92.03253, 14.93262 ] } },
{ "type": "Feature", "properties": { "id": "2779", "n": "C/C EL RINCON", "t": "CENTRO CONVERGENCIA", "m": "MALACATAN" }, "geometry": { "type": "Point", "coordinates": [ -92.05909, 14.9576 ] } },
{ "type": "Feature", "properties": { "id": "2780", "n": "C/C TECOMATE", "t": "CENTRO CONVERGENCIA", "m": "MALACATAN" }, "geometry": { "type": "Point", "coordinates": [ -92.10344, 14.83572 ] } },
{ "type": "Feature", "properties": { "id": "2795", "n": "P/S CATARINA", "t": "PUESTO DE SALUD", "m": "CATARINA" }, "geometry": { "type": "Point", "coordinates": [ -92.07717, 14.85602 ] } },
{ "type": "Feature", "properties": { "id": "2800", "n": "C/C SAN JUAN", "t": "CENTRO CONVERGENCIA", "m": "CATARINA" }, "geometry": { "type": "Point", "coordinates": [ -92.0799, 14.86279 ] } },
{ "type": "Feature", "properties": { "id": "2799", "n": "C/C LAS PILAS", "t": "CENTRO CONVERGENCIA", "m": "CATARINA" }, "geometry": { "type": "Point", "coordinates": [ -92.07549, 14.87059 ] } },
{ "type": "Feature", "properties": { "id": "2798", "n": "P/S SISILTEPEQUE", "t": "PUESTO DE SALUD", "m": "CATARINA" }, "geometry": { "type": "Point", "coordinates": [ -92.04243, 14.88165 ] } },
{ "type": "Feature", "properties": { "id": "2801", "n": "C/C CHIPAL", "t": "CENTRO CONVERGENCIA", "m": "CATARINA" }, "geometry": { "type": "Point", "coordinates": [ -92.06436, 14.87253 ] } },
{ "type": "Feature", "properties": { "id": "2796", "n": "P/S EL SITIO", "t": "PUESTO DE SALUD", "m": "CATARINA" }, "geometry": { "type": "Point", "coordinates": [ -92.09115, 14.8169 ] } },
{ "type": "Feature", "properties": { "id": "2816", "n": "C/S NUEVO PROGRESO", "t": "CENTRO DE SALUD", "m": "NUEVO PROGRESO" }, "geometry": { "type": "Point", "coordinates": [ -91.91976, 14.79181 ] } },
{ "type": "Feature", "properties": { "id": "2822", "n": "C/C PUEBLO VIEJO", "t": "CENTRO CONVERGENCIA", "m": "NUEVO PROGRESO" }, "geometry": { "type": "Point", "coordinates": [ -91.90639, 14.79579 ] } },
{ "type": "Feature", "properties": { "id": "2959", "n": "C/C COMUNIDAD AGRARIA EMANUEL", "t": "CENTRO CONVERGENCIA", "m": "EL TUMBADOR" }, "geometry": { "type": "Point", "coordinates": [ -91.90408, 14.80687 ] } },
{ "type": "Feature", "properties": { "id": "2830", "n": "C/C NUEVO EDEN", "t": "CENTRO CONVERGENCIA", "m": "NUEVO PROGRESO" }, "geometry": { "type": "Point", "coordinates": [ -91.90875, 14.81592 ] } },
{ "type": "Feature", "properties": { "id": "2827", "n": "C/C NUEVO PORVENIR", "t": "CENTRO CONVERGENCIA", "m": "NUEVO PROGRESO" }, "geometry": { "type": "Point", "coordinates": [ -91.8832, 14.82975 ] } },
{ "type": "Feature", "properties": { "id": "2825", "n": "C/C FINCA ESCOCIA", "t": "CENTRO CONVERGENCIA", "m": "NUEVO PROGRESO" }, "geometry": { "type": "Point", "coordinates": [ -91.8509, 14.80105 ] } },
{ "type": "Feature", "properties": { "id": "2829", "n": "C/C NUEVA SUIZA", "t": "CENTRO CONVERGENCIA", "m": "NUEVO PROGRESO" }, "geometry": { "type": "Point", "coordinates": [ -91.84528, 14.81467 ] } },
{ "type": "Feature", "properties": { "id": "2828", "n": "C/C CASERIO VERACRUZ", "t": "CENTRO CONVERGENCIA", "m": "NUEVO PROGRESO" }, "geometry": { "type": "Point", "coordinates": [ -91.90817, 14.78446 ] } },
{ "type": "Feature", "properties": { "id": "2833", "n": "C/C LOS CARDONA", "t": "CENTRO CONVERGENCIA", "m": "NUEVO PROGRESO" }, "geometry": { "type": "Point", "coordinates": [ -91.90959, 14.77224 ] } },
{ "type": "Feature", "properties": { "id": "2831", "n": "C/C EL COCO", "t": "CENTRO CONVERGENCIA", "m": "NUEVO PROGRESO" }, "geometry": { "type": "Point", "coordinates": [ -91.92337, 14.77696 ] } },
{ "type": "Feature", "properties": { "id": "2819", "n": "C/C ALDEA PALIN", "t": "CENTRO CONVERGENCIA", "m": "NUEVO PROGRESO" }, "geometry": { "type": "Point", "coordinates": [ -91.94127, 14.76719 ] } },
{ "type": "Feature", "properties": { "id": "2824", "n": "C/C SAN LUIS NARANJO", "t": "CENTRO CONVERGENCIA", "m": "NUEVO PROGRESO" }, "geometry": { "type": "Point", "coordinates": [ -91.9937, 14.7178 ] } },
{ "type": "Feature", "properties": { "id": "2818", "n": "P/S BUENA VISTA", "t": "PUESTO DE SALUD", "m": "NUEVO PROGRESO" }, "geometry": { "type": "Point", "coordinates": [ -91.95001, 14.73 ] } },
{ "type": "Feature", "properties": { "id": "2832", "n": "C/C LAGUNA SECA", "t": "CENTRO CONVERGENCIA", "m": "NUEVO PROGRESO" }, "geometry": { "type": "Point", "coordinates": [ -91.92472, 14.7544 ] } },
{ "type": "Feature", "properties": { "id": "2826", "n": "C/C CANTON SAN RAMON", "t": "CENTRO CONVERGENCIA", "m": "NUEVO PROGRESO" }, "geometry": { "type": "Point", "coordinates": [ -91.91354, 14.74134 ] } },
{ "type": "Feature", "properties": { "id": "2817", "n": "P/S SAN JUAN IXTAL", "t": "PUESTO DE SALUD", "m": "NUEVO PROGRESO" }, "geometry": { "type": "Point", "coordinates": [ -91.8978, 14.74393 ] } },
{ "type": "Feature", "properties": { "id": "2823", "n": "C/C SIETE DE FEBRERO", "t": "CENTRO CONVERGENCIA", "m": "NUEVO PROGRESO" }, "geometry": { "type": "Point", "coordinates": [ -91.89622, 14.7687 ] } },
{ "type": "Feature", "properties": { "id": "2821", "n": "C/C CASERIO LA DEMOCRACIA", "t": "CENTRO CONVERGENCIA", "m": "NUEVO PROGRESO" }, "geometry": { "type": "Point", "coordinates": [ -91.89447, 14.76153 ] } },
{ "type": "Feature", "properties": { "id": "2820", "n": "C/C CANTON IXTALITO", "t": "CENTRO CONVERGENCIA", "m": "NUEVO PROGRESO" }, "geometry": { "type": "Point", "coordinates": [ -91.88581, 14.78315 ] } },
{ "type": "Feature", "properties": { "id": "2961", "n": "IGSS", "t": "IGSS", "m": "NUEVO PROGRESO" }, "geometry": { "type": "Point", "coordinates": [ -91.91996, 14.79185 ] } },
{ "type": "Feature", "properties": { "id": "2803", "n": "C/S EL TUMBADOR", "t": "CENTRO DE SALUD", "m": "EL TUMBADOR" }, "geometry": { "type": "Point", "coordinates": [ -91.93114, 14.86385 ] } },
{ "type": "Feature", "properties": { "id": "2958", "n": "IGSS", "t": "IGSS", "m": "EL TUMBADOR" }, "geometry": { "type": "Point", "coordinates": [ -91.9357, 14.86323 ] } },
{ "type": "Feature", "properties": { "id": "2805", "n": "P/S LA DEMOCRACIA", "t": "PUESTO DE SALUD", "m": "EL TUMBADOR" }, "geometry": { "type": "Point", "coordinates": [ -92.02018, 14.81277 ] } },
{ "type": "Feature", "properties": { "id": "2810", "n": "C/C LAS VIRGENES", "t": "CENTRO CONVERGENCIA", "m": "EL TUMBADOR" }, "geometry": { "type": "Point", "coordinates": [ -91.99313, 14.81456 ] } },
{ "type": "Feature", "properties": { "id": "2806", "n": "UMS EL AMPARO", "t": "UNIDAD MINIMA SALUD", "m": "EL TUMBADOR" }, "geometry": { "type": "Point", "coordinates": [ -91.99747, 14.7963 ] } },
{ "type": "Feature", "properties": { "id": "2808", "n": "C/C LA PALMA", "t": "CENTRO CONVERGENCIA", "m": "EL TUMBADOR" }, "geometry": { "type": "Point", "coordinates": [ -91.97442, 14.83057 ] } },
{ "type": "Feature", "properties": { "id": "2811", "n": "C/C CANTON MORALES", "t": "CENTRO CONVERGENCIA", "m": "EL TUMBADOR" }, "geometry": { "type": "Point", "coordinates": [ -91.96031, 14.82877 ] } },
{ "type": "Feature", "properties": { "id": "2812", "n": "C/C BELLA LUZ", "t": "CENTRO CONVERGENCIA", "m": "EL TUMBADOR" }, "geometry": { "type": "Point", "coordinates": [ -91.95068, 14.8261 ] } },
{ "type": "Feature", "properties": { "id": "2814", "n": "C/C LIBERACION", "t": "CENTRO CONVERGENCIA", "m": "EL TUMBADOR" }, "geometry": { "type": "Point", "coordinates": [ -91.96734, 14.81665 ] } },
{ "type": "Feature", "properties": { "id": "2960", "n": "C/C GUAPINOL", "t": "CENTRO CONVERGENCIA", "m": "EL TUMBADOR" }, "geometry": { "type": "Point", "coordinates": [ -91.98013, 14.82083 ] } },
{ "type": "Feature", "properties": { "id": "2749", "n": "C/S SAN PABLO", "t": "CENTRO DE SALUD", "m": "SAN PABLO" }, "geometry": { "type": "Point", "coordinates": [ -92.00456, 14.93182 ] } },
{ "type": "Feature", "properties": { "id": "2763", "n": "C/C CASERIO CARMEN", "t": "CENTRO CONVERGENCIA", "m": "SAN PABLO" }, "geometry": { "type": "Point", "coordinates": [ -92.01595, 14.96028 ] } },
{ "type": "Feature", "properties": { "id": "2756", "n": "C/C NUEVO SAN CARLOS I", "t": "CENTRO CONVERGENCIA", "m": "SAN PABLO" }, "geometry": { "type": "Point", "coordinates": [ -92.0124, 14.96402 ] } },
{ "type": "Feature", "properties": { "id": "2766", "n": "C/C VILLA HERMOSA", "t": "CENTRO CONVERGENCIA", "m": "SAN PABLO" }, "geometry": { "type": "Point", "coordinates": [ -92.02543, 14.94659 ] } },
{ "type": "Feature", "properties": { "id": "2753", "n": "C/C ALDEA ZELANDIA", "t": "CENTRO CONVERGENCIA", "m": "SAN PABLO" }, "geometry": { "type": "Point", "coordinates": [ -92.01171, 14.93619 ] } },
{ "type": "Feature", "properties": { "id": "2765", "n": "C/C EL QUETZALI II", "t": "CENTRO CONVERGENCIA", "m": "SAN PABLO" }, "geometry": { "type": "Point", "coordinates": [ -91.95614, 14.91911 ] } },
{ "type": "Feature", "properties": { "id": "2768", "n": "C/C LA JOYA", "t": "CENTRO CONVERGENCIA", "m": "SAN PABLO" }, "geometry": { "type": "Point", "coordinates": [ -91.96323, 14.93263 ] } },
{ "type": "Feature", "properties": { "id": "2750", "n": "P/S EL PORVENIR", "t": "PUESTO DE SALUD", "m": "SAN PABLO" }, "geometry": { "type": "Point", "coordinates": [ -91.93774, 14.9652 ] } },
{ "type": "Feature", "properties": { "id": "2767", "n": "C/C TOJOJ", "t": "CENTRO CONVERGENCIA", "m": "SAN PABLO" }, "geometry": { "type": "Point", "coordinates": [ -91.93666, 14.98476 ] } },
{ "type": "Feature", "properties": { "id": "2762", "n": "C/C EL QUETZAL", "t": "CENTRO CONVERGENCIA", "m": "SAN PABLO" }, "geometry": { "type": "Point", "coordinates": [ -91.94715, 14.98973 ] } },
{ "type": "Feature", "properties": { "id": "2764", "n": "C/C IGUALDAD", "t": "CENTRO CONVERGENCIA", "m": "SAN PABLO" }, "geometry": { "type": "Point", "coordinates": [ -91.9413, 14.99148 ] } },
{ "type": "Feature", "properties": { "id": "2758", "n": "C/C NUEVO PARAISO", "t": "CENTRO CONVERGENCIA", "m": "SAN PABLO" }, "geometry": { "type": "Point", "coordinates": [ -92.00211, 14.97351 ] } },
{ "type": "Feature", "properties": { "id": "2752", "n": "C/C NUEVO HORIZONTE", "t": "CENTRO CONVERGENCIA", "m": "SAN PABLO" }, "geometry": { "type": "Point", "coordinates": [ -92.00204, 14.9845 ] } },
{ "type": "Feature", "properties": { "id": "2755", "n": "C/C LOMA BONITA", "t": "CENTRO CONVERGENCIA", "m": "SAN PABLO" }, "geometry": { "type": "Point", "coordinates": [ -92.00164, 14.99968 ] } },
{ "type": "Feature", "properties": { "id": "2759", "n": "C/C SANTA ANITA", "t": "CENTRO CONVERGENCIA", "m": "SAN PABLO" }, "geometry": { "type": "Point", "coordinates": [ -91.99478, 15.00584 ] } },
{ "type": "Feature", "properties": { "id": "2761", "n": "C/C NUEVA ARGENTINA", "t": "CENTRO CONVERGENCIA", "m": "SAN PABLO" }, "geometry": { "type": "Point", "coordinates": [ -92.00516, 14.99199 ] } },
{ "type": "Feature", "properties": { "id": "2754", "n": "C/C LOS ANDES", "t": "CENTRO CONVERGENCIA", "m": "SAN PABLO" }, "geometry": { "type": "Point", "coordinates": [ -92.00559, 15.02488 ] } },
{ "type": "Feature", "properties": { "id": "2757", "n": "C/C BUENOS AIRES", "t": "CENTRO CONVERGENCIA", "m": "SAN PABLO" }, "geometry": { "type": "Point", "coordinates": [ -92.01537, 15.01999 ] } },
{ "type": "Feature", "properties": { "id": "2760", "n": "C/C PIEDRA PARADA", "t": "CENTRO CONVERGENCIA", "m": "SAN PABLO" }, "geometry": { "type": "Point", "coordinates": [ -92.01673, 14.9714 ] } },
{ "type": "Feature", "properties": { "id": "2751", "n": "C/C NUEVA BUENA VISTA", "t": "CENTRO CONVERGENCIA", "m": "SAN PABLO" }, "geometry": { "type": "Point", "coordinates": [ -92.00201, 14.96627 ] } },
{ "type": "Feature", "properties": { "id": "2928", "n": "C/S SAN JOSE EL RODEO", "t": "CENTRO DE SALUD", "m": "SAN JOSE EL RODEO" }, "geometry": { "type": "Point", "coordinates": [ -91.97755, 14.91595 ] } },
{ "type": "Feature", "properties": { "id": "2929", "n": "P/S SAN FRANCISCO EL RODEO", "t": "PUESTO DE SALUD", "m": "SAN JOSE EL RODEO" }, "geometry": { "type": "Point", "coordinates": [ -92.02128, 14.84952 ] } },
{ "type": "Feature", "properties": { "id": "2629", "n": "P/S BARRANCA DE GALVEZ", "t": "PUESTO DE SALUD", "m": "SAN MARCOS" }, "geometry": { "type": "Point", "coordinates": [ -91.85929, 15.01133 ] } },
{ "type": "Feature", "properties": { "id": "2630", "n": "P/S SAN SEBASTIAN", "t": "PUESTO DE SALUD", "m": "SAN MARCOS" }, "geometry": { "type": "Point", "coordinates": [ -91.83447, 15.06428 ] } },
{ "type": "Feature", "properties": { "id": "2631", "n": "P/S SAN ANTONIO SERCHIL", "t": "PUESTO DE SALUD", "m": "SAN MARCOS" }, "geometry": { "type": "Point", "coordinates": [ -91.81075, 15.04724 ] } },
{ "type": "Feature", "properties": { "id": "2639", "n": "UMS SANTA LUCIA IXCAMAL", "t": "UNIDAD MINIMA SALUD", "m": "SAN CRISTOBAL CUCHO" }, "geometry": { "type": "Point", "coordinates": [ -91.80331, 15.03424 ] } },
{ "type": "Feature", "properties": { "id": "2634", "n": "P/S SAN JOSE LAS ISLAS", "t": "PUESTO DE SALUD", "m": "SAN MARCOS" }, "geometry": { "type": "Point", "coordinates": [ -91.79408, 14.92583 ] } },
{ "type": "Feature", "properties": { "id": "2633", "n": "P/S EL BOJONAL", "t": "PUESTO DE SALUD", "m": "SAN MARCOS" }, "geometry": { "type": "Point", "coordinates": [ -91.8845, 14.95932 ] } },
{ "type": "Feature", "properties": { "id": "2636", "n": "P/S SAN CRISTOBAL CUCHO", "t": "PUESTO DE SALUD", "m": "SAN CRISTOBAL CUCHO" }, "geometry": { "type": "Point", "coordinates": [ -91.77911, 14.90549 ] } },
{ "type": "Feature", "properties": { "id": "2638", "n": "P/S LAS MAJADAS", "t": "PUESTO DE SALUD", "m": "SAN CRISTOBAL CUCHO" }, "geometry": { "type": "Point", "coordinates": [ -91.77687, 14.86153 ] } },
{ "type": "Feature", "properties": { "id": "2932", "n": "CRUZ ROJA", "t": "CRUZ ROJA", "m": "SAN MARCOS" }, "geometry": { "type": "Point", "coordinates": [ -91.81148, 15.04698 ] } },
{ "type": "Feature", "properties": { "id": "2680", "n": "C/S TACANA", "t": "CENTRO DE SALUD", "m": "TACANA" }, "geometry": { "type": "Point", "coordinates": [ -92.07155, 15.23752 ] } },
{ "type": "Feature", "properties": { "id": "2684", "n": "P/S LA ESPERANZA TUICOCHE", "t": "PUESTO DE SALUD", "m": "TACANA" }, "geometry": { "type": "Point", "coordinates": [ -92.12767, 15.38369 ] } },
{ "type": "Feature", "properties": { "id": "2682", "n": "P/S CHEQUIN GRANDE", "t": "PUESTO DE SALUD", "m": "TACANA" }, "geometry": { "type": "Point", "coordinates": [ -92.13381, 15.2556 ] } },
{ "type": "Feature", "properties": { "id": "2683", "n": "P/S CHACTELA", "t": "PUESTO DE SALUD", "m": "TACANA" }, "geometry": { "type": "Point", "coordinates": [ -92.11426, 15.23141 ] } },
{ "type": "Feature", "properties": { "id": "2685", "n": "P/S SAN RAFAEL TACANA", "t": "PUESTO DE SALUD", "m": "TACANA" }, "geometry": { "type": "Point", "coordinates": [ -92.11155, 15.16776 ] } },
{ "type": "Feature", "properties": { "id": "2681", "n": "P/S TOACA", "t": "PUESTO DE SALUD", "m": "TACANA" }, "geometry": { "type": "Point", "coordinates": [ -92.00426, 15.19434 ] } },
{ "type": "Feature", "properties": { "id": "2891", "n": "C/S SIBINAL", "t": "CENTRO DE SALUD", "m": "SIBINAL" }, "geometry": { "type": "Point", "coordinates": [ -92.04724, 15.1481 ] } },
{ "type": "Feature", "properties": { "id": "2892", "n": "P/S CHECAMBA", "t": "PUESTO DE SALUD", "m": "SIBINAL" }, "geometry": { "type": "Point", "coordinates": [ -92.04364, 15.15908 ] } },
{ "type": "Feature", "properties": { "id": "2893", "n": "P/S CHOCABJ", "t": "PUESTO DE SALUD", "m": "SIBINAL" }, "geometry": { "type": "Point", "coordinates": [ -92.07545, 15.11103 ] } },
{ "type": "Feature", "properties": { "id": "2909", "n": "C/S TAJUMULCO", "t": "CENTRO DE SALUD", "m": "TAJUMULCO" }, "geometry": { "type": "Point", "coordinates": [ -91.9221, 15.08351 ] } },
{ "type": "Feature", "properties": { "id": "2912", "n": "P/S TONINCHUM", "t": "PUESTO DE SALUD", "m": "TAJUMULCO" }, "geometry": { "type": "Point", "coordinates": [ -91.89178, 15.08191 ] } },
{ "type": "Feature", "properties": { "id": "2905", "n": "C/C CASERIO EL EDEN", "t": "CENTRO CONVERGENCIA", "m": "SAN MIGUEL IXTAHUACAN" }, "geometry": { "type": "Point", "coordinates": [ -91.76721, 15.31256 ] } },
{ "type": "Feature", "properties": { "id": "2900", "n": "UMS LA FLORIDA", "t": "UNIDAD MINIMA SALUD", "m": "SAN MIGUEL IXTAHUACAN" }, "geometry": { "type": "Point", "coordinates": [ -91.75117, 15.30372 ] } },
{ "type": "Feature", "properties": { "id": "2906", "n": "C/C CASERIO LEGUAL", "t": "CENTRO CONVERGENCIA", "m": "SAN MIGUEL IXTAHUACAN" }, "geometry": { "type": "Point", "coordinates": [ -91.72739, 15.27595 ] } },
{ "type": "Feature", "properties": { "id": "2899", "n": "UMS EL SALITRE", "t": "UNIDAD MINIMA SALUD", "m": "SAN MIGUEL IXTAHUACAN" }, "geometry": { "type": "Point", "coordinates": [ -91.68938, 15.26804 ] } },
{ "type": "Feature", "properties": { "id": "2901", "n": "UMS EL ZAPOTE", "t": "UNIDAD MINIMA SALUD", "m": "SAN MIGUEL IXTAHUACAN" }, "geometry": { "type": "Point", "coordinates": [ -91.69741, 15.31029 ] } },
{ "type": "Feature", "properties": { "id": "2903", "n": "C/C CASERIO MARAVILLAS", "t": "CENTRO CONVERGENCIA", "m": "SAN MIGUEL IXTAHUACAN" }, "geometry": { "type": "Point", "coordinates": [ -91.71286, 15.2908 ] } },
{ "type": "Feature", "properties": { "id": "2669", "n": "P/S FRATERNIDAD", "t": "PUESTO DE SALUD", "m": "TEJUTLA" }, "geometry": { "type": "Point", "coordinates": [ -91.78688, 15.15616 ] } },
{ "type": "Feature", "properties": { "id": "2949", "n": "P/S LOS CEREZOS", "t": "PUESTO DE SALUD", "m": "TEJUTLA" }, "geometry": { "type": "Point", "coordinates": [ -91.81995, 15.20213 ] } },
{ "type": "Feature", "properties": { "id": "2668", "n": "P/S IXMUICA", "t": "PUESTO DE SALUD", "m": "TEJUTLA" }, "geometry": { "type": "Point", "coordinates": [ -91.82853, 15.17864 ] } },
{ "type": "Feature", "properties": { "id": "2678", "n": "UMS SULANCHAC", "t": "UNIDAD MINIMA SALUD", "m": "TEJUTLA" }, "geometry": { "type": "Point", "coordinates": [ -91.8709, 15.18474 ] } },
{ "type": "Feature", "properties": { "id": "2673", "n": "P/S VENECIA", "t": "PUESTO DE SALUD", "m": "TEJUTLA" }, "geometry": { "type": "Point", "coordinates": [ -91.85264, 15.21753 ] } },
{ "type": "Feature", "properties": { "id": "2677", "n": "UMS JULEN", "t": "UNIDAD MINIMA SALUD", "m": "TEJUTLA" }, "geometry": { "type": "Point", "coordinates": [ -91.88693, 15.21046 ] } },
{ "type": "Feature", "properties": { "id": "2921", "n": "P/S ESCUPIJA", "t": "PUESTO DE SALUD", "m": "SIPACAPA" }, "geometry": { "type": "Point", "coordinates": [ -91.7299, 15.19237 ] } },
{ "type": "Feature", "properties": { "id": "2719", "n": "P/S TUILELEN", "t": "PUESTO DE SALUD", "m": "COMITANCILLO" }, "geometry": { "type": "Point", "coordinates": [ -91.79477, 15.06324 ] } },
{ "type": "Feature", "properties": { "id": "2723", "n": "UMS TUICHILUPE", "t": "UNIDAD MINIMA SALUD", "m": "COMITANCILLO" }, "geometry": { "type": "Point", "coordinates": [ -91.74844, 15.06359 ] } },
{ "type": "Feature", "properties": { "id": "2687", "n": "C/S IXCHIGUAN", "t": "CENTRO DE SALUD", "m": "IXCHIGUAN" }, "geometry": { "type": "Point", "coordinates": [ -91.92645, 15.15958 ] } },
{ "type": "Feature", "properties": { "id": "2711", "n": "C/C LOS POCITOS", "t": "CENTRO CONVERGENCIA", "m": "IXCHIGUAN" }, "geometry": { "type": "Point", "coordinates": [ -91.96912, 15.16585 ] } },
{ "type": "Feature", "properties": { "id": "2710", "n": "C/C VISTA HERMOSA", "t": "CENTRO CONVERGENCIA", "m": "IXCHIGUAN" }, "geometry": { "type": "Point", "coordinates": [ -91.96345, 15.14321 ] } },
{ "type": "Feature", "properties": { "id": "2712", "n": "C/C SAN RAFAEL", "t": "CENTRO CONVERGENCIA", "m": "IXCHIGUAN" }, "geometry": { "type": "Point", "coordinates": [ -91.97767, 15.14867 ] } },
{ "type": "Feature", "properties": { "id": "2692", "n": "UMS YUINIMA", "t": "UNIDAD MINIMA SALUD", "m": "IXCHIGUAN" }, "geometry": { "type": "Point", "coordinates": [ -91.98754, 15.13834 ] } },
{ "type": "Feature", "properties": { "id": "2714", "n": "C/C COLCOHUITZ", "t": "CENTRO CONVERGENCIA", "m": "IXCHIGUAN" }, "geometry": { "type": "Point", "coordinates": [ -91.99652, 15.14427 ] } },
{ "type": "Feature", "properties": { "id": "2691", "n": "UMS BEXONCAN", "t": "UNIDAD MINIMA SALUD", "m": "IXCHIGUAN" }, "geometry": { "type": "Point", "coordinates": [ -91.98606, 15.16236 ] } },
{ "type": "Feature", "properties": { "id": "2693", "n": "UMS CIENEGUILLAS", "t": "UNIDAD MINIMA SALUD", "m": "IXCHIGUAN" }, "geometry": { "type": "Point", "coordinates": [ -91.89465, 15.18427 ] } },
{ "type": "Feature", "properties": { "id": "2688", "n": "P/S CALAPTE", "t": "PUESTO DE SALUD", "m": "IXCHIGUAN" }, "geometry": { "type": "Point", "coordinates": [ -91.89629, 15.16508 ] } },
{ "type": "Feature", "properties": { "id": "2701", "n": "UMS EL PLAN", "t": "UNIDAD MINIMA SALUD", "m": "IXCHIGUAN" }, "geometry": { "type": "Point", "coordinates": [ -91.88457, 15.15716 ] } },
{ "type": "Feature", "properties": { "id": "2705", "n": "C/C SAN ISIDRO", "t": "CENTRO CONVERGENCIA", "m": "IXCHIGUAN" }, "geometry": { "type": "Point", "coordinates": [ -91.88958, 15.16393 ] } },
{ "type": "Feature", "properties": { "id": "2694", "n": "UMS LAS MANZANAS", "t": "UNIDAD MINIMA SALUD", "m": "IXCHIGUAN" }, "geometry": { "type": "Point", "coordinates": [ -91.87734, 15.15792 ] } },
{ "type": "Feature", "properties": { "id": "2700", "n": "UMS NUEVA ESPERANZA", "t": "UNIDAD MINIMA SALUD", "m": "IXCHIGUAN" }, "geometry": { "type": "Point", "coordinates": [ -91.88475, 15.14472 ] } },
{ "type": "Feature", "properties": { "id": "2689", "n": "P/S SAN ANTONIO IXCHIGUAN", "t": "PUESTO DE SALUD", "m": "IXCHIGUAN" }, "geometry": { "type": "Point", "coordinates": [ -91.90098, 15.13571 ] } },
{ "type": "Feature", "properties": { "id": "2706", "n": "C/C NUEVO PORVENIR", "t": "CENTRO CONVERGENCIA", "m": "IXCHIGUAN" }, "geometry": { "type": "Point", "coordinates": [ -91.91292, 15.12363 ] } },
{ "type": "Feature", "properties": { "id": "2697", "n": "UMS ONCE DE MAYO", "t": "UNIDAD MINIMA SALUD", "m": "IXCHIGUAN" }, "geometry": { "type": "Point", "coordinates": [ -91.89684, 15.1255 ] } },
{ "type": "Feature", "properties": { "id": "2698", "n": "UMS TUILADRILLO", "t": "UNIDAD MINIMA SALUD", "m": "IXCHIGUAN" }, "geometry": { "type": "Point", "coordinates": [ -91.85403, 15.10194 ] } },
{ "type": "Feature", "properties": { "id": "2696", "n": "UMS CHOAPEQUEZ", "t": "UNIDAD MINIMA SALUD", "m": "IXCHIGUAN" }, "geometry": { "type": "Point", "coordinates": [ -91.86507, 15.08909 ] } },
{ "type": "Feature", "properties": { "id": "2690", "n": "P/S BUENA VISTA CHOAPEQUEZ", "t": "PUESTO DE SALUD", "m": "IXCHIGUAN" }, "geometry": { "type": "Point", "coordinates": [ -91.85628, 15.08351 ] } },
{ "type": "Feature", "properties": { "id": "2704", "n": "C/C VILLA LINDA", "t": "CENTRO CONVERGENCIA", "m": "IXCHIGUAN" }, "geometry": { "type": "Point", "coordinates": [ -91.86505, 15.07813 ] } },
{ "type": "Feature", "properties": { "id": "2699", "n": "UMS TUICHAN", "t": "UNIDAD MINIMA SALUD", "m": "IXCHIGUAN" }, "geometry": { "type": "Point", "coordinates": [ -91.85136, 15.07464 ] } },
{ "type": "Feature", "properties": { "id": "2703", "n": "C/C VILLA NUEVA", "t": "CENTRO CONVERGENCIA", "m": "IXCHIGUAN" }, "geometry": { "type": "Point", "coordinates": [ -91.8595, 15.06889 ] } },
{ "type": "Feature", "properties": { "id": "2708", "n": "C/C LA JOYA", "t": "CENTRO CONVERGENCIA", "m": "IXCHIGUAN" }, "geometry": { "type": "Point", "coordinates": [ -91.86137, 15.0881 ] } },
{ "type": "Feature", "properties": { "id": "2707", "n": "C/C BELLA VISTA", "t": "CENTRO CONVERGENCIA", "m": "IXCHIGUAN" }, "geometry": { "type": "Point", "coordinates": [ -91.91606, 15.12545 ] } },
{ "type": "Feature", "properties": { "id": "2702", "n": "UMS TUIQUINAMBLE", "t": "UNIDAD MINIMA SALUD", "m": "IXCHIGUAN" }, "geometry": { "type": "Point", "coordinates": [ -91.92464, 15.12952 ] } },
{ "type": "Feature", "properties": { "id": "2715", "n": "C/C LAS FLORES", "t": "CENTRO CONVERGENCIA", "m": "IXCHIGUAN" }, "geometry": { "type": "Point", "coordinates": [ -91.93668, 15.13446 ] } },
{ "type": "Feature", "properties": { "id": "2716", "n": "C/C SAN ANDRES I", "t": "CENTRO CONVERGENCIA", "m": "IXCHIGUAN" }, "geometry": { "type": "Point", "coordinates": [ -91.95156, 15.13754 ] } },
{ "type": "Feature", "properties": { "id": "2695", "n": "UMS SAN ANDRES", "t": "UNIDAD MINIMA SALUD", "m": "IXCHIGUAN" }, "geometry": { "type": "Point", "coordinates": [ -91.95043, 15.13592 ] } },
{ "type": "Feature", "properties": { "id": "2709", "n": "C/C COTZIC", "t": "CENTRO CONVERGENCIA", "m": "IXCHIGUAN" }, "geometry": { "type": "Point", "coordinates": [ -91.93648, 15.16727 ] } },
{ "type": "Feature", "properties": { "id": "2885", "n": "P/S CHOANLA", "t": "PUESTO DE SALUD", "m": "SAN JOSE OJETENAM" }, "geometry": { "type": "Point", "coordinates": [ -91.9306, 15.19057 ] } },
{ "type": "Feature", "properties": { "id": "2888", "n": "UMS SANTA CRUZ BUENA VISTA", "t": "UNIDAD MINIMA SALUD", "m": "SAN JOSE OJETENAM" }, "geometry": { "type": "Point", "coordinates": [ -91.92342, 15.22686 ] } },
{ "type": "Feature", "properties": { "id": "2886", "n": "P/S SAN FERNANDO", "t": "PUESTO DE SALUD", "m": "SAN JOSE OJETENAM" }, "geometry": { "type": "Point", "coordinates": [ -91.94215, 15.2315 ] } },
{ "type": "Feature", "properties": { "id": "2887", "n": "UMS LAGUNA GRANDE", "t": "UNIDAD MINIMA SALUD", "m": "SAN JOSE OJETENAM" }, "geometry": { "type": "Point", "coordinates": [ -91.97122, 15.25235 ] } },
{ "type": "Feature", "properties": { "id": "2889", "n": "UMS LA UNION", "t": "UNIDAD MINIMA SALUD", "m": "SAN JOSE OJETENAM" }, "geometry": { "type": "Point", "coordinates": [ -91.99239, 15.26823 ] } },
{ "type": "Feature", "properties": { "id": "2883", "n": "C/S SAN JOSE OJETENAM", "t": "CENTRO DE SALUD", "m": "SAN JOSE OJETENAM" }, "geometry": { "type": "Point", "coordinates": [ -91.97099, 15.23412 ] } },
{ "type": "Feature", "properties": { "id": "2884", "n": "P/S PAVOLAJ", "t": "PUESTO DE SALUD", "m": "SAN JOSE OJETENAM" }, "geometry": { "type": "Point", "coordinates": [ -91.93792, 15.20555 ] } },
{ "type": "Feature", "properties": { "id": "2867", "n": "C/S CONCEPCION TUTUAPA", "t": "CENTRO DE SALUD", "m": "CONCEPCION TUTUAPA" }, "geometry": { "type": "Point", "coordinates": [ -91.84423, 15.23758 ] } },
{ "type": "Feature", "properties": { "id": "2868", "n": "P/S TUIZMO", "t": "PUESTO DE SALUD", "m": "CONCEPCION TUTUAPA" }, "geometry": { "type": "Point", "coordinates": [ -91.95006, 15.2624 ] } },
{ "type": "Feature", "properties": { "id": "2880", "n": "UMS LACANDON", "t": "UNIDAD MINIMA SALUD", "m": "CONCEPCION TUTUAPA" }, "geometry": { "type": "Point", "coordinates": [ -91.89859, 15.23884 ] } },
{ "type": "Feature", "properties": { "id": "2875", "n": "UMS EL REMATE", "t": "UNIDAD MINIMA SALUD", "m": "CONCEPCION TUTUAPA" }, "geometry": { "type": "Point", "coordinates": [ -91.88606, 15.25057 ] } },
{ "type": "Feature", "properties": { "id": "2879", "n": "UMS TUIJOJ", "t": "UNIDAD MINIMA SALUD", "m": "CONCEPCION TUTUAPA" }, "geometry": { "type": "Point", "coordinates": [ -91.8738, 15.27282 ] } },
{ "type": "Feature", "properties": { "id": "2872", "n": "P/S HUISPACHE", "t": "PUESTO DE SALUD", "m": "CONCEPCION TUTUAPA" }, "geometry": { "type": "Point", "coordinates": [ -91.93409, 15.30834 ] } },
{ "type": "Feature", "properties": { "id": "2873", "n": "UMS SICHIVILA", "t": "UNIDAD MINIMA SALUD", "m": "CONCEPCION TUTUAPA" }, "geometry": { "type": "Point", "coordinates": [ -91.86904, 15.32193 ] } },
{ "type": "Feature", "properties": { "id": "2874", "n": "UMS YAMOJ", "t": "UNIDAD MINIMA SALUD", "m": "CONCEPCION TUTUAPA" }, "geometry": { "type": "Point", "coordinates": [ -91.90836, 15.33378 ] } },
{ "type": "Feature", "properties": { "id": "2881", "n": "UMS LA LAGUNA", "t": "UNIDAD MINIMA SALUD", "m": "CONCEPCION TUTUAPA" }, "geometry": { "type": "Point", "coordinates": [ -91.87514, 15.38688 ] } },
{ "type": "Feature", "properties": { "id": "2878", "n": "UMS LOS ENCUENTROS", "t": "UNIDAD MINIMA SALUD", "m": "CONCEPCION TUTUAPA" }, "geometry": { "type": "Point", "coordinates": [ -91.83314, 15.35989 ] } },
{ "type": "Feature", "properties": { "id": "2869", "n": "P/S TUICHUNA", "t": "PUESTO DE SALUD", "m": "CONCEPCION TUTUAPA" }, "geometry": { "type": "Point", "coordinates": [ -91.77981, 15.31085 ] } },
{ "type": "Feature", "properties": { "id": "2871", "n": "P/S SOCHEL", "t": "PUESTO DE SALUD", "m": "CONCEPCION TUTUAPA" }, "geometry": { "type": "Point", "coordinates": [ -91.78549, 15.32446 ] } },
{ "type": "Feature", "properties": { "id": "2877", "n": "UMS CHAMUL", "t": "UNIDAD MINIMA SALUD", "m": "CONCEPCION TUTUAPA" }, "geometry": { "type": "Point", "coordinates": [ -91.7744, 15.35082 ] } },
{ "type": "Feature", "properties": { "id": "2876", "n": "UMS BUENA VISTA", "t": "UNIDAD MINIMA SALUD", "m": "CONCEPCION TUTUAPA" }, "geometry": { "type": "Point", "coordinates": [ -91.807, 15.36371 ] } },
{ "type": "Feature", "properties": { "id": "2870", "n": "P/S ANTIGUO TUTUAPA", "t": "PUESTO DE SALUD", "m": "CONCEPCION TUTUAPA" }, "geometry": { "type": "Point", "coordinates": [ -91.80585, 15.29019 ] } },
{ "type": "Feature", "properties": { "id": "2895", "n": "C/S SAN MIGUEL IXTAHUACAN", "t": "CENTRO DE SALUD", "m": "SAN MIGUEL IXTAHUACAN" }, "geometry": { "type": "Point", "coordinates": [ -91.74764, 15.27134 ] } },
{ "type": "Feature", "properties": { "id": "2907", "n": "C/C CASERIO TUICAMPANA", "t": "CENTRO CONVERGENCIA", "m": "SAN MIGUEL IXTAHUACAN" }, "geometry": { "type": "Point", "coordinates": [ -91.73683, 15.25933 ] } },
{ "type": "Feature", "properties": { "id": "2904", "n": "C/C CASERIO EXIAL", "t": "CENTRO CONVERGENCIA", "m": "SAN MIGUEL IXTAHUACAN" }, "geometry": { "type": "Point", "coordinates": [ -91.73932, 15.20803 ] } },
{ "type": "Feature", "properties": { "id": "2896", "n": "P/S EL TRIUNFO", "t": "PUESTO DE SALUD", "m": "SAN MIGUEL IXTAHUACAN" }, "geometry": { "type": "Point", "coordinates": [ -91.77606, 15.2184 ] } },
{ "type": "Feature", "properties": { "id": "2897", "n": "P/S SICABE BELLA VISTA", "t": "PUESTO DE SALUD", "m": "SAN MIGUEL IXTAHUACAN" }, "geometry": { "type": "Point", "coordinates": [ -91.80509, 15.23166 ] } },
{ "type": "Feature", "properties": { "id": "2898", "n": "P/S SUBCHAL", "t": "PUESTO DE SALUD", "m": "SAN MIGUEL IXTAHUACAN" }, "geometry": { "type": "Point", "coordinates": [ -91.78754, 15.2427 ] } },
{ "type": "Feature", "properties": { "id": "2902", "n": "UMS CHILIVE", "t": "UNIDAD MINIMA SALUD", "m": "SAN MIGUEL IXTAHUACAN" }, "geometry": { "type": "Point", "coordinates": [ -91.76425, 15.2447 ] } },
{ "type": "Feature", "properties": { "id": "2950", "n": "CRUZ ROJA", "t": "CRUZ ROJA", "m": "TEJUTLA" }, "geometry": { "type": "Point", "coordinates": [ -91.80532, 15.12428 ] } },
{ "type": "Feature", "properties": { "id": "2666", "n": "C/S TEJUTLA", "t": "CENTRO DE SALUD", "m": "TEJUTLA" }, "geometry": { "type": "Point", "coordinates": [ -91.80845, 15.11943 ] } },
{ "type": "Feature", "properties": { "id": "2675", "n": "UMS AGUA TIBIA", "t": "UNIDAD MINIMA SALUD", "m": "TEJUTLA" }, "geometry": { "type": "Point", "coordinates": [ -91.78807, 15.11333 ] } },
{ "type": "Feature", "properties": { "id": "2674", "n": "UMS TUICINSE", "t": "UNIDAD MINIMA SALUD", "m": "TEJUTLA" }, "geometry": { "type": "Point", "coordinates": [ -91.83295, 15.10654 ] } },
{ "type": "Feature", "properties": { "id": "2672", "n": "P/S INDEPENDENCIA", "t": "PUESTO DE SALUD", "m": "TEJUTLA" }, "geometry": { "type": "Point", "coordinates": [ -91.84515, 15.13017 ] } },
{ "type": "Feature", "properties": { "id": "2671", "n": "P/S QUIPAMBE", "t": "PUESTO DE SALUD", "m": "TEJUTLA" }, "geometry": { "type": "Point", "coordinates": [ -91.83244, 15.13077 ] } },
{ "type": "Feature", "properties": { "id": "2676", "n": "UMS SAN ISIDRO", "t": "UNIDAD MINIMA SALUD", "m": "TEJUTLA" }, "geometry": { "type": "Point", "coordinates": [ -91.8544, 15.15203 ] } },
{ "type": "Feature", "properties": { "id": "2670", "n": "P/S CUYA", "t": "PUESTO DE SALUD", "m": "TEJUTLA" }, "geometry": { "type": "Point", "coordinates": [ -91.84986, 15.15682 ] } },
{ "type": "Feature", "properties": { "id": "2969", "n": "P/S QUECA SIPACAPA", "t": "PUESTO DE SALUD", "m": "SIPACAPA" }, "geometry": { "type": "Point", "coordinates": [ -91.69605, 15.17262 ] } },
{ "type": "Feature", "properties": { "id": "2920", "n": "C/S SIPACAPA", "t": "CENTRO DE SALUD", "m": "SIPACAPA" }, "geometry": { "type": "Point", "coordinates": [ -91.63425, 15.21209 ] } },
{ "type": "Feature", "properties": { "id": "2642", "n": "C/S SAN PEDRO SACATEPEQUEZ", "t": "CENTRO DE SALUD", "m": "SAN PEDRO SACATEPEQUEZ" }, "geometry": { "type": "Point", "coordinates": [ -91.77569, 14.96867 ] } },
{ "type": "Feature", "properties": { "id": "2662", "n": "P/S SAN ANTONIO SACATEPEQUEZ", "t": "PUESTO DE SALUD", "m": "SAN ANTONIO SACATEPEQUEZ" }, "geometry": { "type": "Point", "coordinates": [ -91.73265, 14.96145 ] } },
{ "type": "Feature", "properties": { "id": "2664", "n": "UMS SANTA IRENE", "t": "UNIDAD MINIMA SALUD", "m": "SAN ANTONIO SACATEPEQUEZ" }, "geometry": { "type": "Point", "coordinates": [ -91.7096, 14.95748 ] } },
{ "type": "Feature", "properties": { "id": "2649", "n": "P/S SANTA TERESA", "t": "PUESTO DE SALUD", "m": "SAN PEDRO SACATEPEQUEZ" }, "geometry": { "type": "Point", "coordinates": [ -91.72864, 14.9937 ] } },
{ "type": "Feature", "properties": { "id": "2660", "n": "C/C LAS VASQUEZ II", "t": "CENTRO CONVERGENCIA", "m": "SAN PEDRO SACATEPEQUEZ" }, "geometry": { "type": "Point", "coordinates": [ -91.71121, 15.00928 ] } },
{ "type": "Feature", "properties": { "id": "2663", "n": "P/S SANTO DOMINGO", "t": "PUESTO DE SALUD", "m": "SAN ANTONIO SACATEPEQUEZ" }, "geometry": { "type": "Point", "coordinates": [ -91.69442, 14.99595 ] } },
{ "type": "Feature", "properties": { "id": "2947", "n": "C/C EL MIRADOR", "t": "CENTRO CONVERGENCIA", "m": "SAN ANTONIO SACATEPEQUEZ" }, "geometry": { "type": "Point", "coordinates": [ -91.69139, 14.98882 ] } },
{ "type": "Feature", "properties": { "id": "2948", "n": "C/C SAN MIGUEL DE LOS ALTOS", "t": "CENTRO CONVERGENCIA", "m": "SAN ANTONIO SACATEPEQUEZ" }, "geometry": { "type": "Point", "coordinates": [ -91.71443, 14.96627 ] } },
{ "type": "Feature", "properties": { "id": "2646", "n": "P/S CEDRO", "t": "PUESTO DE SALUD", "m": "SAN PEDRO SACATEPEQUEZ" }, "geometry": { "type": "Point", "coordinates": [ -91.72926, 14.90818 ] } },
{ "type": "Feature", "properties": { "id": "2945", "n": "C/C SAN MATEO", "t": "CENTRO CONVERGENCIA", "m": "SAN ANTONIO SACATEPEQUEZ" }, "geometry": { "type": "Point", "coordinates": [ -91.73039, 14.96595 ] } },
{ "type": "Feature", "properties": { "id": "2946", "n": "C/C SANTA RITA", "t": "CENTRO CONVERGENCIA", "m": "SAN ANTONIO SACATEPEQUEZ" }, "geometry": { "type": "Point", "coordinates": [ -91.74576, 14.96837 ] } },
{ "type": "Feature", "properties": { "id": "2941", "n": "C/C SAN ISIDRO", "t": "CENTRO CONVERGENCIA", "m": "SAN PEDRO SACATEPEQUEZ" }, "geometry": { "type": "Point", "coordinates": [ -91.76144, 14.9681 ] } },
{ "type": "Feature", "properties": { "id": "2648", "n": "P/S CHIM", "t": "PUESTO DE SALUD", "m": "SAN PEDRO SACATEPEQUEZ" }, "geometry": { "type": "Point", "coordinates": [ -91.75306, 14.92385 ] } },
{ "type": "Feature", "properties": { "id": "2644", "n": "P/S CORRAL GRANDE", "t": "PUESTO DE SALUD", "m": "SAN PEDRO SACATEPEQUEZ" }, "geometry": { "type": "Point", "coordinates": [ -91.74972, 14.9019 ] } },
{ "type": "Feature", "properties": { "id": "2942", "n": "UMS ALTA VISTA", "t": "UNIDAD MINIMA SALUD", "m": "SAN PEDRO SACATEPEQUEZ" }, "geometry": { "type": "Point", "coordinates": [ -91.74416, 14.89342 ] } },
{ "type": "Feature", "properties": { "id": "2645", "n": "P/S PROVINCIA CHIQUITA", "t": "PUESTO DE SALUD", "m": "SAN PEDRO SACATEPEQUEZ" }, "geometry": { "type": "Point", "coordinates": [ -91.74306, 14.88422 ] } },
{ "type": "Feature", "properties": { "id": "2653", "n": "C/C NUEVA REFORMA", "t": "CENTRO CONVERGENCIA", "m": "SAN PEDRO SACATEPEQUEZ" }, "geometry": { "type": "Point", "coordinates": [ -91.75339, 14.92812 ] } },
{ "type": "Feature", "properties": { "id": "2652", "n": "C/C LOMA LINDA", "t": "CENTRO CONVERGENCIA", "m": "SAN PEDRO SACATEPEQUEZ" }, "geometry": { "type": "Point", "coordinates": [ -91.76351, 14.94502 ] } },
{ "type": "Feature", "properties": { "id": "2651", "n": "C/C CHAMPOLLAP II", "t": "CENTRO CONVERGENCIA", "m": "SAN PEDRO SACATEPEQUEZ" }, "geometry": { "type": "Point", "coordinates": [ -91.77377, 14.95396 ] } },
{ "type": "Feature", "properties": { "id": "2657", "n": "C/C MAVIL", "t": "CENTRO CONVERGENCIA", "m": "SAN PEDRO SACATEPEQUEZ" }, "geometry": { "type": "Point", "coordinates": [ -91.78277, 14.94466 ] } },
{ "type": "Feature", "properties": { "id": "2943", "n": "UMS CANTEL", "t": "UNIDAD MINIMA SALUD", "m": "SAN PEDRO SACATEPEQUEZ" }, "geometry": { "type": "Point", "coordinates": [ -91.76309, 14.93221 ] } },
{ "type": "Feature", "properties": { "id": "2647", "n": "P/S SAN PEDRO PETZ", "t": "PUESTO DE SALUD", "m": "SAN PEDRO SACATEPEQUEZ" }, "geometry": { "type": "Point", "coordinates": [ -91.78958, 14.9188 ] } },
{ "type": "Feature", "properties": { "id": "2944", "n": "UMS CRUZ DE PIEDRA", "t": "UNIDAD MINIMA SALUD", "m": "SAN PEDRO SACATEPEQUEZ" }, "geometry": { "type": "Point", "coordinates": [ -91.80246, 14.91019 ] } },
{ "type": "Feature", "properties": { "id": "2650", "n": "C/C EL BOQUERON", "t": "CENTRO CONVERGENCIA", "m": "SAN PEDRO SACATEPEQUEZ" }, "geometry": { "type": "Point", "coordinates": [ -91.8077, 14.89417 ] } },
{ "type": "Feature", "properties": { "id": "2643", "n": "P/S SACUCHUM DOLORES", "t": "PUESTO DE SALUD", "m": "SAN PEDRO SACATEPEQUEZ" }, "geometry": { "type": "Point", "coordinates": [ -91.8165, 14.88481 ] } },
{ "type": "Feature", "properties": { "id": "2655", "n": "C/C EL TABLERO", "t": "CENTRO CONVERGENCIA", "m": "SAN PEDRO SACATEPEQUEZ" }, "geometry": { "type": "Point", "coordinates": [ -91.84524, 14.86279 ] } },
{ "type": "Feature", "properties": { "id": "2939", "n": "IGSS", "t": "IGSS", "m": "SAN PEDRO SACATEPEQUEZ" }, "geometry": { "type": "Point", "coordinates": [ -91.77985, 14.96991 ] } },
{ "type": "Feature", "properties": { "id": "2654", "n": "C/C SAN JOSE CENTRO I", "t": "CENTRO CONVERGENCIA", "m": "SAN PEDRO SACATEPEQUEZ" }, "geometry": { "type": "Point", "coordinates": [ -91.76888, 14.99176 ] } },
{ "type": "Feature", "properties": { "id": "2656", "n": "C/C LLANO GRANDE", "t": "CENTRO CONVERGENCIA", "m": "SAN PEDRO SACATEPEQUEZ" }, "geometry": { "type": "Point", "coordinates": [ -91.75054, 14.93724 ] } },
{ "type": "Feature", "properties": { "id": "2658", "n": "C/C SAN FRANCISCO SOCHE", "t": "CENTRO CONVERGENCIA", "m": "SAN PEDRO SACATEPEQUEZ" }, "geometry": { "type": "Point", "coordinates": [ -91.80253, 14.97085 ] } },
{ "type": "Feature", "properties": { "id": "2862", "n": "C/S SAN LORENZO", "t": "CENTRO DE SALUD", "m": "SAN LORENZO" }, "geometry": { "type": "Point", "coordinates": [ -91.7363, 15.03025 ] } },
{ "type": "Feature", "properties": { "id": "2865", "n": "P/S RIO BLANCO", "t": "PUESTO DE SALUD", "m": "RIO BLANCO" }, "geometry": { "type": "Point", "coordinates": [ -91.68517, 15.03742 ] } },
{ "type": "Feature", "properties": { "id": "2863", "n": "P/S SANTA ROSA", "t": "PUESTO DE SALUD", "m": "SAN LORENZO" }, "geometry": { "type": "Point", "coordinates": [ -91.77247, 15.03615 ] } },
{ "type": "Feature", "properties": { "id": "2729", "n": "C/C TUIZACAJA", "t": "CENTRO CONVERGENCIA", "m": "COMITANCILLO" }, "geometry": { "type": "Point", "coordinates": [ -91.7674, 15.10229 ] } },
{ "type": "Feature", "properties": { "id": "2721", "n": "UMS CHUPEL", "t": "UNIDAD MINIMA SALUD", "m": "COMITANCILLO" }, "geometry": { "type": "Point", "coordinates": [ -91.76962, 15.11365 ] } },
{ "type": "Feature", "properties": { "id": "2731", "n": "C/C TUIXOLQUEL", "t": "CENTRO CONVERGENCIA", "m": "COMITANCILLO" }, "geometry": { "type": "Point", "coordinates": [ -91.74404, 15.13766 ] } },
{ "type": "Feature", "properties": { "id": "2730", "n": "C/C TUIZCACHIS", "t": "CENTRO CONVERGENCIA", "m": "COMITANCILLO" }, "geometry": { "type": "Point", "coordinates": [ -91.76494, 15.14468 ] } },
{ "type": "Feature", "properties": { "id": "2720", "n": "P/S TUIMUJ", "t": "PUESTO DE SALUD", "m": "COMITANCILLO" }, "geometry": { "type": "Point", "coordinates": [ -91.76212, 15.17277 ] } },
{ "type": "Feature", "properties": { "id": "2722", "n": "UMS SAN LUIS", "t": "UNIDAD MINIMA SALUD", "m": "COMITANCILLO" }, "geometry": { "type": "Point", "coordinates": [ -91.76981, 15.17901 ] } },
{ "type": "Feature", "properties": { "id": "2728", "n": "C/C SAN JOSE FRONTERA", "t": "CENTRO CONVERGENCIA", "m": "COMITANCILLO" }, "geometry": { "type": "Point", "coordinates": [ -91.78657, 15.18586 ] } },
{ "type": "Feature", "properties": { "id": "2718", "n": "C/S COMITANCILLO", "t": "CENTRO DE SALUD", "m": "COMITANCILLO" }, "geometry": { "type": "Point", "coordinates": [ -91.75446, 15.08292 ] } },
{ "type": "Feature", "properties": { "id": "2724", "n": "C/C AGUA TIBIA", "t": "CENTRO CONVERGENCIA", "m": "COMITANCILLO" }, "geometry": { "type": "Point", "coordinates": [ -91.75983, 15.07764 ] } },
{ "type": "Feature", "properties": { "id": "2725", "n": "C/C LA REFORMA", "t": "CENTRO CONVERGENCIA", "m": "COMITANCILLO" }, "geometry": { "type": "Point", "coordinates": [ -91.78058, 15.04399 ] } },
{ "type": "Feature", "properties": { "id": "2727", "n": "C/C VISTA HERMOSA", "t": "CENTRO CONVERGENCIA", "m": "COMITANCILLO" }, "geometry": { "type": "Point", "coordinates": [ -91.75495, 15.05531 ] } },
{ "type": "Feature", "properties": { "id": "2964", "n": "IGSS", "t": "IGSS", "m": "TECUN UMAN" }, "geometry": { "type": "Point", "coordinates": [ -92.14188, 14.67774 ] } },
{ "type": "Feature", "properties": { "id": "2963", "n": "CRUZ ROJA", "t": "CRUZ ROJA", "m": "TECUN UMAN" }, "geometry": { "type": "Point", "coordinates": [ -92.14187, 14.67776 ] } },
{ "type": "Feature", "properties": { "id": "2836", "n": "C/S TECUN UMAN", "t": "CENTRO DE SALUD", "m": "TECUN UMAN" }, "geometry": { "type": "Point", "coordinates": [ -92.142, 14.67816 ] } },
{ "type": "Feature", "properties": { "id": "2837", "n": "P/S ZANJON SAN LORENZO", "t": "PUESTO DE SALUD", "m": "TECUN UMAN" }, "geometry": { "type": "Point", "coordinates": [ -92.10315, 14.77454 ] } },
{ "type": "Feature", "properties": { "id": "2841", "n": "C/C VARSOVIA", "t": "CENTRO CONVERGENCIA", "m": "TECUN UMAN" }, "geometry": { "type": "Point", "coordinates": [ -92.09391, 14.77348 ] } },
{ "type": "Feature", "properties": { "id": "2844", "n": "C/C CONCEPCION MELENDEZ", "t": "CENTRO CONVERGENCIA", "m": "PAJAPITA" }, "geometry": { "type": "Point", "coordinates": [ -92.06795, 14.76894 ] } },
{ "type": "Feature", "properties": { "id": "2840", "n": "C/C SAN ANTONIO LAS PILAS", "t": "CENTRO CONVERGENCIA", "m": "TECUN UMAN" }, "geometry": { "type": "Point", "coordinates": [ -92.1047, 14.78608 ] } },
{ "type": "Feature", "properties": { "id": "2838", "n": "P/S LA MONTANITA", "t": "PUESTO DE SALUD", "m": "TECUN UMAN" }, "geometry": { "type": "Point", "coordinates": [ -92.12276, 14.77531 ] } },
{ "type": "Feature", "properties": { "id": "2852", "n": "C/C LA PARADA", "t": "CENTRO CONVERGENCIA", "m": "PAJAPITA" }, "geometry": { "type": "Point", "coordinates": [ -92.06835, 14.70297 ] } },
{ "type": "Feature", "properties": { "id": "2848", "n": "C/C EL FORTIN", "t": "CENTRO CONVERGENCIA", "m": "PAJAPITA" }, "geometry": { "type": "Point", "coordinates": [ -92.07043, 14.73668 ] } },
{ "type": "Feature", "properties": { "id": "2843", "n": "P/S PAJAPITA", "t": "PUESTO DE SALUD", "m": "PAJAPITA" }, "geometry": { "type": "Point", "coordinates": [ -92.03394, 14.72916 ] } },
{ "type": "Feature", "properties": { "id": "2965", "n": "C/C HACIENDA LA PROVIDENCIA", "t": "CENTRO CONVERGENCIA", "m": "TECUN UMAN" }, "geometry": { "type": "Point", "coordinates": [ -92.02683, 14.75351 ] } },
{ "type": "Feature", "properties": { "id": "2846", "n": "C/C EL CARMEN PUNTARENAS", "t": "CENTRO CONVERGENCIA", "m": "PAJAPITA" }, "geometry": { "type": "Point", "coordinates": [ -92.04553, 14.74822 ] } },
{ "type": "Feature", "properties": { "id": "2855", "n": "P/S LA BLANCA", "t": "PUESTO DE SALUD", "m": "OCOS" }, "geometry": { "type": "Point", "coordinates": [ -92.14253, 14.58238 ] } },
{ "type": "Feature", "properties": { "id": "2856", "n": "P/S CHIQUIRINES", "t": "PUESTO DE SALUD", "m": "OCOS" }, "geometry": { "type": "Point", "coordinates": [ -92.05502, 14.56482 ] } },
{ "type": "Feature", "properties": { "id": "2857", "n": "P/S CERRITOS", "t": "PUESTO DE SALUD", "m": "OCOS" }, "geometry": { "type": "Point", "coordinates": [ -92.16879, 14.51825 ] } },
{ "type": "Feature", "properties": { "id": "2839", "n": "C/C ALMENDRALES", "t": "CENTRO CONVERGENCIA", "m": "TECUN UMAN" }, "geometry": { "type": "Point", "coordinates": [ -92.18254, 14.50355 ] } },
{ "type": "Feature", "properties": { "id": "2854", "n": "P/S OCOS", "t": "PUESTO DE SALUD", "m": "OCOS" }, "geometry": { "type": "Point", "coordinates": [ -92.19306, 14.51257 ] } },
{ "type": "Feature", "properties": { "id": "2771", "n": "C/S MALACATAN", "t": "CENTRO DE SALUD", "m": "MALACATAN" }, "geometry": { "type": "Point", "coordinates": [ -92.0592, 14.9109 ] } },
{ "type": "Feature", "properties": { "id": "2770", "n": "HOSPITAL DE MALACATAN", "t": "HOSPITAL", "m": "MALACATAN" }, "geometry": { "type": "Point", "coordinates": [ -92.09025, 14.89447 ] } },
{ "type": "Feature", "properties": { "id": "2954", "n": "IGSS", "t": "IGSS", "m": "MALACATAN" }, "geometry": { "type": "Point", "coordinates": [ -92.06066, 14.90908 ] } },
{ "type": "Feature", "properties": { "id": "2956", "n": "C/C LA MONTANA", "t": "CENTRO CONVERGENCIA", "m": "MALACATAN" }, "geometry": { "type": "Point", "coordinates": [ -92.08455, 14.89794 ] } },
{ "type": "Feature", "properties": { "id": "2777", "n": "C/C VILLA NUEVA", "t": "CENTRO CONVERGENCIA", "m": "MALACATAN" }, "geometry": { "type": "Point", "coordinates": [ -92.09315, 14.90625 ] } },
{ "type": "Feature", "properties": { "id": "2778", "n": "C/C SANTA FE IXPIL", "t": "CENTRO CONVERGENCIA", "m": "MALACATAN" }, "geometry": { "type": "Point", "coordinates": [ -92.10254, 14.93054 ] } },
{ "type": "Feature", "properties": { "id": "2773", "n": "P/S LA UNION", "t": "PUESTO DE SALUD", "m": "MALACATAN" }, "geometry": { "type": "Point", "coordinates": [ -92.14098, 14.9847 ] } },
{ "type": "Feature", "properties": { "id": "2955", "n": "C/C LA NAVIDAD", "t": "CENTRO CONVERGENCIA", "m": "MALACATAN" }, "geometry": { "type": "Point", "coordinates": [ -92.08466, 15.00765 ] } },
{ "type": "Feature", "properties": { "id": "2913", "n": "P/S TOTANA", "t": "PUESTO DE SALUD", "m": "TAJUMULCO" }, "geometry": { "type": "Point", "coordinates": [ -92.05994, 15.03779 ] } },
{ "type": "Feature", "properties": { "id": "2772", "n": "P/S EL CARMEN FRONTERA", "t": "PUESTO DE SALUD", "m": "MALACATAN" }, "geometry": { "type": "Point", "coordinates": [ -92.14286, 14.96522 ] } },
{ "type": "Feature", "properties": { "id": "2775", "n": "C/C LUISIANA", "t": "CENTRO CONVERGENCIA", "m": "MALACATAN" }, "geometry": { "type": "Point", "coordinates": [ -92.08346, 14.91362 ] } },
{ "type": "Feature", "properties": { "id": "2776", "n": "C/C LA DEMOCRACIA", "t": "CENTRO CONVERGENCIA", "m": "MALACATAN" }, "geometry": { "type": "Point", "coordinates": [ -92.09378, 14.88368 ] } },
{ "type": "Feature", "properties": { "id": "2788", "n": "C/C SAN EUSEBIO", "t": "CENTRO CONVERGENCIA", "m": "MALACATAN" }, "geometry": { "type": "Point", "coordinates": [ -92.12395, 14.86171 ] } },
{ "type": "Feature", "properties": { "id": "2787", "n": "C/C EL DELIRIO", "t": "CENTRO CONVERGENCIA", "m": "MALACATAN" }, "geometry": { "type": "Point", "coordinates": [ -92.12239, 14.85436 ] } },
{ "type": "Feature", "properties": { "id": "2789", "n": "C/C LA BATALLA", "t": "CENTRO CONVERGENCIA", "m": "MALACATAN" }, "geometry": { "type": "Point", "coordinates": [ -92.13011, 14.84129 ] } },
{ "type": "Feature", "properties": { "id": "2781", "n": "C/C SINAI", "t": "CENTRO CONVERGENCIA", "m": "MALACATAN" }, "geometry": { "type": "Point", "coordinates": [ -92.13293, 14.83193 ] } },
{ "type": "Feature", "properties": { "id": "2783", "n": "C/C EL DESENGANO", "t": "CENTRO CONVERGENCIA", "m": "MALACATAN" }, "geometry": { "type": "Point", "coordinates": [ -92.12777, 14.82446 ] } },
{ "type": "Feature", "properties": { "id": "2784", "n": "C/C EL RUBI", "t": "CENTRO CONVERGENCIA", "m": "MALACATAN" }, "geometry": { "type": "Point", "coordinates": [ -92.14219, 14.80953 ] } },
{ "type": "Feature", "properties": { "id": "2785", "n": "C/C LAS FLORES", "t": "CENTRO CONVERGENCIA", "m": "MALACATAN" }, "geometry": { "type": "Point", "coordinates": [ -92.14642, 14.80174 ] } },
{ "type": "Feature", "properties": { "id": "2786", "n": "C/C EL OLVIDO", "t": "CENTRO CONVERGENCIA", "m": "MALACATAN" }, "geometry": { "type": "Point", "coordinates": [ -92.13519, 14.79746 ] } },
{ "type": "Feature", "properties": { "id": "2790", "n": "C/C MARIA LINDA", "t": "CENTRO CONVERGENCIA", "m": "MALACATAN" }, "geometry": { "type": "Point", "coordinates": [ -92.15312, 14.82775 ] } },
{ "type": "Feature", "properties": { "id": "2782", "n": "C/C ESQUIPULAS", "t": "CENTRO CONVERGENCIA", "m": "MALACATAN" }, "geometry": { "type": "Point", "coordinates": [ -92.15392, 14.83407 ] } },
{ "type": "Feature", "properties": { "id": "2923", "n": "C/S EL QUETZAL", "t": "CENTRO DE SALUD", "m": "EL QUETZAL" }, "geometry": { "type": "Point", "coordinates": [ -91.81593, 14.76766 ] } },
{ "type": "Feature", "properties": { "id": "2926", "n": "UMS SAN FRANCISCO", "t": "UNIDAD MINIMA SALUD", "m": "EL QUETZAL" }, "geometry": { "type": "Point", "coordinates": [ -91.84909, 14.7397 ] } },
{ "type": "Feature", "properties": { "id": "2925", "n": "P/S SINTANA", "t": "PUESTO DE SALUD", "m": "EL QUETZAL" }, "geometry": { "type": "Point", "coordinates": [ -91.87237, 14.72324 ] } },
{ "type": "Feature", "properties": { "id": "2924", "n": "P/S RANCHO BOJON", "t": "PUESTO DE SALUD", "m": "EL QUETZAL" }, "geometry": { "type": "Point", "coordinates": [ -91.78067, 14.84444 ] } },
{ "type": "Feature", "properties": { "id": "2859", "n": "C/S LA REFORMA", "t": "CENTRO DE SALUD", "m": "LA REFORMA" }, "geometry": { "type": "Point", "coordinates": [ -91.82001, 14.80246 ] } },
{ "type": "Feature", "properties": { "id": "2860", "n": "P/S SANTA CLARA", "t": "PUESTO DE SALUD", "m": "LA REFORMA" }, "geometry": { "type": "Point", "coordinates": [ -91.89462, 14.74178 ] } },
{ "type": "Feature", "properties": { "id": "2626", "n": "DAS", "t": "DIRECCION AREA SALUD", "m": "SAN MARCOS" }, "geometry": { "type": "Point", "coordinates": [ -91.78793, 14.96464 ] } },
{ "type": "Feature", "properties": { "id": "2628", "n": "C/S SAN MARCOS", "t": "CENTRO DE SALUD", "m": "SAN MARCOS" }, "geometry": { "type": "Point", "coordinates": [ -91.78788, 14.96469 ] } },
{ "type": "Feature", "properties": { "id": "2936", "n": "CRUZ ROJA", "t": "CRUZ ROJA", "m": "SAN PEDRO SACATEPEQUEZ" }, "geometry": { "type": "Point", "coordinates": [ -91.78662, 14.96564 ] } },
{ "type": "Feature", "properties": { "id": "2935", "n": "APROFAM", "t": "APROFAM", "m": "SAN PEDRO SACATEPEQUEZ" }, "geometry": { "type": "Point", "coordinates": [ -91.78605, 14.96559 ] } },
{ "type": "Feature", "properties": { "id": "2934", "n": "IGSS", "t": "IGSS", "m": "SAN MARCOS" }, "geometry": { "type": "Point", "coordinates": [ -91.79074, 14.96439 ] } },
{ "type": "Feature", "properties": { "id": "2627", "n": "HOSPITAL NACIONAL DE SAN MARCOS", "t": "HOSPITAL", "m": "SAN MARCOS" }, "geometry": { "type": "Point", "coordinates": [ -91.80653, 14.95372 ] } },
{ "type": "Feature", "properties": { "id": "3101", "n": "DAS", "t": "DIRECCION AREA SALUD", "m": "CUILAPA" }, "geometry": { "type": "Point", "coordinates": [ -90.30053, 14.28106 ] } },
{ "type": "Feature", "properties": { "id": "3103", "n": "C/S CUILAPA", "t": "CENTRO DE SALUD", "m": "CUILAPA" }, "geometry": { "type": "Point", "coordinates": [ -90.29825, 14.2774 ] } },
{ "type": "Feature", "properties": { "id": "3102", "n": "HOSPITAL REGIONAL DE CUILAPA", "t": "HOSPITAL", "m": "CUILAPA" }, "geometry": { "type": "Point", "coordinates": [ -90.30034, 14.28083 ] } },
{ "type": "Feature", "properties": { "id": "3106", "n": "P/S SAN JUAN DE ARANA", "t": "PUESTO DE SALUD", "m": "CUILAPA" }, "geometry": { "type": "Point", "coordinates": [ -90.33917, 14.30398 ] } },
{ "type": "Feature", "properties": { "id": "3104", "n": "P/S LOS ESCLAVOS", "t": "PUESTO DE SALUD", "m": "CUILAPA" }, "geometry": { "type": "Point", "coordinates": [ -90.28012, 14.25812 ] } },
{ "type": "Feature", "properties": { "id": "3105", "n": "P/S LOS MATOCHOS", "t": "PUESTO DE SALUD", "m": "CUILAPA" }, "geometry": { "type": "Point", "coordinates": [ -90.21471, 14.28825 ] } },
{ "type": "Feature", "properties": { "id": "3107", "n": "C/C BARILLAS", "t": "CENTRO CONVERGENCIA", "m": "CUILAPA" }, "geometry": { "type": "Point", "coordinates": [ -90.24927, 14.28636 ] } },
{ "type": "Feature", "properties": { "id": "3201", "n": "C/S ORATORIO", "t": "CENTRO DE SALUD", "m": "ORATORIO" }, "geometry": { "type": "Point", "coordinates": [ -90.18219, 14.23415 ] } },
{ "type": "Feature", "properties": { "id": "3203", "n": "P/S COATEPEQUE", "t": "PUESTO DE SALUD", "m": "ORATORIO" }, "geometry": { "type": "Point", "coordinates": [ -90.1472, 14.17252 ] } },
{ "type": "Feature", "properties": { "id": "3202", "n": "P/S LAS CABEZAS", "t": "PUESTO DE SALUD", "m": "ORATORIO" }, "geometry": { "type": "Point", "coordinates": [ -90.12383, 14.19869 ] } },
{ "type": "Feature", "properties": { "id": "3204", "n": "P/S CEIBILLA", "t": "PUESTO DE SALUD", "m": "ORATORIO" }, "geometry": { "type": "Point", "coordinates": [ -90.13384, 14.0742 ] } },
{ "type": "Feature", "properties": { "id": "3191", "n": "C/S SANTA MARIA IXHUATAN", "t": "CENTRO DE SALUD", "m": "SANTA MARIA IXHUATAN" }, "geometry": { "type": "Point", "coordinates": [ -90.27783, 14.19047 ] } },
{ "type": "Feature", "properties": { "id": "3195", "n": "P/S ESTANZUELAS", "t": "PUESTO DE SALUD", "m": "SANTA MARIA IXHUATAN" }, "geometry": { "type": "Point", "coordinates": [ -90.2627, 14.17353 ] } },
{ "type": "Feature", "properties": { "id": "3193", "n": "P/S CHUCHUAPAN", "t": "PUESTO DE SALUD", "m": "SANTA MARIA IXHUATAN" }, "geometry": { "type": "Point", "coordinates": [ -90.26107, 14.15704 ] } },
{ "type": "Feature", "properties": { "id": "3194", "n": "P/S SAN JOSE PINEDA", "t": "PUESTO DE SALUD", "m": "SANTA MARIA IXHUATAN" }, "geometry": { "type": "Point", "coordinates": [ -90.29122, 14.16784 ] } },
{ "type": "Feature", "properties": { "id": "3397", "n": "P/S LLANO GRANDE", "t": "PUESTO DE SALUD", "m": "SANTA ROSA IXHUATAN" }, "geometry": { "type": "Point", "coordinates": [ -90.26398, 14.23396 ] } },
{ "type": "Feature", "properties": { "id": "3188", "n": "C/S SAN JUAN TECUACO", "t": "CENTRO DE SALUD", "m": "SAN JUAN TECUACO" }, "geometry": { "type": "Point", "coordinates": [ -90.26544, 14.08168 ] } },
{ "type": "Feature", "properties": { "id": "3189", "n": "P/S SAN LUIS TECUACO", "t": "PUESTO DE SALUD", "m": "SAN JUAN TECUACO" }, "geometry": { "type": "Point", "coordinates": [ -90.2654, 14.05576 ] } },
{ "type": "Feature", "properties": { "id": "3167", "n": "C/S GUAZACAPAN", "t": "CENTRO DE SALUD", "m": "GUAZACAPAN" }, "geometry": { "type": "Point", "coordinates": [ -90.41869, 14.07321 ] } },
{ "type": "Feature", "properties": { "id": "3168", "n": "P/S PLATANARES", "t": "PUESTO DE SALUD", "m": "GUAZACAPAN" }, "geometry": { "type": "Point", "coordinates": [ -90.43897, 14.06913 ] } },
{ "type": "Feature", "properties": { "id": "3171", "n": "C/C MOLINILLOS", "t": "CENTRO CONVERGENCIA", "m": "GUAZACAPAN" }, "geometry": { "type": "Point", "coordinates": [ -90.43084, 14.09921 ] } },
{ "type": "Feature", "properties": { "id": "3169", "n": "P/S POZA DE AGUA", "t": "PUESTO DE SALUD", "m": "GUAZACAPAN" }, "geometry": { "type": "Point", "coordinates": [ -90.40265, 14.06779 ] } },
{ "type": "Feature", "properties": { "id": "3394", "n": "IGSS", "t": "IGSS", "m": "GUAZACAPAN" }, "geometry": { "type": "Point", "coordinates": [ -90.41433, 14.06873 ] } },
{ "type": "Feature", "properties": { "id": "3170", "n": "P/S EL ASTILLERO", "t": "PUESTO DE SALUD", "m": "GUAZACAPAN" }, "geometry": { "type": "Point", "coordinates": [ -90.42742, 14.03067 ] } },
{ "type": "Feature", "properties": { "id": "3160", "n": "C/S TAXISCO", "t": "CENTRO DE SALUD", "m": "TAXISCO" }, "geometry": { "type": "Point", "coordinates": [ -90.46113, 14.07018 ] } },
{ "type": "Feature", "properties": { "id": "3161", "n": "P/S TEPEACO", "t": "PUESTO DE SALUD", "m": "TAXISCO" }, "geometry": { "type": "Point", "coordinates": [ -90.55674, 14.13214 ] } },
{ "type": "Feature", "properties": { "id": "3163", "n": "P/S EL PANAL", "t": "PUESTO DE SALUD", "m": "TAXISCO" }, "geometry": { "type": "Point", "coordinates": [ -90.5487, 13.99815 ] } },
{ "type": "Feature", "properties": { "id": "3162", "n": "P/S CACAHUITO", "t": "PUESTO DE SALUD", "m": "TAXISCO" }, "geometry": { "type": "Point", "coordinates": [ -90.44585, 14.09367 ] } },
{ "type": "Feature", "properties": { "id": "3144", "n": "C/S BARBERENA", "t": "CENTRO DE SALUD", "m": "BARBERENA" }, "geometry": { "type": "Point", "coordinates": [ -90.35823, 14.30772 ] } },
{ "type": "Feature", "properties": { "id": "3146", "n": "C/C ULZUMAZATE", "t": "CENTRO CONVERGENCIA", "m": "BARBERENA" }, "geometry": { "type": "Point", "coordinates": [ -90.35231, 14.29474 ] } },
{ "type": "Feature", "properties": { "id": "3147", "n": "C/C JUNQUILLO", "t": "CENTRO CONVERGENCIA", "m": "BARBERENA" }, "geometry": { "type": "Point", "coordinates": [ -90.34453, 14.34108 ] } },
{ "type": "Feature", "properties": { "id": "3148", "n": "C/C EL PINO", "t": "CENTRO CONVERGENCIA", "m": "BARBERENA" }, "geometry": { "type": "Point", "coordinates": [ -90.38713, 14.31667 ] } },
{ "type": "Feature", "properties": { "id": "3149", "n": "C/C CANOITAS", "t": "CENTRO CONVERGENCIA", "m": "BARBERENA" }, "geometry": { "type": "Point", "coordinates": [ -90.39917, 14.35362 ] } },
{ "type": "Feature", "properties": { "id": "3145", "n": "P/S CERINAL", "t": "PUESTO DE SALUD", "m": "BARBERENA" }, "geometry": { "type": "Point", "coordinates": [ -90.39959, 14.33002 ] } },
{ "type": "Feature", "properties": { "id": "3392", "n": "APROFAM", "t": "APROFAM", "m": "BARBERENA" }, "geometry": { "type": "Point", "coordinates": [ -90.36355, 14.30863 ] } },
{ "type": "Feature", "properties": { "id": "3157", "n": "P/S EL PESCADOR", "t": "PUESTO DE SALUD", "m": "PUEBLO NUEVO VINAS" }, "geometry": { "type": "Point", "coordinates": [ -90.50812, 14.28022 ] } },
{ "type": "Feature", "properties": { "id": "3393", "n": "P/S LA GAVILA", "t": "PUESTO DE SALUD", "m": "PUEBLO NUEVO VINAS" }, "geometry": { "type": "Point", "coordinates": [ -90.53042, 14.26029 ] } },
{ "type": "Feature", "properties": { "id": "3156", "n": "P/S LA GAVIA", "t": "PUESTO DE SALUD", "m": "PUEBLO NUEVO VINAS" }, "geometry": { "type": "Point", "coordinates": [ -90.55427, 14.23558 ] } },
{ "type": "Feature", "properties": { "id": "3152", "n": "P/S PATAGONIA", "t": "PUESTO DE SALUD", "m": "PUEBLO NUEVO VINAS" }, "geometry": { "type": "Point", "coordinates": [ -90.56839, 14.19956 ] } },
{ "type": "Feature", "properties": { "id": "3173", "n": "C/S CHIQUIMULILLA", "t": "CENTRO DE SALUD", "m": "CHIQUIMULILLA" }, "geometry": { "type": "Point", "coordinates": [ -90.38144, 14.07848 ] } },
{ "type": "Feature", "properties": { "id": "3185", "n": "C/C FAJA", "t": "CENTRO CONVERGENCIA", "m": "CHIQUIMULILLA" }, "geometry": { "type": "Point", "coordinates": [ -90.33033, 14.01578 ] } },
{ "type": "Feature", "properties": { "id": "3177", "n": "P/S LOS CERRITOS", "t": "PUESTO DE SALUD", "m": "CHIQUIMULILLA" }, "geometry": { "type": "Point", "coordinates": [ -90.2979, 13.95717 ] } },
{ "type": "Feature", "properties": { "id": "3178", "n": "P/S LA BOMBA", "t": "PUESTO DE SALUD", "m": "CHIQUIMULILLA" }, "geometry": { "type": "Point", "coordinates": [ -90.30296, 13.92043 ] } },
{ "type": "Feature", "properties": { "id": "3176", "n": "P/S NANCINTA", "t": "PUESTO DE SALUD", "m": "CHIQUIMULILLA" }, "geometry": { "type": "Point", "coordinates": [ -90.30536, 14.02976 ] } },
{ "type": "Feature", "properties": { "id": "3186", "n": "C/C PLACETAS", "t": "CENTRO CONVERGENCIA", "m": "CHIQUIMULILLA" }, "geometry": { "type": "Point", "coordinates": [ -90.25537, 13.89011 ] } },
{ "type": "Feature", "properties": { "id": "3184", "n": "C/C GINEBRA", "t": "CENTRO CONVERGENCIA", "m": "CHIQUIMULILLA" }, "geometry": { "type": "Point", "coordinates": [ -90.2385, 13.81339 ] } },
{ "type": "Feature", "properties": { "id": "3395", "n": "P/S CASAS VIEJAS", "t": "PUESTO DE SALUD", "m": "CHIQUIMULILLA" }, "geometry": { "type": "Point", "coordinates": [ -90.26637, 13.82163 ] } },
{ "type": "Feature", "properties": { "id": "3181", "n": "P/S EL AHUMADO", "t": "PUESTO DE SALUD", "m": "CHIQUIMULILLA" }, "geometry": { "type": "Point", "coordinates": [ -90.30977, 13.82994 ] } },
{ "type": "Feature", "properties": { "id": "3180", "n": "P/S LAS LISAS", "t": "PUESTO DE SALUD", "m": "CHIQUIMULILLA" }, "geometry": { "type": "Point", "coordinates": [ -90.26333, 13.80128 ] } },
{ "type": "Feature", "properties": { "id": "3179", "n": "P/S SAN RAFAEL", "t": "PUESTO DE SALUD", "m": "CHIQUIMULILLA" }, "geometry": { "type": "Point", "coordinates": [ -90.38925, 13.93199 ] } },
{ "type": "Feature", "properties": { "id": "3182", "n": "P/S HAWAI", "t": "PUESTO DE SALUD", "m": "CHIQUIMULILLA" }, "geometry": { "type": "Point", "coordinates": [ -90.4054, 13.86325 ] } },
{ "type": "Feature", "properties": { "id": "3165", "n": "P/S MONTERICO", "t": "PUESTO DE SALUD", "m": "TAXISCO" }, "geometry": { "type": "Point", "coordinates": [ -90.4815, 13.89262 ] } },
{ "type": "Feature", "properties": { "id": "3164", "n": "P/S CANDELARIA", "t": "PUESTO DE SALUD", "m": "TAXISCO" }, "geometry": { "type": "Point", "coordinates": [ -90.5513, 13.91573 ] } },
{ "type": "Feature", "properties": { "id": "3175", "n": "P/S SAN MIGUEL AROCHE", "t": "PUESTO DE SALUD", "m": "CHIQUIMULILLA" }, "geometry": { "type": "Point", "coordinates": [ -90.34376, 14.16098 ] } },
{ "type": "Feature", "properties": { "id": "3137", "n": "C/S SANTA CRUZ  NARANJO", "t": "CENTRO DE SALUD", "m": "SANTA CRUZ NARANJO" }, "geometry": { "type": "Point", "coordinates": [ -90.37171, 14.3849 ] } },
{ "type": "Feature", "properties": { "id": "3140", "n": "P/S TEOCINTE", "t": "PUESTO DE SALUD", "m": "SANTA CRUZ NARANJO" }, "geometry": { "type": "Point", "coordinates": [ -90.36973, 14.40874 ] } },
{ "type": "Feature", "properties": { "id": "3142", "n": "C/C EL BOSQUE", "t": "CENTRO CONVERGENCIA", "m": "SANTA CRUZ NARANJO" }, "geometry": { "type": "Point", "coordinates": [ -90.40861, 14.4147 ] } },
{ "type": "Feature", "properties": { "id": "3141", "n": "C/C POTRERIOS", "t": "CENTRO CONVERGENCIA", "m": "SANTA CRUZ NARANJO" }, "geometry": { "type": "Point", "coordinates": [ -90.34551, 14.38746 ] } },
{ "type": "Feature", "properties": { "id": "3138", "n": "P/S EL NARANJO", "t": "PUESTO DE SALUD", "m": "SANTA CRUZ NARANJO" }, "geometry": { "type": "Point", "coordinates": [ -90.36907, 14.37012 ] } },
{ "type": "Feature", "properties": { "id": "3139", "n": "P/S EL CARMEN", "t": "PUESTO DE SALUD", "m": "SANTA CRUZ NARANJO" }, "geometry": { "type": "Point", "coordinates": [ -90.37926, 14.35695 ] } },
{ "type": "Feature", "properties": { "id": "3151", "n": "C/S PUEBLO NUEVO VINAS", "t": "CENTRO DE SALUD", "m": "PUEBLO NUEVO VINAS" }, "geometry": { "type": "Point", "coordinates": [ -90.47508, 14.2233 ] } },
{ "type": "Feature", "properties": { "id": "3154", "n": "P/S IXPACO", "t": "PUESTO DE SALUD", "m": "PUEBLO NUEVO VINAS" }, "geometry": { "type": "Point", "coordinates": [ -90.42652, 14.19374 ] } },
{ "type": "Feature", "properties": { "id": "3153", "n": "P/S JOYA GRANDE", "t": "PUESTO DE SALUD", "m": "PUEBLO NUEVO VINAS" }, "geometry": { "type": "Point", "coordinates": [ -90.45266, 14.17923 ] } },
{ "type": "Feature", "properties": { "id": "3155", "n": "P/S JOYAS DE SAN NICOLAS", "t": "PUESTO DE SALUD", "m": "PUEBLO NUEVO VINAS" }, "geometry": { "type": "Point", "coordinates": [ -90.45283, 14.22608 ] } },
{ "type": "Feature", "properties": { "id": "3112", "n": "C/S NUEVA SANTA ROSA", "t": "CENTRO DE SALUD", "m": "NUEVA SANTA ROSA" }, "geometry": { "type": "Point", "coordinates": [ -90.28406, 14.38407 ] } },
{ "type": "Feature", "properties": { "id": "3113", "n": "P/S CACALOTEPEQUE", "t": "PUESTO DE SALUD", "m": "NUEVA SANTA ROSA" }, "geometry": { "type": "Point", "coordinates": [ -90.24183, 14.39036 ] } },
{ "type": "Feature", "properties": { "id": "3114", "n": "P/S ESTANZUELA DE JUMAY", "t": "PUESTO DE SALUD", "m": "NUEVA SANTA ROSA" }, "geometry": { "type": "Point", "coordinates": [ -90.28216, 14.31467 ] } },
{ "type": "Feature", "properties": { "id": "3115", "n": "P/S JUMAYTEPEQUE", "t": "PUESTO DE SALUD", "m": "NUEVA SANTA ROSA" }, "geometry": { "type": "Point", "coordinates": [ -90.25999, 14.34235 ] } },
{ "type": "Feature", "properties": { "id": "3116", "n": "P/S OJO DE AGUA", "t": "PUESTO DE SALUD", "m": "NUEVA SANTA ROSA" }, "geometry": { "type": "Point", "coordinates": [ -90.31676, 14.35679 ] } },
{ "type": "Feature", "properties": { "id": "3118", "n": "C/S CASILLAS", "t": "CENTRO DE SALUD", "m": "CASILLAS" }, "geometry": { "type": "Point", "coordinates": [ -90.24492, 14.41392 ] } },
{ "type": "Feature", "properties": { "id": "3119", "n": "P/S GUACAMAYAS", "t": "PUESTO DE SALUD", "m": "CASILLAS" }, "geometry": { "type": "Point", "coordinates": [ -90.19959, 14.32269 ] } },
{ "type": "Feature", "properties": { "id": "3120", "n": "P/S EL JUTE", "t": "PUESTO DE SALUD", "m": "CASILLAS" }, "geometry": { "type": "Point", "coordinates": [ -90.22332, 14.40186 ] } },
{ "type": "Feature", "properties": { "id": "3121", "n": "P/S SAN JUAN TAPALAPA", "t": "PUESTO DE SALUD", "m": "CASILLAS" }, "geometry": { "type": "Point", "coordinates": [ -90.19361, 14.40056 ] } },
{ "type": "Feature", "properties": { "id": "3122", "n": "P/S LA ESPERANZA", "t": "PUESTO DE SALUD", "m": "CASILLAS" }, "geometry": { "type": "Point", "coordinates": [ -90.07916, 14.38914 ] } },
{ "type": "Feature", "properties": { "id": "3123", "n": "P/S AYARZA", "t": "PUESTO DE SALUD", "m": "CASILLAS" }, "geometry": { "type": "Point", "coordinates": [ -90.06612, 14.4128 ] } },
{ "type": "Feature", "properties": { "id": "3125", "n": "C/S SAN RAFAEL LAS FLORES", "t": "CENTRO DE SALUD", "m": "SAN RAFAEL LAS FLORES" }, "geometry": { "type": "Point", "coordinates": [ -90.17978, 14.47213 ] } },
{ "type": "Feature", "properties": { "id": "3126", "n": "P/S MEDIA CUASTA", "t": "PUESTO DE SALUD", "m": "SAN RAFAEL LAS FLORES" }, "geometry": { "type": "Point", "coordinates": [ -90.11588, 14.44051 ] } },
{ "type": "Feature", "properties": { "id": "3127", "n": "C/C SAN RAFAELITO", "t": "CENTRO CONVERGENCIA", "m": "SAN RAFAEL LAS FLORES" }, "geometry": { "type": "Point", "coordinates": [ -90.16705, 14.44647 ] } },
{ "type": "Feature", "properties": { "id": "3129", "n": "C/S SANTA ROSA DE LIMA", "t": "CENTRO DE SALUD", "m": "SANTA ROSA DE LIMA" }, "geometry": { "type": "Point", "coordinates": [ -90.29445, 14.38956 ] } },
{ "type": "Feature", "properties": { "id": "3130", "n": "P/S CERRO GORDO", "t": "PUESTO DE SALUD", "m": "SANTA ROSA DE LIMA" }, "geometry": { "type": "Point", "coordinates": [ -90.31469, 14.43009 ] } },
{ "type": "Feature", "properties": { "id": "3131", "n": "C/C LAGUNA PEREIRA", "t": "CENTRO CONVERGENCIA", "m": "SANTA ROSA DE LIMA" }, "geometry": { "type": "Point", "coordinates": [ -90.29701, 14.40798 ] } },
{ "type": "Feature", "properties": { "id": "3132", "n": "C/C PRIMERA SABANA", "t": "CENTRO CONVERGENCIA", "m": "SANTA ROSA DE LIMA" }, "geometry": { "type": "Point", "coordinates": [ -90.35814, 14.42102 ] } },
{ "type": "Feature", "properties": { "id": "3133", "n": "C/C SABANITAS", "t": "CENTRO CONVERGENCIA", "m": "SANTA ROSA DE LIMA" }, "geometry": { "type": "Point", "coordinates": [ -90.312, 14.46249 ] } },
{ "type": "Feature", "properties": { "id": "3134", "n": "C/C EL CARRIZAL", "t": "CENTRO CONVERGENCIA", "m": "SANTA ROSA DE LIMA" }, "geometry": { "type": "Point", "coordinates": [ -90.37344, 14.46606 ] } },
{ "type": "Feature", "properties": { "id": "3135", "n": "C/C EL RODEO", "t": "CENTRO CONVERGENCIA", "m": "SANTA ROSA DE LIMA" }, "geometry": { "type": "Point", "coordinates": [ -90.30009, 14.44957 ] } },
{ "type": "Feature", "properties": { "id": "3385", "n": "C/C EL QUESQUEL", "t": "CENTRO CONVERGENCIA", "m": "SAN RAFAEL LAS FLORES" }, "geometry": { "type": "Point", "coordinates": [ -90.139, 14.4445 ] } },
{ "type": "Feature", "properties": { "id": "3384", "n": "C/C LAS NUECES", "t": "CENTRO CONVERGENCIA", "m": "SAN RAFAEL LAS FLORES" }, "geometry": { "type": "Point", "coordinates": [ -90.1481, 14.48487 ] } },
{ "type": "Feature", "properties": { "id": "3379", "n": "C/C LOMAS OJO DE AGUA", "t": "CENTRO CONVERGENCIA", "m": "NUEVA SANTA ROSA" }, "geometry": { "type": "Point", "coordinates": [ -90.31445, 14.34041 ] } },
{ "type": "Feature", "properties": { "id": "3377", "n": "C/C LOS IZOTES", "t": "CENTRO CONVERGENCIA", "m": "NUEVA SANTA ROSA" }, "geometry": { "type": "Point", "coordinates": [ -90.25257, 14.35064 ] } },
{ "type": "Feature", "properties": { "id": "3378", "n": "C/C PORTEZULOS", "t": "CENTRO CONVERGENCIA", "m": "NUEVA SANTA ROSA" }, "geometry": { "type": "Point", "coordinates": [ -90.28873, 14.33089 ] } },
{ "type": "Feature", "properties": { "id": "3382", "n": "C/C EL CARMEN", "t": "CENTRO CONVERGENCIA", "m": "CASILLAS" }, "geometry": { "type": "Point", "coordinates": [ -90.08861, 14.44081 ] } },
{ "type": "Feature", "properties": { "id": "3381", "n": "C/C PINOS ALTOS", "t": "CENTRO CONVERGENCIA", "m": "CASILLAS" }, "geometry": { "type": "Point", "coordinates": [ -90.11966, 14.39126 ] } },
{ "type": "Feature", "properties": { "id": "3383", "n": "C/C PLAN GRANDE", "t": "CENTRO CONVERGENCIA", "m": "CASILLAS" }, "geometry": { "type": "Point", "coordinates": [ -90.15831, 14.37601 ] } },
{ "type": "Feature", "properties": { "id": "3386", "n": "C/C SAN JUAN BOSCO", "t": "CENTRO CONVERGENCIA", "m": "SAN RAFAEL LAS FLORES" }, "geometry": { "type": "Point", "coordinates": [ -90.21911, 14.4622 ] } },
{ "type": "Feature", "properties": { "id": "3390", "n": "P/S AMBERES", "t": "PUESTO DE SALUD", "m": "SANTA ROSA DE LIMA" }, "geometry": { "type": "Point", "coordinates": [ -90.32573, 14.39293 ] } },
{ "type": "Feature", "properties": { "id": "3387", "n": "P/S LA CASITA", "t": "PUESTO DE SALUD", "m": "SANTA ROSA DE LIMA" }, "geometry": { "type": "Point", "coordinates": [ -90.3173, 14.41029 ] } },
{ "type": "Feature", "properties": { "id": "3376", "n": "P/S CHIAPAS", "t": "PUESTO DE SALUD", "m": "NUEVA SANTA ROSA" }, "geometry": { "type": "Point", "coordinates": [ -90.28036, 14.43752 ] } },
{ "type": "Feature", "properties": { "id": "3388", "n": "P/S EL RINCONCITO", "t": "PUESTO DE SALUD", "m": "SANTA ROSA DE LIMA" }, "geometry": { "type": "Point", "coordinates": [ -90.30514, 14.43921 ] } },
{ "type": "Feature", "properties": { "id": "3389", "n": "P/S PARRAS", "t": "PUESTO DE SALUD", "m": "SANTA ROSA DE LIMA" }, "geometry": { "type": "Point", "coordinates": [ -90.32522, 14.47135 ] } },
{ "type": "Feature", "properties": { "id": "3398", "n": "P/S EL SALITRE", "t": "PUESTO DE SALUD", "m": "SANTA ROSA DE LIMA" }, "geometry": { "type": "Point", "coordinates": [ -90.37362, 14.43633 ] } },
{ "type": "Feature", "properties": { "id": "16169", "n": "C/C YALPEMECH", "t": "CENTRO CONVERGENCIA", "m": "RAXRUHA" }, "geometry": { "type": "Point", "coordinates": [ -90.12866, 15.94543 ] } },
{ "type": "Feature", "properties": { "id": "16170", "n": "C/C DAMASCO", "t": "CENTRO CONVERGENCIA", "m": "RAXRUHA" }, "geometry": { "type": "Point", "coordinates": [ -90.11252, 16.01011 ] } },
{ "type": "Feature", "properties": { "id": "16171", "n": "C/C SECAJPUR", "t": "CENTRO CONVERGENCIA", "m": "RAXRUHA" }, "geometry": { "type": "Point", "coordinates": [ -90.08249, 16.01286 ] } },
{ "type": "Feature", "properties": { "id": "16161", "n": "P/S RAXRUHA", "t": "PUESTO DE SALUD", "m": "RAXRUHA" }, "geometry": { "type": "Point", "coordinates": [ -90.03985, 15.86719 ] } },
{ "type": "Feature", "properties": { "id": "16162", "n": "C/C LA ISLA", "t": "CENTRO CONVERGENCIA", "m": "RAXRUHA" }, "geometry": { "type": "Point", "coordinates": [ -90.02317, 15.9572 ] } },
{ "type": "Feature", "properties": { "id": "16163", "n": "C/C SAN ISIDRO", "t": "CENTRO CONVERGENCIA", "m": "RAXRUHA" }, "geometry": { "type": "Point", "coordinates": [ -90.06854, 16.00177 ] } },
{ "type": "Feature", "properties": { "id": "16164", "n": "C/C PECAJCHOC", "t": "CENTRO CONVERGENCIA", "m": "RAXRUHA" }, "geometry": { "type": "Point", "coordinates": [ -90.01413, 15.82659 ] } },
{ "type": "Feature", "properties": { "id": "16165", "n": "C/C LA FLOR SESAJAL", "t": "CENTRO CONVERGENCIA", "m": "RAXRUHA" }, "geometry": { "type": "Point", "coordinates": [ -90.03088, 15.80477 ] } },
{ "type": "Feature", "properties": { "id": "16166", "n": "C/C SAN ANTONIO", "t": "CENTRO CONVERGENCIA", "m": "RAXRUHA" }, "geometry": { "type": "Point", "coordinates": [ -90.06891, 15.87109 ] } },
{ "type": "Feature", "properties": { "id": "16167", "n": "C/C SAN ANTONIO LAS FLORES", "t": "CENTRO CONVERGENCIA", "m": "RAXRUHA" }, "geometry": { "type": "Point", "coordinates": [ -90.08594, 15.87365 ] } },
{ "type": "Feature", "properties": { "id": "16168", "n": "C/C SAN MIGUEL SECHOCHOC", "t": "CENTRO CONVERGENCIA", "m": "RAXRUHA" }, "geometry": { "type": "Point", "coordinates": [ -90.11423, 15.84282 ] } },
{ "type": "Feature", "properties": { "id": "16398", "n": "IGSS", "t": "IGSS", "m": "SENAHU" }, "geometry": { "type": "Point", "coordinates": [ -89.82013, 15.41595 ] } },
{ "type": "Feature", "properties": { "id": "16397", "n": "C/S SENAHU", "t": "CENTRO DE SALUD", "m": "SENAHU" }, "geometry": { "type": "Point", "coordinates": [ -89.8216, 15.41611 ] } },
{ "type": "Feature", "properties": { "id": "16393", "n": "C/C YALIJUX", "t": "CENTRO CONVERGENCIA", "m": "SENAHU" }, "geometry": { "type": "Point", "coordinates": [ -89.99712, 15.40307 ] } },
{ "type": "Feature", "properties": { "id": "16394", "n": "C/C TZALAMILA", "t": "CENTRO CONVERGENCIA", "m": "SENAHU" }, "geometry": { "type": "Point", "coordinates": [ -90.02551, 15.3612 ] } },
{ "type": "Feature", "properties": { "id": "16395", "n": "C/C SAN ANTONIO LAS PUERTAS", "t": "CENTRO CONVERGENCIA", "m": "SENAHU" }, "geometry": { "type": "Point", "coordinates": [ -90.04383, 15.38127 ] } },
{ "type": "Feature", "properties": { "id": "16384", "n": "C/C CHIPEMECH", "t": "CENTRO CONVERGENCIA", "m": "SENAHU" }, "geometry": { "type": "Point", "coordinates": [ -89.8325, 15.49339 ] } },
{ "type": "Feature", "properties": { "id": "16385", "n": "C/C CHICANUZ", "t": "CENTRO CONVERGENCIA", "m": "LANQUIN" }, "geometry": { "type": "Point", "coordinates": [ -89.94329, 15.5158 ] } },
{ "type": "Feature", "properties": { "id": "16386", "n": "C/C MAWIXUL", "t": "CENTRO CONVERGENCIA", "m": "LANQUIN" }, "geometry": { "type": "Point", "coordinates": [ -89.93292, 15.52317 ] } },
{ "type": "Feature", "properties": { "id": "16387", "n": "C/C NUEVA VIDA", "t": "CENTRO CONVERGENCIA", "m": "SENAHU" }, "geometry": { "type": "Point", "coordinates": [ -89.97284, 15.48166 ] } },
{ "type": "Feature", "properties": { "id": "16388", "n": "C/C SEOCOB", "t": "CENTRO CONVERGENCIA", "m": "SENAHU" }, "geometry": { "type": "Point", "coordinates": [ -89.96854, 15.45364 ] } },
{ "type": "Feature", "properties": { "id": "16389", "n": "U/M SEYUC TUILA", "t": "UNIDAD MINIMA SALUD", "m": "SENAHU" }, "geometry": { "type": "Point", "coordinates": [ -89.93161, 15.46564 ] } },
{ "type": "Feature", "properties": { "id": "16390", "n": "C/C SANTA LUCIA CHIJOLOM", "t": "CENTRO CONVERGENCIA", "m": "SENAHU" }, "geometry": { "type": "Point", "coordinates": [ -89.93639, 15.44738 ] } },
{ "type": "Feature", "properties": { "id": "16391", "n": "C/C SEMARAC", "t": "CENTRO CONVERGENCIA", "m": "SENAHU" }, "geometry": { "type": "Point", "coordinates": [ -89.911, 15.41363 ] } },
{ "type": "Feature", "properties": { "id": "16392", "n": "C/C SAN FRANCISCO", "t": "CENTRO CONVERGENCIA", "m": "SENAHU" }, "geometry": { "type": "Point", "coordinates": [ -89.94407, 15.41194 ] } },
{ "type": "Feature", "properties": { "id": "16454", "n": "C/C JOLOMIJIX I", "t": "CENTRO CONVERGENCIA", "m": "TELEMAN" }, "geometry": { "type": "Point", "coordinates": [ -89.76718, 15.29023 ] } },
{ "type": "Feature", "properties": { "id": "16446", "n": "C/C PANLA II", "t": "CENTRO CONVERGENCIA", "m": "SANTA CATALINA LA TINTA" }, "geometry": { "type": "Point", "coordinates": [ -89.82003, 15.30104 ] } },
{ "type": "Feature", "properties": { "id": "16447", "n": "C/C SAMILA 1", "t": "CENTRO CONVERGENCIA", "m": "SANTA CATALINA LA TINTA" }, "geometry": { "type": "Point", "coordinates": [ -89.83229, 15.2617 ] } },
{ "type": "Feature", "properties": { "id": "16448", "n": "C/C SANTA MARIA SAMILHA", "t": "CENTRO CONVERGENCIA", "m": "SANTA CATALINA LA TINTA" }, "geometry": { "type": "Point", "coordinates": [ -89.8179, 15.2787 ] } },
{ "type": "Feature", "properties": { "id": "16449", "n": "C/C JOLOMINXITO III", "t": "CENTRO CONVERGENCIA", "m": "SANTA CATALINA LA TINTA" }, "geometry": { "type": "Point", "coordinates": [ -89.80635, 15.28042 ] } },
{ "type": "Feature", "properties": { "id": "16450", "n": "P/S NUEVA PALESTINA", "t": "PUESTO DE SALUD", "m": "SANTA CATALINA LA TINTA" }, "geometry": { "type": "Point", "coordinates": [ -89.78827, 15.26728 ] } },
{ "type": "Feature", "properties": { "id": "16451", "n": "C/C SAN VICENTE II", "t": "CENTRO CONVERGENCIA", "m": "SANTA CATALINA LA TINTA" }, "geometry": { "type": "Point", "coordinates": [ -89.79673, 15.23736 ] } },
{ "type": "Feature", "properties": { "id": "16452", "n": "C/C CHAJOMHA", "t": "CENTRO CONVERGENCIA", "m": "TELEMAN" }, "geometry": { "type": "Point", "coordinates": [ -89.76401, 15.23614 ] } },
{ "type": "Feature", "properties": { "id": "16453", "n": "C/C SAN VICENTE I", "t": "CENTRO CONVERGENCIA", "m": "TELEMAN" }, "geometry": { "type": "Point", "coordinates": [ -89.77732, 15.23691 ] } },
{ "type": "Feature", "properties": { "id": "16383", "n": "P/S CAMELIAS", "t": "PUESTO DE SALUD", "m": "SENAHU" }, "geometry": { "type": "Point", "coordinates": [ -89.94639, 15.35288 ] } },
{ "type": "Feature", "properties": { "id": "16376", "n": "P/S NUEVO SAN CARLOS", "t": "PUESTO DE SALUD", "m": "SENAHU" }, "geometry": { "type": "Point", "coordinates": [ -89.73163, 15.43379 ] } },
{ "type": "Feature", "properties": { "id": "16377", "n": "C/C LOS NARANJALES", "t": "CENTRO CONVERGENCIA", "m": "SENAHU" }, "geometry": { "type": "Point", "coordinates": [ -89.85632, 15.36997 ] } },
{ "type": "Feature", "properties": { "id": "16378", "n": "C/C SECUACHIL", "t": "CENTRO CONVERGENCIA", "m": "SENAHU" }, "geometry": { "type": "Point", "coordinates": [ -89.87914, 15.3621 ] } },
{ "type": "Feature", "properties": { "id": "16379", "n": "C/C SANTA MARIA", "t": "CENTRO CONVERGENCIA", "m": "SENAHU" }, "geometry": { "type": "Point", "coordinates": [ -89.86593, 15.35108 ] } },
{ "type": "Feature", "properties": { "id": "16380", "n": "P/S ACTELA", "t": "PUESTO DE SALUD", "m": "SENAHU" }, "geometry": { "type": "Point", "coordinates": [ -89.89025, 15.3668 ] } },
{ "type": "Feature", "properties": { "id": "16381", "n": "C/C COOPERATIVA SANTO DOMINGO", "t": "CENTRO CONVERGENCIA", "m": "SENAHU" }, "geometry": { "type": "Point", "coordinates": [ -89.89384, 15.34365 ] } },
{ "type": "Feature", "properties": { "id": "16382", "n": "C/C MOCCA", "t": "CENTRO CONVERGENCIA", "m": "SENAHU" }, "geometry": { "type": "Point", "coordinates": [ -89.92784, 15.36062 ] } },
{ "type": "Feature", "properties": { "id": "16445", "n": "C/S TAMAHU", "t": "CENTRO DE SALUD", "m": "TAMAHU" }, "geometry": { "type": "Point", "coordinates": [ -90.23441, 15.30576 ] } },
{ "type": "Feature", "properties": { "id": "16439", "n": "C/C PANTIC", "t": "CENTRO CONVERGENCIA", "m": "TAMAHU" }, "geometry": { "type": "Point", "coordinates": [ -90.18078, 15.29769 ] } },
{ "type": "Feature", "properties": { "id": "16440", "n": "C/C NAXOMBAL", "t": "CENTRO CONVERGENCIA", "m": "TAMAHU" }, "geometry": { "type": "Point", "coordinates": [ -90.19303, 15.31038 ] } },
{ "type": "Feature", "properties": { "id": "16441", "n": "C/C CHIQUIM CUAXCUX", "t": "CENTRO CONVERGENCIA", "m": "TAMAHU" }, "geometry": { "type": "Point", "coordinates": [ -90.21448, 15.30069 ] } },
{ "type": "Feature", "properties": { "id": "16442", "n": "C/C CHIMOLON", "t": "CENTRO CONVERGENCIA", "m": "TAMAHU" }, "geometry": { "type": "Point", "coordinates": [ -90.26324, 15.3109 ] } },
{ "type": "Feature", "properties": { "id": "16443", "n": "C/C YUXILHA", "t": "CENTRO CONVERGENCIA", "m": "TAMAHU" }, "geometry": { "type": "Point", "coordinates": [ -90.27983, 15.31357 ] } },
{ "type": "Feature", "properties": { "id": "16375", "n": "C/C SESOCH XALIBE", "t": "CENTRO CONVERGENCIA", "m": "SENAHU" }, "geometry": { "type": "Point", "coordinates": [ -89.85192, 15.40695 ] } },
{ "type": "Feature", "properties": { "id": "16370", "n": "C/C SAN JOSE LA LAGUNA", "t": "CENTRO CONVERGENCIA", "m": "SENAHU" }, "geometry": { "type": "Point", "coordinates": [ -89.8093, 15.4319 ] } },
{ "type": "Feature", "properties": { "id": "16371", "n": "C/C SEPACUITE", "t": "CENTRO CONVERGENCIA", "m": "SENAHU" }, "geometry": { "type": "Point", "coordinates": [ -89.78248, 15.4686 ] } },
{ "type": "Feature", "properties": { "id": "16372", "n": "C/C SETZIMAJ", "t": "CENTRO CONVERGENCIA", "m": "SENAHU" }, "geometry": { "type": "Point", "coordinates": [ -89.81288, 15.46989 ] } },
{ "type": "Feature", "properties": { "id": "16373", "n": "C/C SERITQUICHE", "t": "CENTRO CONVERGENCIA", "m": "SENAHU" }, "geometry": { "type": "Point", "coordinates": [ -89.87602, 15.42334 ] } },
{ "type": "Feature", "properties": { "id": "16374", "n": "C/C SEHATIX", "t": "CENTRO CONVERGENCIA", "m": "SENAHU" }, "geometry": { "type": "Point", "coordinates": [ -89.89435, 15.40277 ] } },
{ "type": "Feature", "properties": { "id": "16429", "n": "C/C CHICOBAN", "t": "CENTRO CONVERGENCIA", "m": "TUCURU" }, "geometry": { "type": "Point", "coordinates": [ -90.10563, 15.29757 ] } },
{ "type": "Feature", "properties": { "id": "16430", "n": "P/S CUCANJA", "t": "PUESTO DE SALUD", "m": "TUCURU" }, "geometry": { "type": "Point", "coordinates": [ -90.08716, 15.30185 ] } },
{ "type": "Feature", "properties": { "id": "16431", "n": "C/C PANCHE-JE", "t": "CENTRO CONVERGENCIA", "m": "TUCURU" }, "geometry": { "type": "Point", "coordinates": [ -90.05685, 15.31424 ] } },
{ "type": "Feature", "properties": { "id": "16432", "n": "C/C SEPACAY", "t": "CENTRO CONVERGENCIA", "m": "TUCURU" }, "geometry": { "type": "Point", "coordinates": [ -90.02897, 15.32008 ] } },
{ "type": "Feature", "properties": { "id": "16433", "n": "C/C RAXIJA", "t": "CENTRO CONVERGENCIA", "m": "TUCURU" }, "geometry": { "type": "Point", "coordinates": [ -90.01138, 15.31963 ] } },
{ "type": "Feature", "properties": { "id": "16434", "n": "C/C CHELEMA", "t": "CENTRO CONVERGENCIA", "m": "TUCURU" }, "geometry": { "type": "Point", "coordinates": [ -90.05679, 15.38566 ] } },
{ "type": "Feature", "properties": { "id": "16435", "n": "C/C EL PINAL", "t": "CENTRO CONVERGENCIA", "m": "TUCURU" }, "geometry": { "type": "Point", "coordinates": [ -90.08458, 15.32707 ] } },
{ "type": "Feature", "properties": { "id": "16436", "n": "C/C LOS PINOS", "t": "CENTRO CONVERGENCIA", "m": "TUCURU" }, "geometry": { "type": "Point", "coordinates": [ -90.1239, 15.34126 ] } },
{ "type": "Feature", "properties": { "id": "16437", "n": "C/C SECAQUIC", "t": "CENTRO CONVERGENCIA", "m": "TUCURU" }, "geometry": { "type": "Point", "coordinates": [ -90.11923, 15.35727 ] } },
{ "type": "Feature", "properties": { "id": "16428", "n": "C/C SAN JORGE", "t": "CENTRO CONVERGENCIA", "m": "TUCURU" }, "geometry": { "type": "Point", "coordinates": [ -90.17772, 15.29602 ] } },
{ "type": "Feature", "properties": { "id": "16421", "n": "P/S RAXQUIX", "t": "PUESTO DE SALUD", "m": "TUCURU" }, "geometry": { "type": "Point", "coordinates": [ -90.06897, 15.28297 ] } },
{ "type": "Feature", "properties": { "id": "16422", "n": "C/C LA LIBERTAD", "t": "CENTRO CONVERGENCIA", "m": "TUCURU" }, "geometry": { "type": "Point", "coordinates": [ -90.0244, 15.29098 ] } },
{ "type": "Feature", "properties": { "id": "16423", "n": "C/C LAS FLORES", "t": "CENTRO CONVERGENCIA", "m": "TUCURU" }, "geometry": { "type": "Point", "coordinates": [ -89.98014, 15.29528 ] } },
{ "type": "Feature", "properties": { "id": "16424", "n": "C/C LOS MANGALES", "t": "CENTRO CONVERGENCIA", "m": "TUCURU" }, "geometry": { "type": "Point", "coordinates": [ -89.93452, 15.29809 ] } },
{ "type": "Feature", "properties": { "id": "16425", "n": "C/C SAN JOSE CONCEPCION", "t": "CENTRO CONVERGENCIA", "m": "TUCURU" }, "geometry": { "type": "Point", "coordinates": [ -90.13336, 15.27823 ] } },
{ "type": "Feature", "properties": { "id": "16426", "n": "C/C LAS PALMAS", "t": "CENTRO CONVERGENCIA", "m": "TUCURU" }, "geometry": { "type": "Point", "coordinates": [ -90.15324, 15.29091 ] } },
{ "type": "Feature", "properties": { "id": "16427", "n": "C/C LAS MINAS", "t": "CENTRO CONVERGENCIA", "m": "TUCURU" }, "geometry": { "type": "Point", "coordinates": [ -90.15716, 15.27795 ] } },
{ "type": "Feature", "properties": { "id": "16369", "n": "C/C CHIMAXYAT", "t": "CENTRO CONVERGENCIA", "m": "SENAHU" }, "geometry": { "type": "Point", "coordinates": [ -89.73554, 15.50245 ] } },
{ "type": "Feature", "properties": { "id": "16360", "n": "C/C CANGUACHA", "t": "CENTRO CONVERGENCIA", "m": "SENAHU" }, "geometry": { "type": "Point", "coordinates": [ -89.72798, 15.38017 ] } },
{ "type": "Feature", "properties": { "id": "16361", "n": "C/C SAN NICOLAS", "t": "CENTRO CONVERGENCIA", "m": "SENAHU" }, "geometry": { "type": "Point", "coordinates": [ -89.77809, 15.36661 ] } },
{ "type": "Feature", "properties": { "id": "16362", "n": "C/C SECACUCUB", "t": "CENTRO CONVERGENCIA", "m": "SENAHU" }, "geometry": { "type": "Point", "coordinates": [ -89.69476, 15.39061 ] } },
{ "type": "Feature", "properties": { "id": "16363", "n": "C/C SEOCOC", "t": "CENTRO CONVERGENCIA", "m": "SENAHU" }, "geometry": { "type": "Point", "coordinates": [ -89.65588, 15.4841 ] } },
{ "type": "Feature", "properties": { "id": "16364", "n": "C/C CORRALPEC", "t": "CENTRO CONVERGENCIA", "m": "SENAHU" }, "geometry": { "type": "Point", "coordinates": [ -89.67697, 15.46671 ] } },
{ "type": "Feature", "properties": { "id": "16365", "n": "C/C COOPERATIVA CHULAC", "t": "CENTRO CONVERGENCIA", "m": "SENAHU" }, "geometry": { "type": "Point", "coordinates": [ -89.66254, 15.49163 ] } },
{ "type": "Feature", "properties": { "id": "16366", "n": "C/C SAJOMTE", "t": "CENTRO CONVERGENCIA", "m": "SENAHU" }, "geometry": { "type": "Point", "coordinates": [ -89.64547, 15.50147 ] } },
{ "type": "Feature", "properties": { "id": "16367", "n": "C/C NUEVA CONCEPCION", "t": "CENTRO CONVERGENCIA", "m": "SENAHU" }, "geometry": { "type": "Point", "coordinates": [ -89.69482, 15.51634 ] } },
{ "type": "Feature", "properties": { "id": "16368", "n": "C/C SEPAMAC", "t": "CENTRO CONVERGENCIA", "m": "SENAHU" }, "geometry": { "type": "Point", "coordinates": [ -89.69433, 15.50612 ] } },
{ "type": "Feature", "properties": { "id": "16420", "n": "C/S TUCURU", "t": "CENTRO DE SALUD", "m": "TUCURU" }, "geometry": { "type": "Point", "coordinates": [ -90.11405, 15.29376 ] } },
{ "type": "Feature", "properties": { "id": "16419", "n": "HOSPITAL DISTRITAL", "t": "HOSPITAL", "m": "SANTA CATALINA LA TINTA" }, "geometry": { "type": "Point", "coordinates": [ -89.87653, 15.31701 ] } },
{ "type": "Feature", "properties": { "id": "16411", "n": "C/C CAMPUR", "t": "CENTRO CONVERGENCIA", "m": "SANTA CATALINA LA TINTA" }, "geometry": { "type": "Point", "coordinates": [ -89.82753, 15.32341 ] } },
{ "type": "Feature", "properties": { "id": "16412", "n": "C/C SALAC 1", "t": "CENTRO CONVERGENCIA", "m": "SANTA CATALINA LA TINTA" }, "geometry": { "type": "Point", "coordinates": [ -89.80581, 15.32405 ] } },
{ "type": "Feature", "properties": { "id": "16413", "n": "C/C CHAVACAL 1", "t": "CENTRO CONVERGENCIA", "m": "SANTA CATALINA LA TINTA" }, "geometry": { "type": "Point", "coordinates": [ -89.8458, 15.32667 ] } },
{ "type": "Feature", "properties": { "id": "16415", "n": "C/C SAQUINA PAPALHA", "t": "CENTRO CONVERGENCIA", "m": "SANTA CATALINA LA TINTA" }, "geometry": { "type": "Point", "coordinates": [ -89.9209, 15.31638 ] } },
{ "type": "Feature", "properties": { "id": "16416", "n": "C/C SAN PABLO PAPALHA", "t": "CENTRO CONVERGENCIA", "m": "SANTA CATALINA LA TINTA" }, "geometry": { "type": "Point", "coordinates": [ -89.94104, 15.31742 ] } },
{ "type": "Feature", "properties": { "id": "16417", "n": "C/C PUENTE VIEJO", "t": "CENTRO CONVERGENCIA", "m": "SANTA CATALINA LA TINTA" }, "geometry": { "type": "Point", "coordinates": [ -89.88418, 15.30155 ] } },
{ "type": "Feature", "properties": { "id": "16418", "n": "C/S LA TINTA", "t": "CENTRO DE SALUD", "m": "SANTA CATALINA LA TINTA" }, "geometry": { "type": "Point", "coordinates": [ -89.87643, 15.31746 ] } },
{ "type": "Feature", "properties": { "id": "16359", "n": "IGSS", "t": "IGSS", "m": "CAHABON" }, "geometry": { "type": "Point", "coordinates": [ -89.81286, 15.60617 ] } },
{ "type": "Feature", "properties": { "id": "16354", "n": "P/S SEPOC", "t": "PUESTO DE SALUD", "m": "CAHABON" }, "geometry": { "type": "Point", "coordinates": [ -89.72997, 15.60238 ] } },
{ "type": "Feature", "properties": { "id": "16355", "n": "C/C CHAMPERICO", "t": "CENTRO CONVERGENCIA", "m": "CAHABON" }, "geometry": { "type": "Point", "coordinates": [ -89.71149, 15.62153 ] } },
{ "type": "Feature", "properties": { "id": "16356", "n": "C/C TUILA", "t": "CENTRO CONVERGENCIA", "m": "CAHABON" }, "geometry": { "type": "Point", "coordinates": [ -89.68011, 15.61349 ] } },
{ "type": "Feature", "properties": { "id": "16357", "n": "C/C SECANANTE", "t": "CENTRO CONVERGENCIA", "m": "CAHABON" }, "geometry": { "type": "Point", "coordinates": [ -89.60139, 15.64565 ] } },
{ "type": "Feature", "properties": { "id": "16358", "n": "C/C SEBAS", "t": "CENTRO CONVERGENCIA", "m": "CAHABON" }, "geometry": { "type": "Point", "coordinates": [ -89.61218, 15.60813 ] } },
{ "type": "Feature", "properties": { "id": "16353", "n": "C/C SANTA MARIA CHINATAL", "t": "CENTRO CONVERGENCIA", "m": "CAHABON" }, "geometry": { "type": "Point", "coordinates": [ -89.84443, 15.50747 ] } },
{ "type": "Feature", "properties": { "id": "16346", "n": "C/C BALAMTE", "t": "CENTRO CONVERGENCIA", "m": "CAHABON" }, "geometry": { "type": "Point", "coordinates": [ -89.8074, 15.55545 ] } },
{ "type": "Feature", "properties": { "id": "16347", "n": "C/C SANTA MARIA RUBELTZUL", "t": "CENTRO CONVERGENCIA", "m": "CAHABON" }, "geometry": { "type": "Point", "coordinates": [ -89.80473, 15.54068 ] } },
{ "type": "Feature", "properties": { "id": "16348", "n": "C/C TZALAMTUN", "t": "CENTRO CONVERGENCIA", "m": "CAHABON" }, "geometry": { "type": "Point", "coordinates": [ -89.83657, 15.56726 ] } },
{ "type": "Feature", "properties": { "id": "16349", "n": "C/C PINARES", "t": "CENTRO CONVERGENCIA", "m": "CAHABON" }, "geometry": { "type": "Point", "coordinates": [ -89.86708, 15.54936 ] } },
{ "type": "Feature", "properties": { "id": "16350", "n": "C/C CHIPOC", "t": "CENTRO CONVERGENCIA", "m": "CAHABON" }, "geometry": { "type": "Point", "coordinates": [ -89.9091, 15.53045 ] } },
{ "type": "Feature", "properties": { "id": "16351", "n": "C/C EL CARMEN", "t": "CENTRO CONVERGENCIA", "m": "CAHABON" }, "geometry": { "type": "Point", "coordinates": [ -89.90188, 15.50837 ] } },
{ "type": "Feature", "properties": { "id": "16352", "n": "C/C CHIACTE", "t": "CENTRO CONVERGENCIA", "m": "CAHABON" }, "geometry": { "type": "Point", "coordinates": [ -89.91709, 15.49555 ] } },
{ "type": "Feature", "properties": { "id": "16410", "n": "C/C CARABAJAL", "t": "CENTRO CONVERGENCIA", "m": "PANZOS" }, "geometry": { "type": "Point", "coordinates": [ -89.67565, 15.3987 ] } },
{ "type": "Feature", "properties": { "id": "16406", "n": "C/S TELEMAN", "t": "CENTRO DE SALUD", "m": "TELEMAN" }, "geometry": { "type": "Point", "coordinates": [ -89.74357, 15.33798 ] } },
{ "type": "Feature", "properties": { "id": "16407", "n": "C/C XUCUP", "t": "CENTRO CONVERGENCIA", "m": "TELEMAN PANZOS" }, "geometry": { "type": "Point", "coordinates": [ -89.78268, 15.32773 ] } },
{ "type": "Feature", "properties": { "id": "16408", "n": "C/C CANLUN 1", "t": "CENTRO CONVERGENCIA", "m": "TELEMAN PANZOS" }, "geometry": { "type": "Point", "coordinates": [ -89.77404, 15.30746 ] } },
{ "type": "Feature", "properties": { "id": "16409", "n": "C/C QUINIX", "t": "CENTRO CONVERGENCIA", "m": "PANZOS" }, "geometry": { "type": "Point", "coordinates": [ -89.70222, 15.35324 ] } },
{ "type": "Feature", "properties": { "id": "16345", "n": "C/C TAMAX", "t": "CENTRO CONVERGENCIA", "m": "CAHABON" }, "geometry": { "type": "Point", "coordinates": [ -89.82429, 15.58861 ] } },
{ "type": "Feature", "properties": { "id": "16337", "n": "C/S CAHABON", "t": "CENTRO DE SALUD", "m": "CAHABON" }, "geometry": { "type": "Point", "coordinates": [ -89.80987, 15.60479 ] } },
{ "type": "Feature", "properties": { "id": "16338", "n": "C/C SAN LUCAS TZULBN", "t": "CENTRO CONVERGENCIA", "m": "CAHABON" }, "geometry": { "type": "Point", "coordinates": [ -89.75818, 15.62075 ] } },
{ "type": "Feature", "properties": { "id": "16339", "n": "C/C SACTA", "t": "CENTRO CONVERGENCIA", "m": "CAHABON" }, "geometry": { "type": "Point", "coordinates": [ -89.76344, 15.5944 ] } },
{ "type": "Feature", "properties": { "id": "16340", "n": "C/C SEASIR", "t": "CENTRO CONVERGENCIA", "m": "CAHABON" }, "geometry": { "type": "Point", "coordinates": [ -89.7003, 15.53404 ] } },
{ "type": "Feature", "properties": { "id": "16341", "n": "C/C CHIIS", "t": "CENTRO CONVERGENCIA", "m": "CAHABON" }, "geometry": { "type": "Point", "coordinates": [ -89.68496, 15.52462 ] } },
{ "type": "Feature", "properties": { "id": "16342", "n": "C/C SANTO DOMINGO RUBELTZUL", "t": "CENTRO CONVERGENCIA", "m": "CAHABON" }, "geometry": { "type": "Point", "coordinates": [ -89.86018, 15.61329 ] } },
{ "type": "Feature", "properties": { "id": "16343", "n": "C/C SAQUIJA", "t": "CENTRO CONVERGENCIA", "m": "CAHABON" }, "geometry": { "type": "Point", "coordinates": [ -89.90079, 15.57737 ] } },
{ "type": "Feature", "properties": { "id": "16344", "n": "C/C SANTA ROSA CHIVITE", "t": "CENTRO CONVERGENCIA", "m": "CAHABON" }, "geometry": { "type": "Point", "coordinates": [ -89.85644, 15.58286 ] } },
{ "type": "Feature", "properties": { "id": "16405", "n": "C/C SEPUR LIMITE", "t": "CENTRO CONVERGENCIA", "m": "PANZOS" }, "geometry": { "type": "Point", "coordinates": [ -89.51317, 15.4591 ] } },
{ "type": "Feature", "properties": { "id": "16401", "n": "C/S PANZOS", "t": "CENTRO DE SALUD", "m": "PANZOS" }, "geometry": { "type": "Point", "coordinates": [ -89.64672, 15.3929 ] } },
{ "type": "Feature", "properties": { "id": "16402", "n": "C/C TAQUINCO SEARANX", "t": "CENTRO CONVERGENCIA", "m": "PANZOS" }, "geometry": { "type": "Point", "coordinates": [ -89.60626, 15.51207 ] } },
{ "type": "Feature", "properties": { "id": "16403", "n": "P/S CAHABONCITO", "t": "PUESTO DE SALUD", "m": "PANZOS" }, "geometry": { "type": "Point", "coordinates": [ -89.55924, 15.45381 ] } },
{ "type": "Feature", "properties": { "id": "16404", "n": "C/C LAGARTO", "t": "CENTRO CONVERGENCIA", "m": "PANZOS" }, "geometry": { "type": "Point", "coordinates": [ -89.53934, 15.41956 ] } },
{ "type": "Feature", "properties": { "id": "16331", "n": "C/S LANQUIN", "t": "CENTRO DE SALUD", "m": "LANQUIN" }, "geometry": { "type": "Point", "coordinates": [ -89.97633, 15.57919 ] } },
{ "type": "Feature", "properties": { "id": "16332", "n": "C/C CHINAMA", "t": "CENTRO CONVERGENCIA", "m": "LANQUIN" }, "geometry": { "type": "Point", "coordinates": [ -90.00666, 15.61219 ] } },
{ "type": "Feature", "properties": { "id": "16333", "n": "C/C TUZAM", "t": "CENTRO CONVERGENCIA", "m": "LANQUIN" }, "geometry": { "type": "Point", "coordinates": [ -89.97172, 15.63805 ] } },
{ "type": "Feature", "properties": { "id": "16334", "n": "C/C CAMPUR CHIMELB", "t": "CENTRO CONVERGENCIA", "m": "LANQUIN" }, "geometry": { "type": "Point", "coordinates": [ -90.00982, 15.57189 ] } },
{ "type": "Feature", "properties": { "id": "16322", "n": "C/C GUAXPAC", "t": "CENTRO CONVERGENCIA", "m": "TACTIC" }, "geometry": { "type": "Point", "coordinates": [ -90.31769, 15.31792 ] } },
{ "type": "Feature", "properties": { "id": "16323", "n": "C/C MANANTIAL", "t": "CENTRO CONVERGENCIA", "m": "TACTIC" }, "geometry": { "type": "Point", "coordinates": [ -90.30415, 15.33516 ] } },
{ "type": "Feature", "properties": { "id": "16324", "n": "P/S PASMOLOM", "t": "PUESTO DE SALUD", "m": "TACTIC" }, "geometry": { "type": "Point", "coordinates": [ -90.2984, 15.28598 ] } },
{ "type": "Feature", "properties": { "id": "16325", "n": "C/C CUYQUEL", "t": "CENTRO CONVERGENCIA", "m": "TACTIC" }, "geometry": { "type": "Point", "coordinates": [ -90.32955, 15.30487 ] } },
{ "type": "Feature", "properties": { "id": "16326", "n": "C/C TZALAM", "t": "CENTRO CONVERGENCIA", "m": "TACTIC" }, "geometry": { "type": "Point", "coordinates": [ -90.32402, 15.27272 ] } },
{ "type": "Feature", "properties": { "id": "16327", "n": "P/S CHACALTE", "t": "PUESTO DE SALUD", "m": "TACTIC" }, "geometry": { "type": "Point", "coordinates": [ -90.35843, 15.27446 ] } },
{ "type": "Feature", "properties": { "id": "16328", "n": "C/S TACTIC", "t": "CENTRO DE SALUD", "m": "TACTIC" }, "geometry": { "type": "Point", "coordinates": [ -90.34924, 15.31478 ] } },
{ "type": "Feature", "properties": { "id": "16329", "n": "P/S CHIACAL", "t": "PUESTO DE SALUD", "m": "TACTIC" }, "geometry": { "type": "Point", "coordinates": [ -90.38607, 15.31286 ] } },
{ "type": "Feature", "properties": { "id": "16312", "n": "C/S CAIMI", "t": "CENTRO DE SALUD", "m": "SAN CRISTOBAL VERAPAZ" }, "geometry": { "type": "Point", "coordinates": [ -90.49023, 15.36215 ] } },
{ "type": "Feature", "properties": { "id": "16314", "n": "C/C SAN LUCAS CHIACAL", "t": "CENTRO CONVERGENCIA", "m": "SAN CRISTOBAL VERAPAZ" }, "geometry": { "type": "Point", "coordinates": [ -90.46768, 15.42254 ] } },
{ "type": "Feature", "properties": { "id": "16315", "n": "C/C LAS PACAYAS", "t": "CENTRO CONVERGENCIA", "m": "SAN CRISTOBAL VERAPAZ" }, "geometry": { "type": "Point", "coordinates": [ -90.51539, 15.41092 ] } },
{ "type": "Feature", "properties": { "id": "16316", "n": "P/S EL RANCHO", "t": "PUESTO DE SALUD", "m": "SAN CRISTOBAL VERAPAZ" }, "geometry": { "type": "Point", "coordinates": [ -90.5577, 15.42097 ] } },
{ "type": "Feature", "properties": { "id": "16317", "n": "C/C PAMPACCHE", "t": "CENTRO CONVERGENCIA", "m": "SAN CRISTOBAL VERAPAZ" }, "geometry": { "type": "Point", "coordinates": [ -90.61497, 15.43421 ] } },
{ "type": "Feature", "properties": { "id": "16318", "n": "C/C LA PROVIDENCIA", "t": "CENTRO CONVERGENCIA", "m": "SAN CRISTOBAL VERAPAZ" }, "geometry": { "type": "Point", "coordinates": [ -90.62666, 15.47769 ] } },
{ "type": "Feature", "properties": { "id": "16320", "n": "IGSS", "t": "IGSS", "m": "SAN CRISTOBAL VERAPAZ" }, "geometry": { "type": "Point", "coordinates": [ -90.47986, 15.36575 ] } },
{ "type": "Feature", "properties": { "id": "16306", "n": "P/S NAJQUITOB", "t": "PUESTO DE SALUD", "m": "SANTA CRUZ VERAPAZ" }, "geometry": { "type": "Point", "coordinates": [ -90.42677, 15.32146 ] } },
{ "type": "Feature", "properties": { "id": "16307", "n": "U/M SAN ANTONIO PANEC", "t": "UNIDAD MINIMA SALUD", "m": "SANTA CRUZ VERAPAZ" }, "geometry": { "type": "Point", "coordinates": [ -90.41268, 15.31527 ] } },
{ "type": "Feature", "properties": { "id": "16308", "n": "C/C PAMBACH", "t": "CENTRO CONVERGENCIA", "m": "SANTA CRUZ VERAPAZ" }, "geometry": { "type": "Point", "coordinates": [ -90.40755, 15.29177 ] } },
{ "type": "Feature", "properties": { "id": "16309", "n": "C/C PARROCHOCH", "t": "CENTRO CONVERGENCIA", "m": "SANTA CRUZ VERAPAZ" }, "geometry": { "type": "Point", "coordinates": [ -90.4078, 15.32878 ] } },
{ "type": "Feature", "properties": { "id": "16310", "n": "C/C MOXENJA", "t": "CENTRO CONVERGENCIA", "m": "SANTA CRUZ VERAPAZ" }, "geometry": { "type": "Point", "coordinates": [ -90.41578, 15.32983 ] } },
{ "type": "Feature", "properties": { "id": "16311", "n": "C/C SANTA CRUZ VERAPAZ", "t": "CENTRO CONVERGENCIA", "m": "SANTA CRUZ VERAPAZ" }, "geometry": { "type": "Point", "coordinates": [ -90.42706, 15.37354 ] } },
{ "type": "Feature", "properties": { "id": "16298", "n": "C/C SANTA CRUZ", "t": "CENTRO CONVERGENCIA", "m": "SANTA CRUZ VERAPAZ" }, "geometry": { "type": "Point", "coordinates": [ -90.41731, 15.39565 ] } },
{ "type": "Feature", "properties": { "id": "16299", "n": "C/C SANTA ELENA", "t": "CENTRO CONVERGENCIA", "m": "SANTA CRUZ VERAPAZ" }, "geometry": { "type": "Point", "coordinates": [ -90.39343, 15.39649 ] } },
{ "type": "Feature", "properties": { "id": "16300", "n": "P/S CHIJOU", "t": "PUESTO DE SALUD", "m": "SANTA CRUZ VERAPAZ" }, "geometry": { "type": "Point", "coordinates": [ -90.38914, 15.38625 ] } },
{ "type": "Feature", "properties": { "id": "16301", "n": "C/C PANQUIYOU", "t": "CENTRO CONVERGENCIA", "m": "SANTA CRUZ VERAPAZ" }, "geometry": { "type": "Point", "coordinates": [ -90.40677, 15.37337 ] } },
{ "type": "Feature", "properties": { "id": "16302", "n": "C/C CHIXAJAU", "t": "CENTRO CONVERGENCIA", "m": "SANTA CRUZ VERAPAZ" }, "geometry": { "type": "Point", "coordinates": [ -90.40571, 15.36673 ] } },
{ "type": "Feature", "properties": { "id": "16303", "n": "C/C LA ISLA", "t": "CENTRO CONVERGENCIA", "m": "SANTA CRUZ VERAPAZ" }, "geometry": { "type": "Point", "coordinates": [ -90.42066, 15.36306 ] } },
{ "type": "Feature", "properties": { "id": "16304", "n": "C/C SAN RAFAEL", "t": "CENTRO CONVERGENCIA", "m": "SANTA CRUZ VERAPAZ" }, "geometry": { "type": "Point", "coordinates": [ -90.43537, 15.35922 ] } },
{ "type": "Feature", "properties": { "id": "16305", "n": "C/C VALPARAISO", "t": "CENTRO CONVERGENCIA", "m": "SANTA CRUZ VERAPAZ" }, "geometry": { "type": "Point", "coordinates": [ -90.4264, 15.33268 ] } },
{ "type": "Feature", "properties": { "id": "16296", "n": "C/C CHIJOTON", "t": "CENTRO CONVERGENCIA", "m": "CAMPUR" }, "geometry": { "type": "Point", "coordinates": [ -90.16832, 15.54765 ] } },
{ "type": "Feature", "properties": { "id": "16287", "n": "C/C SEJAC", "t": "CENTRO CONVERGENCIA", "m": "CAMPUR" }, "geometry": { "type": "Point", "coordinates": [ -89.98876, 15.67573 ] } },
{ "type": "Feature", "properties": { "id": "16288", "n": "C/C SECAMPAMAC", "t": "CENTRO CONVERGENCIA", "m": "CAMPUR" }, "geometry": { "type": "Point", "coordinates": [ -89.97437, 15.6816 ] } },
{ "type": "Feature", "properties": { "id": "16289", "n": "C/C SEPOCILLO", "t": "CENTRO CONVERGENCIA", "m": "CAMPUR" }, "geometry": { "type": "Point", "coordinates": [ -90.00781, 15.69732 ] } },
{ "type": "Feature", "properties": { "id": "16290", "n": "C/C SECMABON", "t": "CENTRO CONVERGENCIA", "m": "CAMPUR" }, "geometry": { "type": "Point", "coordinates": [ -90.05577, 15.71169 ] } },
{ "type": "Feature", "properties": { "id": "16291", "n": "C/C CHIPAC", "t": "CENTRO CONVERGENCIA", "m": "CAMPUR" }, "geometry": { "type": "Point", "coordinates": [ -90.09912, 15.61159 ] } },
{ "type": "Feature", "properties": { "id": "16292", "n": "C/C CHIACAM", "t": "CENTRO CONVERGENCIA", "m": "CAMPUR" }, "geometry": { "type": "Point", "coordinates": [ -90.11025, 15.54461 ] } },
{ "type": "Feature", "properties": { "id": "16293", "n": "P/S COJAJ", "t": "PUESTO DE SALUD", "m": "CARCHA" }, "geometry": { "type": "Point", "coordinates": [ -90.13028, 15.56381 ] } },
{ "type": "Feature", "properties": { "id": "16294", "n": "C/C SECOPUR", "t": "CENTRO CONVERGENCIA", "m": "CAMPUR" }, "geometry": { "type": "Point", "coordinates": [ -90.14156, 15.60042 ] } },
{ "type": "Feature", "properties": { "id": "16295", "n": "C/C CHELAC", "t": "CENTRO CONVERGENCIA", "m": "CAMPUR" }, "geometry": { "type": "Point", "coordinates": [ -90.17961, 15.564 ] } },
{ "type": "Feature", "properties": { "id": "16278", "n": "C/C CHIMOX", "t": "CENTRO CONVERGENCIA", "m": "SAN JUAN CHAMELCO" }, "geometry": { "type": "Point", "coordinates": [ -90.33317, 15.40236 ] } },
{ "type": "Feature", "properties": { "id": "16279", "n": "C/C SAN MARCOS", "t": "CENTRO CONVERGENCIA", "m": "SAN JUAN CHAMELCO" }, "geometry": { "type": "Point", "coordinates": [ -90.31058, 15.41137 ] } },
{ "type": "Feature", "properties": { "id": "16280", "n": "C/C SAQUIJA", "t": "CENTRO CONVERGENCIA", "m": "SAN JUAN CHAMELCO" }, "geometry": { "type": "Point", "coordinates": [ -90.31525, 15.43701 ] } },
{ "type": "Feature", "properties": { "id": "16286", "n": "C/C RUBEL CHOC", "t": "CENTRO CONVERGENCIA", "m": "CAMPUR" }, "geometry": { "type": "Point", "coordinates": [ -90.04174, 15.674 ] } },
{ "type": "Feature", "properties": { "id": "16282", "n": "C/S CAMPUR", "t": "CENTRO DE SALUD", "m": "CAMPUR" }, "geometry": { "type": "Point", "coordinates": [ -90.04852, 15.63346 ] } },
{ "type": "Feature", "properties": { "id": "16283", "n": "C/C SENIMLAHA", "t": "CENTRO CONVERGENCIA", "m": "CAMPUR" }, "geometry": { "type": "Point", "coordinates": [ -90.07879, 15.66215 ] } },
{ "type": "Feature", "properties": { "id": "16284", "n": "C/C SAN VICENTE", "t": "CENTRO CONVERGENCIA", "m": "CAMPUR" }, "geometry": { "type": "Point", "coordinates": [ -90.11692, 15.6594 ] } },
{ "type": "Feature", "properties": { "id": "16285", "n": "C/C SECUACHIL", "t": "CENTRO CONVERGENCIA", "m": "CAMPUR" }, "geometry": { "type": "Point", "coordinates": [ -90.06575, 15.67407 ] } },
{ "type": "Feature", "properties": { "id": "16277", "n": "P/S CAMPAT", "t": "PUESTO DE SALUD", "m": "SAN JUAN CHAMELCO" }, "geometry": { "type": "Point", "coordinates": [ -90.30014, 15.38146 ] } },
{ "type": "Feature", "properties": { "id": "16272", "n": "C/C  CAMA", "t": "CENTRO CONVERGENCIA", "m": "SAN JUAN CHAMELCO" }, "geometry": { "type": "Point", "coordinates": [ -90.2196, 15.43215 ] } },
{ "type": "Feature", "properties": { "id": "16273", "n": "C/C CAQUIPEC", "t": "CENTRO CONVERGENCIA", "m": "SAN JUAN CHAMELCO" }, "geometry": { "type": "Point", "coordinates": [ -90.20148, 15.41103 ] } },
{ "type": "Feature", "properties": { "id": "16274", "n": "P/S SACQUIL", "t": "PUESTO DE SALUD", "m": "SAN JUAN CHAMELCO" }, "geometry": { "type": "Point", "coordinates": [ -90.15921, 15.36321 ] } },
{ "type": "Feature", "properties": { "id": "16275", "n": "C/C SEOCHE", "t": "CENTRO CONVERGENCIA", "m": "SAN JUAN CHAMELCO" }, "geometry": { "type": "Point", "coordinates": [ -90.16531, 15.34929 ] } },
{ "type": "Feature", "properties": { "id": "16276", "n": "C/C CHICUJAL", "t": "CENTRO CONVERGENCIA", "m": "SAN JUAN CHAMELCO" }, "geometry": { "type": "Point", "coordinates": [ -90.31798, 15.39839 ] } },
{ "type": "Feature", "properties": { "id": "16265", "n": "C/C SANTO DOMINGO SECAJ", "t": "CENTRO CONVERGENCIA", "m": "SAN JUAN CHAMELCO" }, "geometry": { "type": "Point", "coordinates": [ -90.22996, 15.33934 ] } },
{ "type": "Feature", "properties": { "id": "16266", "n": "C/C GRANADILLA", "t": "CENTRO CONVERGENCIA", "m": "SAN JUAN CHAMELCO" }, "geometry": { "type": "Point", "coordinates": [ -90.22237, 15.38837 ] } },
{ "type": "Feature", "properties": { "id": "16267", "n": "C/C SAN MIGUEL CHAMIL", "t": "CENTRO CONVERGENCIA", "m": "SAN JUAN CHAMELCO" }, "geometry": { "type": "Point", "coordinates": [ -90.20968, 15.37837 ] } },
{ "type": "Feature", "properties": { "id": "16268", "n": "P/S CHAMIL", "t": "PUESTO DE SALUD", "m": "SAN JUAN CHAMELCO" }, "geometry": { "type": "Point", "coordinates": [ -90.22368, 15.41337 ] } },
{ "type": "Feature", "properties": { "id": "16269", "n": "C/C SEAQUIBA", "t": "CENTRO CONVERGENCIA", "m": "SAN JUAN CHAMELCO" }, "geometry": { "type": "Point", "coordinates": [ -90.23196, 15.41811 ] } },
{ "type": "Feature", "properties": { "id": "16270", "n": "C/C MAMACHAJ", "t": "CENTRO CONVERGENCIA", "m": "SAN JUAN CHAMELCO" }, "geometry": { "type": "Point", "coordinates": [ -90.24686, 15.4134 ] } },
{ "type": "Feature", "properties": { "id": "16271", "n": "C/C SANTA ELENA", "t": "CENTRO CONVERGENCIA", "m": "SAN JUAN CHAMELCO" }, "geometry": { "type": "Point", "coordinates": [ -90.24393, 15.40796 ] } },
{ "type": "Feature", "properties": { "id": "16256", "n": "C/C SOTZIL", "t": "CENTRO CONVERGENCIA", "m": "SAN JUAN CHAMELCO" }, "geometry": { "type": "Point", "coordinates": [ -90.30569, 15.43533 ] } },
{ "type": "Feature", "properties": { "id": "16257", "n": "P/S CHAJANEB", "t": "PUESTO DE SALUD", "m": "SAN JUAN CHAMELCO" }, "geometry": { "type": "Point", "coordinates": [ -90.28697, 15.4266 ] } },
{ "type": "Feature", "properties": { "id": "16258", "n": "C/C CHIOYA", "t": "CENTRO CONVERGENCIA", "m": "SAN JUAN CHAMELCO" }, "geometry": { "type": "Point", "coordinates": [ -90.27965, 15.40458 ] } },
{ "type": "Feature", "properties": { "id": "16259", "n": "C/C SATEXQ", "t": "CENTRO CONVERGENCIA", "m": "SAN JUAN CHAMELCO" }, "geometry": { "type": "Point", "coordinates": [ -90.29488, 15.3985 ] } },
{ "type": "Feature", "properties": { "id": "16260", "n": "C/C PAAPA", "t": "CENTRO CONVERGENCIA", "m": "SAN JUAN CHAMELCO" }, "geometry": { "type": "Point", "coordinates": [ -90.27632, 15.42389 ] } },
{ "type": "Feature", "properties": { "id": "16261", "n": "C/C CHAJCOAL", "t": "CENTRO CONVERGENCIA", "m": "SAN JUAN CHAMELCO" }, "geometry": { "type": "Point", "coordinates": [ -90.27213, 15.43832 ] } },
{ "type": "Feature", "properties": { "id": "16262", "n": "C/C CANASEC", "t": "CENTRO CONVERGENCIA", "m": "SAN JUAN CHAMELCO" }, "geometry": { "type": "Point", "coordinates": [ -90.24884, 15.39499 ] } },
{ "type": "Feature", "properties": { "id": "16263", "n": "C/C CHIITIX", "t": "CENTRO CONVERGENCIA", "m": "SAN JUAN CHAMELCO" }, "geometry": { "type": "Point", "coordinates": [ -90.24981, 15.37877 ] } },
{ "type": "Feature", "properties": { "id": "16264", "n": "P/S CHAMISUN", "t": "PUESTO DE SALUD", "m": "SAN JUAN CHAMELCO" }, "geometry": { "type": "Point", "coordinates": [ -90.23456, 15.36592 ] } },
{ "type": "Feature", "properties": { "id": "16255", "n": "C/S CHAMELCO", "t": "CENTRO DE SALUD", "m": "SAN JUAN CHAMELCO" }, "geometry": { "type": "Point", "coordinates": [ -90.33361, 15.42603 ] } },
{ "type": "Feature", "properties": { "id": "16253", "n": "C/C SAN VICENTE CHICATAL", "t": "CENTRO CONVERGENCIA", "m": "CARCHA" }, "geometry": { "type": "Point", "coordinates": [ -90.33355, 15.6796 ] } },
{ "type": "Feature", "properties": { "id": "16249", "n": "C/C TZAPUR", "t": "CENTRO CONVERGENCIA", "m": "CARCHA" }, "geometry": { "type": "Point", "coordinates": [ -90.35127, 15.62103 ] } },
{ "type": "Feature", "properties": { "id": "16250", "n": "C/C CANDELARIA YALICAR", "t": "CENTRO CONVERGENCIA", "m": "CARCHA" }, "geometry": { "type": "Point", "coordinates": [ -90.32123, 15.73487 ] } },
{ "type": "Feature", "properties": { "id": "16251", "n": "C/C SESAJAL", "t": "CENTRO CONVERGENCIA", "m": "CARCHA" }, "geometry": { "type": "Point", "coordinates": [ -90.20838, 15.72867 ] } },
{ "type": "Feature", "properties": { "id": "16252", "n": "C/C SACHAJ", "t": "CENTRO CONVERGENCIA", "m": "CARCHA" }, "geometry": { "type": "Point", "coordinates": [ -90.30478, 15.69383 ] } },
{ "type": "Feature", "properties": { "id": "16248", "n": "HOSPITAL DE OJOS", "t": "HOSPITAL", "m": "CARCHA" }, "geometry": { "type": "Point", "coordinates": [ -90.31184, 15.4786 ] } },
{ "type": "Feature", "properties": { "id": "16238", "n": "C/C ESPERANZA CHILATZ", "t": "CENTRO CONVERGENCIA", "m": "CARCHA" }, "geometry": { "type": "Point", "coordinates": [ -90.3279, 15.52699 ] } },
{ "type": "Feature", "properties": { "id": "16239", "n": "C/C PEQUIXUL", "t": "CENTRO CONVERGENCIA", "m": "CARCHA" }, "geometry": { "type": "Point", "coordinates": [ -90.33161, 15.54535 ] } },
{ "type": "Feature", "properties": { "id": "16240", "n": "P/S CAQUIGUAL", "t": "PUESTO DE SALUD", "m": "CARCHA" }, "geometry": { "type": "Point", "coordinates": [ -90.32004, 15.56305 ] } },
{ "type": "Feature", "properties": { "id": "16241", "n": "C/C SETA¥A", "t": "CENTRO CONVERGENCIA", "m": "CARCHA" }, "geometry": { "type": "Point", "coordinates": [ -90.3158, 15.58136 ] } },
{ "type": "Feature", "properties": { "id": "16242", "n": "C/C SACRISTAL", "t": "CENTRO CONVERGENCIA", "m": "CARCHA" }, "geometry": { "type": "Point", "coordinates": [ -90.33074, 15.59884 ] } },
{ "type": "Feature", "properties": { "id": "16243", "n": "C/C SEBULBUXHA", "t": "CENTRO CONVERGENCIA", "m": "CARCHA" }, "geometry": { "type": "Point", "coordinates": [ -90.21635, 15.6457 ] } },
{ "type": "Feature", "properties": { "id": "16244", "n": "C/C SEQUIXQUIB", "t": "CENTRO CONVERGENCIA", "m": "CARCHA" }, "geometry": { "type": "Point", "coordinates": [ -90.31571, 15.63477 ] } },
{ "type": "Feature", "properties": { "id": "16246", "n": "IGSS", "t": "IGSS", "m": "CARCHA" }, "geometry": { "type": "Point", "coordinates": [ -90.30553, 15.47655 ] } },
{ "type": "Feature", "properties": { "id": "16233", "n": "C/C RAXAHA", "t": "CENTRO CONVERGENCIA", "m": "CARCHA" }, "geometry": { "type": "Point", "coordinates": [ -90.2831, 15.55286 ] } },
{ "type": "Feature", "properties": { "id": "16234", "n": "C/C TANCHI", "t": "CENTRO CONVERGENCIA", "m": "CARCHA" }, "geometry": { "type": "Point", "coordinates": [ -90.30364, 15.5407 ] } },
{ "type": "Feature", "properties": { "id": "16235", "n": "C/C CHIREQUICHE", "t": "CENTRO CONVERGENCIA", "m": "CARCHA" }, "geometry": { "type": "Point", "coordinates": [ -90.19532, 15.56118 ] } },
{ "type": "Feature", "properties": { "id": "16236", "n": "C/C CHIACAL", "t": "CENTRO CONVERGENCIA", "m": "CARCHA" }, "geometry": { "type": "Point", "coordinates": [ -90.21873, 15.53732 ] } },
{ "type": "Feature", "properties": { "id": "16237", "n": "C/C MUIHA", "t": "CENTRO CONVERGENCIA", "m": "CARCHA" }, "geometry": { "type": "Point", "coordinates": [ -90.25453, 15.50914 ] } },
{ "type": "Feature", "properties": { "id": "16224", "n": "C/C SETZAAJ", "t": "CENTRO CONVERGENCIA", "m": "CARCHA" }, "geometry": { "type": "Point", "coordinates": [ -90.23323, 15.51628 ] } },
{ "type": "Feature", "properties": { "id": "16225", "n": "C/C CAQUITON", "t": "CENTRO CONVERGENCIA", "m": "CARCHA" }, "geometry": { "type": "Point", "coordinates": [ -90.22496, 15.53234 ] } },
{ "type": "Feature", "properties": { "id": "16226", "n": "P/S POCOLA", "t": "PUESTO DE SALUD", "m": "CARCHA" }, "geometry": { "type": "Point", "coordinates": [ -90.24542, 15.5482 ] } },
{ "type": "Feature", "properties": { "id": "16227", "n": "C/C CHITANA ESQUIPULAS", "t": "CENTRO CONVERGENCIA", "m": "CARCHA" }, "geometry": { "type": "Point", "coordinates": [ -90.23952, 15.55104 ] } },
{ "type": "Feature", "properties": { "id": "16228", "n": "C/C CHAJIXIM", "t": "CENTRO CONVERGENCIA", "m": "CARCHA" }, "geometry": { "type": "Point", "coordinates": [ -90.26597, 15.56415 ] } },
{ "type": "Feature", "properties": { "id": "16229", "n": "C/C CHIQUIXJI", "t": "CENTRO CONVERGENCIA", "m": "CARCHA" }, "geometry": { "type": "Point", "coordinates": [ -90.28761, 15.5667 ] } },
{ "type": "Feature", "properties": { "id": "16230", "n": "C/C CHICUCAY", "t": "CENTRO CONVERGENCIA", "m": "CARCHA" }, "geometry": { "type": "Point", "coordinates": [ -90.28388, 15.57429 ] } },
{ "type": "Feature", "properties": { "id": "16231", "n": "C/C SEXUCTI", "t": "CENTRO CONVERGENCIA", "m": "CARCHA" }, "geometry": { "type": "Point", "coordinates": [ -90.29397, 15.5778 ] } },
{ "type": "Feature", "properties": { "id": "16232", "n": "C/C QUIXAL", "t": "CENTRO CONVERGENCIA", "m": "CARCHA" }, "geometry": { "type": "Point", "coordinates": [ -90.29963, 15.5592 ] } },
{ "type": "Feature", "properties": { "id": "16223", "n": "C/C CHICOJL", "t": "CENTRO CONVERGENCIA", "m": "CARCHA" }, "geometry": { "type": "Point", "coordinates": [ -90.24941, 15.51889 ] } },
{ "type": "Feature", "properties": { "id": "16214", "n": "C/C BANCAB", "t": "CENTRO CONVERGENCIA", "m": "CARCHA" }, "geometry": { "type": "Point", "coordinates": [ -90.28944, 15.49038 ] } },
{ "type": "Feature", "properties": { "id": "16215", "n": "C/C SACSI CHIYO", "t": "CENTRO CONVERGENCIA", "m": "CARCHA" }, "geometry": { "type": "Point", "coordinates": [ -90.23839, 15.49532 ] } },
{ "type": "Feature", "properties": { "id": "16216", "n": "C/C SANTO DOMINGO RAXNAM", "t": "CENTRO CONVERGENCIA", "m": "CARCHA" }, "geometry": { "type": "Point", "coordinates": [ -90.21191, 15.48971 ] } },
{ "type": "Feature", "properties": { "id": "16217", "n": "C/C CHIGUARRON", "t": "CENTRO CONVERGENCIA", "m": "CARCHA" }, "geometry": { "type": "Point", "coordinates": [ -90.19275, 15.49615 ] } },
{ "type": "Feature", "properties": { "id": "16218", "n": "C/C CHIRREQUIM", "t": "CENTRO CONVERGENCIA", "m": "CARCHA" }, "geometry": { "type": "Point", "coordinates": [ -90.17351, 15.51068 ] } },
{ "type": "Feature", "properties": { "id": "16219", "n": "C/C XALITZUL", "t": "CENTRO CONVERGENCIA", "m": "CARCHA" }, "geometry": { "type": "Point", "coordinates": [ -90.19405, 15.50944 ] } },
{ "type": "Feature", "properties": { "id": "16220", "n": "C/C CHIYO", "t": "CENTRO CONVERGENCIA", "m": "CARCHA" }, "geometry": { "type": "Point", "coordinates": [ -90.21874, 15.50532 ] } },
{ "type": "Feature", "properties": { "id": "16221", "n": "C/C SANTA MARIA", "t": "CENTRO CONVERGENCIA", "m": "CARCHA" }, "geometry": { "type": "Point", "coordinates": [ -90.22802, 15.4911 ] } },
{ "type": "Feature", "properties": { "id": "16222", "n": "C/C SETUL", "t": "CENTRO CONVERGENCIA", "m": "CARCHA" }, "geometry": { "type": "Point", "coordinates": [ -90.26933, 15.52854 ] } },
{ "type": "Feature", "properties": { "id": "16179", "n": "C/C SAHOLOM", "t": "CENTRO CONVERGENCIA", "m": "COBAN" }, "geometry": { "type": "Point", "coordinates": [ -90.74303, 15.88743 ] } },
{ "type": "Feature", "properties": { "id": "16172", "n": "C/C SANTA ELENA SATOOLOX", "t": "CENTRO CONVERGENCIA", "m": "RAXRUHA" }, "geometry": { "type": "Point", "coordinates": [ -90.71017, 15.71283 ] } },
{ "type": "Feature", "properties": { "id": "16173", "n": "C/C SALAGUNA", "t": "CENTRO CONVERGENCIA", "m": "COBAN" }, "geometry": { "type": "Point", "coordinates": [ -90.74849, 15.70418 ] } },
{ "type": "Feature", "properties": { "id": "16174", "n": "C/C NIMLAJACOC", "t": "CENTRO CONVERGENCIA", "m": "COBAN" }, "geometry": { "type": "Point", "coordinates": [ -90.72127, 15.75118 ] } },
{ "type": "Feature", "properties": { "id": "16175", "n": "C/C ROCJA PASACUC", "t": "CENTRO CONVERGENCIA", "m": "COBAN" }, "geometry": { "type": "Point", "coordinates": [ -90.75856, 15.76408 ] } },
{ "type": "Feature", "properties": { "id": "16176", "n": "C/C COPALA LA ESPERANZA", "t": "CENTRO CONVERGENCIA", "m": "COBAN" }, "geometry": { "type": "Point", "coordinates": [ -90.77545, 15.73376 ] } },
{ "type": "Feature", "properties": { "id": "16177", "n": "P/S ROCJA PURIBAL", "t": "PUESTO DE SALUD", "m": "COBAN" }, "geometry": { "type": "Point", "coordinates": [ -90.72859, 15.79626 ] } },
{ "type": "Feature", "properties": { "id": "16178", "n": "P/S SALACUIM", "t": "PUESTO DE SALUD", "m": "COBAN" }, "geometry": { "type": "Point", "coordinates": [ -90.71565, 15.84742 ] } },
{ "type": "Feature", "properties": { "id": "16187", "n": "C/C NUEVO AMANECER EL PLAN", "t": "CENTRO CONVERGENCIA", "m": "COBAN" }, "geometry": { "type": "Point", "coordinates": [ -90.52548, 15.97759 ] } },
{ "type": "Feature", "properties": { "id": "16180", "n": "C/C SAN LUIS VISTA HERMOSA", "t": "CENTRO CONVERGENCIA", "m": "COBAN" }, "geometry": { "type": "Point", "coordinates": [ -90.71787, 15.9568 ] } },
{ "type": "Feature", "properties": { "id": "16181", "n": "C/C SANTA LUCIA LA CHUA", "t": "CENTRO CONVERGENCIA", "m": "COBAN" }, "geometry": { "type": "Point", "coordinates": [ -90.62629, 15.94796 ] } },
{ "type": "Feature", "properties": { "id": "16182", "n": "C/C TZETOC", "t": "CENTRO CONVERGENCIA", "m": "COBAN" }, "geometry": { "type": "Point", "coordinates": [ -90.60859, 15.91015 ] } },
{ "type": "Feature", "properties": { "id": "16183", "n": "C/C LAS TORTUGAS", "t": "CENTRO CONVERGENCIA", "m": "COBAN" }, "geometry": { "type": "Point", "coordinates": [ -90.58553, 15.97522 ] } },
{ "type": "Feature", "properties": { "id": "16184", "n": "C/C PIE DEL CERRO", "t": "CENTRO CONVERGENCIA", "m": "COBAN" }, "geometry": { "type": "Point", "coordinates": [ -90.62711, 16.00609 ] } },
{ "type": "Feature", "properties": { "id": "16185", "n": "C/C TIERRA BLANCA SEBOL", "t": "CENTRO CONVERGENCIA", "m": "COBAN" }, "geometry": { "type": "Point", "coordinates": [ -90.6132, 16.02269 ] } },
{ "type": "Feature", "properties": { "id": "16186", "n": "C/C SAN JOSE ICBOLAY", "t": "CENTRO CONVERGENCIA", "m": "COBAN" }, "geometry": { "type": "Point", "coordinates": [ -90.55239, 15.94176 ] } },
{ "type": "Feature", "properties": { "id": "16197", "n": "IGSS DIRECCION DEPARTAMENTAL", "t": "IGSS", "m": "COBAN" }, "geometry": { "type": "Point", "coordinates": [ -90.37623, 15.47162 ] } },
{ "type": "Feature", "properties": { "id": "16188", "n": "C/C GUADALUPE", "t": "CENTRO CONVERGENCIA", "m": "COBAN" }, "geometry": { "type": "Point", "coordinates": [ -90.38865, 15.68855 ] } },
{ "type": "Feature", "properties": { "id": "16189", "n": "C/C SAMANZANA", "t": "CENTRO CONVERGENCIA", "m": "COBAN" }, "geometry": { "type": "Point", "coordinates": [ -90.364, 15.69443 ] } },
{ "type": "Feature", "properties": { "id": "16190", "n": "C/C MONTE OLIVO", "t": "CENTRO CONVERGENCIA", "m": "COBAN" }, "geometry": { "type": "Point", "coordinates": [ -90.46646, 15.7159 ] } },
{ "type": "Feature", "properties": { "id": "16191", "n": "C/C YAQUICHE CANAU", "t": "CENTRO CONVERGENCIA", "m": "COBAN" }, "geometry": { "type": "Point", "coordinates": [ -90.49857, 15.75535 ] } },
{ "type": "Feature", "properties": { "id": "16192", "n": "C/C SANTA VALERIA", "t": "CENTRO CONVERGENCIA", "m": "COBAN" }, "geometry": { "type": "Point", "coordinates": [ -90.5292, 15.76809 ] } },
{ "type": "Feature", "properties": { "id": "16193", "n": "P/S SECOCPUR", "t": "PUESTO DE SALUD", "m": "COBAN" }, "geometry": { "type": "Point", "coordinates": [ -90.42188, 15.71715 ] } },
{ "type": "Feature", "properties": { "id": "16194", "n": "CRUZ ROJA", "t": "CRUZ ROJA", "m": "COBAN" }, "geometry": { "type": "Point", "coordinates": [ -90.37201, 15.46946 ] } },
{ "type": "Feature", "properties": { "id": "16196", "n": "APROFAM", "t": "APROFAM", "m": "COBAN" }, "geometry": { "type": "Point", "coordinates": [ -90.37655, 15.47395 ] } },
{ "type": "Feature", "properties": { "id": "16205", "n": "C/C CHIYAXUT", "t": "CENTRO CONVERGENCIA", "m": "CARCHA" }, "geometry": { "type": "Point", "coordinates": [ -90.14877, 15.48504 ] } },
{ "type": "Feature", "properties": { "id": "16206", "n": "C/C CHITAP OFICIAL", "t": "CENTRO CONVERGENCIA", "m": "CARCHA" }, "geometry": { "type": "Point", "coordinates": [ -90.13584, 15.47759 ] } },
{ "type": "Feature", "properties": { "id": "16207", "n": "C/C CHITAP", "t": "CENTRO CONVERGENCIA", "m": "CARCHA" }, "geometry": { "type": "Point", "coordinates": [ -90.13304, 15.47181 ] } },
{ "type": "Feature", "properties": { "id": "16198", "n": "C/C TIPULCAN", "t": "CENTRO CONVERGENCIA", "m": "CARCHA" }, "geometry": { "type": "Point", "coordinates": [ -90.27745, 15.46928 ] } },
{ "type": "Feature", "properties": { "id": "16199", "n": "C/C SAN ANTONIO CUATRO", "t": "CENTRO CONVERGENCIA", "m": "CARCHA" }, "geometry": { "type": "Point", "coordinates": [ -90.25687, 15.46917 ] } },
{ "type": "Feature", "properties": { "id": "16200", "n": "C/C CHANGKAY", "t": "CENTRO CONVERGENCIA", "m": "CARCHA" }, "geometry": { "type": "Point", "coordinates": [ -90.18535, 15.47516 ] } },
{ "type": "Feature", "properties": { "id": "16201", "n": "P/S CHACALTE", "t": "PUESTO DE SALUD", "m": "CARCHA" }, "geometry": { "type": "Point", "coordinates": [ -90.16217, 15.47152 ] } },
{ "type": "Feature", "properties": { "id": "16202", "n": "C/C OQUEBA", "t": "CENTRO CONVERGENCIA", "m": "CARCHA" }, "geometry": { "type": "Point", "coordinates": [ -90.10607, 15.50379 ] } },
{ "type": "Feature", "properties": { "id": "16203", "n": "C/C XICACAO", "t": "CENTRO CONVERGENCIA", "m": "CARCHA" }, "geometry": { "type": "Point", "coordinates": [ -90.08118, 15.4938 ] } },
{ "type": "Feature", "properties": { "id": "16204", "n": "C/C RUBEL CRUZ", "t": "CENTRO CONVERGENCIA", "m": "CARCHA" }, "geometry": { "type": "Point", "coordinates": [ -90.0625, 15.47912 ] } },
{ "type": "Feature", "properties": { "id": "16213", "n": "C/S CARCHA", "t": "CENTRO DE SALUD", "m": "CARCHA" }, "geometry": { "type": "Point", "coordinates": [ -90.31532, 15.4783 ] } },
{ "type": "Feature", "properties": { "id": "16208", "n": "C/C CHIZON", "t": "CENTRO CONVERGENCIA", "m": "CARCHA" }, "geometry": { "type": "Point", "coordinates": [ -90.27557, 15.45799 ] } },
{ "type": "Feature", "properties": { "id": "16209", "n": "C/C SEHUBUB", "t": "CENTRO CONVERGENCIA", "m": "CARCHA" }, "geometry": { "type": "Point", "coordinates": [ -90.2366, 15.44346 ] } },
{ "type": "Feature", "properties": { "id": "16210", "n": "P/S SEMESCHE", "t": "PUESTO DE SALUD", "m": "CARCHA" }, "geometry": { "type": "Point", "coordinates": [ -90.17642, 15.43999 ] } },
{ "type": "Feature", "properties": { "id": "16211", "n": "C/C ULPAN I", "t": "CENTRO CONVERGENCIA", "m": "CARCHA" }, "geometry": { "type": "Point", "coordinates": [ -90.11615, 15.43342 ] } },
{ "type": "Feature", "properties": { "id": "16212", "n": "C/C SAN LUCAS SECOCHOY", "t": "CENTRO CONVERGENCIA", "m": "CARCHA" }, "geometry": { "type": "Point", "coordinates": [ -90.18185, 15.40073 ] } },
{ "type": "Feature", "properties": { "id": "16155", "n": "C/C NUEVA ESPERANZA", "t": "CENTRO CONVERGENCIA", "m": "CHISEC" }, "geometry": { "type": "Point", "coordinates": [ -90.52645, 15.83407 ] } },
{ "type": "Feature", "properties": { "id": "16156", "n": "C/C LAS PALMAS", "t": "CENTRO CONVERGENCIA", "m": "CHISEC" }, "geometry": { "type": "Point", "coordinates": [ -90.44923, 15.768 ] } },
{ "type": "Feature", "properties": { "id": "16157", "n": "C/C SESAJAL", "t": "CENTRO CONVERGENCIA", "m": "CHISEC" }, "geometry": { "type": "Point", "coordinates": [ -90.40474, 15.75307 ] } },
{ "type": "Feature", "properties": { "id": "16158", "n": "P/S SEMOCOCH", "t": "PUESTO DE SALUD", "m": "CHISEC" }, "geometry": { "type": "Point", "coordinates": [ -90.42424, 15.75823 ] } },
{ "type": "Feature", "properties": { "id": "16159", "n": "C/C SIBICTE", "t": "CENTRO CONVERGENCIA", "m": "CHISEC" }, "geometry": { "type": "Point", "coordinates": [ -90.4274, 15.7431 ] } },
{ "type": "Feature", "properties": { "id": "16147", "n": "C/S CHISEC", "t": "CENTRO DE SALUD", "m": "CHISEC" }, "geometry": { "type": "Point", "coordinates": [ -90.29316, 15.81278 ] } },
{ "type": "Feature", "properties": { "id": "16148", "n": "C/C SETZI", "t": "CENTRO CONVERGENCIA", "m": "CHISEC" }, "geometry": { "type": "Point", "coordinates": [ -90.26526, 15.77555 ] } },
{ "type": "Feature", "properties": { "id": "16149", "n": "C/C RUBELHO", "t": "CENTRO CONVERGENCIA", "m": "CHISEC" }, "geometry": { "type": "Point", "coordinates": [ -90.30741, 15.77516 ] } },
{ "type": "Feature", "properties": { "id": "16150", "n": "C/C LIMON YALICAR", "t": "CENTRO CONVERGENCIA", "m": "CHISEC" }, "geometry": { "type": "Point", "coordinates": [ -90.27757, 15.75511 ] } },
{ "type": "Feature", "properties": { "id": "16151", "n": "C/C SESUCHAJ", "t": "CENTRO CONVERGENCIA", "m": "CHISEC" }, "geometry": { "type": "Point", "coordinates": [ -90.23738, 15.7386 ] } },
{ "type": "Feature", "properties": { "id": "16152", "n": "C/C SECHINAPEMECH", "t": "CENTRO CONVERGENCIA", "m": "CHISEC" }, "geometry": { "type": "Point", "coordinates": [ -90.40744, 15.83572 ] } },
{ "type": "Feature", "properties": { "id": "16153", "n": "C/C SEMUY", "t": "CENTRO CONVERGENCIA", "m": "CHISEC" }, "geometry": { "type": "Point", "coordinates": [ -90.39133, 15.78783 ] } },
{ "type": "Feature", "properties": { "id": "16154", "n": "C/C LOMAS DEL NORTE", "t": "CENTRO CONVERGENCIA", "m": "CHISEC" }, "geometry": { "type": "Point", "coordinates": [ -90.46667, 15.8238 ] } },
{ "type": "Feature", "properties": { "id": "16144", "n": "C/C GUAPINOL", "t": "CENTRO CONVERGENCIA", "m": "CHISEC" }, "geometry": { "type": "Point", "coordinates": [ -90.0407, 15.74857 ] } },
{ "type": "Feature", "properties": { "id": "16145", "n": "C/C SEMAX", "t": "CENTRO CONVERGENCIA", "m": "CHISEC" }, "geometry": { "type": "Point", "coordinates": [ -89.96594, 15.76385 ] } },
{ "type": "Feature", "properties": { "id": "16135", "n": "C/C SEGUACHIL", "t": "CENTRO CONVERGENCIA", "m": "CHISEC" }, "geometry": { "type": "Point", "coordinates": [ -90.26074, 15.80637 ] } },
{ "type": "Feature", "properties": { "id": "16136", "n": "C/C SEPALAU", "t": "CENTRO CONVERGENCIA", "m": "CHISEC" }, "geometry": { "type": "Point", "coordinates": [ -90.22783, 15.79113 ] } },
{ "type": "Feature", "properties": { "id": "16137", "n": "C/C SEPOC II", "t": "CENTRO CONVERGENCIA", "m": "CHISEC" }, "geometry": { "type": "Point", "coordinates": [ -90.20088, 15.78299 ] } },
{ "type": "Feature", "properties": { "id": "16138", "n": "C/C SETZAC", "t": "CENTRO CONVERGENCIA", "m": "CHISEC" }, "geometry": { "type": "Point", "coordinates": [ -90.19159, 15.77708 ] } },
{ "type": "Feature", "properties": { "id": "16139", "n": "C/C CAMPO SANTO I", "t": "CENTRO CONVERGENCIA", "m": "CHISEC" }, "geometry": { "type": "Point", "coordinates": [ -90.14734, 15.77622 ] } },
{ "type": "Feature", "properties": { "id": "16140", "n": "C/C CAMPO SANTO II", "t": "CENTRO CONVERGENCIA", "m": "CHISEC" }, "geometry": { "type": "Point", "coordinates": [ -90.13046, 15.77473 ] } },
{ "type": "Feature", "properties": { "id": "16141", "n": "C/C SECOMUXAN I", "t": "CENTRO CONVERGENCIA", "m": "CHISEC" }, "geometry": { "type": "Point", "coordinates": [ -90.09507, 15.76568 ] } },
{ "type": "Feature", "properties": { "id": "16142", "n": "C/C SEHIX", "t": "CENTRO CONVERGENCIA", "m": "CHISEC" }, "geometry": { "type": "Point", "coordinates": [ -90.06424, 15.75538 ] } },
{ "type": "Feature", "properties": { "id": "16143", "n": "C/C CEPOCIL", "t": "CENTRO CONVERGENCIA", "m": "CHISEC" }, "geometry": { "type": "Point", "coordinates": [ -90.04868, 15.75256 ] } },
{ "type": "Feature", "properties": { "id": "16134", "n": "C/C SEJUX", "t": "CENTRO CONVERGENCIA", "m": "CHAHAL" }, "geometry": { "type": "Point", "coordinates": [ -89.4511, 15.82583 ] } },
{ "type": "Feature", "properties": { "id": "16128", "n": "C/C LA ESPERANZA", "t": "CENTRO CONVERGENCIA", "m": "CHAHAL" }, "geometry": { "type": "Point", "coordinates": [ -89.55621, 15.73208 ] } },
{ "type": "Feature", "properties": { "id": "16129", "n": "C/C SEPUR SEBAC", "t": "CENTRO CONVERGENCIA", "m": "CHAHAL" }, "geometry": { "type": "Point", "coordinates": [ -89.50713, 15.74062 ] } },
{ "type": "Feature", "properties": { "id": "16130", "n": "C/C CHABIL CHOCH", "t": "CENTRO CONVERGENCIA", "m": "CHAHAL" }, "geometry": { "type": "Point", "coordinates": [ -89.54149, 15.80803 ] } },
{ "type": "Feature", "properties": { "id": "16131", "n": "C/C SAN JOSE", "t": "CENTRO CONVERGENCIA", "m": "CHAHAL" }, "geometry": { "type": "Point", "coordinates": [ -89.51409, 15.83378 ] } },
{ "type": "Feature", "properties": { "id": "16132", "n": "C/C EL PORVENIR", "t": "CENTRO CONVERGENCIA", "m": "CHAHAL" }, "geometry": { "type": "Point", "coordinates": [ -89.47979, 15.85512 ] } },
{ "type": "Feature", "properties": { "id": "16133", "n": "C/C SOSELA CHINAYU", "t": "CENTRO CONVERGENCIA", "m": "CHAHAL" }, "geometry": { "type": "Point", "coordinates": [ -89.44932, 15.85686 ] } },
{ "type": "Feature", "properties": { "id": "16127", "n": "P/S SAN AGUSTIN", "t": "PUESTO DE SALUD", "m": "CHAHAL" }, "geometry": { "type": "Point", "coordinates": [ -89.555, 15.76426 ] } },
{ "type": "Feature", "properties": { "id": "16123", "n": "C/S CHAHAL", "t": "CENTRO DE SALUD", "m": "CHAHAL" }, "geometry": { "type": "Point", "coordinates": [ -89.60612, 15.78822 ] } },
{ "type": "Feature", "properties": { "id": "16124", "n": "C/C SEPAC", "t": "CENTRO CONVERGENCIA", "m": "CHAHAL" }, "geometry": { "type": "Point", "coordinates": [ -89.62842, 15.73996 ] } },
{ "type": "Feature", "properties": { "id": "16125", "n": "C/C SEBOLITO", "t": "CENTRO CONVERGENCIA", "m": "CHAHAL" }, "geometry": { "type": "Point", "coordinates": [ -89.63797, 15.70477 ] } },
{ "type": "Feature", "properties": { "id": "16126", "n": "C/C CHIMUY", "t": "CENTRO CONVERGENCIA", "m": "CHAHAL" }, "geometry": { "type": "Point", "coordinates": [ -89.68723, 15.70474 ] } },
{ "type": "Feature", "properties": { "id": "16121", "n": "C/C LA BALSITA", "t": "CENTRO CONVERGENCIA", "m": "FRAY BARTOLOME DE LAS CASAS" }, "geometry": { "type": "Point", "coordinates": [ -89.58689, 16.0095 ] } },
{ "type": "Feature", "properties": { "id": "16113", "n": "C/C SECHAAC", "t": "CENTRO CONVERGENCIA", "m": "FRAY BARTOLOME DE LAS CASAS" }, "geometry": { "type": "Point", "coordinates": [ -89.65951, 15.87481 ] } },
{ "type": "Feature", "properties": { "id": "16114", "n": "C/C KAKITUL", "t": "CENTRO CONVERGENCIA", "m": "FRAY BARTOLOME DE LAS CASAS" }, "geometry": { "type": "Point", "coordinates": [ -89.58993, 15.88055 ] } },
{ "type": "Feature", "properties": { "id": "16115", "n": "C/C POZA DEL DANTO", "t": "CENTRO CONVERGENCIA", "m": "FRAY BARTOLOME DE LAS CASAS" }, "geometry": { "type": "Point", "coordinates": [ -89.67252, 15.8928 ] } },
{ "type": "Feature", "properties": { "id": "16116", "n": "C/C POMILA", "t": "CENTRO CONVERGENCIA", "m": "FRAY BARTOLOME DE LAS CASAS" }, "geometry": { "type": "Point", "coordinates": [ -89.68088, 15.91962 ] } },
{ "type": "Feature", "properties": { "id": "16117", "n": "C/C CAXLAMPOM", "t": "CENTRO CONVERGENCIA", "m": "FRAY BARTOLOME DE LAS CASAS" }, "geometry": { "type": "Point", "coordinates": [ -89.61366, 15.92873 ] } },
{ "type": "Feature", "properties": { "id": "16118", "n": "P/S TUILA", "t": "PUESTO DE SALUD", "m": "FRAY BARTOLOME DE LAS CASAS" }, "geometry": { "type": "Point", "coordinates": [ -89.64054, 15.94235 ] } },
{ "type": "Feature", "properties": { "id": "16119", "n": "C/C AGUA CHIQUITA", "t": "CENTRO CONVERGENCIA", "m": "FRAY BARTOLOME DE LAS CASAS" }, "geometry": { "type": "Point", "coordinates": [ -89.57609, 15.97253 ] } },
{ "type": "Feature", "properties": { "id": "16120", "n": "C/C LA GLORIA", "t": "CENTRO CONVERGENCIA", "m": "FRAY BARTOLOME DE LAS CASAS" }, "geometry": { "type": "Point", "coordinates": [ -89.52808, 15.99548 ] } },
{ "type": "Feature", "properties": { "id": "16080", "n": "C/C LINTERNA 1", "t": "CENTRO CONVERGENCIA", "m": "CHISEC" }, "geometry": { "type": "Point", "coordinates": [ -90.18152, 16.02867 ] } },
{ "type": "Feature", "properties": { "id": "16071", "n": "C/C SEJUX XUTZUL", "t": "CENTRO CONVERGENCIA", "m": "CHISEC" }, "geometry": { "type": "Point", "coordinates": [ -90.24369, 15.88993 ] } },
{ "type": "Feature", "properties": { "id": "16072", "n": "C/C SAN FRANCISCO", "t": "CENTRO CONVERGENCIA", "m": "CHISEC" }, "geometry": { "type": "Point", "coordinates": [ -90.19634, 15.83869 ] } },
{ "type": "Feature", "properties": { "id": "16073", "n": "C/C CARRECHE SE CHINA", "t": "CENTRO CONVERGENCIA", "m": "CHISEC" }, "geometry": { "type": "Point", "coordinates": [ -90.157, 15.83639 ] } },
{ "type": "Feature", "properties": { "id": "16074", "n": "C/C COOPERATIVA SECHAJ", "t": "CENTRO CONVERGENCIA", "m": "CHISEC" }, "geometry": { "type": "Point", "coordinates": [ -90.17232, 15.88548 ] } },
{ "type": "Feature", "properties": { "id": "16075", "n": "C/C COMUNIDAD SECHAJ", "t": "CENTRO CONVERGENCIA", "m": "CHISEC" }, "geometry": { "type": "Point", "coordinates": [ -90.17978, 15.913 ] } },
{ "type": "Feature", "properties": { "id": "16076", "n": "C/C SECACAO", "t": "CENTRO CONVERGENCIA", "m": "CHISEC" }, "geometry": { "type": "Point", "coordinates": [ -90.14679, 15.88388 ] } },
{ "type": "Feature", "properties": { "id": "16077", "n": "C/C CANLECH", "t": "CENTRO CONVERGENCIA", "m": "CHISEC" }, "geometry": { "type": "Point", "coordinates": [ -90.14595, 15.99013 ] } },
{ "type": "Feature", "properties": { "id": "16078", "n": "C/C SAMARITANA", "t": "CENTRO CONVERGENCIA", "m": "CHISEC" }, "geometry": { "type": "Point", "coordinates": [ -90.13672, 15.99896 ] } },
{ "type": "Feature", "properties": { "id": "16079", "n": "C/C CRUCE EL PATO", "t": "CENTRO CONVERGENCIA", "m": "CHISEC" }, "geometry": { "type": "Point", "coordinates": [ -90.17447, 16.00945 ] } },
{ "type": "Feature", "properties": { "id": "16112", "n": "C/C SECHACTI", "t": "CENTRO CONVERGENCIA", "m": "FRAY BARTOLOME DE LAS CASAS" }, "geometry": { "type": "Point", "coordinates": [ -89.71187, 15.88321 ] } },
{ "type": "Feature", "properties": { "id": "16104", "n": "C/C NUEVA LIBERTAD", "t": "CENTRO CONVERGENCIA", "m": "FRAY BARTOLOME DE LAS CASAS" }, "geometry": { "type": "Point", "coordinates": [ -89.88429, 15.79395 ] } },
{ "type": "Feature", "properties": { "id": "16105", "n": "C/C MAGUILA", "t": "CENTRO CONVERGENCIA", "m": "FRAY BARTOLOME DE LAS CASAS" }, "geometry": { "type": "Point", "coordinates": [ -89.87233, 15.76734 ] } },
{ "type": "Feature", "properties": { "id": "16106", "n": "C/C SETZIMAAG", "t": "CENTRO CONVERGENCIA", "m": "FRAY BARTOLOME DE LAS CASAS" }, "geometry": { "type": "Point", "coordinates": [ -89.88774, 15.74203 ] } },
{ "type": "Feature", "properties": { "id": "16107", "n": "C/C SEMUY SINCHEU", "t": "CENTRO CONVERGENCIA", "m": "FRAY BARTOLOME DE LAS CASAS" }, "geometry": { "type": "Point", "coordinates": [ -89.85712, 15.73228 ] } },
{ "type": "Feature", "properties": { "id": "16108", "n": "C/C LA YE", "t": "CENTRO CONVERGENCIA", "m": "FRAY BARTOLOME DE LAS CASAS" }, "geometry": { "type": "Point", "coordinates": [ -89.93445, 15.78456 ] } },
{ "type": "Feature", "properties": { "id": "16109", "n": "P/S CHAJMAIC", "t": "PUESTO DE SALUD", "m": "FRAY BARTOLOME DE LAS CASAS" }, "geometry": { "type": "Point", "coordinates": [ -89.94105, 15.75561 ] } },
{ "type": "Feature", "properties": { "id": "16110", "n": "C/C YAXHA", "t": "CENTRO CONVERGENCIA", "m": "FRAY BARTOLOME DE LAS CASAS" }, "geometry": { "type": "Point", "coordinates": [ -89.74966, 15.89161 ] } },
{ "type": "Feature", "properties": { "id": "16111", "n": "C/C SANTO DOMINGO", "t": "CENTRO CONVERGENCIA", "m": "FRAY BARTOLOME DE LAS CASAS" }, "geometry": { "type": "Point", "coordinates": [ -89.73968, 15.94253 ] } },
{ "type": "Feature", "properties": { "id": "16070", "n": "C/C LINTERNA 2", "t": "CENTRO CONVERGENCIA", "m": "CHISEC" }, "geometry": { "type": "Point", "coordinates": [ -90.22845, 16.039 ] } },
{ "type": "Feature", "properties": { "id": "16061", "n": "C/C SAN MIGUEL LIMON", "t": "CENTRO CONVERGENCIA", "m": "CHISEC" }, "geometry": { "type": "Point", "coordinates": [ -90.46641, 15.98307 ] } },
{ "type": "Feature", "properties": { "id": "16062", "n": "C/C SAN PEDRO LIMON", "t": "CENTRO CONVERGENCIA", "m": "CHISEC" }, "geometry": { "type": "Point", "coordinates": [ -90.42561, 15.9314 ] } },
{ "type": "Feature", "properties": { "id": "16063", "n": "C/C AURORA 8 DE OCTUBRE", "t": "CENTRO CONVERGENCIA", "m": "CHISEC" }, "geometry": { "type": "Point", "coordinates": [ -90.48063, 15.92819 ] } },
{ "type": "Feature", "properties": { "id": "16064", "n": "C/C CHIQUIBUL", "t": "CENTRO CONVERGENCIA", "m": "CHISEC" }, "geometry": { "type": "Point", "coordinates": [ -90.51239, 15.93116 ] } },
{ "type": "Feature", "properties": { "id": "16065", "n": "C/C POZO SECO", "t": "CENTRO CONVERGENCIA", "m": "CHISEC" }, "geometry": { "type": "Point", "coordinates": [ -90.51922, 15.91741 ] } },
{ "type": "Feature", "properties": { "id": "16066", "n": "C/C CERRO AZUL", "t": "CENTRO CONVERGENCIA", "m": "CHISEC" }, "geometry": { "type": "Point", "coordinates": [ -90.47878, 15.88637 ] } },
{ "type": "Feature", "properties": { "id": "16067", "n": "C/C SAMARIA", "t": "CENTRO CONVERGENCIA", "m": "CHISEC" }, "geometry": { "type": "Point", "coordinates": [ -90.31083, 16.01836 ] } },
{ "type": "Feature", "properties": { "id": "16068", "n": "C/C ESPERANZITA DEL RIO", "t": "CENTRO CONVERGENCIA", "m": "CHISEC" }, "geometry": { "type": "Point", "coordinates": [ -90.3841, 16.05387 ] } },
{ "type": "Feature", "properties": { "id": "16069", "n": "C/C MONTE CRISTO", "t": "CENTRO CONVERGENCIA", "m": "CHISEC" }, "geometry": { "type": "Point", "coordinates": [ -90.30749, 16.03886 ] } },
{ "type": "Feature", "properties": { "id": "16103", "n": "C/C RAXAHA", "t": "CENTRO CONVERGENCIA", "m": "FRAY BARTOLOME DE LAS CASAS" }, "geometry": { "type": "Point", "coordinates": [ -89.62851, 15.83513 ] } },
{ "type": "Feature", "properties": { "id": "16098", "n": "C/C CHAMPEGUANO", "t": "CENTRO CONVERGENCIA", "m": "FRAY BARTOLOME DE LAS CASAS" }, "geometry": { "type": "Point", "coordinates": [ -89.80534, 15.80187 ] } },
{ "type": "Feature", "properties": { "id": "16099", "n": "C/C SANTO TOMAS CALLE 3", "t": "CENTRO CONVERGENCIA", "m": "FRAY BARTOLOME DE LAS CASAS" }, "geometry": { "type": "Point", "coordinates": [ -89.79332, 15.82095 ] } },
{ "type": "Feature", "properties": { "id": "16100", "n": "C/C RESURECCION BALAM", "t": "CENTRO CONVERGENCIA", "m": "FRAY BARTOLOME DE LAS CASAS" }, "geometry": { "type": "Point", "coordinates": [ -89.77403, 15.81996 ] } },
{ "type": "Feature", "properties": { "id": "16101", "n": "P/S BOLONCO", "t": "PUESTO DE SALUD", "m": "FRAY BARTOLOME DE LAS CASAS" }, "geometry": { "type": "Point", "coordinates": [ -89.73767, 15.8486 ] } },
{ "type": "Feature", "properties": { "id": "16102", "n": "C/C CAOBA 2", "t": "CENTRO CONVERGENCIA", "m": "FRAY BARTOLOME DE LAS CASAS" }, "geometry": { "type": "Point", "coordinates": [ -89.7024, 15.81803 ] } },
{ "type": "Feature", "properties": { "id": "16058", "n": "C/C SAN FRANCISCO LAS MERCEDEZ", "t": "CENTRO CONVERGENCIA", "m": "CHISEC" }, "geometry": { "type": "Point", "coordinates": [ -90.41447, 16.06436 ] } },
{ "type": "Feature", "properties": { "id": "16059", "n": "C/C VERAPAZ", "t": "CENTRO CONVERGENCIA", "m": "CHISEC" }, "geometry": { "type": "Point", "coordinates": [ -90.40737, 15.97372 ] } },
{ "type": "Feature", "properties": { "id": "16060", "n": "C/C PLAYITAS", "t": "CENTRO CONVERGENCIA", "m": "CHISEC" }, "geometry": { "type": "Point", "coordinates": [ -90.44977, 16.01215 ] } },
{ "type": "Feature", "properties": { "id": "16049", "n": "C/C CANAAN", "t": "CENTRO CONVERGENCIA", "m": "CHISEC" }, "geometry": { "type": "Point", "coordinates": [ -90.28259, 15.87221 ] } },
{ "type": "Feature", "properties": { "id": "16050", "n": "C/C EL ESFUERZO", "t": "CENTRO CONVERGENCIA", "m": "CHISEC" }, "geometry": { "type": "Point", "coordinates": [ -90.32156, 15.88673 ] } },
{ "type": "Feature", "properties": { "id": "16051", "n": "C/C CAROLINA", "t": "CENTRO CONVERGENCIA", "m": "CHISEC" }, "geometry": { "type": "Point", "coordinates": [ -90.2742, 15.91577 ] } },
{ "type": "Feature", "properties": { "id": "16052", "n": "P/S TALITA KUMI", "t": "PUESTO DE SALUD", "m": "CHISEC" }, "geometry": { "type": "Point", "coordinates": [ -90.28888, 15.92625 ] } },
{ "type": "Feature", "properties": { "id": "16053", "n": "C/C EL PARAISO", "t": "CENTRO CONVERGENCIA", "m": "CHISEC" }, "geometry": { "type": "Point", "coordinates": [ -90.3148, 15.93635 ] } },
{ "type": "Feature", "properties": { "id": "16054", "n": "C/C YALCHACTI", "t": "CENTRO CONVERGENCIA", "m": "CHISEC" }, "geometry": { "type": "Point", "coordinates": [ -90.33931, 15.94415 ] } },
{ "type": "Feature", "properties": { "id": "16055", "n": "C/C TIERRA LINDA", "t": "CENTRO CONVERGENCIA", "m": "CHISEC" }, "geometry": { "type": "Point", "coordinates": [ -90.35162, 15.97689 ] } },
{ "type": "Feature", "properties": { "id": "16056", "n": "C/C TIERRA BLANCA", "t": "CENTRO CONVERGENCIA", "m": "CHISEC" }, "geometry": { "type": "Point", "coordinates": [ -90.39904, 16.00045 ] } },
{ "type": "Feature", "properties": { "id": "16057", "n": "C/C MERCEDEZ 1", "t": "CENTRO CONVERGENCIA", "m": "CHISEC" }, "geometry": { "type": "Point", "coordinates": [ -90.43026, 16.04196 ] } },
{ "type": "Feature", "properties": { "id": "16097", "n": "HOSPITAL", "t": "HOSPITAL", "m": "FRAY BARTOLOME DE LAS CASAS" }, "geometry": { "type": "Point", "coordinates": [ -89.86962, 15.80177 ] } },
{ "type": "Feature", "properties": { "id": "16088", "n": "C/C SEACTE 2", "t": "CENTRO CONVERGENCIA", "m": "FRAY BARTOLOME DE LAS CASAS" }, "geometry": { "type": "Point", "coordinates": [ -89.91359, 15.89979 ] } },
{ "type": "Feature", "properties": { "id": "16089", "n": "C/C EL PARAISO", "t": "CENTRO CONVERGENCIA", "m": "FRAY BARTOLOME DE LAS CASAS" }, "geometry": { "type": "Point", "coordinates": [ -89.93241, 15.9174 ] } },
{ "type": "Feature", "properties": { "id": "16090", "n": "C/C ARENAL II", "t": "CENTRO CONVERGENCIA", "m": "FRAY BARTOLOME DE LAS CASAS" }, "geometry": { "type": "Point", "coordinates": [ -89.96526, 15.92401 ] } },
{ "type": "Feature", "properties": { "id": "16091", "n": "C/C ARENAL I", "t": "CENTRO CONVERGENCIA", "m": "FRAY BARTOLOME DE LAS CASAS" }, "geometry": { "type": "Point", "coordinates": [ -89.9664, 15.94159 ] } },
{ "type": "Feature", "properties": { "id": "16092", "n": "C/C EL ROSALITO", "t": "CENTRO CONVERGENCIA", "m": "FRAY BARTOLOME DE LAS CASAS" }, "geometry": { "type": "Point", "coordinates": [ -89.97352, 16.00474 ] } },
{ "type": "Feature", "properties": { "id": "16093", "n": "C/C ESPERANZA 2", "t": "CENTRO CONVERGENCIA", "m": "FRAY BARTOLOME DE LAS CASAS" }, "geometry": { "type": "Point", "coordinates": [ -89.9478, 15.94222 ] } },
{ "type": "Feature", "properties": { "id": "16094", "n": "C/C SANTA IZABEL LA ISLA", "t": "CENTRO CONVERGENCIA", "m": "FRAY BARTOLOME DE LAS CASAS" }, "geometry": { "type": "Point", "coordinates": [ -89.91927, 15.93989 ] } },
{ "type": "Feature", "properties": { "id": "16095", "n": "C/C EL NARANJAL", "t": "CENTRO CONVERGENCIA", "m": "FRAY BARTOLOME DE LAS CASAS" }, "geometry": { "type": "Point", "coordinates": [ -89.88716, 15.92494 ] } },
{ "type": "Feature", "properties": { "id": "16096", "n": "IGSS", "t": "IGSS", "m": "FRAY BARTOLOME DE LAS CASAS" }, "geometry": { "type": "Point", "coordinates": [ -89.86772, 15.80419 ] } },
{ "type": "Feature", "properties": { "id": "16087", "n": "C/C SAN PABLO COMUHA", "t": "CENTRO CONVERGENCIA", "m": "FRAY BARTOLOME DE LAS CASAS" }, "geometry": { "type": "Point", "coordinates": [ -89.7002, 15.75825 ] } },
{ "type": "Feature", "properties": { "id": "16082", "n": "C/C XALITZUL", "t": "CENTRO CONVERGENCIA", "m": "FRAY BARTOLOME DE LAS CASAS" }, "geometry": { "type": "Point", "coordinates": [ -89.82091, 15.7897 ] } },
{ "type": "Feature", "properties": { "id": "16083", "n": "C/C CHINACOBEHA", "t": "CENTRO CONVERGENCIA", "m": "FRAY BARTOLOME DE LAS CASAS" }, "geometry": { "type": "Point", "coordinates": [ -89.78382, 15.77109 ] } },
{ "type": "Feature", "properties": { "id": "16084", "n": "C/C SECPLAY II", "t": "CENTRO CONVERGENCIA", "m": "FRAY BARTOLOME DE LAS CASAS" }, "geometry": { "type": "Point", "coordinates": [ -89.7509, 15.73418 ] } },
{ "type": "Feature", "properties": { "id": "16085", "n": "C/C SECUCTE", "t": "CENTRO CONVERGENCIA", "m": "FRAY BARTOLOME DE LAS CASAS" }, "geometry": { "type": "Point", "coordinates": [ -89.77517, 15.70809 ] } },
{ "type": "Feature", "properties": { "id": "16086", "n": "C/C NUEVO SACAPUR", "t": "CENTRO CONVERGENCIA", "m": "FRAY BARTOLOME DE LAS CASAS" }, "geometry": { "type": "Point", "coordinates": [ -89.73023, 15.76583 ] } },
{ "type": "Feature", "properties": { "id": "16048", "n": "C/C LAS CONCHAS", "t": "CENTRO CONVERGENCIA", "m": "COBAN" }, "geometry": { "type": "Point", "coordinates": [ -90.68324, 15.71887 ] } },
{ "type": "Feature", "properties": { "id": "16043", "n": "C/C SANTA ELENA SAMANZANA", "t": "CENTRO CONVERGENCIA", "m": "COBAN" }, "geometry": { "type": "Point", "coordinates": [ -90.5541, 15.70153 ] } },
{ "type": "Feature", "properties": { "id": "16044", "n": "C/C SECOYOU", "t": "CENTRO CONVERGENCIA", "m": "COBAN" }, "geometry": { "type": "Point", "coordinates": [ -90.59757, 15.75583 ] } },
{ "type": "Feature", "properties": { "id": "16045", "n": "C/C ROC HA SATZAC", "t": "CENTRO CONVERGENCIA", "m": "COBAN" }, "geometry": { "type": "Point", "coordinates": [ -90.57287, 15.78794 ] } },
{ "type": "Feature", "properties": { "id": "16046", "n": "C/C SEMUY", "t": "CENTRO CONVERGENCIA", "m": "COBAN" }, "geometry": { "type": "Point", "coordinates": [ -90.64464, 15.76386 ] } },
{ "type": "Feature", "properties": { "id": "16047", "n": "C/C SE' SAJAB", "t": "CENTRO CONVERGENCIA", "m": "COBAN" }, "geometry": { "type": "Point", "coordinates": [ -90.65226, 15.68711 ] } },
{ "type": "Feature", "properties": { "id": "16042", "n": "C/C COROZAL", "t": "CENTRO CONVERGENCIA", "m": "COBAN" }, "geometry": { "type": "Point", "coordinates": [ -90.61289, 15.70684 ] } },
{ "type": "Feature", "properties": { "id": "16037", "n": "C/C SALVADOR CHITZOL", "t": "CENTRO CONVERGENCIA", "m": "COBAN" }, "geometry": { "type": "Point", "coordinates": [ -90.46699, 15.65831 ] } },
{ "type": "Feature", "properties": { "id": "16038", "n": "C/C YALCHACTI", "t": "CENTRO CONVERGENCIA", "m": "COBAN" }, "geometry": { "type": "Point", "coordinates": [ -90.48552, 15.65899 ] } },
{ "type": "Feature", "properties": { "id": "16039", "n": "C/C CAMPAMAC", "t": "CENTRO CONVERGENCIA", "m": "COBAN" }, "geometry": { "type": "Point", "coordinates": [ -90.5109, 15.65888 ] } },
{ "type": "Feature", "properties": { "id": "16040", "n": "C/C SAPOX", "t": "CENTRO CONVERGENCIA", "m": "COBAN" }, "geometry": { "type": "Point", "coordinates": [ -90.51223, 15.65286 ] } },
{ "type": "Feature", "properties": { "id": "16041", "n": "C/C MARVELLA CANGUINIC", "t": "CENTRO CONVERGENCIA", "m": "COBAN" }, "geometry": { "type": "Point", "coordinates": [ -90.56676, 15.68647 ] } },
{ "type": "Feature", "properties": { "id": "16036", "n": "C/C CUBILGUITZ", "t": "CENTRO CONVERGENCIA", "m": "COBAN" }, "geometry": { "type": "Point", "coordinates": [ -90.43378, 15.67081 ] } },
{ "type": "Feature", "properties": { "id": "16030", "n": "C/C CHILATZ", "t": "CENTRO CONVERGENCIA", "m": "COBAN" }, "geometry": { "type": "Point", "coordinates": [ -90.33806, 15.52721 ] } },
{ "type": "Feature", "properties": { "id": "16031", "n": "C/C SAN ISIDRO", "t": "CENTRO CONVERGENCIA", "m": "COBAN" }, "geometry": { "type": "Point", "coordinates": [ -90.38006, 15.52801 ] } },
{ "type": "Feature", "properties": { "id": "16032", "n": "C/C YAXBATZ", "t": "CENTRO CONVERGENCIA", "m": "COBAN" }, "geometry": { "type": "Point", "coordinates": [ -90.34286, 15.54346 ] } },
{ "type": "Feature", "properties": { "id": "16033", "n": "C/C CHINASAYUB", "t": "CENTRO CONVERGENCIA", "m": "COBAN" }, "geometry": { "type": "Point", "coordinates": [ -90.46771, 15.59502 ] } },
{ "type": "Feature", "properties": { "id": "16034", "n": "C/C NUEVO AQUIL", "t": "CENTRO CONVERGENCIA", "m": "COBAN" }, "geometry": { "type": "Point", "coordinates": [ -90.44969, 15.61542 ] } },
{ "type": "Feature", "properties": { "id": "16035", "n": "P/S CHITOCAN", "t": "PUESTO DE SALUD", "m": "COBAN" }, "geometry": { "type": "Point", "coordinates": [ -90.41504, 15.6484 ] } },
{ "type": "Feature", "properties": { "id": "16029", "n": "C/C UCULA", "t": "CENTRO CONVERGENCIA", "m": "COBAN" }, "geometry": { "type": "Point", "coordinates": [ -90.34649, 15.55661 ] } },
{ "type": "Feature", "properties": { "id": "16020", "n": "P/S CHOVAL", "t": "PUESTO DE SALUD", "m": "COBAN" }, "geometry": { "type": "Point", "coordinates": [ -90.37283, 15.54126 ] } },
{ "type": "Feature", "properties": { "id": "16021", "n": "C/C CAMCAL", "t": "CENTRO CONVERGENCIA", "m": "COBAN" }, "geometry": { "type": "Point", "coordinates": [ -90.40767, 15.56683 ] } },
{ "type": "Feature", "properties": { "id": "16022", "n": "P/S SAXOC", "t": "PUESTO DE SALUD", "m": "COBAN" }, "geometry": { "type": "Point", "coordinates": [ -90.3867, 15.57987 ] } },
{ "type": "Feature", "properties": { "id": "16023", "n": "C/C SONTE", "t": "CENTRO CONVERGENCIA", "m": "COBAN" }, "geometry": { "type": "Point", "coordinates": [ -90.41479, 15.60501 ] } },
{ "type": "Feature", "properties": { "id": "16024", "n": "C/C SAYAXUT", "t": "CENTRO CONVERGENCIA", "m": "COBAN" }, "geometry": { "type": "Point", "coordinates": [ -90.42698, 15.59893 ] } },
{ "type": "Feature", "properties": { "id": "16025", "n": "C/C OSTUA", "t": "CENTRO CONVERGENCIA", "m": "COBAN" }, "geometry": { "type": "Point", "coordinates": [ -90.3444, 15.59485 ] } },
{ "type": "Feature", "properties": { "id": "16026", "n": "C/C SEILOB SECABALLOCHE", "t": "CENTRO CONVERGENCIA", "m": "COBAN" }, "geometry": { "type": "Point", "coordinates": [ -90.35975, 15.60626 ] } },
{ "type": "Feature", "properties": { "id": "16027", "n": "C/C CERRO VERDE", "t": "CENTRO CONVERGENCIA", "m": "COBAN" }, "geometry": { "type": "Point", "coordinates": [ -90.36189, 15.58272 ] } },
{ "type": "Feature", "properties": { "id": "16028", "n": "C/C CHIMOTE", "t": "CENTRO CONVERGENCIA", "m": "COBAN" }, "geometry": { "type": "Point", "coordinates": [ -90.33845, 15.57736 ] } },
{ "type": "Feature", "properties": { "id": "16019", "n": "U/M EL ROSARIO", "t": "UNIDAD MINIMA SALUD", "m": "COBAN" }, "geometry": { "type": "Point", "coordinates": [ -90.35251, 15.52547 ] } },
{ "type": "Feature", "properties": { "id": "16010", "n": "C/C CHICUXAB", "t": "CENTRO CONVERGENCIA", "m": "COBAN" }, "geometry": { "type": "Point", "coordinates": [ -90.41987, 15.42296 ] } },
{ "type": "Feature", "properties": { "id": "16011", "n": "U/M TONTEM", "t": "UNIDAD MINIMA SALUD", "m": "COBAN" }, "geometry": { "type": "Point", "coordinates": [ -90.39719, 15.40987 ] } },
{ "type": "Feature", "properties": { "id": "16012", "n": "C/C SAMAC", "t": "CENTRO CONVERGENCIA", "m": "COBAN" }, "geometry": { "type": "Point", "coordinates": [ -90.44573, 15.47099 ] } },
{ "type": "Feature", "properties": { "id": "16013", "n": "C/C CHICOJ", "t": "CENTRO CONVERGENCIA", "m": "COBAN" }, "geometry": { "type": "Point", "coordinates": [ -90.41784, 15.46104 ] } },
{ "type": "Feature", "properties": { "id": "16014", "n": "C/C ESFUERZO II", "t": "CENTRO CONVERGENCIA", "m": "COBAN" }, "geometry": { "type": "Point", "coordinates": [ -90.40236, 15.46376 ] } },
{ "type": "Feature", "properties": { "id": "16016", "n": "HOSPITAL REGIONAL COBAN", "t": "HOSPITAL", "m": "COBAN" }, "geometry": { "type": "Point", "coordinates": [ -90.37248, 15.47864 ] } },
{ "type": "Feature", "properties": { "id": "16017", "n": "C/S COBAN", "t": "CENTRO DE SALUD", "m": "COBAN" }, "geometry": { "type": "Point", "coordinates": [ -90.37221, 15.47827 ] } },
{ "type": "Feature", "properties": { "id": "16018", "n": "DAS COBAN", "t": "DIRECCION AREA SALUD", "m": "COBAN" }, "geometry": { "type": "Point", "coordinates": [ -90.37234, 15.4779 ] } },
{ "type": "Feature", "properties": { "id": "16009", "n": "C/C NUEVA ESPERANZA", "t": "CENTRO CONVERGENCIA", "m": "COBAN" }, "geometry": { "type": "Point", "coordinates": [ -90.4081, 15.46378 ] } },
{ "type": "Feature", "properties": { "id": "16001", "n": "C/C CHIREPEC", "t": "CENTRO CONVERGENCIA", "m": "COBAN" }, "geometry": { "type": "Point", "coordinates": [ -90.35517, 15.43282 ] } },
{ "type": "Feature", "properties": { "id": "16002", "n": "C/C RECUERDO CHICHEN", "t": "CENTRO CONVERGENCIA", "m": "COBAN" }, "geometry": { "type": "Point", "coordinates": [ -90.35637, 15.38292 ] } },
{ "type": "Feature", "properties": { "id": "16003", "n": "C/C MEZTELA", "t": "CENTRO CONVERGENCIA", "m": "COBAN" }, "geometry": { "type": "Point", "coordinates": [ -90.32106, 15.35845 ] } },
{ "type": "Feature", "properties": { "id": "16004", "n": "C/C XUCANEB", "t": "CENTRO CONVERGENCIA", "m": "COBAN" }, "geometry": { "type": "Point", "coordinates": [ -90.29843, 15.35432 ] } },
{ "type": "Feature", "properties": { "id": "16005", "n": "C/C SAN JOSE LA COLONIA", "t": "CENTRO CONVERGENCIA", "m": "COBAN" }, "geometry": { "type": "Point", "coordinates": [ -90.34547, 15.46921 ] } },
{ "type": "Feature", "properties": { "id": "16006", "n": "C/C SACANILLA", "t": "CENTRO CONVERGENCIA", "m": "COBAN" }, "geometry": { "type": "Point", "coordinates": [ -90.33162, 15.45852 ] } },
{ "type": "Feature", "properties": { "id": "16007", "n": "C/C CHIVENCORRAL", "t": "CENTRO CONVERGENCIA", "m": "COBAN" }, "geometry": { "type": "Point", "coordinates": [ -90.39234, 15.47012 ] } },
{ "type": "Feature", "properties": { "id": "16008", "n": "C/C PETET CHIXIC", "t": "CENTRO CONVERGENCIA", "m": "COBAN" }, "geometry": { "type": "Point", "coordinates": [ -90.4045, 15.47363 ] } },
{ "type": "Feature", "properties": { "id": "3656", "n": "IGSS ZONA 1", "t": "IGSS", "m": "GUATEMALA" }, "geometry": { "type": "Point", "coordinates": [ -90.51523, 14.6261 ] } },
{ "type": "Feature", "properties": { "id": "3657", "n": "POLICLINICA IGSS ZONA 1", "t": "IGSS", "m": "GUATEMALA" }, "geometry": { "type": "Point", "coordinates": [ -90.51415, 14.6316 ] } },
{ "type": "Feature", "properties": { "id": "3631", "n": "C/S ZONA 1", "t": "CENTRO DE SALUD", "m": "GUATEMALA" }, "geometry": { "type": "Point", "coordinates": [ -90.5105, 14.63413 ] } },
{ "type": "Feature", "properties": { "id": "3641", "n": "CLINICA FEGUA", "t": "CENTRO CONVERGENCIA", "m": "GUATEMALA" }, "geometry": { "type": "Point", "coordinates": [ -90.51123, 14.62862 ] } },
{ "type": "Feature", "properties": { "id": "3605", "n": "C/S ZONA 5", "t": "CENTRO DE SALUD", "m": "GUATEMALA" }, "geometry": { "type": "Point", "coordinates": [ -90.4976, 14.62479 ] } },
{ "type": "Feature", "properties": { "id": "3662", "n": "UNIDAD PERIFERICA IGSS ZONA 5", "t": "IGSS", "m": "GUATEMALA" }, "geometry": { "type": "Point", "coordinates": [ -90.49633, 14.62733 ] } },
{ "type": "Feature", "properties": { "id": "3607", "n": "P/S SABANA ARRIBA ZONA 17", "t": "PUESTO DE SALUD", "m": "GUATEMALA" }, "geometry": { "type": "Point", "coordinates": [ -90.48281, 14.63752 ] } },
{ "type": "Feature", "properties": { "id": "3606", "n": "P/S CONCEPCI?N LAS LOMAS", "t": "PUESTO DE SALUD", "m": "GUATEMALA" }, "geometry": { "type": "Point", "coordinates": [ -90.48347, 14.59729 ] } },
{ "type": "Feature", "properties": { "id": "3674", "n": "IGSS CAMIP BARRANQUILLA ZONA 5", "t": "IGSS", "m": "GUATEMALA" }, "geometry": { "type": "Point", "coordinates": [ -90.51123, 14.61495 ] } },
{ "type": "Feature", "properties": { "id": "3659", "n": "HOSPITAL GENERAL IGSS ZONA 9", "t": "IGSS", "m": "GUATEMALA" }, "geometry": { "type": "Point", "coordinates": [ -90.51698, 14.60499 ] } },
{ "type": "Feature", "properties": { "id": "3672", "n": "IGSS DE REHABILITACION", "t": "IGSS", "m": "GUATEMALA" }, "geometry": { "type": "Point", "coordinates": [ -90.53201, 14.60704 ] } },
{ "type": "Feature", "properties": { "id": "3671", "n": "HOSPITAL DE SALUD MENTAL IGSS ZONA 13", "t": "IGSS", "m": "GUATEMALA" }, "geometry": { "type": "Point", "coordinates": [ -90.53244, 14.60803 ] } },
{ "type": "Feature", "properties": { "id": "3670", "n": "HOSPITAL DE MATERNIDAD IGSS ZONA 13", "t": "IGSS", "m": "GUATEMALA" }, "geometry": { "type": "Point", "coordinates": [ -90.53362, 14.60664 ] } },
{ "type": "Feature", "properties": { "id": "3669", "n": "IGSS CAMIP PAMPLONA ZONA 13", "t": "IGSS", "m": "GUATEMALA" }, "geometry": { "type": "Point", "coordinates": [ -90.53346, 14.60827 ] } },
{ "type": "Feature", "properties": { "id": "3668", "n": "UNIDAD DE CONSULTA Y ENFERMADAD DEL IGSS", "t": "IGSS", "m": "GUATEMALA" }, "geometry": { "type": "Point", "coordinates": [ -90.52747, 14.60413 ] } },
{ "type": "Feature", "properties": { "id": "3667", "n": "HOSPITAL DE TRAUMATOLOGIA DEL IGSS", "t": "IGSS", "m": "GUATEMALA" }, "geometry": { "type": "Point", "coordinates": [ -90.57041, 14.64292 ] } },
{ "type": "Feature", "properties": { "id": "3664", "n": "MATERNIDAD ZONA 19", "t": "MATERNIDAD CANTONAL", "m": "GUATEMALA" }, "geometry": { "type": "Point", "coordinates": [ -90.56934, 14.66727 ] } },
{ "type": "Feature", "properties": { "id": "3630", "n": "DISPENSARIO ANTITUBERCULOSO CENTRAL", "t": "CENTRO CONVERGENCIA", "m": "GUATEMALA" }, "geometry": { "type": "Point", "coordinates": [ -90.51068, 14.63324 ] } },
{ "type": "Feature", "properties": { "id": "3637", "n": "HOSPITAL MILITAR", "t": "HOSPITAL", "m": "GUATEMALA" }, "geometry": { "type": "Point", "coordinates": [ -90.46323, 14.62824 ] } },
{ "type": "Feature", "properties": { "id": "3643", "n": "HOSPITAL JUAN JOSE AREVALO BERMEJO IGSS ZONA 6", "t": "IGSS", "m": "GUATEMALA" }, "geometry": { "type": "Point", "coordinates": [ -90.49455, 14.6518 ] } },
{ "type": "Feature", "properties": { "id": "3613", "n": "C/S ZONA 6", "t": "CENTRO DE SALUD", "m": "GUATEMALA" }, "geometry": { "type": "Point", "coordinates": [ -90.49115, 14.65655 ] } },
{ "type": "Feature", "properties": { "id": "3618", "n": "C/S SAN RAFAEL", "t": "CENTRO DE SALUD", "m": "GUATEMALA" }, "geometry": { "type": "Point", "coordinates": [ -90.44756, 14.65814 ] } },
{ "type": "Feature", "properties": { "id": "3619", "n": "P/S COLOMBIA", "t": "PUESTO DE SALUD", "m": "GUATEMALA" }, "geometry": { "type": "Point", "coordinates": [ -90.44963, 14.66435 ] } },
{ "type": "Feature", "properties": { "id": "3644", "n": "CENTROS DE URGENCIAS MEDICAS CUM", "t": "CENTRO URGENCIAS MEDICAS", "m": "GUATEMALA" }, "geometry": { "type": "Point", "coordinates": [ -90.44342, 14.65817 ] } },
{ "type": "Feature", "properties": { "id": "3617", "n": "C/S PARAISO", "t": "CENTRO DE SALUD", "m": "GUATEMALA" }, "geometry": { "type": "Point", "coordinates": [ -90.44283, 14.6583 ] } },
{ "type": "Feature", "properties": { "id": "3621", "n": "P/S CANALITOS", "t": "PUESTO DE SALUD", "m": "GUATEMALA" }, "geometry": { "type": "Point", "coordinates": [ -90.45095, 14.62586 ] } },
{ "type": "Feature", "properties": { "id": "3622", "n": "P/S SABNTA LUCIA LOS OCOTES", "t": "PUESTO DE SALUD", "m": "GUATEMALA" }, "geometry": { "type": "Point", "coordinates": [ -90.41133, 14.61423 ] } },
{ "type": "Feature", "properties": { "id": "3620", "n": "P/S BEBEDERO", "t": "PUESTO DE SALUD", "m": "GUATEMALA" }, "geometry": { "type": "Point", "coordinates": [ -90.43049, 14.65186 ] } },
{ "type": "Feature", "properties": { "id": "3615", "n": "C/S SANTA ELENA", "t": "CENTRO DE SALUD", "m": "GUATEMALA" }, "geometry": { "type": "Point", "coordinates": [ -90.4714, 14.6653 ] } },
{ "type": "Feature", "properties": { "id": "3634", "n": "MATERNIDAD SANTA ELENA", "t": "MATERNIDAD CANTONAL", "m": "GUATEMALA" }, "geometry": { "type": "Point", "coordinates": [ -90.4714, 14.66537 ] } },
{ "type": "Feature", "properties": { "id": "3647", "n": "C/S POLICIA NACIONAL CIVIL", "t": "CENTRO DE SALUD", "m": "GUATEMALA" }, "geometry": { "type": "Point", "coordinates": [ -90.51327, 14.64453 ] } },
{ "type": "Feature", "properties": { "id": "3648", "n": "CRUZ ROJA ZONA 1", "t": "CRUZ ROJA", "m": "GUATEMALA" }, "geometry": { "type": "Point", "coordinates": [ -90.51063, 14.64538 ] } },
{ "type": "Feature", "properties": { "id": "3628", "n": "HOSPITAL POLICIA NACIONAL CIVIL", "t": "HOSPITAL", "m": "GUATEMALA" }, "geometry": { "type": "Point", "coordinates": [ -90.50987, 14.644 ] } },
{ "type": "Feature", "properties": { "id": "3481", "n": "P/S LLANOS DE ANIMAS", "t": "PUESTO DE SALUD", "m": "AMATITLAN" }, "geometry": { "type": "Point", "coordinates": [ -90.60041, 14.45827 ] } },
{ "type": "Feature", "properties": { "id": "3480", "n": "P/S CERRITOS", "t": "PUESTO DE SALUD", "m": "AMATITLAN" }, "geometry": { "type": "Point", "coordinates": [ -90.56769, 14.45228 ] } },
{ "type": "Feature", "properties": { "id": "3493", "n": "P/S SANTA ELENA BARILLAS", "t": "PUESTO DE SALUD", "m": "VILLA CANALES" }, "geometry": { "type": "Point", "coordinates": [ -90.54485, 14.40602 ] } },
{ "type": "Feature", "properties": { "id": "3496", "n": "P/S CASERILLO LOS LLANOS", "t": "PUESTO DE SALUD", "m": "VILLA CANALES" }, "geometry": { "type": "Point", "coordinates": [ -90.56016, 14.37065 ] } },
{ "type": "Feature", "properties": { "id": "3490", "n": "P/S DOLORES", "t": "PUESTO DE SALUD", "m": "VILLA CANALES" }, "geometry": { "type": "Point", "coordinates": [ -90.57197, 14.33915 ] } },
{ "type": "Feature", "properties": { "id": "3492", "n": "P/S POCITOS", "t": "PUESTO DE SALUD", "m": "VILLA CANALES" }, "geometry": { "type": "Point", "coordinates": [ -90.59614, 14.33344 ] } },
{ "type": "Feature", "properties": { "id": "3497", "n": "IGSS", "t": "IGSS", "m": "VILLA CANALES" }, "geometry": { "type": "Point", "coordinates": [ -90.58344, 14.33495 ] } },
{ "type": "Feature", "properties": { "id": "3491", "n": "P/S JOCOTILLO", "t": "PUESTO DE SALUD", "m": "VILLA CANALES" }, "geometry": { "type": "Point", "coordinates": [ -90.50967, 14.34084 ] } },
{ "type": "Feature", "properties": { "id": "3494", "n": "P/S COLMENAS", "t": "PUESTO DE SALUD", "m": "VILLA CANALES" }, "geometry": { "type": "Point", "coordinates": [ -90.51585, 14.48395 ] } },
{ "type": "Feature", "properties": { "id": "3498", "n": "IGSS CENTRO", "t": "IGSS", "m": "VILLA CANALES" }, "geometry": { "type": "Point", "coordinates": [ -90.5358, 14.47898 ] } },
{ "type": "Feature", "properties": { "id": "3489", "n": "C/S VILLA CANALES", "t": "CENTRO DE SALUD", "m": "VILLA CANALES" }, "geometry": { "type": "Point", "coordinates": [ -90.53409, 14.48567 ] } },
{ "type": "Feature", "properties": { "id": "3488", "n": "P/S PORVENIR", "t": "PUESTO DE SALUD", "m": "VILLA CANALES" }, "geometry": { "type": "Point", "coordinates": [ -90.51313, 14.53886 ] } },
{ "type": "Feature", "properties": { "id": "3487", "n": "C/S BOCA DEL MONTE", "t": "CENTRO DE SALUD", "m": "VILLA CANALES" }, "geometry": { "type": "Point", "coordinates": [ -90.52166, 14.55061 ] } },
{ "type": "Feature", "properties": { "id": "3512", "n": "P/S VILLA HERMOSA", "t": "PUESTO DE SALUD", "m": "PETAPA" }, "geometry": { "type": "Point", "coordinates": [ -90.54485, 14.52324 ] } },
{ "type": "Feature", "properties": { "id": "3508", "n": "C/S CIUDAD REAL", "t": "CENTRO DE SALUD", "m": "VILLA NUEVA" }, "geometry": { "type": "Point", "coordinates": [ -90.5594, 14.55262 ] } },
{ "type": "Feature", "properties": { "id": "3511", "n": "C/S PETAPA", "t": "CENTRO DE SALUD", "m": "PETAPA" }, "geometry": { "type": "Point", "coordinates": [ -90.56121, 14.50245 ] } },
{ "type": "Feature", "properties": { "id": "3505", "n": "P/S ETERNA PRIMAVERA", "t": "PUESTO DE SALUD", "m": "VILLA NUEVA" }, "geometry": { "type": "Point", "coordinates": [ -90.59247, 14.49357 ] } },
{ "type": "Feature", "properties": { "id": "3509", "n": "IGSS", "t": "IGSS", "m": "VILLA NUEVA" }, "geometry": { "type": "Point", "coordinates": [ -90.57758, 14.5149 ] } },
{ "type": "Feature", "properties": { "id": "3503", "n": "CAP VILLA NUEVA", "t": "CENTRO ATENCION PERMANEN*", "m": "VILLA NUEVA" }, "geometry": { "type": "Point", "coordinates": [ -90.5877, 14.52556 ] } },
{ "type": "Feature", "properties": { "id": "3476", "n": "DAS_SUR", "t": "DIRECCION AREA SALUD", "m": "AMATITLAN" }, "geometry": { "type": "Point", "coordinates": [ -90.61853, 14.48422 ] } },
{ "type": "Feature", "properties": { "id": "3478", "n": "C/S AMATITLAN", "t": "CENTRO DE SALUD", "m": "AMATITLAN" }, "geometry": { "type": "Point", "coordinates": [ -90.62508, 14.48214 ] } },
{ "type": "Feature", "properties": { "id": "3485", "n": "IGSS", "t": "IGSS", "m": "AMATITLAN" }, "geometry": { "type": "Point", "coordinates": [ -90.62671, 14.48274 ] } },
{ "type": "Feature", "properties": { "id": "3479", "n": "MATERNIDAD PERIFERICA", "t": "MATERNIDAD CANTONAL", "m": "AMATITLAN" }, "geometry": { "type": "Point", "coordinates": [ -90.62691, 14.48233 ] } },
{ "type": "Feature", "properties": { "id": "3477", "n": "HOSPITAL NACIONAL DE AMATITLAN", "t": "HOSPITAL", "m": "AMATITLAN" }, "geometry": { "type": "Point", "coordinates": [ -90.62619, 14.481 ] } },
{ "type": "Feature", "properties": { "id": "3500", "n": "C/S MEZQUITAL", "t": "CENTRO DE SALUD", "m": "VILLA NUEVA" }, "geometry": { "type": "Point", "coordinates": [ -90.56564, 14.56066 ] } },
{ "type": "Feature", "properties": { "id": "3502", "n": "C/S PERONIA", "t": "CENTRO DE SALUD", "m": "VILLA NUEVA" }, "geometry": { "type": "Point", "coordinates": [ -90.60384, 14.57712 ] } },
{ "type": "Feature", "properties": { "id": "3506", "n": "P/S SAN JOSE VILLA NUEVA", "t": "PUESTO DE SALUD", "m": "VILLA NUEVA" }, "geometry": { "type": "Point", "coordinates": [ -90.58884, 14.54369 ] } },
{ "type": "Feature", "properties": { "id": "3504", "n": "P/S BARCENAS", "t": "PUESTO DE SALUD", "m": "VILLA NUEVA" }, "geometry": { "type": "Point", "coordinates": [ -90.61659, 14.54441 ] } },
{ "type": "Feature", "properties": { "id": "3483", "n": "P/S LAS TROJAS", "t": "PUESTO DE SALUD", "m": "AMATITLAN" }, "geometry": { "type": "Point", "coordinates": [ -90.64596, 14.50005 ] } },
{ "type": "Feature", "properties": { "id": "3482", "n": "P/S SAN JOSE CALDERAS", "t": "PUESTO DE SALUD", "m": "AMATITLAN" }, "geometry": { "type": "Point", "coordinates": [ -90.59316, 14.40958 ] } },
{ "type": "Feature", "properties": { "id": "3437", "n": "C/S SAN JOSE PINULA", "t": "CENTRO DE SALUD", "m": "SAN JOSE PINULA" }, "geometry": { "type": "Point", "coordinates": [ -90.41614, 14.54791 ] } },
{ "type": "Feature", "properties": { "id": "3440", "n": "C/C MONTE REDONDO", "t": "CENTRO CONVERGENCIA", "m": "SAN JOSE PINULA" }, "geometry": { "type": "Point", "coordinates": [ -90.33162, 14.53632 ] } },
{ "type": "Feature", "properties": { "id": "3439", "n": "P/S EL COLORADO", "t": "PUESTO DE SALUD", "m": "SAN JOSE PINULA" }, "geometry": { "type": "Point", "coordinates": [ -90.28873, 14.56472 ] } },
{ "type": "Feature", "properties": { "id": "3445", "n": "C/C EL ZAPOTE", "t": "CENTRO CONVERGENCIA", "m": "SAN JOSE PINULA" }, "geometry": { "type": "Point", "coordinates": [ -90.2965, 14.51428 ] } },
{ "type": "Feature", "properties": { "id": "3464", "n": "C/C JOYA DE LOS CEDROS", "t": "CENTRO CONVERGENCIA", "m": "SAN JOSE PINULA" }, "geometry": { "type": "Point", "coordinates": [ -90.29323, 14.57783 ] } },
{ "type": "Feature", "properties": { "id": "3443", "n": "C/C EL CARME", "t": "CENTRO CONVERGENCIA", "m": "SAN JOSE PINULA" }, "geometry": { "type": "Point", "coordinates": [ -90.29749, 14.58907 ] } },
{ "type": "Feature", "properties": { "id": "3444", "n": "C/C SOCORRO", "t": "CENTRO CONVERGENCIA", "m": "SAN JOSE PINULA" }, "geometry": { "type": "Point", "coordinates": [ -90.28669, 14.58681 ] } },
{ "type": "Feature", "properties": { "id": "3442", "n": "C/C CRUZ ALTA", "t": "CENTRO CONVERGENCIA", "m": "SAN JOSE PINULA" }, "geometry": { "type": "Point", "coordinates": [ -90.31106, 14.5717 ] } },
{ "type": "Feature", "properties": { "id": "3441", "n": "C/C LAS NUBES", "t": "CENTRO CONVERGENCIA", "m": "SAN JOSE PINULA" }, "geometry": { "type": "Point", "coordinates": [ -90.33738, 14.57773 ] } },
{ "type": "Feature", "properties": { "id": "3438", "n": "P/S COCEPCION PINULA", "t": "PUESTO DE SALUD", "m": "SAN JOSE PINULA" }, "geometry": { "type": "Point", "coordinates": [ -90.35846, 14.51136 ] } },
{ "type": "Feature", "properties": { "id": "3457", "n": "P/S CRISTO REY", "t": "PUESTO DE SALUD", "m": "SANTA CATARINA PINULA" }, "geometry": { "type": "Point", "coordinates": [ -90.4443, 14.57328 ] } },
{ "type": "Feature", "properties": { "id": "3456", "n": "C/S SANTA CATARINA PINULA", "t": "CENTRO DE SALUD", "m": "SANTA CATARINA PINULA" }, "geometry": { "type": "Point", "coordinates": [ -90.49717, 14.57194 ] } },
{ "type": "Feature", "properties": { "id": "3410", "n": "C/S FRAIJANES", "t": "CENTRO DE SALUD", "m": "FRAIJANES" }, "geometry": { "type": "Point", "coordinates": [ -90.44735, 14.46219 ] } },
{ "type": "Feature", "properties": { "id": "3412", "n": "P/S LOS VERDES", "t": "PUESTO DE SALUD", "m": "FRAIJANES" }, "geometry": { "type": "Point", "coordinates": [ -90.44553, 14.40601 ] } },
{ "type": "Feature", "properties": { "id": "3415", "n": "C/C CERRITOS", "t": "CENTRO CONVERGENCIA", "m": "FRAIJANES" }, "geometry": { "type": "Point", "coordinates": [ -90.45347, 14.42845 ] } },
{ "type": "Feature", "properties": { "id": "3411", "n": "P/S CERRITOS", "t": "PUESTO DE SALUD", "m": "FRAIJANES" }, "geometry": { "type": "Point", "coordinates": [ -90.44766, 14.43282 ] } },
{ "type": "Feature", "properties": { "id": "3416", "n": "C/C LAS CRUCITAS", "t": "CENTRO CONVERGENCIA", "m": "FRAIJANES" }, "geometry": { "type": "Point", "coordinates": [ -90.43343, 14.43566 ] } },
{ "type": "Feature", "properties": { "id": "3417", "n": "C/C PUERTA DEL SENOR", "t": "CENTRO CONVERGENCIA", "m": "FRAIJANES" }, "geometry": { "type": "Point", "coordinates": [ -90.45369, 14.47632 ] } },
{ "type": "Feature", "properties": { "id": "3414", "n": "C/C CANCHON", "t": "CENTRO CONVERGENCIA", "m": "FRAIJANES" }, "geometry": { "type": "Point", "coordinates": [ -90.46676, 14.52467 ] } },
{ "type": "Feature", "properties": { "id": "3418", "n": "C/C RABANALES", "t": "CENTRO CONVERGENCIA", "m": "FRAIJANES" }, "geometry": { "type": "Point", "coordinates": [ -90.47657, 14.44928 ] } },
{ "type": "Feature", "properties": { "id": "3461", "n": "P/S PAVON", "t": "PUESTO DE SALUD", "m": "FRAIJANES" }, "geometry": { "type": "Point", "coordinates": [ -90.44128, 14.51906 ] } },
{ "type": "Feature", "properties": { "id": "3413", "n": "P/S LO DE DIEGUEZ", "t": "PUESTO DE SALUD", "m": "FRAIJANES" }, "geometry": { "type": "Point", "coordinates": [ -90.42173, 14.50801 ] } },
{ "type": "Feature", "properties": { "id": "3462", "n": "P/S EL CHOCOLATE", "t": "PUESTO DE SALUD", "m": "FRAIJANES" }, "geometry": { "type": "Point", "coordinates": [ -90.41799, 14.46821 ] } },
{ "type": "Feature", "properties": { "id": "3421", "n": "P/S AZACUALPILLA", "t": "PUESTO DE SALUD", "m": "PALENCIA" }, "geometry": { "type": "Point", "coordinates": [ -90.36112, 14.7229 ] } },
{ "type": "Feature", "properties": { "id": "3428", "n": "P/S LLANOS DE AZACUALPILLA", "t": "PUESTO DE SALUD", "m": "PALENCIA" }, "geometry": { "type": "Point", "coordinates": [ -90.35297, 14.72457 ] } },
{ "type": "Feature", "properties": { "id": "3420", "n": "C/S PALENCIA", "t": "CENTRO DE SALUD", "m": "PALENCIA" }, "geometry": { "type": "Point", "coordinates": [ -90.35985, 14.67237 ] } },
{ "type": "Feature", "properties": { "id": "3427", "n": "P/S LOS MIXCOS", "t": "PUESTO DE SALUD", "m": "PALENCIA" }, "geometry": { "type": "Point", "coordinates": [ -90.38336, 14.64085 ] } },
{ "type": "Feature", "properties": { "id": "3424", "n": "P/S PARAISO", "t": "PUESTO DE SALUD", "m": "PALENCIA" }, "geometry": { "type": "Point", "coordinates": [ -90.37123, 14.60915 ] } },
{ "type": "Feature", "properties": { "id": "3426", "n": "P/S SAN GUAYABA", "t": "PUESTO DE SALUD", "m": "PALENCIA" }, "geometry": { "type": "Point", "coordinates": [ -90.28879, 14.6239 ] } },
{ "type": "Feature", "properties": { "id": "3422", "n": "P/S SANSUR", "t": "PUESTO DE SALUD", "m": "PALENCIA" }, "geometry": { "type": "Point", "coordinates": [ -90.27301, 14.65936 ] } },
{ "type": "Feature", "properties": { "id": "3423", "n": "P/S PLAN GRANDE", "t": "PUESTO DE SALUD", "m": "PALENCIA" }, "geometry": { "type": "Point", "coordinates": [ -90.31468, 14.65183 ] } },
{ "type": "Feature", "properties": { "id": "3425", "n": "P/S TRIUNFO", "t": "PUESTO DE SALUD", "m": "PALENCIA" }, "geometry": { "type": "Point", "coordinates": [ -90.30059, 14.70627 ] } },
{ "type": "Feature", "properties": { "id": "3432", "n": "P/S EL FISCAL", "t": "PUESTO DE SALUD", "m": "SAN JOSE DEL GOLFO" }, "geometry": { "type": "Point", "coordinates": [ -90.39243, 14.72002 ] } },
{ "type": "Feature", "properties": { "id": "3430", "n": "C/S SAN JOSE DEL GOLFO", "t": "CENTRO DE SALUD", "m": "SAN JOSE DEL GOLFO" }, "geometry": { "type": "Point", "coordinates": [ -90.3714, 14.76139 ] } },
{ "type": "Feature", "properties": { "id": "3435", "n": "P/S LA CHOLENA", "t": "PUESTO DE SALUD", "m": "SAN JOSE DEL GOLFO" }, "geometry": { "type": "Point", "coordinates": [ -90.37876, 14.78134 ] } },
{ "type": "Feature", "properties": { "id": "3431", "n": "P/S EL CAULOTE", "t": "PUESTO DE SALUD", "m": "SAN JOSE DEL GOLFO" }, "geometry": { "type": "Point", "coordinates": [ -90.35972, 14.80204 ] } },
{ "type": "Feature", "properties": { "id": "3434", "n": "P/S PONTEZUELAS", "t": "PUESTO DE SALUD", "m": "SAN JOSE DEL GOLFO" }, "geometry": { "type": "Point", "coordinates": [ -90.35358, 14.81878 ] } },
{ "type": "Feature", "properties": { "id": "3433", "n": "P/S LOMA TENDIDA", "t": "PUESTO DE SALUD", "m": "SAN JOSE DEL GOLFO" }, "geometry": { "type": "Point", "coordinates": [ -90.37657, 14.83129 ] } },
{ "type": "Feature", "properties": { "id": "3402", "n": "C/S SAN JOSE CHINAUTLA", "t": "CENTRO DE SALUD", "m": "CHINAUTLA" }, "geometry": { "type": "Point", "coordinates": [ -90.49001, 14.68601 ] } },
{ "type": "Feature", "properties": { "id": "3406", "n": "P/S STA. CRUZ CHINAUTLA", "t": "PUESTO DE SALUD", "m": "CHINAUTLA" }, "geometry": { "type": "Point", "coordinates": [ -90.5015, 14.70128 ] } },
{ "type": "Feature", "properties": { "id": "3405", "n": "P/S SAN ANTONIO LAS FLORES", "t": "PUESTO DE SALUD", "m": "CHINAUTLA" }, "geometry": { "type": "Point", "coordinates": [ -90.49843, 14.7494 ] } },
{ "type": "Feature", "properties": { "id": "3407", "n": "P/S SEIS DE MARZO", "t": "PUESTO DE SALUD", "m": "CHINAUTLA" }, "geometry": { "type": "Point", "coordinates": [ -90.48332, 14.68631 ] } },
{ "type": "Feature", "properties": { "id": "3404", "n": "P/S DURAZNO", "t": "PUESTO DE SALUD", "m": "CHINAUTLA" }, "geometry": { "type": "Point", "coordinates": [ -90.47612, 14.70844 ] } },
{ "type": "Feature", "properties": { "id": "3401", "n": "DAS_NOR ORIENTE", "t": "DIRECCION AREA SALUD", "m": "CHINAUTLA" }, "geometry": { "type": "Point", "coordinates": [ -90.50507, 14.59213 ] } },
{ "type": "Feature", "properties": { "id": "3403", "n": "C/S TIERRA BLANCA", "t": "CENTRO DE SALUD", "m": "CHINAUTLA" }, "geometry": { "type": "Point", "coordinates": [ -90.53066, 14.6754 ] } },
{ "type": "Feature", "properties": { "id": "3408", "n": "P/S TIERRA NUEVA II", "t": "PUESTO DE SALUD", "m": "CHINAUTLA" }, "geometry": { "type": "Point", "coordinates": [ -90.5219, 14.681 ] } },
{ "type": "Feature", "properties": { "id": "3447", "n": "C/S SAN PEDRO AYAMPUC", "t": "CENTRO DE SALUD", "m": "SAN PEDRO AYAMPUC" }, "geometry": { "type": "Point", "coordinates": [ -90.45235, 14.78297 ] } },
{ "type": "Feature", "properties": { "id": "3450", "n": "P/S HATO", "t": "PUESTO DE SALUD", "m": "SAN PEDRO AYAMPUC" }, "geometry": { "type": "Point", "coordinates": [ -90.43491, 14.80733 ] } },
{ "type": "Feature", "properties": { "id": "3451", "n": "P/S PETACA", "t": "PUESTO DE SALUD", "m": "SAN PEDRO AYAMPUC" }, "geometry": { "type": "Point", "coordinates": [ -90.42054, 14.81811 ] } },
{ "type": "Feature", "properties": { "id": "3449", "n": "P/S LAGUNILLA", "t": "PUESTO DE SALUD", "m": "SAN PEDRO AYAMPUC" }, "geometry": { "type": "Point", "coordinates": [ -90.4551, 14.73273 ] } },
{ "type": "Feature", "properties": { "id": "3601", "n": "DAS GUATEMALA CENTRAL", "t": "DIRECCION AREA SALUD", "m": "GUATEMALA" }, "geometry": { "type": "Point", "coordinates": [ -90.54126, 14.6299 ] } },
{ "type": "Feature", "properties": { "id": "3635", "n": "HOSPITAL ROOSEVELT", "t": "HOSPITAL", "m": "GUATEMALA" }, "geometry": { "type": "Point", "coordinates": [ -90.54277, 14.61303 ] } },
{ "type": "Feature", "properties": { "id": "3639", "n": "HOSPITAL DE INFECTOLOGIA", "t": "HOSPITAL", "m": "GUATEMALA" }, "geometry": { "type": "Point", "coordinates": [ -90.545, 14.61308 ] } },
{ "type": "Feature", "properties": { "id": "3602", "n": "C/S ZONA 11", "t": "CENTRO DE SALUD", "m": "GUATEMALA" }, "geometry": { "type": "Point", "coordinates": [ -90.54431, 14.60773 ] } },
{ "type": "Feature", "properties": { "id": "3653", "n": "IGSS ZONA 11", "t": "IGSS", "m": "GUATEMALA" }, "geometry": { "type": "Point", "coordinates": [ -90.54339, 14.60883 ] } },
{ "type": "Feature", "properties": { "id": "3625", "n": "C/S JUSTO RUFINO BARRIOS", "t": "CENTRO DE SALUD", "m": "GUATEMALA" }, "geometry": { "type": "Point", "coordinates": [ -90.5362, 14.54674 ] } },
{ "type": "Feature", "properties": { "id": "3633", "n": "MATERNIDAD ZONA 13", "t": "MATERNIDAD CANTONAL", "m": "GUATEMALA" }, "geometry": { "type": "Point", "coordinates": [ -90.53116, 14.59653 ] } },
{ "type": "Feature", "properties": { "id": "3611", "n": "C/S AMERICA", "t": "CENTRO DE SALUD", "m": "GUATEMALA" }, "geometry": { "type": "Point", "coordinates": [ -90.55505, 14.63543 ] } },
{ "type": "Feature", "properties": { "id": "3610", "n": "C/S BETHANIA", "t": "CENTRO DE SALUD", "m": "GUATEMALA" }, "geometry": { "type": "Point", "coordinates": [ -90.53609, 14.64702 ] } },
{ "type": "Feature", "properties": { "id": "3632", "n": "MATERNIDAD AMPARO", "t": "MATERNIDAD CANTONAL", "m": "GUATEMALA" }, "geometry": { "type": "Point", "coordinates": [ -90.52681, 14.65662 ] } },
{ "type": "Feature", "properties": { "id": "3609", "n": "UNIDAD 24 HRS AMPARO", "t": "UNIDAD 24 HORAS", "m": "GUATEMALA" }, "geometry": { "type": "Point", "coordinates": [ -90.5268, 14.65701 ] } },
{ "type": "Feature", "properties": { "id": "3629", "n": "HOSPITAL SAN JUAN DE DIOS", "t": "HOSPITAL", "m": "GUATEMALA" }, "geometry": { "type": "Point", "coordinates": [ -90.52102, 14.64047 ] } },
{ "type": "Feature", "properties": { "id": "3604", "n": "C/S ZONA 3", "t": "CENTRO DE SALUD", "m": "GUATEMALA" }, "geometry": { "type": "Point", "coordinates": [ -90.52861, 14.62572 ] } },
{ "type": "Feature", "properties": { "id": "3640", "n": "INFECCIONES DE TRANSMISION SEXUAL", "t": "CENTRO DE SALUD", "m": "GUATEMALA" }, "geometry": { "type": "Point", "coordinates": [ -90.52859, 14.62556 ] } },
{ "type": "Feature", "properties": { "id": "3612", "n": "P/S VERBENA", "t": "PUESTO DE SALUD", "m": "GUATEMALA" }, "geometry": { "type": "Point", "coordinates": [ -90.5399, 14.6311 ] } },
{ "type": "Feature", "properties": { "id": "3642", "n": "HOSPITAL SAN VICENTE", "t": "HOSPITAL", "m": "GUATEMALA" }, "geometry": { "type": "Point", "coordinates": [ -90.54041, 14.62979 ] } },
{ "type": "Feature", "properties": { "id": "3661", "n": "HOSPITAL DE ORTOPEDIA Y REHABILITACION", "t": "HOSPITAL", "m": "GUATEMALA" }, "geometry": { "type": "Point", "coordinates": [ -90.52185, 14.6372 ] } },
{ "type": "Feature", "properties": { "id": "3572", "n": "MATERNIDAD 1era DE JULIO", "t": "MATERNIDAD CANTONAL", "m": "MIXCO" }, "geometry": { "type": "Point", "coordinates": [ -90.56933, 14.66721 ] } },
{ "type": "Feature", "properties": { "id": "3571", "n": "CENTOR DE URGENCIA MINIMA 1era DE JULIO", "t": "UNIDAD MINIMA SALUD", "m": "MIXCO" }, "geometry": { "type": "Point", "coordinates": [ -90.56951, 14.6669 ] } },
{ "type": "Feature", "properties": { "id": "3569", "n": "CLINICA PERIFERICA 1ero DE JULIO", "t": "CENTRO CONVERGENCIA", "m": "MIXCO" }, "geometry": { "type": "Point", "coordinates": [ -90.56937, 14.66637 ] } },
{ "type": "Feature", "properties": { "id": "3570", "n": "P/S SANTA MARTA", "t": "PUESTO DE SALUD", "m": "MIXCO" }, "geometry": { "type": "Point", "coordinates": [ -90.58202, 14.65849 ] } },
{ "type": "Feature", "properties": { "id": "3573", "n": "C/S EL MILAGRO", "t": "CENTRO DE SALUD", "m": "MIXCO" }, "geometry": { "type": "Point", "coordinates": [ -90.5695, 14.68383 ] } },
{ "type": "Feature", "properties": { "id": "3574", "n": "P/S SAJOC CHIQUITO", "t": "PUESTO DE SALUD", "m": "MIXCO" }, "geometry": { "type": "Point", "coordinates": [ -90.55109, 14.69227 ] } },
{ "type": "Feature", "properties": { "id": "3534", "n": "C/S SAN RAIMUNDO", "t": "CENTRO DE SALUD", "m": "SAN RAIMUNDO" }, "geometry": { "type": "Point", "coordinates": [ -90.59533, 14.76578 ] } },
{ "type": "Feature", "properties": { "id": "3537", "n": "P/S SAN MARTINEROS", "t": "PUESTO DE SALUD", "m": "SAN RAIMUNDO" }, "geometry": { "type": "Point", "coordinates": [ -90.53208, 14.77588 ] } },
{ "type": "Feature", "properties": { "id": "3536", "n": "P/S ESTANCIA DE LA VIRGEN", "t": "PUESTO DE SALUD", "m": "SAN RAIMUNDO" }, "geometry": { "type": "Point", "coordinates": [ -90.56023, 14.84233 ] } },
{ "type": "Feature", "properties": { "id": "3535", "n": "P/S EL ZARZAL", "t": "PUESTO DE SALUD", "m": "SAN RAIMUNDO" }, "geometry": { "type": "Point", "coordinates": [ -90.52968, 14.8573 ] } },
{ "type": "Feature", "properties": { "id": "3527", "n": "C/S CHUARRANCHO", "t": "CENTRO DE SALUD", "m": "CHUARANCHO" }, "geometry": { "type": "Point", "coordinates": [ -90.51198, 14.81954 ] } },
{ "type": "Feature", "properties": { "id": "3530", "n": "P/S CHIQUIN", "t": "PUESTO DE SALUD", "m": "CHUARANCHO" }, "geometry": { "type": "Point", "coordinates": [ -90.49404, 14.83722 ] } },
{ "type": "Feature", "properties": { "id": "3531", "n": "P/S TRAPICHE GRANDE", "t": "PUESTO DE SALUD", "m": "CHUARANCHO" }, "geometry": { "type": "Point", "coordinates": [ -90.47233, 14.85195 ] } },
{ "type": "Feature", "properties": { "id": "3528", "n": "P/S BUENA VENTURA", "t": "PUESTO DE SALUD", "m": "CHUARANCHO" }, "geometry": { "type": "Point", "coordinates": [ -90.43397, 14.90219 ] } },
{ "type": "Feature", "properties": { "id": "3529", "n": "P/S RINCON GRANDE", "t": "PUESTO DE SALUD", "m": "CHUARANCHO" }, "geometry": { "type": "Point", "coordinates": [ -90.42611, 14.84776 ] } },
{ "type": "Feature", "properties": { "id": "3579", "n": "IGSS SAN JUAN SACATEPEQUEZ", "t": "IGSS", "m": "SAN JUAN SACATEPEQUEZ" }, "geometry": { "type": "Point", "coordinates": [ -90.64319, 14.72149 ] } },
{ "type": "Feature", "properties": { "id": "3526", "n": "DAS GUATEMALA NOR OCIDENTE", "t": "DIRECCION AREA SALUD", "m": "CHUARANCHO" }, "geometry": { "type": "Point", "coordinates": [ -90.60374, 14.65517 ] } },
{ "type": "Feature", "properties": { "id": "3565", "n": "P/S BELEN", "t": "PUESTO DE SALUD", "m": "MIXCO" }, "geometry": { "type": "Point", "coordinates": [ -90.59327, 14.64456 ] } },
{ "type": "Feature", "properties": { "id": "3564", "n": "C/S MIXCO", "t": "CENTRO DE SALUD", "m": "MIXCO" }, "geometry": { "type": "Point", "coordinates": [ -90.60944, 14.62645 ] } },
{ "type": "Feature", "properties": { "id": "3567", "n": "P/S SALUD LO DE COY", "t": "PUESTO DE SALUD", "m": "MIXCO" }, "geometry": { "type": "Point", "coordinates": [ -90.60917, 14.61958 ] } },
{ "type": "Feature", "properties": { "id": "3566", "n": "C/S SATELITE", "t": "CENTRO DE SALUD", "m": "MIXCO" }, "geometry": { "type": "Point", "coordinates": [ -90.60821, 14.58314 ] } },
{ "type": "Feature", "properties": { "id": "3568", "n": "C/S LA COMUNIDAD", "t": "CENTRO DE SALUD", "m": "MIXCO" }, "geometry": { "type": "Point", "coordinates": [ -90.58074, 14.61978 ] } },
{ "type": "Feature", "properties": { "id": "3582", "n": "IGSS ZONA 4 DE MIXCO", "t": "IGSS", "m": "MIXCO" }, "geometry": { "type": "Point", "coordinates": [ -90.57017, 14.64347 ] } },
{ "type": "Feature", "properties": { "id": "3560", "n": "C/S SAN PEDRO SACATEPEQUEZ", "t": "CENTRO DE SALUD", "m": "SAN PEDRO SACATEPEQUEZ" }, "geometry": { "type": "Point", "coordinates": [ -90.64687, 14.68738 ] } },
{ "type": "Feature", "properties": { "id": "3561", "n": "P/S PAJOQUES", "t": "PUESTO DE SALUD", "m": "SAN PEDRO SACATEPEQUEZ" }, "geometry": { "type": "Point", "coordinates": [ -90.68933, 14.70186 ] } },
{ "type": "Feature", "properties": { "id": "3562", "n": "P/S EL PILAR", "t": "PUESTO DE SALUD", "m": "SAN PEDRO SACATEPEQUEZ" }, "geometry": { "type": "Point", "coordinates": [ -90.70743, 14.71561 ] } },
{ "type": "Feature", "properties": { "id": "3549", "n": "P/S CRUZ BLANCA", "t": "PUESTO DE SALUD", "m": "SAN JUAN SACATEPEQUEZ" }, "geometry": { "type": "Point", "coordinates": [ -90.66815, 14.72836 ] } },
{ "type": "Feature", "properties": { "id": "3539", "n": "C/S SAN JUAN SACATEPEQUEZ", "t": "CENTRO DE SALUD", "m": "SAN JUAN SACATEPEQUEZ" }, "geometry": { "type": "Point", "coordinates": [ -90.64315, 14.71966 ] } },
{ "type": "Feature", "properties": { "id": "3543", "n": "P/S LOMA ALTA", "t": "PUESTO DE SALUD", "m": "SAN JUAN SACATEPEQUEZ" }, "geometry": { "type": "Point", "coordinates": [ -90.6627, 14.70786 ] } },
{ "type": "Feature", "properties": { "id": "3551", "n": "P/S LAS TROJAS", "t": "PUESTO DE SALUD", "m": "SAN JUAN SACATEPEQUEZ" }, "geometry": { "type": "Point", "coordinates": [ -90.7155, 14.7446 ] } },
{ "type": "Feature", "properties": { "id": "3552", "n": "P/S PACHAL?", "t": "PUESTO DE SALUD", "m": "SAN JUAN SACATEPEQUEZ" }, "geometry": { "type": "Point", "coordinates": [ -90.61469, 14.75892 ] } },
{ "type": "Feature", "properties": { "id": "3541", "n": "P/S MONTUFAR", "t": "PUESTO DE SALUD", "m": "SAN JUAN SACATEPEQUEZ" }, "geometry": { "type": "Point", "coordinates": [ -90.64314, 14.79371 ] } },
{ "type": "Feature", "properties": { "id": "3542", "n": "P/S CENTRO ALTO", "t": "PUESTO DE SALUD", "m": "SAN JUAN SACATEPEQUEZ" }, "geometry": { "type": "Point", "coordinates": [ -90.6063, 14.78931 ] } },
{ "type": "Feature", "properties": { "id": "3545", "n": "P/S SACSUY", "t": "PUESTO DE SALUD", "m": "SAN JUAN SACATEPEQUEZ" }, "geometry": { "type": "Point", "coordinates": [ -90.6182, 14.77982 ] } },
{ "type": "Feature", "properties": { "id": "3540", "n": "P/S SUACITE", "t": "PUESTO DE SALUD", "m": "SAN JUAN SACATEPEQUEZ" }, "geometry": { "type": "Point", "coordinates": [ -90.62114, 14.82188 ] } },
{ "type": "Feature", "properties": { "id": "3547", "n": "P/S LOS GUATES", "t": "PUESTO DE SALUD", "m": "SAN JUAN SACATEPEQUEZ" }, "geometry": { "type": "Point", "coordinates": [ -90.60098, 14.82484 ] } },
{ "type": "Feature", "properties": { "id": "3550", "n": "P/S ESTANCIA GRANDE", "t": "PUESTO DE SALUD", "m": "SAN JUAN SACATEPEQUEZ" }, "geometry": { "type": "Point", "coordinates": [ -90.60099, 14.84227 ] } },
{ "type": "Feature", "properties": { "id": "3544", "n": "P/S COMUNIDAD DE RUIZ", "t": "PUESTO DE SALUD", "m": "SAN JUAN SACATEPEQUEZ" }, "geometry": { "type": "Point", "coordinates": [ -90.64018, 14.74088 ] } },
{ "type": "Feature", "properties": { "id": "3548", "n": "P/S SAJCAVILLA", "t": "PUESTO DE SALUD", "m": "SAN JUAN SACATEPEQUEZ" }, "geometry": { "type": "Point", "coordinates": [ -90.62262, 14.70863 ] } },
{ "type": "Feature", "properties": { "id": "3554", "n": "P/S CHILLANI", "t": "PUESTO DE SALUD", "m": "SAN JUAN SACATEPEQUEZ" }, "geometry": { "type": "Point", "coordinates": [ -90.53786, 14.72298 ] } },
{ "type": "Feature", "properties": { "id": "3553", "n": "C/S CIUDAD QUETZAL", "t": "CENTRO DE SALUD", "m": "SAN JUAN SACATEPEQUEZ" }, "geometry": { "type": "Point", "coordinates": [ -90.57715, 14.70095 ] } }
]
}
